  -2.5000000e+02   0.0000000e+00   0.0000000e+00
  -2.4990000e+02   0.0000000e+00   0.0000000e+00
  -2.4980000e+02   0.0000000e+00   0.0000000e+00
  -2.4970000e+02   0.0000000e+00   0.0000000e+00
  -2.4960000e+02   0.0000000e+00   0.0000000e+00
  -2.4950000e+02   0.0000000e+00   0.0000000e+00
  -2.4940000e+02   0.0000000e+00   0.0000000e+00
  -2.4930000e+02   0.0000000e+00   0.0000000e+00
  -2.4920000e+02   0.0000000e+00   0.0000000e+00
  -2.4910000e+02   0.0000000e+00   0.0000000e+00
  -2.4900000e+02   0.0000000e+00   0.0000000e+00
  -2.4890000e+02   0.0000000e+00   0.0000000e+00
  -2.4880000e+02   0.0000000e+00   0.0000000e+00
  -2.4870000e+02   0.0000000e+00   0.0000000e+00
  -2.4860000e+02   0.0000000e+00   0.0000000e+00
  -2.4850000e+02   0.0000000e+00   0.0000000e+00
  -2.4840000e+02   0.0000000e+00   0.0000000e+00
  -2.4830000e+02   0.0000000e+00   0.0000000e+00
  -2.4820000e+02   0.0000000e+00   0.0000000e+00
  -2.4810000e+02   0.0000000e+00   0.0000000e+00
  -2.4800000e+02   0.0000000e+00   0.0000000e+00
  -2.4790000e+02   0.0000000e+00   0.0000000e+00
  -2.4780000e+02   0.0000000e+00   0.0000000e+00
  -2.4770000e+02   0.0000000e+00   0.0000000e+00
  -2.4760000e+02   0.0000000e+00   0.0000000e+00
  -2.4750000e+02   0.0000000e+00   0.0000000e+00
  -2.4740000e+02   0.0000000e+00   0.0000000e+00
  -2.4730000e+02   0.0000000e+00   0.0000000e+00
  -2.4720000e+02   0.0000000e+00   0.0000000e+00
  -2.4710000e+02   0.0000000e+00   0.0000000e+00
  -2.4700000e+02   0.0000000e+00   0.0000000e+00
  -2.4690000e+02   0.0000000e+00   0.0000000e+00
  -2.4680000e+02   0.0000000e+00   0.0000000e+00
  -2.4670000e+02   0.0000000e+00   0.0000000e+00
  -2.4660000e+02   0.0000000e+00   0.0000000e+00
  -2.4650000e+02   0.0000000e+00   0.0000000e+00
  -2.4640000e+02   0.0000000e+00   0.0000000e+00
  -2.4630000e+02   0.0000000e+00   0.0000000e+00
  -2.4620000e+02   0.0000000e+00   0.0000000e+00
  -2.4610000e+02   0.0000000e+00   0.0000000e+00
  -2.4600000e+02   0.0000000e+00   0.0000000e+00
  -2.4590000e+02   0.0000000e+00   0.0000000e+00
  -2.4580000e+02   0.0000000e+00   0.0000000e+00
  -2.4570000e+02   0.0000000e+00   0.0000000e+00
  -2.4560000e+02   0.0000000e+00   0.0000000e+00
  -2.4550000e+02   0.0000000e+00   0.0000000e+00
  -2.4540000e+02   0.0000000e+00   0.0000000e+00
  -2.4530000e+02   0.0000000e+00   0.0000000e+00
  -2.4520000e+02   0.0000000e+00   0.0000000e+00
  -2.4510000e+02   0.0000000e+00   0.0000000e+00
  -2.4500000e+02   0.0000000e+00   0.0000000e+00
  -2.4490000e+02   0.0000000e+00   0.0000000e+00
  -2.4480000e+02   0.0000000e+00   0.0000000e+00
  -2.4470000e+02   0.0000000e+00   0.0000000e+00
  -2.4460000e+02   0.0000000e+00   0.0000000e+00
  -2.4450000e+02   0.0000000e+00   0.0000000e+00
  -2.4440000e+02   0.0000000e+00   0.0000000e+00
  -2.4430000e+02   0.0000000e+00   0.0000000e+00
  -2.4420000e+02   0.0000000e+00   0.0000000e+00
  -2.4410000e+02   0.0000000e+00   0.0000000e+00
  -2.4400000e+02   0.0000000e+00   0.0000000e+00
  -2.4390000e+02   0.0000000e+00   0.0000000e+00
  -2.4380000e+02   0.0000000e+00   0.0000000e+00
  -2.4370000e+02   0.0000000e+00   0.0000000e+00
  -2.4360000e+02   0.0000000e+00   0.0000000e+00
  -2.4350000e+02   0.0000000e+00   0.0000000e+00
  -2.4340000e+02   0.0000000e+00   0.0000000e+00
  -2.4330000e+02   0.0000000e+00   0.0000000e+00
  -2.4320000e+02   0.0000000e+00   0.0000000e+00
  -2.4310000e+02   0.0000000e+00   0.0000000e+00
  -2.4300000e+02   0.0000000e+00   0.0000000e+00
  -2.4290000e+02   0.0000000e+00   0.0000000e+00
  -2.4280000e+02   0.0000000e+00   0.0000000e+00
  -2.4270000e+02   0.0000000e+00   0.0000000e+00
  -2.4260000e+02   0.0000000e+00   0.0000000e+00
  -2.4250000e+02   0.0000000e+00   0.0000000e+00
  -2.4240000e+02   0.0000000e+00   0.0000000e+00
  -2.4230000e+02   0.0000000e+00   0.0000000e+00
  -2.4220000e+02   0.0000000e+00   0.0000000e+00
  -2.4210000e+02   0.0000000e+00   0.0000000e+00
  -2.4200000e+02   0.0000000e+00   0.0000000e+00
  -2.4190000e+02   0.0000000e+00   0.0000000e+00
  -2.4180000e+02   0.0000000e+00   0.0000000e+00
  -2.4170000e+02   0.0000000e+00   0.0000000e+00
  -2.4160000e+02   0.0000000e+00   0.0000000e+00
  -2.4150000e+02   0.0000000e+00   0.0000000e+00
  -2.4140000e+02   0.0000000e+00   0.0000000e+00
  -2.4130000e+02   0.0000000e+00   0.0000000e+00
  -2.4120000e+02   0.0000000e+00   0.0000000e+00
  -2.4110000e+02   0.0000000e+00   0.0000000e+00
  -2.4100000e+02   0.0000000e+00   0.0000000e+00
  -2.4090000e+02   0.0000000e+00   0.0000000e+00
  -2.4080000e+02   0.0000000e+00   0.0000000e+00
  -2.4070000e+02   0.0000000e+00   0.0000000e+00
  -2.4060000e+02   0.0000000e+00   0.0000000e+00
  -2.4050000e+02   0.0000000e+00   0.0000000e+00
  -2.4040000e+02   0.0000000e+00   0.0000000e+00
  -2.4030000e+02   0.0000000e+00   0.0000000e+00
  -2.4020000e+02   0.0000000e+00   0.0000000e+00
  -2.4010000e+02   0.0000000e+00   0.0000000e+00
  -2.4000000e+02   0.0000000e+00   0.0000000e+00
  -2.3990000e+02   0.0000000e+00   0.0000000e+00
  -2.3980000e+02   0.0000000e+00   0.0000000e+00
  -2.3970000e+02   0.0000000e+00   0.0000000e+00
  -2.3960000e+02   0.0000000e+00   0.0000000e+00
  -2.3950000e+02   0.0000000e+00   0.0000000e+00
  -2.3940000e+02   0.0000000e+00   0.0000000e+00
  -2.3930000e+02   0.0000000e+00   0.0000000e+00
  -2.3920000e+02   0.0000000e+00   0.0000000e+00
  -2.3910000e+02   0.0000000e+00   0.0000000e+00
  -2.3900000e+02   0.0000000e+00   0.0000000e+00
  -2.3890000e+02   0.0000000e+00   0.0000000e+00
  -2.3880000e+02   0.0000000e+00   0.0000000e+00
  -2.3870000e+02   0.0000000e+00   0.0000000e+00
  -2.3860000e+02   0.0000000e+00   0.0000000e+00
  -2.3850000e+02   0.0000000e+00   0.0000000e+00
  -2.3840000e+02   0.0000000e+00   0.0000000e+00
  -2.3830000e+02   0.0000000e+00   0.0000000e+00
  -2.3820000e+02   0.0000000e+00   0.0000000e+00
  -2.3810000e+02   0.0000000e+00   0.0000000e+00
  -2.3800000e+02   0.0000000e+00   0.0000000e+00
  -2.3790000e+02   0.0000000e+00   0.0000000e+00
  -2.3780000e+02   0.0000000e+00   0.0000000e+00
  -2.3770000e+02   0.0000000e+00   0.0000000e+00
  -2.3760000e+02   0.0000000e+00   0.0000000e+00
  -2.3750000e+02   0.0000000e+00   0.0000000e+00
  -2.3740000e+02   0.0000000e+00   0.0000000e+00
  -2.3730000e+02   0.0000000e+00   0.0000000e+00
  -2.3720000e+02   0.0000000e+00   0.0000000e+00
  -2.3710000e+02   0.0000000e+00   0.0000000e+00
  -2.3700000e+02   0.0000000e+00   0.0000000e+00
  -2.3690000e+02   0.0000000e+00   0.0000000e+00
  -2.3680000e+02   0.0000000e+00   0.0000000e+00
  -2.3670000e+02   0.0000000e+00   0.0000000e+00
  -2.3660000e+02   0.0000000e+00   0.0000000e+00
  -2.3650000e+02   0.0000000e+00   0.0000000e+00
  -2.3640000e+02   0.0000000e+00   0.0000000e+00
  -2.3630000e+02   0.0000000e+00   0.0000000e+00
  -2.3620000e+02   0.0000000e+00   0.0000000e+00
  -2.3610000e+02   0.0000000e+00   0.0000000e+00
  -2.3600000e+02   0.0000000e+00   0.0000000e+00
  -2.3590000e+02   0.0000000e+00   0.0000000e+00
  -2.3580000e+02   0.0000000e+00   0.0000000e+00
  -2.3570000e+02   0.0000000e+00   0.0000000e+00
  -2.3560000e+02   0.0000000e+00   0.0000000e+00
  -2.3550000e+02   0.0000000e+00   0.0000000e+00
  -2.3540000e+02   0.0000000e+00   0.0000000e+00
  -2.3530000e+02   0.0000000e+00   0.0000000e+00
  -2.3520000e+02   0.0000000e+00   0.0000000e+00
  -2.3510000e+02   0.0000000e+00   0.0000000e+00
  -2.3500000e+02   0.0000000e+00   0.0000000e+00
  -2.3490000e+02   0.0000000e+00   0.0000000e+00
  -2.3480000e+02   0.0000000e+00   0.0000000e+00
  -2.3470000e+02   0.0000000e+00   0.0000000e+00
  -2.3460000e+02   0.0000000e+00   0.0000000e+00
  -2.3450000e+02   0.0000000e+00   0.0000000e+00
  -2.3440000e+02   0.0000000e+00   0.0000000e+00
  -2.3430000e+02   0.0000000e+00   0.0000000e+00
  -2.3420000e+02   0.0000000e+00   0.0000000e+00
  -2.3410000e+02   0.0000000e+00   0.0000000e+00
  -2.3400000e+02   0.0000000e+00   0.0000000e+00
  -2.3390000e+02   0.0000000e+00   0.0000000e+00
  -2.3380000e+02   0.0000000e+00   0.0000000e+00
  -2.3370000e+02   0.0000000e+00   0.0000000e+00
  -2.3360000e+02   0.0000000e+00   0.0000000e+00
  -2.3350000e+02   0.0000000e+00   0.0000000e+00
  -2.3340000e+02   0.0000000e+00   0.0000000e+00
  -2.3330000e+02   0.0000000e+00   0.0000000e+00
  -2.3320000e+02   0.0000000e+00   0.0000000e+00
  -2.3310000e+02   0.0000000e+00   0.0000000e+00
  -2.3300000e+02   0.0000000e+00   0.0000000e+00
  -2.3290000e+02   0.0000000e+00   0.0000000e+00
  -2.3280000e+02   0.0000000e+00   0.0000000e+00
  -2.3270000e+02   0.0000000e+00   0.0000000e+00
  -2.3260000e+02   0.0000000e+00   0.0000000e+00
  -2.3250000e+02   0.0000000e+00   0.0000000e+00
  -2.3240000e+02   0.0000000e+00   0.0000000e+00
  -2.3230000e+02   0.0000000e+00   0.0000000e+00
  -2.3220000e+02   0.0000000e+00   0.0000000e+00
  -2.3210000e+02   0.0000000e+00   0.0000000e+00
  -2.3200000e+02   0.0000000e+00   0.0000000e+00
  -2.3190000e+02   0.0000000e+00   0.0000000e+00
  -2.3180000e+02   0.0000000e+00   0.0000000e+00
  -2.3170000e+02   0.0000000e+00   0.0000000e+00
  -2.3160000e+02   0.0000000e+00   0.0000000e+00
  -2.3150000e+02   0.0000000e+00   0.0000000e+00
  -2.3140000e+02   0.0000000e+00   0.0000000e+00
  -2.3130000e+02   0.0000000e+00   0.0000000e+00
  -2.3120000e+02   0.0000000e+00   0.0000000e+00
  -2.3110000e+02   0.0000000e+00   0.0000000e+00
  -2.3100000e+02   0.0000000e+00   0.0000000e+00
  -2.3090000e+02   0.0000000e+00   0.0000000e+00
  -2.3080000e+02   0.0000000e+00   0.0000000e+00
  -2.3070000e+02   0.0000000e+00   0.0000000e+00
  -2.3060000e+02   0.0000000e+00   0.0000000e+00
  -2.3050000e+02   0.0000000e+00   0.0000000e+00
  -2.3040000e+02   0.0000000e+00   0.0000000e+00
  -2.3030000e+02   0.0000000e+00   0.0000000e+00
  -2.3020000e+02   0.0000000e+00   0.0000000e+00
  -2.3010000e+02   0.0000000e+00   0.0000000e+00
  -2.3000000e+02   4.9004312e-02   5.4133428e-01
  -2.2990000e+02   9.8581765e-02   5.6507769e-01
  -2.2980000e+02   1.4782367e-01   5.7580158e-01
  -2.2970000e+02   1.9880425e-01   5.8192732e-01
  -2.2960000e+02   2.5061334e-01   5.7838189e-01
  -2.2950000e+02   3.0202811e-01   5.6542100e-01
  -2.2940000e+02   3.5410592e-01   5.6063384e-01
  -2.2930000e+02   4.0697875e-01   5.8254605e-01
  -2.2920000e+02   4.6022544e-01   5.8468772e-01
  -2.2910000e+02   5.1316201e-01   5.9491948e-01
  -2.2900000e+02   5.6725344e-01   5.8036401e-01
  -2.2890000e+02   6.2140741e-01   5.6671767e-01
  -2.2880000e+02   6.7573207e-01   5.7017801e-01
  -2.2870000e+02   6.8083691e-01   5.6257852e-01
  -2.2860000e+02   6.8449082e-01   5.8913607e-01
  -2.2850000e+02   6.8698573e-01   5.7745111e-01
  -2.2840000e+02   6.8562008e-01   6.2667674e-01
  -2.2830000e+02   6.8334988e-01   5.6862267e-01
  -2.2820000e+02   6.8164449e-01   5.6559261e-01
  -2.2810000e+02   6.8191472e-01   5.5265785e-01
  -2.2800000e+02   6.8151427e-01   5.5656294e-01
  -2.2790000e+02   6.8284992e-01   5.5939087e-01
  -2.2780000e+02   6.8481579e-01   5.4158332e-01
  -2.2770000e+02   6.8587064e-01   5.5945244e-01
  -2.2760000e+02   6.8683311e-01   5.6316635e-01
  -2.2750000e+02   6.8710462e-01   5.4214446e-01
  -2.2740000e+02   6.8687240e-01   5.2013469e-01
  -2.2730000e+02   6.8666248e-01   5.1453426e-01
  -2.2720000e+02   6.8667483e-01   5.1206400e-01
  -2.2710000e+02   6.8620659e-01   4.6742265e-01
  -2.2700000e+02   6.8719458e-01   4.8598236e-01
  -2.2690000e+02   6.8860173e-01   4.9884498e-01
  -2.2680000e+02   6.8873477e-01   5.0857738e-01
  -2.2670000e+02   6.8816522e-01   5.0870221e-01
  -2.2660000e+02   6.8567384e-01   5.3845546e-01
  -2.2650000e+02   6.8259549e-01   5.4140244e-01
  -2.2640000e+02   6.7992804e-01   5.2632113e-01
  -2.2630000e+02   6.7716526e-01   5.0309738e-01
  -2.2620000e+02   6.7450373e-01   4.9833013e-01
  -2.2610000e+02   6.7276672e-01   4.7675504e-01
  -2.2600000e+02   6.7202320e-01   4.9735893e-01
  -2.2590000e+02   6.7272702e-01   5.0082496e-01
  -2.2580000e+02   6.7573774e-01   5.1762205e-01
  -2.2570000e+02   6.7726657e-01   5.2454774e-01
  -2.2560000e+02   6.7843670e-01   4.9382847e-01
  -2.2550000e+02   6.7893298e-01   4.9517532e-01
  -2.2540000e+02   6.8181965e-01   4.9274439e-01
  -2.2530000e+02   6.8434870e-01   4.8025964e-01
  -2.2520000e+02   6.8762099e-01   4.9059440e-01
  -2.2510000e+02   6.8949791e-01   4.9724429e-01
  -2.2500000e+02   6.9255274e-01   4.9494451e-01
  -2.2490000e+02   6.9648642e-01   4.9730479e-01
  -2.2480000e+02   6.9910355e-01   5.0392469e-01
  -2.2470000e+02   7.0024305e-01   5.1067564e-01
  -2.2460000e+02   6.9973049e-01   4.9045626e-01
  -2.2450000e+02   6.9874486e-01   4.9330964e-01
  -2.2440000e+02   6.9781824e-01   5.0083811e-01
  -2.2430000e+02   6.9615941e-01   5.0485714e-01
  -2.2420000e+02   6.9171716e-01   5.1137373e-01
  -2.2410000e+02   6.8425699e-01   4.9665851e-01
  -2.2400000e+02   6.7781763e-01   5.0563126e-01
  -2.2390000e+02   6.7086096e-01   5.1608217e-01
  -2.2380000e+02   6.6493286e-01   5.2085786e-01
  -2.2370000e+02   6.5844261e-01   5.1418090e-01
  -2.2360000e+02   6.5364718e-01   5.2775159e-01
  -2.2350000e+02   6.5026578e-01   5.3599251e-01
  -2.2340000e+02   6.4808920e-01   5.3743526e-01
  -2.2330000e+02   6.4703042e-01   5.4070319e-01
  -2.2320000e+02   6.4535716e-01   5.4923103e-01
  -2.2310000e+02   6.4339179e-01   5.7392913e-01
  -2.2300000e+02   6.4131278e-01   5.6495061e-01
  -2.2290000e+02   6.4225151e-01   5.4124226e-01
  -2.2280000e+02   6.4460022e-01   5.4516341e-01
  -2.2270000e+02   6.4555293e-01   5.6791218e-01
  -2.2260000e+02   6.4573005e-01   5.7017626e-01
  -2.2250000e+02   6.4572623e-01   5.5855334e-01
  -2.2240000e+02   6.4554091e-01   5.4446560e-01
  -2.2230000e+02   6.4217197e-01   5.4870141e-01
  -2.2220000e+02   6.3784166e-01   5.6047229e-01
  -2.2210000e+02   6.3434935e-01   5.4863044e-01
  -2.2200000e+02   6.3113893e-01   5.7650847e-01
  -2.2190000e+02   6.2908433e-01   5.5925019e-01
  -2.2180000e+02   6.2807077e-01   5.3303703e-01
  -2.2170000e+02   6.2810937e-01   5.3461662e-01
  -2.2160000e+02   6.2686412e-01   5.4891993e-01
  -2.2150000e+02   6.2458948e-01   5.4610089e-01
  -2.2140000e+02   6.2144635e-01   5.5884700e-01
  -2.2130000e+02   6.1848945e-01   5.5903785e-01
  -2.2120000e+02   6.1399034e-01   5.3780565e-01
  -2.2110000e+02   6.0783643e-01   5.3692835e-01
  -2.2100000e+02   6.0238608e-01   5.6252869e-01
  -2.2090000e+02   5.9743068e-01   5.3582081e-01
  -2.2080000e+02   5.9329531e-01   5.1151584e-01
  -2.2070000e+02   5.9111914e-01   4.9691280e-01
  -2.2060000e+02   5.8984827e-01   4.6503403e-01
  -2.2050000e+02   5.8947990e-01   4.8770000e-01
  -2.2040000e+02   5.8883183e-01   5.2569149e-01
  -2.2030000e+02   5.8908432e-01   5.4299339e-01
  -2.2020000e+02   5.9143021e-01   5.3086631e-01
  -2.2010000e+02   5.9771106e-01   5.1721123e-01
  -2.2000000e+02   6.0502785e-01   4.9820965e-01
  -2.1990000e+02   6.1417282e-01   5.0080153e-01
  -2.1980000e+02   6.2485416e-01   5.0294771e-01
  -2.1970000e+02   6.3553154e-01   5.1396147e-01
  -2.1960000e+02   6.4779534e-01   5.3672534e-01
  -2.1950000e+02   6.5994125e-01   5.4616846e-01
  -2.1940000e+02   6.7013688e-01   5.6389159e-01
  -2.1930000e+02   6.8054041e-01   5.5982746e-01
  -2.1920000e+02   6.8976563e-01   5.4614294e-01
  -2.1910000e+02   6.9775305e-01   5.4581743e-01
  -2.1900000e+02   7.0532019e-01   5.5648266e-01
  -2.1890000e+02   7.1188268e-01   5.4894714e-01
  -2.1880000e+02   7.1733769e-01   5.4352254e-01
  -2.1870000e+02   7.2206763e-01   5.2707096e-01
  -2.1860000e+02   7.2529710e-01   5.2892754e-01
  -2.1850000e+02   7.2860786e-01   5.3170818e-01
  -2.1840000e+02   7.3159869e-01   5.4507212e-01
  -2.1830000e+02   7.3226142e-01   5.6048195e-01
  -2.1820000e+02   7.2922720e-01   5.6758189e-01
  -2.1810000e+02   7.2637909e-01   5.7994871e-01
  -2.1800000e+02   7.2093707e-01   5.6128702e-01
  -2.1790000e+02   7.1362868e-01   5.4502572e-01
  -2.1780000e+02   7.0729703e-01   5.3337408e-01
  -2.1770000e+02   7.0196705e-01   5.1760676e-01
  -2.1760000e+02   6.9637066e-01   4.9082899e-01
  -2.1750000e+02   6.9121930e-01   4.9010442e-01
  -2.1740000e+02   6.8868839e-01   5.1352703e-01
  -2.1730000e+02   6.8881288e-01   5.2891380e-01
  -2.1720000e+02   6.8892760e-01   5.3696809e-01
  -2.1710000e+02   6.8779676e-01   5.4523850e-01
  -2.1700000e+02   6.8697409e-01   5.3676332e-01
  -2.1690000e+02   6.8711585e-01   5.5953236e-01
  -2.1680000e+02   6.8872569e-01   5.6037398e-01
  -2.1670000e+02   6.9046614e-01   5.5231142e-01
  -2.1660000e+02   6.9337452e-01   5.6107756e-01
  -2.1650000e+02   6.9697673e-01   5.7265992e-01
  -2.1640000e+02   7.0047284e-01   5.8169879e-01
  -2.1630000e+02   7.0429911e-01   6.0098302e-01
  -2.1620000e+02   7.0701191e-01   6.1458257e-01
  -2.1610000e+02   7.0879736e-01   6.1395421e-01
  -2.1600000e+02   7.0825826e-01   6.3650784e-01
  -2.1590000e+02   7.0892033e-01   5.8158855e-01
  -2.1580000e+02   7.1019029e-01   5.8659070e-01
  -2.1570000e+02   7.1115239e-01   5.7212589e-01
  -2.1560000e+02   7.1258197e-01   5.5905234e-01
  -2.1550000e+02   7.1003902e-01   5.6301641e-01
  -2.1540000e+02   7.1006308e-01   5.7270289e-01
  -2.1530000e+02   7.0875584e-01   5.5708810e-01
  -2.1520000e+02   7.0493089e-01   5.7732571e-01
  -2.1510000e+02   6.9905625e-01   5.6267027e-01
  -2.1500000e+02   6.9229291e-01   5.4813406e-01
  -2.1490000e+02   6.8380264e-01   5.7207151e-01
  -2.1480000e+02   6.7340861e-01   5.7431495e-01
  -2.1470000e+02   6.6336035e-01   5.5757605e-01
  -2.1460000e+02   6.5308116e-01   5.4796542e-01
  -2.1450000e+02   6.4632273e-01   5.3928006e-01
  -2.1440000e+02   6.4268921e-01   5.3559817e-01
  -2.1430000e+02   6.4067867e-01   5.4272599e-01
  -2.1420000e+02   6.4286130e-01   5.4999815e-01
  -2.1410000e+02   6.4443245e-01   5.2535601e-01
  -2.1400000e+02   6.4766068e-01   5.0904302e-01
  -2.1390000e+02   6.5266053e-01   5.0358889e-01
  -2.1380000e+02   6.5903286e-01   5.2500144e-01
  -2.1370000e+02   6.6644025e-01   5.2892481e-01
  -2.1360000e+02   6.7489615e-01   5.4535740e-01
  -2.1350000e+02   6.8513027e-01   5.3652813e-01
  -2.1340000e+02   6.9783627e-01   5.2559733e-01
  -2.1330000e+02   7.1058968e-01   5.2745274e-01
  -2.1320000e+02   7.2153073e-01   5.4274061e-01
  -2.1310000e+02   7.2951911e-01   5.4750791e-01
  -2.1300000e+02   7.3509260e-01   5.6916224e-01
  -2.1290000e+02   7.3852047e-01   5.5527468e-01
  -2.1280000e+02   7.4166533e-01   5.8424804e-01
  -2.1270000e+02   7.4479418e-01   5.9858631e-01
  -2.1260000e+02   7.4623736e-01   6.0880110e-01
  -2.1250000e+02   7.4699670e-01   6.1755382e-01
  -2.1240000e+02   7.4792729e-01   6.1762214e-01
  -2.1230000e+02   7.4953270e-01   5.9843293e-01
  -2.1220000e+02   7.5006009e-01   5.7739702e-01
  -2.1210000e+02   7.4979882e-01   5.6657129e-01
  -2.1200000e+02   7.4775442e-01   5.6326499e-01
  -2.1190000e+02   7.4605962e-01   5.5735494e-01
  -2.1180000e+02   7.4497462e-01   5.5493465e-01
  -2.1170000e+02   7.4718092e-01   5.8360031e-01
  -2.1160000e+02   7.4956209e-01   5.9434581e-01
  -2.1150000e+02   7.5169033e-01   5.9629742e-01
  -2.1140000e+02   7.5406955e-01   5.7783322e-01
  -2.1130000e+02   7.5826900e-01   5.6682205e-01
  -2.1120000e+02   7.6336445e-01   5.6375537e-01
  -2.1110000e+02   7.6685629e-01   5.5573709e-01
  -2.1100000e+02   7.6769550e-01   5.5152314e-01
  -2.1090000e+02   7.6788734e-01   5.7540945e-01
  -2.1080000e+02   7.6861969e-01   5.2927132e-01
  -2.1070000e+02   7.7224796e-01   5.5130116e-01
  -2.1060000e+02   7.7945624e-01   5.3042989e-01
  -2.1050000e+02   7.8609433e-01   5.7510497e-01
  -2.1040000e+02   7.9296824e-01   5.3307160e-01
  -2.1030000e+02   7.9920177e-01   5.3385617e-01
  -2.1020000e+02   8.0748357e-01   5.1460913e-01
  -2.1010000e+02   8.1596151e-01   5.0642826e-01
  -2.1000000e+02   8.2463338e-01   4.8543618e-01
  -2.0990000e+02   8.3298665e-01   4.7976522e-01
  -2.0980000e+02   8.4219327e-01   5.2044207e-01
  -2.0970000e+02   8.5222537e-01   5.4269375e-01
  -2.0960000e+02   8.6334639e-01   5.2795650e-01
  -2.0950000e+02   8.7285886e-01   5.1495645e-01
  -2.0940000e+02   8.7962824e-01   5.1577107e-01
  -2.0930000e+02   8.8103169e-01   4.8916674e-01
  -2.0920000e+02   8.8277751e-01   4.8912791e-01
  -2.0910000e+02   8.8220179e-01   4.6953853e-01
  -2.0900000e+02   8.8237944e-01   4.5890166e-01
  -2.0890000e+02   8.8212158e-01   4.8561455e-01
  -2.0880000e+02   8.7992980e-01   4.7353063e-01
  -2.0870000e+02   8.7693827e-01   4.6132401e-01
  -2.0860000e+02   8.7290474e-01   4.6733436e-01
  -2.0850000e+02   8.6811808e-01   4.8990940e-01
  -2.0840000e+02   8.6509210e-01   5.2630238e-01
  -2.0830000e+02   8.5931920e-01   5.4027330e-01
  -2.0820000e+02   8.5198536e-01   5.5063441e-01
  -2.0810000e+02   8.4486248e-01   5.6446308e-01
  -2.0800000e+02   8.3908768e-01   5.7146956e-01
  -2.0790000e+02   8.3382346e-01   5.8290043e-01
  -2.0780000e+02   8.2950663e-01   5.7757851e-01
  -2.0770000e+02   8.2425663e-01   5.8866891e-01
  -2.0760000e+02   8.1870717e-01   5.9362569e-01
  -2.0750000e+02   8.1710816e-01   6.6839109e-01
  -2.0740000e+02   8.1664072e-01   6.2793863e-01
  -2.0730000e+02   8.1444299e-01   6.0902473e-01
  -2.0720000e+02   8.1395390e-01   5.9396405e-01
  -2.0710000e+02   8.1229265e-01   6.1688799e-01
  -2.0700000e+02   8.1390842e-01   5.8870676e-01
  -2.0690000e+02   8.1633297e-01   5.3931403e-01
  -2.0680000e+02   8.1750893e-01   5.1914545e-01
  -2.0670000e+02   8.1785251e-01   5.0951594e-01
  -2.0660000e+02   8.1770542e-01   5.0224580e-01
  -2.0650000e+02   8.1656191e-01   5.0782853e-01
  -2.0640000e+02   8.1474094e-01   5.2110537e-01
  -2.0630000e+02   8.1051350e-01   5.3324869e-01
  -2.0620000e+02   8.0270450e-01   5.0612024e-01
  -2.0610000e+02   7.9414497e-01   4.9819120e-01
  -2.0600000e+02   7.8750601e-01   4.8427390e-01
  -2.0590000e+02   7.7964579e-01   4.8343558e-01
  -2.0580000e+02   7.7237457e-01   5.0264902e-01
  -2.0570000e+02   7.6515856e-01   5.2989626e-01
  -2.0560000e+02   7.5983842e-01   5.5091112e-01
  -2.0550000e+02   7.5534367e-01   5.7784805e-01
  -2.0540000e+02   7.5193510e-01   5.8801769e-01
  -2.0530000e+02   7.4905030e-01   5.6831824e-01
  -2.0520000e+02   7.4537631e-01   5.5973737e-01
  -2.0510000e+02   7.4208947e-01   5.7420286e-01
  -2.0500000e+02   7.4132517e-01   5.7084810e-01
  -2.0490000e+02   7.4069434e-01   5.5156309e-01
  -2.0480000e+02   7.4100786e-01   5.5347395e-01
  -2.0470000e+02   7.4167627e-01   5.4049362e-01
  -2.0460000e+02   7.4317912e-01   5.3740975e-01
  -2.0450000e+02   7.4506870e-01   5.2690073e-01
  -2.0440000e+02   7.4536065e-01   5.1982011e-01
  -2.0430000e+02   7.4374004e-01   4.9136707e-01
  -2.0420000e+02   7.4204800e-01   4.8682629e-01
  -2.0410000e+02   7.3983785e-01   4.7767371e-01
  -2.0400000e+02   7.3888190e-01   4.8622052e-01
  -2.0390000e+02   7.4008890e-01   5.1089027e-01
  -2.0380000e+02   7.4232717e-01   5.0671656e-01
  -2.0370000e+02   7.4335679e-01   5.0826330e-01
  -2.0360000e+02   7.4466382e-01   5.2827122e-01
  -2.0350000e+02   7.4391848e-01   5.0229377e-01
  -2.0340000e+02   7.4166870e-01   4.8425210e-01
  -2.0330000e+02   7.3754014e-01   4.6899099e-01
  -2.0320000e+02   7.3337309e-01   4.7711193e-01
  -2.0310000e+02   7.3148006e-01   4.9197314e-01
  -2.0300000e+02   7.3134039e-01   4.9381488e-01
  -2.0290000e+02   7.3179084e-01   4.9751238e-01
  -2.0280000e+02   7.3319379e-01   5.1139013e-01
  -2.0270000e+02   7.3403060e-01   5.1390069e-01
  -2.0260000e+02   7.3466566e-01   5.0512973e-01
  -2.0250000e+02   7.3650177e-01   5.1267147e-01
  -2.0240000e+02   7.3823745e-01   5.1320996e-01
  -2.0230000e+02   7.4070667e-01   5.2547816e-01
  -2.0220000e+02   7.4452049e-01   5.3320945e-01
  -2.0210000e+02   7.4965698e-01   5.4454650e-01
  -2.0200000e+02   7.5502586e-01   5.7936683e-01
  -2.0190000e+02   7.5960582e-01   5.5030676e-01
  -2.0180000e+02   7.6201832e-01   5.5421635e-01
  -2.0170000e+02   7.6331032e-01   5.5487706e-01
  -2.0160000e+02   7.6407329e-01   5.3392977e-01
  -2.0150000e+02   7.6509573e-01   5.6373303e-01
  -2.0140000e+02   7.6523892e-01   5.7502277e-01
  -2.0130000e+02   7.6351192e-01   5.6254586e-01
  -2.0120000e+02   7.6170852e-01   5.5326897e-01
  -2.0110000e+02   7.5965528e-01   5.6803231e-01
  -2.0100000e+02   7.5845127e-01   5.7058788e-01
  -2.0090000e+02   7.5645605e-01   5.7993311e-01
  -2.0080000e+02   7.5370778e-01   5.7718843e-01
  -2.0070000e+02   7.4991876e-01   5.5844627e-01
  -2.0060000e+02   7.4619608e-01   5.4785488e-01
  -2.0050000e+02   7.4130144e-01   5.4211606e-01
  -2.0040000e+02   7.3600747e-01   5.4273804e-01
  -2.0030000e+02   7.3091251e-01   5.3005782e-01
  -2.0020000e+02   7.2588175e-01   5.3708816e-01
  -2.0010000e+02   7.2179521e-01   5.4441987e-01
  -2.0000000e+02   7.1889395e-01   5.5169177e-01
  -1.9990000e+02   7.1574800e-01   5.7167626e-01
  -1.9980000e+02   7.1318140e-01   5.5145431e-01
  -1.9970000e+02   7.1093744e-01   5.3649853e-01
  -1.9960000e+02   7.0829878e-01   5.1693208e-01
  -1.9950000e+02   7.0720210e-01   5.2711115e-01
  -1.9940000e+02   7.0888358e-01   5.3973596e-01
  -1.9930000e+02   7.1031642e-01   5.7095758e-01
  -1.9920000e+02   7.1331295e-01   6.3265370e-01
  -1.9910000e+02   7.1617999e-01   6.1475517e-01
  -1.9900000e+02   7.1877159e-01   6.1854618e-01
  -1.9890000e+02   7.1947670e-01   6.3422743e-01
  -1.9880000e+02   7.2009954e-01   6.2120850e-01
  -1.9870000e+02   7.1875961e-01   6.3480632e-01
  -1.9860000e+02   7.1674878e-01   6.0524943e-01
  -1.9850000e+02   7.1464628e-01   5.8924660e-01
  -1.9840000e+02   7.0855018e-01   5.8708310e-01
  -1.9830000e+02   7.0370444e-01   5.9204043e-01
  -1.9820000e+02   6.9789575e-01   5.9335119e-01
  -1.9810000e+02   6.9151007e-01   6.2026944e-01
  -1.9800000e+02   6.8667542e-01   6.2409417e-01
  -1.9790000e+02   6.8261217e-01   5.9851064e-01
  -1.9780000e+02   6.7963070e-01   5.9507874e-01
  -1.9770000e+02   6.7837649e-01   5.9203150e-01
  -1.9760000e+02   6.7831598e-01   6.1204332e-01
  -1.9750000e+02   6.7711229e-01   5.9914597e-01
  -1.9740000e+02   6.7873343e-01   5.8556265e-01
  -1.9730000e+02   6.8179662e-01   5.9501295e-01
  -1.9720000e+02   6.8280960e-01   5.9814228e-01
  -1.9710000e+02   6.8677343e-01   5.9745903e-01
  -1.9700000e+02   6.8973935e-01   5.9168222e-01
  -1.9690000e+02   6.9336390e-01   5.7297909e-01
  -1.9680000e+02   6.9798099e-01   5.9666702e-01
  -1.9670000e+02   7.0173863e-01   5.9721773e-01
  -1.9660000e+02   7.0600042e-01   6.0476618e-01
  -1.9650000e+02   7.1076508e-01   5.7913266e-01
  -1.9640000e+02   7.1492555e-01   5.7203504e-01
  -1.9630000e+02   7.1702750e-01   5.3873967e-01
  -1.9620000e+02   7.2128735e-01   5.3452405e-01
  -1.9610000e+02   7.2483426e-01   5.3168056e-01
  -1.9600000e+02   7.2833013e-01   5.5484355e-01
  -1.9590000e+02   7.3393731e-01   5.3852620e-01
  -1.9580000e+02   7.4069176e-01   5.5744259e-01
  -1.9570000e+02   7.4808997e-01   5.7315984e-01
  -1.9560000e+02   7.5646535e-01   6.1649362e-01
  -1.9550000e+02   7.6651475e-01   6.0768145e-01
  -1.9540000e+02   7.7530903e-01   5.8230939e-01
  -1.9530000e+02   7.8279662e-01   5.6251826e-01
  -1.9520000e+02   7.8927745e-01   5.3965194e-01
  -1.9510000e+02   7.9432165e-01   5.0239871e-01
  -1.9500000e+02   8.0158380e-01   5.0055335e-01
  -1.9490000e+02   8.0806412e-01   5.3151146e-01
  -1.9480000e+02   8.1442787e-01   5.2974944e-01
  -1.9470000e+02   8.1773273e-01   5.3065760e-01
  -1.9460000e+02   8.2074068e-01   5.2487023e-01
  -1.9450000e+02   8.2213826e-01   5.2447729e-01
  -1.9440000e+02   8.2298351e-01   5.1258409e-01
  -1.9430000e+02   8.2238219e-01   5.3760942e-01
  -1.9420000e+02   8.1738671e-01   5.4100455e-01
  -1.9410000e+02   8.1432251e-01   5.5041051e-01
  -1.9400000e+02   8.1358335e-01   5.5192985e-01
  -1.9390000e+02   8.1503368e-01   5.3759282e-01
  -1.9380000e+02   8.1609015e-01   5.1452993e-01
  -1.9370000e+02   8.1510479e-01   4.8103465e-01
  -1.9360000e+02   8.1312081e-01   4.7514377e-01
  -1.9350000e+02   8.0974077e-01   4.7681563e-01
  -1.9340000e+02   8.0696752e-01   4.7510981e-01
  -1.9330000e+02   8.0327850e-01   4.8709007e-01
  -1.9320000e+02   7.9938010e-01   5.0978214e-01
  -1.9310000e+02   7.9483159e-01   5.1158026e-01
  -1.9300000e+02   7.9100959e-01   4.9245586e-01
  -1.9290000e+02   7.8700575e-01   5.3913035e-01
  -1.9280000e+02   7.8243867e-01   5.2865319e-01
  -1.9270000e+02   7.7584158e-01   5.0863900e-01
  -1.9260000e+02   7.6541025e-01   5.0615834e-01
  -1.9250000e+02   7.5533787e-01   4.8224608e-01
  -1.9240000e+02   7.4552559e-01   4.7910207e-01
  -1.9230000e+02   7.3429561e-01   4.7630993e-01
  -1.9220000e+02   7.2572232e-01   4.8438783e-01
  -1.9210000e+02   7.1724856e-01   4.9968446e-01
  -1.9200000e+02   7.1018530e-01   4.8854751e-01
  -1.9190000e+02   7.0388904e-01   5.0115669e-01
  -1.9180000e+02   6.9989318e-01   4.9751451e-01
  -1.9170000e+02   6.9403494e-01   4.8060715e-01
  -1.9160000e+02   6.8879361e-01   4.9905092e-01
  -1.9150000e+02   6.8299990e-01   5.0885350e-01
  -1.9140000e+02   6.7745060e-01   5.4080735e-01
  -1.9130000e+02   6.7517803e-01   5.6361149e-01
  -1.9120000e+02   6.7438491e-01   5.5522445e-01
  -1.9110000e+02   6.7474065e-01   5.6713544e-01
  -1.9100000e+02   6.7724065e-01   5.6439720e-01
  -1.9090000e+02   6.7772939e-01   5.4899501e-01
  -1.9080000e+02   6.7770692e-01   5.4893402e-01
  -1.9070000e+02   6.7727059e-01   5.6705850e-01
  -1.9060000e+02   6.7746769e-01   5.7094783e-01
  -1.9050000e+02   6.7685304e-01   5.6691312e-01
  -1.9040000e+02   6.8054039e-01   5.7116873e-01
  -1.9030000e+02   6.8641043e-01   5.9456418e-01
  -1.9020000e+02   6.9360471e-01   5.8041995e-01
  -1.9010000e+02   6.9923388e-01   5.5628482e-01
  -1.9000000e+02   7.0174514e-01   5.3814101e-01
  -1.8990000e+02   7.0297188e-01   5.2071056e-01
  -1.8980000e+02   7.0385827e-01   5.0180840e-01
  -1.8970000e+02   7.0307582e-01   4.9924414e-01
  -1.8960000e+02   7.0386073e-01   4.9241014e-01
  -1.8950000e+02   7.0869080e-01   5.1665804e-01
  -1.8940000e+02   7.1549202e-01   5.4272113e-01
  -1.8930000e+02   7.2192126e-01   5.5587823e-01
  -1.8920000e+02   7.2713519e-01   5.5831829e-01
  -1.8910000e+02   7.2941501e-01   5.4988463e-01
  -1.8900000e+02   7.3105659e-01   5.4711754e-01
  -1.8890000e+02   7.2974425e-01   5.5335366e-01
  -1.8880000e+02   7.3004844e-01   5.5156611e-01
  -1.8870000e+02   7.3234616e-01   5.3863330e-01
  -1.8860000e+02   7.3573668e-01   5.4938087e-01
  -1.8850000e+02   7.4146921e-01   5.5576250e-01
  -1.8840000e+02   7.4658885e-01   5.3616704e-01
  -1.8830000e+02   7.5069933e-01   5.1028597e-01
  -1.8820000e+02   7.5234891e-01   5.2902262e-01
  -1.8810000e+02   7.5057442e-01   5.4926240e-01
  -1.8800000e+02   7.4588471e-01   5.3674585e-01
  -1.8790000e+02   7.4087937e-01   5.2298080e-01
  -1.8780000e+02   7.3454105e-01   5.3476193e-01
  -1.8770000e+02   7.2633910e-01   5.1727538e-01
  -1.8760000e+02   7.2003751e-01   5.1632599e-01
  -1.8750000e+02   7.1415119e-01   5.1607930e-01
  -1.8740000e+02   7.0996442e-01   5.1862683e-01
  -1.8730000e+02   7.0755254e-01   5.2147498e-01
  -1.8720000e+02   7.0463587e-01   5.2305142e-01
  -1.8710000e+02   7.0328133e-01   5.7832057e-01
  -1.8700000e+02   7.0142387e-01   5.8164331e-01
  -1.8690000e+02   6.9998736e-01   5.7756595e-01
  -1.8680000e+02   6.9921670e-01   5.8102675e-01
  -1.8670000e+02   7.0095261e-01   5.4544932e-01
  -1.8660000e+02   7.0169499e-01   5.2525772e-01
  -1.8650000e+02   7.0478859e-01   5.0877291e-01
  -1.8640000e+02   7.0900864e-01   4.9620691e-01
  -1.8630000e+02   7.1183939e-01   5.0830195e-01
  -1.8620000e+02   7.1206888e-01   5.4156720e-01
  -1.8610000e+02   7.1049567e-01   6.0160559e-01
  -1.8600000e+02   7.0807781e-01   5.6947565e-01
  -1.8590000e+02   7.0517025e-01   5.2910350e-01
  -1.8580000e+02   7.0319134e-01   5.0372527e-01
  -1.8570000e+02   7.0292095e-01   5.1544810e-01
  -1.8560000e+02   7.0232843e-01   5.3811001e-01
  -1.8550000e+02   7.0354217e-01   5.2789516e-01
  -1.8540000e+02   7.0461592e-01   5.0621750e-01
  -1.8530000e+02   7.0852379e-01   4.8322174e-01
  -1.8520000e+02   7.1049012e-01   4.6881935e-01
  -1.8510000e+02   7.1265706e-01   4.5498987e-01
  -1.8500000e+02   7.1569029e-01   4.3486750e-01
  -1.8490000e+02   7.1962324e-01   4.4076348e-01
  -1.8480000e+02   7.2362035e-01   4.5112897e-01
  -1.8470000e+02   7.2680250e-01   4.7039110e-01
  -1.8460000e+02   7.3070399e-01   4.9052893e-01
  -1.8450000e+02   7.3437202e-01   4.9731008e-01
  -1.8440000e+02   7.3848942e-01   5.0664711e-01
  -1.8430000e+02   7.4321094e-01   5.2911424e-01
  -1.8420000e+02   7.4770838e-01   5.6244934e-01
  -1.8410000e+02   7.5093923e-01   5.5203968e-01
  -1.8400000e+02   7.5416358e-01   5.5871195e-01
  -1.8390000e+02   7.5673772e-01   5.4362904e-01
  -1.8380000e+02   7.5831631e-01   5.3576622e-01
  -1.8370000e+02   7.5818941e-01   5.3524704e-01
  -1.8360000e+02   7.5872497e-01   5.4669380e-01
  -1.8350000e+02   7.5737162e-01   5.4003724e-01
  -1.8340000e+02   7.5491761e-01   5.2538935e-01
  -1.8330000e+02   7.4948176e-01   5.4490005e-01
  -1.8320000e+02   7.4280444e-01   5.5022825e-01
  -1.8310000e+02   7.3489473e-01   5.8541560e-01
  -1.8300000e+02   7.2713697e-01   5.6716692e-01
  -1.8290000e+02   7.1846481e-01   5.7367188e-01
  -1.8280000e+02   7.1099858e-01   5.7872748e-01
  -1.8270000e+02   7.0194235e-01   5.9643334e-01
  -1.8260000e+02   6.9403629e-01   6.0955290e-01
  -1.8250000e+02   6.8889595e-01   6.0600727e-01
  -1.8240000e+02   6.8656092e-01   6.0705055e-01
  -1.8230000e+02   6.8429717e-01   6.0803429e-01
  -1.8220000e+02   6.8218132e-01   6.0858481e-01
  -1.8210000e+02   6.8084317e-01   6.0429021e-01
  -1.8200000e+02   6.8087429e-01   6.0726491e-01
  -1.8190000e+02   6.8022732e-01   6.0903032e-01
  -1.8180000e+02   6.7841482e-01   6.4952778e-01
  -1.8170000e+02   6.7576695e-01   6.3347684e-01
  -1.8160000e+02   6.7498481e-01   6.5639352e-01
  -1.8150000e+02   6.7339582e-01   6.2708301e-01
  -1.8140000e+02   6.7276696e-01   6.2164040e-01
  -1.8130000e+02   6.7205459e-01   6.2971838e-01
  -1.8120000e+02   6.7147037e-01   6.1379343e-01
  -1.8110000e+02   6.7176391e-01   5.8603970e-01
  -1.8100000e+02   6.7350986e-01   5.9446502e-01
  -1.8090000e+02   6.7578005e-01   6.1585929e-01
  -1.8080000e+02   6.7789777e-01   6.2439225e-01
  -1.8070000e+02   6.7913397e-01   6.4071908e-01
  -1.8060000e+02   6.8195817e-01   6.6005356e-01
  -1.8050000e+02   6.8497618e-01   6.3900182e-01
  -1.8040000e+02   6.8697698e-01   6.4719419e-01
  -1.8030000e+02   6.8483527e-01   6.4988584e-01
  -1.8020000e+02   6.8298753e-01   6.7226288e-01
  -1.8010000e+02   6.8137484e-01   6.7735915e-01
  -1.8000000e+02   6.8082846e-01   6.8433769e-01
  -1.7990000e+02   6.8044798e-01   6.7843159e-01
  -1.7980000e+02   6.7879424e-01   6.7451167e-01
  -1.7970000e+02   6.7616967e-01   6.4498633e-01
  -1.7960000e+02   6.7713150e-01   6.4505190e-01
  -1.7950000e+02   6.7894709e-01   6.4887075e-01
  -1.7940000e+02   6.8379397e-01   6.3959108e-01
  -1.7930000e+02   6.8843200e-01   6.4185073e-01
  -1.7920000e+02   6.9421701e-01   6.2589427e-01
  -1.7910000e+02   7.0103283e-01   6.2348237e-01
  -1.7900000e+02   7.0849469e-01   6.1138700e-01
  -1.7890000e+02   7.1649088e-01   6.0506197e-01
  -1.7880000e+02   7.2376146e-01   5.8729708e-01
  -1.7870000e+02   7.2992561e-01   5.5363391e-01
  -1.7860000e+02   7.3405984e-01   5.4045499e-01
  -1.7850000e+02   7.3832645e-01   5.4035604e-01
  -1.7840000e+02   7.4231684e-01   5.3071723e-01
  -1.7830000e+02   7.4485054e-01   5.3433044e-01
  -1.7820000e+02   7.4884339e-01   5.3138207e-01
  -1.7810000e+02   7.5298169e-01   5.6250498e-01
  -1.7800000e+02   7.5709224e-01   5.5225200e-01
  -1.7790000e+02   7.6054327e-01   5.4802919e-01
  -1.7780000e+02   7.6415512e-01   5.4477673e-01
  -1.7770000e+02   7.6994865e-01   5.5117121e-01
  -1.7760000e+02   7.7621255e-01   5.6433666e-01
  -1.7750000e+02   7.8402240e-01   5.7816848e-01
  -1.7740000e+02   7.9413680e-01   5.9403265e-01
  -1.7730000e+02   8.0466196e-01   5.7794234e-01
  -1.7720000e+02   8.1358327e-01   5.6120061e-01
  -1.7710000e+02   8.2126425e-01   5.8210791e-01
  -1.7700000e+02   8.2840232e-01   5.7900480e-01
  -1.7690000e+02   8.3250662e-01   5.7390622e-01
  -1.7680000e+02   8.3396029e-01   5.8608753e-01
  -1.7670000e+02   8.3255537e-01   5.8021132e-01
  -1.7660000e+02   8.3094781e-01   5.5431983e-01
  -1.7650000e+02   8.2744030e-01   5.3308117e-01
  -1.7640000e+02   8.2308131e-01   5.3345697e-01
  -1.7630000e+02   8.1801278e-01   5.1422378e-01
  -1.7620000e+02   8.1342672e-01   5.3297512e-01
  -1.7610000e+02   8.0761078e-01   5.2204803e-01
  -1.7600000e+02   8.0042791e-01   5.3202751e-01
  -1.7590000e+02   7.9337237e-01   5.2151244e-01
  -1.7580000e+02   7.8520172e-01   5.5100064e-01
  -1.7570000e+02   7.7478786e-01   5.7211194e-01
  -1.7560000e+02   7.6459195e-01   5.4286573e-01
  -1.7550000e+02   7.5355148e-01   5.5243990e-01
  -1.7540000e+02   7.4403529e-01   5.9063577e-01
  -1.7530000e+02   7.3460494e-01   5.8672958e-01
  -1.7520000e+02   7.2587949e-01   5.9829755e-01
  -1.7510000e+02   7.1675368e-01   6.3166642e-01
  -1.7500000e+02   7.0899891e-01   6.4427293e-01
  -1.7490000e+02   7.0125522e-01   6.4986930e-01
  -1.7480000e+02   6.9424404e-01   6.5861665e-01
  -1.7470000e+02   6.8864593e-01   6.5361352e-01
  -1.7460000e+02   6.8446660e-01   6.3716699e-01
  -1.7450000e+02   6.8142799e-01   6.4586483e-01
  -1.7440000e+02   6.7893526e-01   6.3821778e-01
  -1.7430000e+02   6.7644741e-01   6.4902240e-01
  -1.7420000e+02   6.7451342e-01   6.7674968e-01
  -1.7410000e+02   6.7338235e-01   6.9423270e-01
  -1.7400000e+02   6.7279220e-01   6.4438190e-01
  -1.7390000e+02   6.7553654e-01   6.0973224e-01
  -1.7380000e+02   6.8101117e-01   5.9746474e-01
  -1.7370000e+02   6.8616889e-01   5.7967043e-01
  -1.7360000e+02   6.9054208e-01   5.4333595e-01
  -1.7350000e+02   6.9454621e-01   5.3681295e-01
  -1.7340000e+02   6.9870836e-01   5.3983931e-01
  -1.7330000e+02   7.0379459e-01   5.2654601e-01
  -1.7320000e+02   7.1105480e-01   5.0389224e-01
  -1.7310000e+02   7.1973969e-01   5.1710857e-01
  -1.7300000e+02   7.2944200e-01   5.3602819e-01
  -1.7290000e+02   7.4085146e-01   5.5786145e-01
  -1.7280000e+02   7.5182697e-01   5.3306860e-01
  -1.7270000e+02   7.6263469e-01   4.9926608e-01
  -1.7260000e+02   7.7029273e-01   4.7770588e-01
  -1.7250000e+02   7.7645738e-01   4.7765922e-01
  -1.7240000e+02   7.8292658e-01   4.7660261e-01
  -1.7230000e+02   7.8806836e-01   4.6814443e-01
  -1.7220000e+02   7.9438460e-01   4.8796763e-01
  -1.7210000e+02   8.0208720e-01   4.9757082e-01
  -1.7200000e+02   8.0988034e-01   5.2691700e-01
  -1.7190000e+02   8.1446002e-01   5.1566198e-01
  -1.7180000e+02   8.1809910e-01   5.2905322e-01
  -1.7170000e+02   8.2062091e-01   5.6119741e-01
  -1.7160000e+02   8.2222046e-01   5.7130357e-01
  -1.7150000e+02   8.2320051e-01   5.6194564e-01
  -1.7140000e+02   8.2216201e-01   5.4925674e-01
  -1.7130000e+02   8.2001190e-01   5.5728734e-01
  -1.7120000e+02   8.1747803e-01   5.3349768e-01
  -1.7110000e+02   8.1158168e-01   5.4148722e-01
  -1.7100000e+02   8.0490966e-01   5.5557545e-01
  -1.7090000e+02   7.9695279e-01   5.2700976e-01
  -1.7080000e+02   7.8743008e-01   5.3472705e-01
  -1.7070000e+02   7.7721272e-01   5.5198543e-01
  -1.7060000e+02   7.6904122e-01   5.9513263e-01
  -1.7050000e+02   7.6082278e-01   5.5033538e-01
  -1.7040000e+02   7.5488101e-01   5.2332577e-01
  -1.7030000e+02   7.4724615e-01   5.2974295e-01
  -1.7020000e+02   7.4056740e-01   5.2235086e-01
  -1.7010000e+02   7.3510861e-01   5.3171115e-01
  -1.7000000e+02   7.3189281e-01   5.5071651e-01
  -1.6990000e+02   7.3020069e-01   5.6418391e-01
  -1.6980000e+02   7.3145521e-01   5.8073621e-01
  -1.6970000e+02   7.3628602e-01   5.5387051e-01
  -1.6960000e+02   7.4069067e-01   5.1883927e-01
  -1.6950000e+02   7.4569545e-01   5.3667106e-01
  -1.6940000e+02   7.4981570e-01   5.3183661e-01
  -1.6930000e+02   7.5277130e-01   5.1507241e-01
  -1.6920000e+02   7.5425316e-01   5.3458511e-01
  -1.6910000e+02   7.5300355e-01   5.6035202e-01
  -1.6900000e+02   7.5079586e-01   5.6491907e-01
  -1.6890000e+02   7.4790405e-01   5.6974203e-01
  -1.6880000e+02   7.4568010e-01   5.5438567e-01
  -1.6870000e+02   7.4478774e-01   5.3230236e-01
  -1.6860000e+02   7.4243718e-01   5.2559416e-01
  -1.6850000e+02   7.3965469e-01   5.4500514e-01
  -1.6840000e+02   7.3534326e-01   5.5468900e-01
  -1.6830000e+02   7.3109597e-01   5.9220528e-01
  -1.6820000e+02   7.2507178e-01   5.7674135e-01
  -1.6810000e+02   7.2020738e-01   5.7817405e-01
  -1.6800000e+02   7.1720121e-01   5.8181674e-01
  -1.6790000e+02   7.1295251e-01   5.7431483e-01
  -1.6780000e+02   7.1009280e-01   5.7819206e-01
  -1.6770000e+02   7.0931759e-01   5.7596141e-01
  -1.6760000e+02   7.0958830e-01   5.6336727e-01
  -1.6750000e+02   7.1041584e-01   5.9338046e-01
  -1.6740000e+02   7.0962161e-01   5.9205818e-01
  -1.6730000e+02   7.0921649e-01   5.7606881e-01
  -1.6720000e+02   7.0993000e-01   5.5559808e-01
  -1.6710000e+02   7.1124207e-01   5.6116131e-01
  -1.6700000e+02   7.1365004e-01   5.8719016e-01
  -1.6690000e+02   7.1629011e-01   5.9781144e-01
  -1.6680000e+02   7.1767102e-01   6.0802148e-01
  -1.6670000e+02   7.1815770e-01   6.2400428e-01
  -1.6660000e+02   7.2061646e-01   6.1716745e-01
  -1.6650000e+02   7.2229873e-01   6.1620251e-01
  -1.6640000e+02   7.2406701e-01   6.2534151e-01
  -1.6630000e+02   7.2567037e-01   6.1251267e-01
  -1.6620000e+02   7.2636947e-01   5.6776827e-01
  -1.6610000e+02   7.2560226e-01   5.8133988e-01
  -1.6600000e+02   7.2419107e-01   5.6346806e-01
  -1.6590000e+02   7.2231433e-01   5.6740549e-01
  -1.6580000e+02   7.2009665e-01   5.7154930e-01
  -1.6570000e+02   7.1769761e-01   5.9503153e-01
  -1.6560000e+02   7.1763443e-01   5.8651637e-01
  -1.6550000e+02   7.1789709e-01   5.6598359e-01
  -1.6540000e+02   7.1783066e-01   5.2969527e-01
  -1.6530000e+02   7.1845591e-01   5.0076380e-01
  -1.6520000e+02   7.1854706e-01   4.9894385e-01
  -1.6510000e+02   7.1686815e-01   5.0993561e-01
  -1.6500000e+02   7.1526042e-01   5.2343264e-01
  -1.6490000e+02   7.1498173e-01   5.4207098e-01
  -1.6480000e+02   7.1613567e-01   5.6986613e-01
  -1.6470000e+02   7.1855425e-01   5.8996907e-01
  -1.6460000e+02   7.1971049e-01   6.0142573e-01
  -1.6450000e+02   7.2090419e-01   6.0309453e-01
  -1.6440000e+02   7.2003390e-01   5.9121548e-01
  -1.6430000e+02   7.1692419e-01   6.0050702e-01
  -1.6420000e+02   7.1203983e-01   6.1852080e-01
  -1.6410000e+02   7.0734451e-01   5.7386787e-01
  -1.6400000e+02   7.0339530e-01   5.5981283e-01
  -1.6390000e+02   7.0032863e-01   5.8747439e-01
  -1.6380000e+02   6.9938308e-01   5.7502375e-01
  -1.6370000e+02   6.9916153e-01   5.5916969e-01
  -1.6360000e+02   6.9649406e-01   5.8010791e-01
  -1.6350000e+02   6.9259325e-01   5.5925031e-01
  -1.6340000e+02   6.8721040e-01   5.5618500e-01
  -1.6330000e+02   6.8161267e-01   5.3850227e-01
  -1.6320000e+02   6.7551677e-01   5.4325045e-01
  -1.6310000e+02   6.7103174e-01   5.3406979e-01
  -1.6300000e+02   6.6678971e-01   5.4186119e-01
  -1.6290000e+02   6.6549044e-01   5.3227181e-01
  -1.6280000e+02   6.6449087e-01   5.2828097e-01
  -1.6270000e+02   6.6361707e-01   5.3167303e-01
  -1.6260000e+02   6.6387282e-01   5.5594314e-01
  -1.6250000e+02   6.6322252e-01   5.6039595e-01
  -1.6240000e+02   6.6201271e-01   5.7181377e-01
  -1.6230000e+02   6.6380292e-01   5.8744263e-01
  -1.6220000e+02   6.6533258e-01   5.9317167e-01
  -1.6210000e+02   6.6630959e-01   5.8816788e-01
  -1.6200000e+02   6.6779882e-01   5.9187985e-01
  -1.6190000e+02   6.6986720e-01   5.7546430e-01
  -1.6180000e+02   6.7205634e-01   5.4636554e-01
  -1.6170000e+02   6.7633012e-01   5.4379269e-01
  -1.6160000e+02   6.8067916e-01   5.5643704e-01
  -1.6150000e+02   6.8725523e-01   5.7273181e-01
  -1.6140000e+02   6.9453311e-01   5.8030715e-01
  -1.6130000e+02   7.0074147e-01   5.7745506e-01
  -1.6120000e+02   7.0747560e-01   5.7814398e-01
  -1.6110000e+02   7.1289581e-01   5.6683439e-01
  -1.6100000e+02   7.1745354e-01   5.6750261e-01
  -1.6090000e+02   7.2375138e-01   5.5250076e-01
  -1.6080000e+02   7.3275243e-01   5.5354662e-01
  -1.6070000e+02   7.4283947e-01   5.5849913e-01
  -1.6060000e+02   7.5141438e-01   5.6525854e-01
  -1.6050000e+02   7.6104799e-01   5.5247875e-01
  -1.6040000e+02   7.6842365e-01   5.5163622e-01
  -1.6030000e+02   7.7518628e-01   5.6047184e-01
  -1.6020000e+02   7.8026950e-01   5.3908153e-01
  -1.6010000e+02   7.8325283e-01   5.4352715e-01
  -1.6000000e+02   7.8605838e-01   5.2858912e-01
  -1.5990000e+02   7.9096934e-01   5.3261207e-01
  -1.5980000e+02   7.9687697e-01   5.5854926e-01
  -1.5970000e+02   8.0147546e-01   5.5134993e-01
  -1.5960000e+02   8.0604045e-01   5.5931881e-01
  -1.5950000e+02   8.0713400e-01   5.7941520e-01
  -1.5940000e+02   8.0528968e-01   5.6314614e-01
  -1.5930000e+02   8.0417449e-01   5.5494374e-01
  -1.5920000e+02   8.0109691e-01   5.6430853e-01
  -1.5910000e+02   8.0001135e-01   5.6798412e-01
  -1.5900000e+02   7.9852965e-01   5.7682513e-01
  -1.5890000e+02   7.9681330e-01   5.9246488e-01
  -1.5880000e+02   7.9716911e-01   6.3000377e-01
  -1.5870000e+02   7.9673808e-01   6.4179959e-01
  -1.5860000e+02   7.9226801e-01   6.2728348e-01
  -1.5850000e+02   7.8639553e-01   6.1088862e-01
  -1.5840000e+02   7.7994074e-01   5.9730398e-01
  -1.5830000e+02   7.7354505e-01   5.6970976e-01
  -1.5820000e+02   7.6921051e-01   5.7602044e-01
  -1.5810000e+02   7.6634829e-01   5.4955921e-01
  -1.5800000e+02   7.6405019e-01   5.5124988e-01
  -1.5790000e+02   7.6176343e-01   5.4539517e-01
  -1.5780000e+02   7.5975802e-01   5.6472128e-01
  -1.5770000e+02   7.5873704e-01   5.5401991e-01
  -1.5760000e+02   7.5655980e-01   5.4589943e-01
  -1.5750000e+02   7.5270504e-01   5.5311438e-01
  -1.5740000e+02   7.4905386e-01   5.6838830e-01
  -1.5730000e+02   7.4845063e-01   5.7809968e-01
  -1.5720000e+02   7.4933524e-01   5.8920594e-01
  -1.5710000e+02   7.4962829e-01   6.1026889e-01
  -1.5700000e+02   7.5095476e-01   5.8247467e-01
  -1.5690000e+02   7.5163310e-01   5.7290784e-01
  -1.5680000e+02   7.5303189e-01   5.7102937e-01
  -1.5670000e+02   7.5359508e-01   5.7190523e-01
  -1.5660000e+02   7.5368415e-01   5.5226100e-01
  -1.5650000e+02   7.5255687e-01   5.5322430e-01
  -1.5640000e+02   7.5073875e-01   5.7296762e-01
  -1.5630000e+02   7.5042471e-01   5.6466672e-01
  -1.5620000e+02   7.5263199e-01   5.5285952e-01
  -1.5610000e+02   7.5494272e-01   5.7236036e-01
  -1.5600000e+02   7.5478339e-01   5.6355394e-01
  -1.5590000e+02   7.5497135e-01   5.4231699e-01
  -1.5580000e+02   7.5665363e-01   5.2850627e-01
  -1.5570000e+02   7.5719347e-01   5.1452922e-01
  -1.5560000e+02   7.5589305e-01   5.8306933e-01
  -1.5550000e+02   7.5642815e-01   5.1266431e-01
  -1.5540000e+02   7.5835314e-01   5.2553943e-01
  -1.5530000e+02   7.6129984e-01   5.6739694e-01
  -1.5520000e+02   7.6485364e-01   5.5606794e-01
  -1.5510000e+02   7.6934718e-01   5.4234445e-01
  -1.5500000e+02   7.7050443e-01   5.5615517e-01
  -1.5490000e+02   7.6859666e-01   5.5789689e-01
  -1.5480000e+02   7.6634741e-01   5.6463614e-01
  -1.5470000e+02   7.6413564e-01   5.3476218e-01
  -1.5460000e+02   7.6139833e-01   5.2526523e-01
  -1.5450000e+02   7.5924844e-01   5.0542493e-01
  -1.5440000e+02   7.5622626e-01   5.3008527e-01
  -1.5430000e+02   7.5659411e-01   5.0888985e-01
  -1.5420000e+02   7.5263058e-01   5.1451469e-01
  -1.5410000e+02   7.4648714e-01   5.0074160e-01
  -1.5400000e+02   7.4067652e-01   5.0898791e-01
  -1.5390000e+02   7.3236191e-01   5.1658623e-01
  -1.5380000e+02   7.2183377e-01   5.3167553e-01
  -1.5370000e+02   7.1448123e-01   5.3375849e-01
  -1.5360000e+02   7.0992884e-01   5.3265114e-01
  -1.5350000e+02   7.0786375e-01   5.0027024e-01
  -1.5340000e+02   7.0704827e-01   4.9766225e-01
  -1.5330000e+02   7.0727445e-01   5.1027195e-01
  -1.5320000e+02   7.0736301e-01   5.4632123e-01
  -1.5310000e+02   7.0635818e-01   5.5369035e-01
  -1.5300000e+02   7.0296084e-01   5.4212587e-01
  -1.5290000e+02   7.0201229e-01   5.5302665e-01
  -1.5280000e+02   7.0176759e-01   5.5548839e-01
  -1.5270000e+02   7.0074237e-01   5.6220757e-01
  -1.5260000e+02   7.0131563e-01   5.6184664e-01
  -1.5250000e+02   7.0341630e-01   5.5169412e-01
  -1.5240000e+02   7.0416024e-01   5.2620754e-01
  -1.5230000e+02   7.0339279e-01   5.2360446e-01
  -1.5220000e+02   6.9959917e-01   5.5858482e-01
  -1.5210000e+02   6.9636922e-01   5.3812469e-01
  -1.5200000e+02   6.9248572e-01   5.3701701e-01
  -1.5190000e+02   6.8842968e-01   5.7014864e-01
  -1.5180000e+02   6.8585581e-01   5.7327733e-01
  -1.5170000e+02   6.8614161e-01   5.8342748e-01
  -1.5160000e+02   6.8575240e-01   5.5916521e-01
  -1.5150000e+02   6.8558690e-01   5.5239733e-01
  -1.5140000e+02   6.8463920e-01   5.4611224e-01
  -1.5130000e+02   6.8190198e-01   5.6491797e-01
  -1.5120000e+02   6.7773680e-01   5.6620793e-01
  -1.5110000e+02   6.7557329e-01   5.5339082e-01
  -1.5100000e+02   6.7235664e-01   5.7862167e-01
  -1.5090000e+02   6.7162282e-01   5.5024165e-01
  -1.5080000e+02   6.7045211e-01   5.4303597e-01
  -1.5070000e+02   6.6825738e-01   5.5138636e-01
  -1.5060000e+02   6.6649910e-01   5.4994564e-01
  -1.5050000e+02   6.6655608e-01   5.4366285e-01
  -1.5040000e+02   6.6620577e-01   5.3501193e-01
  -1.5030000e+02   6.6619443e-01   5.3799323e-01
  -1.5020000e+02   6.6720479e-01   5.6570850e-01
  -1.5010000e+02   6.6980801e-01   5.9881663e-01
  -1.5000000e+02   6.7211990e-01   5.8799144e-01
  -1.4990000e+02   6.7548770e-01   5.7967396e-01
  -1.4980000e+02   6.7681081e-01   5.5679810e-01
  -1.4970000e+02   6.7786012e-01   5.5273923e-01
  -1.4960000e+02   6.7706447e-01   5.6388773e-01
  -1.4950000e+02   6.7657148e-01   5.6853946e-01
  -1.4940000e+02   6.7642893e-01   5.9926557e-01
  -1.4930000e+02   6.7755666e-01   6.1097270e-01
  -1.4920000e+02   6.7727766e-01   5.6858124e-01
  -1.4910000e+02   6.7516835e-01   5.2497238e-01
  -1.4900000e+02   6.7325052e-01   5.0951846e-01
  -1.4890000e+02   6.6925753e-01   5.2425132e-01
  -1.4880000e+02   6.6271125e-01   4.8034649e-01
  -1.4870000e+02   6.5909932e-01   4.8095462e-01
  -1.4860000e+02   6.5528778e-01   4.9147292e-01
  -1.4850000e+02   6.5111316e-01   5.1126896e-01
  -1.4840000e+02   6.4726341e-01   4.8978068e-01
  -1.4830000e+02   6.4490888e-01   4.8243968e-01
  -1.4820000e+02   6.4350570e-01   4.6291416e-01
  -1.4810000e+02   6.4225797e-01   4.4983223e-01
  -1.4800000e+02   6.3820620e-01   4.5454105e-01
  -1.4790000e+02   6.3440309e-01   4.6022824e-01
  -1.4780000e+02   6.3279113e-01   4.6220952e-01
  -1.4770000e+02   6.3209844e-01   4.7853279e-01
  -1.4760000e+02   6.3505826e-01   4.5448712e-01
  -1.4750000e+02   6.4112449e-01   4.6024642e-01
  -1.4740000e+02   6.4602686e-01   4.7936921e-01
  -1.4730000e+02   6.5071992e-01   4.9204315e-01
  -1.4720000e+02   6.5653423e-01   5.1168799e-01
  -1.4710000e+02   6.6298714e-01   5.3050862e-01
  -1.4700000e+02   6.6808520e-01   5.3060789e-01
  -1.4690000e+02   6.7248932e-01   5.0999379e-01
  -1.4680000e+02   6.7713701e-01   5.0628164e-01
  -1.4670000e+02   6.8400634e-01   5.0357799e-01
  -1.4660000e+02   6.9239589e-01   5.3880191e-01
  -1.4650000e+02   7.0073366e-01   5.5440558e-01
  -1.4640000e+02   7.0854544e-01   5.4449489e-01
  -1.4630000e+02   7.1294394e-01   5.4188100e-01
  -1.4620000e+02   7.1461740e-01   5.4300942e-01
  -1.4610000e+02   7.1712087e-01   5.6289179e-01
  -1.4600000e+02   7.1965524e-01   5.7109103e-01
  -1.4590000e+02   7.2204135e-01   5.8398149e-01
  -1.4580000e+02   7.2479624e-01   6.0112488e-01
  -1.4570000e+02   7.2925007e-01   6.1390935e-01
  -1.4560000e+02   7.3540076e-01   6.5571206e-01
  -1.4550000e+02   7.4222698e-01   6.2742455e-01
  -1.4540000e+02   7.4874791e-01   6.0428666e-01
  -1.4530000e+02   7.5386908e-01   6.0446946e-01
  -1.4520000e+02   7.5510045e-01   6.2151602e-01
  -1.4510000e+02   7.5456609e-01   6.2412341e-01
  -1.4500000e+02   7.5537840e-01   6.1709116e-01
  -1.4490000e+02   7.5727387e-01   6.3450401e-01
  -1.4480000e+02   7.5866130e-01   6.3866778e-01
  -1.4470000e+02   7.6118082e-01   6.1209160e-01
  -1.4460000e+02   7.6630537e-01   5.8773652e-01
  -1.4450000e+02   7.7263454e-01   5.8331090e-01
  -1.4440000e+02   7.7807733e-01   5.7402972e-01
  -1.4430000e+02   7.8185139e-01   5.8189437e-01
  -1.4420000e+02   7.8739919e-01   5.8329241e-01
  -1.4410000e+02   7.9173317e-01   5.4252824e-01
  -1.4400000e+02   7.9479084e-01   5.1954284e-01
  -1.4390000e+02   8.0113131e-01   5.0611203e-01
  -1.4380000e+02   8.0982313e-01   5.4205957e-01
  -1.4370000e+02   8.1690816e-01   5.5874400e-01
  -1.4360000e+02   8.2355916e-01   5.4358385e-01
  -1.4350000e+02   8.3046011e-01   5.6061451e-01
  -1.4340000e+02   8.3399691e-01   5.5713752e-01
  -1.4330000e+02   8.3426937e-01   5.6581087e-01
  -1.4320000e+02   8.3245639e-01   5.7439979e-01
  -1.4310000e+02   8.2992555e-01   5.7880052e-01
  -1.4300000e+02   8.2699878e-01   5.8245912e-01
  -1.4290000e+02   8.2284291e-01   5.8454169e-01
  -1.4280000e+02   8.1818082e-01   6.1503610e-01
  -1.4270000e+02   8.1471923e-01   6.1318625e-01
  -1.4260000e+02   8.0864283e-01   6.4103003e-01
  -1.4250000e+02   8.0088087e-01   6.3646530e-01
  -1.4240000e+02   7.9498892e-01   6.5019207e-01
  -1.4230000e+02   7.8970989e-01   6.2660925e-01
  -1.4220000e+02   7.8308055e-01   6.1080991e-01
  -1.4210000e+02   7.7904706e-01   6.0336912e-01
  -1.4200000e+02   7.7581471e-01   5.7257554e-01
  -1.4190000e+02   7.7212543e-01   5.7581668e-01
  -1.4180000e+02   7.7047010e-01   5.8613391e-01
  -1.4170000e+02   7.6744033e-01   5.9314757e-01
  -1.4160000e+02   7.6247503e-01   6.0807963e-01
  -1.4150000e+02   7.5992146e-01   6.3132891e-01
  -1.4140000e+02   7.5764514e-01   6.3646908e-01
  -1.4130000e+02   7.5781305e-01   6.4864735e-01
  -1.4120000e+02   7.5994956e-01   6.5804552e-01
  -1.4110000e+02   7.6046474e-01   6.3115926e-01
  -1.4100000e+02   7.6056082e-01   6.1537646e-01
  -1.4090000e+02   7.6053144e-01   5.9613564e-01
  -1.4080000e+02   7.5993841e-01   5.7347208e-01
  -1.4070000e+02   7.5809803e-01   5.6284344e-01
  -1.4060000e+02   7.5731348e-01   5.7757532e-01
  -1.4050000e+02   7.5468692e-01   5.9972876e-01
  -1.4040000e+02   7.5445514e-01   6.0536573e-01
  -1.4030000e+02   7.5517545e-01   5.9340733e-01
  -1.4020000e+02   7.5406352e-01   5.8655903e-01
  -1.4010000e+02   7.5366169e-01   5.9202166e-01
  -1.4000000e+02   7.5344233e-01   5.8546776e-01
  -1.3990000e+02   7.5244118e-01   5.5262413e-01
  -1.3980000e+02   7.5197276e-01   5.6287591e-01
  -1.3970000e+02   7.5242335e-01   5.8543043e-01
  -1.3960000e+02   7.5345106e-01   5.5687805e-01
  -1.3950000e+02   7.5496404e-01   5.5839700e-01
  -1.3940000e+02   7.5777860e-01   5.4896946e-01
  -1.3930000e+02   7.5998161e-01   5.5229109e-01
  -1.3920000e+02   7.6265117e-01   5.6885561e-01
  -1.3910000e+02   7.6353892e-01   5.6516323e-01
  -1.3900000e+02   7.6358856e-01   5.5493129e-01
  -1.3890000e+02   7.6332709e-01   5.7582467e-01
  -1.3880000e+02   7.5951146e-01   5.5492267e-01
  -1.3870000e+02   7.5365396e-01   5.6961560e-01
  -1.3860000e+02   7.4589876e-01   5.6129182e-01
  -1.3850000e+02   7.3772744e-01   5.5581286e-01
  -1.3840000e+02   7.2831520e-01   5.4811307e-01
  -1.3830000e+02   7.2018545e-01   5.6023718e-01
  -1.3820000e+02   7.1310590e-01   5.7852006e-01
  -1.3810000e+02   7.0610616e-01   5.8688434e-01
  -1.3800000e+02   6.9889958e-01   5.8052807e-01
  -1.3790000e+02   6.9039029e-01   5.9266855e-01
  -1.3780000e+02   6.8129189e-01   5.8651238e-01
  -1.3770000e+02   6.7280558e-01   5.7161930e-01
  -1.3760000e+02   6.6565229e-01   5.6404402e-01
  -1.3750000e+02   6.6052019e-01   5.9535403e-01
  -1.3740000e+02   6.5638619e-01   6.0756760e-01
  -1.3730000e+02   6.5379525e-01   5.5537329e-01
  -1.3720000e+02   6.5245963e-01   5.7005590e-01
  -1.3710000e+02   6.5267399e-01   5.6293473e-01
  -1.3700000e+02   6.5248296e-01   5.6249602e-01
  -1.3690000e+02   6.5040774e-01   5.6589104e-01
  -1.3680000e+02   6.4731578e-01   5.6518510e-01
  -1.3670000e+02   6.4541313e-01   5.6438095e-01
  -1.3660000e+02   6.4607847e-01   5.3882426e-01
  -1.3650000e+02   6.4858006e-01   5.3414249e-01
  -1.3640000e+02   6.5232831e-01   5.4743916e-01
  -1.3630000e+02   6.5548049e-01   5.6132496e-01
  -1.3620000e+02   6.5924290e-01   5.5980849e-01
  -1.3610000e+02   6.6304364e-01   5.5728279e-01
  -1.3600000e+02   6.6461172e-01   5.1501201e-01
  -1.3590000e+02   6.6519769e-01   5.3867157e-01
  -1.3580000e+02   6.6427138e-01   5.2130440e-01
  -1.3570000e+02   6.6488816e-01   5.4549624e-01
  -1.3560000e+02   6.6644113e-01   5.4365987e-01
  -1.3550000e+02   6.7098184e-01   5.5496742e-01
  -1.3540000e+02   6.7715972e-01   5.5943889e-01
  -1.3530000e+02   6.8137623e-01   5.6119278e-01
  -1.3520000e+02   6.8431642e-01   5.8308473e-01
  -1.3510000e+02   6.8582149e-01   5.5677778e-01
  -1.3500000e+02   6.8671463e-01   5.2634962e-01
  -1.3490000e+02   6.8545056e-01   5.3909196e-01
  -1.3480000e+02   6.8224777e-01   5.6495866e-01
  -1.3470000e+02   6.8198537e-01   5.5526829e-01
  -1.3460000e+02   6.8394192e-01   5.7884833e-01
  -1.3450000e+02   6.8760248e-01   5.8615428e-01
  -1.3440000e+02   6.9046567e-01   6.0129723e-01
  -1.3430000e+02   6.9258298e-01   5.9245262e-01
  -1.3420000e+02   6.9253659e-01   5.8091972e-01
  -1.3410000e+02   6.8745472e-01   5.5943417e-01
  -1.3400000e+02   6.8138435e-01   5.5888131e-01
  -1.3390000e+02   6.7483265e-01   5.9235837e-01
  -1.3380000e+02   6.7052718e-01   5.8400858e-01
  -1.3370000e+02   6.6975299e-01   6.0675786e-01
  -1.3360000e+02   6.7078234e-01   6.1401274e-01
  -1.3350000e+02   6.7387391e-01   6.1348053e-01
  -1.3340000e+02   6.7727071e-01   6.0218068e-01
  -1.3330000e+02   6.8019706e-01   6.0297663e-01
  -1.3320000e+02   6.8166775e-01   5.8941402e-01
  -1.3310000e+02   6.8011941e-01   5.6439246e-01
  -1.3300000e+02   6.7955743e-01   5.7929915e-01
  -1.3290000e+02   6.7788019e-01   6.0634144e-01
  -1.3280000e+02   6.7858860e-01   6.1599499e-01
  -1.3270000e+02   6.8118299e-01   6.2291299e-01
  -1.3260000e+02   6.8521455e-01   5.9375149e-01
  -1.3250000e+02   6.8966725e-01   5.8287887e-01
  -1.3240000e+02   6.9186594e-01   5.8702619e-01
  -1.3230000e+02   6.9415590e-01   5.7397398e-01
  -1.3220000e+02   6.9510648e-01   5.6023798e-01
  -1.3210000e+02   6.9281912e-01   5.5973233e-01
  -1.3200000e+02   6.8860037e-01   5.5106556e-01
  -1.3190000e+02   6.8335784e-01   5.6571566e-01
  -1.3180000e+02   6.7997083e-01   5.7421047e-01
  -1.3170000e+02   6.7634698e-01   5.9112103e-01
  -1.3160000e+02   6.7417146e-01   6.2095796e-01
  -1.3150000e+02   6.7470784e-01   6.3097474e-01
  -1.3140000e+02   6.7648404e-01   6.0384663e-01
  -1.3130000e+02   6.7952058e-01   5.9968100e-01
  -1.3120000e+02   6.7974987e-01   6.0885998e-01
  -1.3110000e+02   6.7824659e-01   6.2508498e-01
  -1.3100000e+02   6.7714924e-01   6.1763085e-01
  -1.3090000e+02   6.7741680e-01   6.2370453e-01
  -1.3080000e+02   6.7913513e-01   6.3418379e-01
  -1.3070000e+02   6.8255937e-01   6.0846849e-01
  -1.3060000e+02   6.8762783e-01   6.1641085e-01
  -1.3050000e+02   6.9441642e-01   5.7390391e-01
  -1.3040000e+02   7.0252657e-01   5.8853580e-01
  -1.3030000e+02   7.1215161e-01   5.8847481e-01
  -1.3020000e+02   7.1958124e-01   5.7578374e-01
  -1.3010000e+02   7.2694837e-01   5.9139722e-01
  -1.3000000e+02   7.3265943e-01   5.7730144e-01
  -1.2990000e+02   7.4021262e-01   5.7976162e-01
  -1.2980000e+02   7.4755589e-01   5.7497603e-01
  -1.2970000e+02   7.5219647e-01   5.4914081e-01
  -1.2960000e+02   7.5488999e-01   5.1384165e-01
  -1.2950000e+02   7.5603459e-01   5.1568416e-01
  -1.2940000e+02   7.5615476e-01   5.1564577e-01
  -1.2930000e+02   7.5612428e-01   5.4096490e-01
  -1.2920000e+02   7.5337201e-01   5.6002030e-01
  -1.2910000e+02   7.4953642e-01   5.5925680e-01
  -1.2900000e+02   7.4424825e-01   5.4345865e-01
  -1.2890000e+02   7.3928721e-01   5.4064143e-01
  -1.2880000e+02   7.3323215e-01   5.5416692e-01
  -1.2870000e+02   7.2723060e-01   5.6423520e-01
  -1.2860000e+02   7.1993669e-01   5.5725106e-01
  -1.2850000e+02   7.1305852e-01   6.0488685e-01
  -1.2840000e+02   7.0951059e-01   5.8226640e-01
  -1.2830000e+02   7.0630435e-01   5.8139113e-01
  -1.2820000e+02   7.0661810e-01   5.5778513e-01
  -1.2810000e+02   7.0713601e-01   5.6979111e-01
  -1.2800000e+02   7.0949743e-01   5.6892972e-01
  -1.2790000e+02   7.1271149e-01   5.6240472e-01
  -1.2780000e+02   7.1669219e-01   5.9586291e-01
  -1.2770000e+02   7.2135473e-01   5.8823437e-01
  -1.2760000e+02   7.2753836e-01   5.9218424e-01
  -1.2750000e+02   7.3350137e-01   5.6929107e-01
  -1.2740000e+02   7.3957301e-01   5.7153689e-01
  -1.2730000e+02   7.4519854e-01   5.7083243e-01
  -1.2720000e+02   7.5038330e-01   5.6248602e-01
  -1.2710000e+02   7.5296579e-01   5.6721202e-01
  -1.2700000e+02   7.5688500e-01   5.7105346e-01
  -1.2690000e+02   7.5908938e-01   5.3356791e-01
  -1.2680000e+02   7.6127401e-01   5.2314214e-01
  -1.2670000e+02   7.6136085e-01   5.4175377e-01
  -1.2660000e+02   7.5988399e-01   5.1471985e-01
  -1.2650000e+02   7.5732920e-01   5.0386197e-01
  -1.2640000e+02   7.5437965e-01   5.0081763e-01
  -1.2630000e+02   7.5015136e-01   5.1712967e-01
  -1.2620000e+02   7.4615700e-01   5.0957208e-01
  -1.2610000e+02   7.4278448e-01   5.1732936e-01
  -1.2600000e+02   7.3984369e-01   5.7650775e-01
  -1.2590000e+02   7.3956727e-01   5.3192050e-01
  -1.2580000e+02   7.4036279e-01   5.9165382e-01
  -1.2570000e+02   7.4128501e-01   5.5564091e-01
  -1.2560000e+02   7.4237781e-01   5.4992322e-01
  -1.2550000e+02   7.4417840e-01   5.4365335e-01
  -1.2540000e+02   7.4581441e-01   5.5212951e-01
  -1.2530000e+02   7.4931592e-01   5.4969186e-01
  -1.2520000e+02   7.5328677e-01   5.6305024e-01
  -1.2510000e+02   7.5725111e-01   5.6775771e-01
  -1.2500000e+02   7.6164471e-01   5.7638577e-01
  -1.2490000e+02   7.6562754e-01   5.7512467e-01
  -1.2480000e+02   7.6811004e-01   5.6814496e-01
  -1.2470000e+02   7.6798658e-01   5.4513298e-01
  -1.2460000e+02   7.6562588e-01   5.4348044e-01
  -1.2450000e+02   7.6344348e-01   5.5072969e-01
  -1.2440000e+02   7.6107860e-01   5.6072217e-01
  -1.2430000e+02   7.6124575e-01   5.6819540e-01
  -1.2420000e+02   7.6135423e-01   5.8129425e-01
  -1.2410000e+02   7.6427407e-01   6.0284857e-01
  -1.2400000e+02   7.6645640e-01   6.2649065e-01
  -1.2390000e+02   7.6621960e-01   6.0284102e-01
  -1.2380000e+02   7.6347228e-01   6.0701050e-01
  -1.2370000e+02   7.5804676e-01   5.8439176e-01
  -1.2360000e+02   7.5287958e-01   5.5937697e-01
  -1.2350000e+02   7.4873978e-01   5.5598168e-01
  -1.2340000e+02   7.4749286e-01   5.5234773e-01
  -1.2330000e+02   7.4642095e-01   5.7664068e-01
  -1.2320000e+02   7.4716335e-01   6.0234659e-01
  -1.2310000e+02   7.4954587e-01   6.3645554e-01
  -1.2300000e+02   7.4865523e-01   6.3415206e-01
  -1.2290000e+02   7.4699414e-01   6.0315650e-01
  -1.2280000e+02   7.4230140e-01   5.7369052e-01
  -1.2270000e+02   7.3897228e-01   5.8401764e-01
  -1.2260000e+02   7.3742990e-01   5.8420944e-01
  -1.2250000e+02   7.3760382e-01   5.8475573e-01
  -1.2240000e+02   7.3988979e-01   6.0197133e-01
  -1.2230000e+02   7.4235703e-01   5.9201311e-01
  -1.2220000e+02   7.4421275e-01   5.8663524e-01
  -1.2210000e+02   7.4611974e-01   5.8600262e-01
  -1.2200000e+02   7.4806650e-01   5.7297513e-01
  -1.2190000e+02   7.4799819e-01   5.8645498e-01
  -1.2180000e+02   7.4768426e-01   5.6679047e-01
  -1.2170000e+02   7.4925993e-01   5.8082720e-01
  -1.2160000e+02   7.5011908e-01   5.7648357e-01
  -1.2150000e+02   7.5163064e-01   5.8414186e-01
  -1.2140000e+02   7.5263415e-01   5.2713129e-01
  -1.2130000e+02   7.5373726e-01   5.2008572e-01
  -1.2120000e+02   7.5552700e-01   5.4194128e-01
  -1.2110000e+02   7.5840355e-01   5.2325405e-01
  -1.2100000e+02   7.6098452e-01   5.0654148e-01
  -1.2090000e+02   7.6400907e-01   5.0279566e-01
  -1.2080000e+02   7.6343511e-01   5.0407452e-01
  -1.2070000e+02   7.6281988e-01   5.0598662e-01
  -1.2060000e+02   7.6190509e-01   5.3642611e-01
  -1.2050000e+02   7.6033820e-01   5.2435162e-01
  -1.2040000e+02   7.5669188e-01   4.9978106e-01
  -1.2030000e+02   7.5399215e-01   5.0012669e-01
  -1.2020000e+02   7.4996881e-01   4.9798915e-01
  -1.2010000e+02   7.4491505e-01   5.0128914e-01
  -1.2000000e+02   7.3888481e-01   5.0247486e-01
  -1.1990000e+02   7.3257000e-01   5.1662985e-01
  -1.1980000e+02   7.2487820e-01   5.1588192e-01
  -1.1970000e+02   7.1765015e-01   5.2276903e-01
  -1.1960000e+02   7.1208384e-01   5.2312312e-01
  -1.1950000e+02   7.1033533e-01   5.2845286e-01
  -1.1940000e+02   7.1062298e-01   5.4926706e-01
  -1.1930000e+02   7.1197396e-01   5.2728928e-01
  -1.1920000e+02   7.1177551e-01   5.4136027e-01
  -1.1910000e+02   7.1231216e-01   5.4660235e-01
  -1.1900000e+02   7.1194816e-01   5.5400448e-01
  -1.1890000e+02   7.1315182e-01   5.6045159e-01
  -1.1880000e+02   7.1517579e-01   5.6649344e-01
  -1.1870000e+02   7.1716838e-01   5.6627616e-01
  -1.1860000e+02   7.1773307e-01   5.6362698e-01
  -1.1850000e+02   7.1821181e-01   5.4438165e-01
  -1.1840000e+02   7.1879649e-01   5.7209959e-01
  -1.1830000e+02   7.1791153e-01   5.6080130e-01
  -1.1820000e+02   7.1757985e-01   5.8126822e-01
  -1.1810000e+02   7.1536202e-01   5.6440849e-01
  -1.1800000e+02   7.1221738e-01   5.4728093e-01
  -1.1790000e+02   7.0956821e-01   5.6526885e-01
  -1.1780000e+02   7.0757018e-01   5.9582173e-01
  -1.1770000e+02   7.0645798e-01   5.7812634e-01
  -1.1760000e+02   7.0393123e-01   5.7253680e-01
  -1.1750000e+02   7.0048061e-01   5.5241909e-01
  -1.1740000e+02   6.9787794e-01   5.5775820e-01
  -1.1730000e+02   6.9725200e-01   5.8522048e-01
  -1.1720000e+02   6.9678856e-01   5.5336541e-01
  -1.1710000e+02   6.9719166e-01   5.3954831e-01
  -1.1700000e+02   6.9795520e-01   5.2132254e-01
  -1.1690000e+02   6.9749815e-01   5.1154928e-01
  -1.1680000e+02   6.9693511e-01   4.9297624e-01
  -1.1670000e+02   6.9560712e-01   5.1502273e-01
  -1.1660000e+02   6.9389288e-01   5.1044706e-01
  -1.1650000e+02   6.9141636e-01   5.0394462e-01
  -1.1640000e+02   6.8823245e-01   4.9285043e-01
  -1.1630000e+02   6.8679484e-01   4.8543153e-01
  -1.1620000e+02   6.8676665e-01   4.9332544e-01
  -1.1610000e+02   6.8463106e-01   4.9556044e-01
  -1.1600000e+02   6.8048311e-01   4.9805741e-01
  -1.1590000e+02   6.7643536e-01   4.9278862e-01
  -1.1580000e+02   6.7208023e-01   4.9997290e-01
  -1.1570000e+02   6.6757196e-01   5.0038503e-01
  -1.1560000e+02   6.6356595e-01   5.2613050e-01
  -1.1550000e+02   6.6038201e-01   5.4129808e-01
  -1.1540000e+02   6.5651120e-01   5.2539889e-01
  -1.1530000e+02   6.5333669e-01   5.2158538e-01
  -1.1520000e+02   6.5141611e-01   5.2020157e-01
  -1.1510000e+02   6.5096102e-01   5.1556475e-01
  -1.1500000e+02   6.4901482e-01   5.3378207e-01
  -1.1490000e+02   6.4749640e-01   5.8326736e-01
  -1.1480000e+02   6.4888249e-01   5.8040300e-01
  -1.1470000e+02   6.5367536e-01   5.5891063e-01
  -1.1460000e+02   6.6055351e-01   5.5587870e-01
  -1.1450000e+02   6.6705557e-01   5.4896043e-01
  -1.1440000e+02   6.7282238e-01   5.4373395e-01
  -1.1430000e+02   6.7850726e-01   5.5197999e-01
  -1.1420000e+02   6.8508858e-01   5.4944706e-01
  -1.1410000e+02   6.9363429e-01   5.3960074e-01
  -1.1400000e+02   7.0132925e-01   5.4282490e-01
  -1.1390000e+02   7.0929734e-01   5.2980797e-01
  -1.1380000e+02   7.1569069e-01   5.2351729e-01
  -1.1370000e+02   7.2326168e-01   5.1939396e-01
  -1.1360000e+02   7.3086573e-01   5.0753701e-01
  -1.1350000e+02   7.3775423e-01   5.3071449e-01
  -1.1340000e+02   7.4244045e-01   5.5758984e-01
  -1.1330000e+02   7.4568593e-01   5.6480698e-01
  -1.1320000e+02   7.4804260e-01   5.5037737e-01
  -1.1310000e+02   7.5064584e-01   5.5261342e-01
  -1.1300000e+02   7.5320926e-01   5.4526067e-01
  -1.1290000e+02   7.5470254e-01   5.1911104e-01
  -1.1280000e+02   7.5587227e-01   5.1429892e-01
  -1.1270000e+02   7.5899471e-01   5.0703154e-01
  -1.1260000e+02   7.6163298e-01   4.9508836e-01
  -1.1250000e+02   7.6547185e-01   5.0192436e-01
  -1.1240000e+02   7.6688888e-01   4.9897124e-01
  -1.1230000e+02   7.6523379e-01   4.9585916e-01
  -1.1220000e+02   7.6334571e-01   5.1518009e-01
  -1.1210000e+02   7.6082321e-01   5.3550134e-01
  -1.1200000e+02   7.5705346e-01   5.4688652e-01
  -1.1190000e+02   7.5465616e-01   5.4192542e-01
  -1.1180000e+02   7.5296660e-01   5.2234965e-01
  -1.1170000e+02   7.5216250e-01   5.5172832e-01
  -1.1160000e+02   7.5025895e-01   5.7967098e-01
  -1.1150000e+02   7.4745018e-01   6.2263436e-01
  -1.1140000e+02   7.4210844e-01   6.0451021e-01
  -1.1130000e+02   7.3311290e-01   5.7611187e-01
  -1.1120000e+02   7.2217757e-01   5.8887310e-01
  -1.1110000e+02   7.1313077e-01   6.0398401e-01
  -1.1100000e+02   7.0700044e-01   5.9724358e-01
  -1.1090000e+02   7.0254555e-01   5.8320819e-01
  -1.1080000e+02   6.9977319e-01   5.8100195e-01
  -1.1070000e+02   6.9753950e-01   5.7112779e-01
  -1.1060000e+02   6.9557845e-01   5.6858509e-01
  -1.1050000e+02   6.9252006e-01   5.6154274e-01
  -1.1040000e+02   6.8914083e-01   5.8208043e-01
  -1.1030000e+02   6.8556542e-01   5.5055164e-01
  -1.1020000e+02   6.8210068e-01   5.5325762e-01
  -1.1010000e+02   6.7884891e-01   5.6517334e-01
  -1.1000000e+02   6.7772607e-01   5.6984361e-01
  -1.0990000e+02   6.7751999e-01   5.8393266e-01
  -1.0980000e+02   6.7682441e-01   5.9668072e-01
  -1.0970000e+02   6.7613823e-01   5.8420145e-01
  -1.0960000e+02   6.7427402e-01   6.0859089e-01
  -1.0950000e+02   6.7115326e-01   5.8986501e-01
  -1.0940000e+02   6.6768601e-01   5.7861812e-01
  -1.0930000e+02   6.6349711e-01   5.7852157e-01
  -1.0920000e+02   6.5851111e-01   5.6358451e-01
  -1.0910000e+02   6.5220885e-01   5.4828657e-01
  -1.0900000e+02   6.4612314e-01   5.6815653e-01
  -1.0890000e+02   6.4167616e-01   5.8646542e-01
  -1.0880000e+02   6.3886292e-01   6.0337614e-01
  -1.0870000e+02   6.3759188e-01   5.9714216e-01
  -1.0860000e+02   6.3564596e-01   5.9533005e-01
  -1.0850000e+02   6.3481002e-01   5.7346042e-01
  -1.0840000e+02   6.3229550e-01   5.6530680e-01
  -1.0830000e+02   6.3027883e-01   5.6766330e-01
  -1.0820000e+02   6.2886691e-01   5.7147465e-01
  -1.0810000e+02   6.2850873e-01   5.7816367e-01
  -1.0800000e+02   6.2740144e-01   5.6468810e-01
  -1.0790000e+02   6.2784252e-01   5.6441126e-01
  -1.0780000e+02   6.3005301e-01   5.5941491e-01
  -1.0770000e+02   6.3286913e-01   5.6444700e-01
  -1.0760000e+02   6.3563103e-01   5.7104796e-01
  -1.0750000e+02   6.3909620e-01   5.6002165e-01
  -1.0740000e+02   6.4139542e-01   5.3830128e-01
  -1.0730000e+02   6.4298429e-01   5.1765241e-01
  -1.0720000e+02   6.4480888e-01   5.0409577e-01
  -1.0710000e+02   6.4623345e-01   5.1698974e-01
  -1.0700000e+02   6.4537505e-01   5.1903583e-01
  -1.0690000e+02   6.4446280e-01   5.1512237e-01
  -1.0680000e+02   6.4491210e-01   4.8672259e-01
  -1.0670000e+02   6.4677665e-01   5.0125023e-01
  -1.0660000e+02   6.4807818e-01   4.9302054e-01
  -1.0650000e+02   6.4908741e-01   4.8580044e-01
  -1.0640000e+02   6.5071803e-01   4.9182043e-01
  -1.0630000e+02   6.5015281e-01   5.0227151e-01
  -1.0620000e+02   6.4748776e-01   5.0028782e-01
  -1.0610000e+02   6.4618672e-01   4.7554847e-01
  -1.0600000e+02   6.4680194e-01   4.8276570e-01
  -1.0590000e+02   6.4806217e-01   4.7450222e-01
  -1.0580000e+02   6.5100294e-01   4.6699318e-01
  -1.0570000e+02   6.5692787e-01   4.7483679e-01
  -1.0560000e+02   6.6422927e-01   4.8582459e-01
  -1.0550000e+02   6.6962208e-01   4.6517464e-01
  -1.0540000e+02   6.7311158e-01   4.7470972e-01
  -1.0530000e+02   6.7522615e-01   4.8307718e-01
  -1.0520000e+02   6.7351701e-01   4.8703586e-01
  -1.0510000e+02   6.7107140e-01   5.3008103e-01
  -1.0500000e+02   6.7191838e-01   5.1624501e-01
  -1.0490000e+02   6.7414789e-01   5.0115657e-01
  -1.0480000e+02   6.7603653e-01   5.1792466e-01
  -1.0470000e+02   6.7746309e-01   5.4074374e-01
  -1.0460000e+02   6.7894187e-01   5.5343899e-01
  -1.0450000e+02   6.8100775e-01   5.5937514e-01
  -1.0440000e+02   6.8200701e-01   5.5481089e-01
  -1.0430000e+02   6.8076023e-01   5.7922434e-01
  -1.0420000e+02   6.7712766e-01   5.8035042e-01
  -1.0410000e+02   6.7405946e-01   5.8103993e-01
  -1.0400000e+02   6.6959779e-01   5.7737223e-01
  -1.0390000e+02   6.6891745e-01   5.6162012e-01
  -1.0380000e+02   6.6787631e-01   5.8381946e-01
  -1.0370000e+02   6.6455449e-01   5.8538525e-01
  -1.0360000e+02   6.6082605e-01   5.6250064e-01
  -1.0350000e+02   6.5571817e-01   5.5945671e-01
  -1.0340000e+02   6.5068349e-01   5.6518182e-01
  -1.0330000e+02   6.4543288e-01   5.5752631e-01
  -1.0320000e+02   6.3869850e-01   5.6684983e-01
  -1.0310000e+02   6.3134792e-01   5.7317162e-01
  -1.0300000e+02   6.2473813e-01   5.7811750e-01
  -1.0290000e+02   6.2090332e-01   6.2345977e-01
  -1.0280000e+02   6.1694356e-01   6.5214113e-01
  -1.0270000e+02   6.1598937e-01   6.5030294e-01
  -1.0260000e+02   6.1452246e-01   6.2673315e-01
  -1.0250000e+02   6.1442145e-01   6.2194423e-01
  -1.0240000e+02   6.1513738e-01   6.2541673e-01
  -1.0230000e+02   6.1538202e-01   6.1250740e-01
  -1.0220000e+02   6.1597881e-01   5.9194758e-01
  -1.0210000e+02   6.1799856e-01   5.7315540e-01
  -1.0200000e+02   6.2066008e-01   5.6309202e-01
  -1.0190000e+02   6.2479256e-01   5.6550814e-01
  -1.0180000e+02   6.3082811e-01   5.4749030e-01
  -1.0170000e+02   6.3860762e-01   5.6332924e-01
  -1.0160000e+02   6.4600129e-01   5.4598886e-01
  -1.0150000e+02   6.5304339e-01   5.4672861e-01
  -1.0140000e+02   6.5989430e-01   5.4620952e-01
  -1.0130000e+02   6.6532507e-01   5.3494330e-01
  -1.0120000e+02   6.7042835e-01   5.3129584e-01
  -1.0110000e+02   6.7354882e-01   5.3826270e-01
  -1.0100000e+02   6.7616775e-01   5.4027945e-01
  -1.0090000e+02   6.8095116e-01   5.6514548e-01
  -1.0080000e+02   6.8657004e-01   5.5361537e-01
  -1.0070000e+02   6.9181599e-01   5.7610948e-01
  -1.0060000e+02   6.9634909e-01   5.9443131e-01
  -1.0050000e+02   6.9856440e-01   5.8800827e-01
  -1.0040000e+02   6.9719022e-01   6.0131976e-01
  -1.0030000e+02   6.9589002e-01   6.1419675e-01
  -1.0020000e+02   6.9627846e-01   6.1050189e-01
  -1.0010000e+02   6.9701084e-01   6.4124296e-01
  -1.0000000e+02   6.9956565e-01   6.5447257e-01
  -9.9900000e+01   7.0470811e-01   6.4968114e-01
  -9.9800000e+01   7.1423438e-01   6.4429038e-01
  -9.9700000e+01   7.2577093e-01   6.3800912e-01
  -9.9600000e+01   7.3665626e-01   6.2064747e-01
  -9.9500000e+01   7.4531156e-01   6.1764887e-01
  -9.9400000e+01   7.5255441e-01   6.2126350e-01
  -9.9300000e+01   7.5793479e-01   5.9725660e-01
  -9.9200000e+01   7.6223962e-01   6.1364404e-01
  -9.9100000e+01   7.6784400e-01   6.2664989e-01
  -9.9000000e+01   7.7251064e-01   6.1867769e-01
  -9.8900000e+01   7.7528446e-01   6.2092048e-01
  -9.8800000e+01   7.7752456e-01   6.2529591e-01
  -9.8700000e+01   7.7815324e-01   6.0743267e-01
  -9.8600000e+01   7.7758558e-01   5.7677085e-01
  -9.8500000e+01   7.7568488e-01   5.7191577e-01
  -9.8400000e+01   7.7237378e-01   5.6803319e-01
  -9.8300000e+01   7.6806401e-01   5.6181319e-01
  -9.8200000e+01   7.6424131e-01   5.5197588e-01
  -9.8100000e+01   7.6033528e-01   5.2420726e-01
  -9.8000000e+01   7.5731101e-01   5.2117257e-01
  -9.7900000e+01   7.5434618e-01   5.1948889e-01
  -9.7800000e+01   7.5105976e-01   5.0437484e-01
  -9.7700000e+01   7.4794727e-01   5.0288717e-01
  -9.7600000e+01   7.4517873e-01   5.1512970e-01
  -9.7500000e+01   7.4344223e-01   5.0835949e-01
  -9.7400000e+01   7.4349202e-01   4.9314963e-01
  -9.7300000e+01   7.4353759e-01   5.0031407e-01
  -9.7200000e+01   7.4201085e-01   5.2713482e-01
  -9.7100000e+01   7.4051681e-01   5.3716863e-01
  -9.7000000e+01   7.3929135e-01   5.3693905e-01
  -9.6900000e+01   7.3850502e-01   5.5185221e-01
  -9.6800000e+01   7.3782448e-01   5.6732784e-01
  -9.6700000e+01   7.3802810e-01   5.9767592e-01
  -9.6600000e+01   7.3786105e-01   6.1412061e-01
  -9.6500000e+01   7.3912140e-01   6.3209384e-01
  -9.6400000e+01   7.3972104e-01   6.2035083e-01
  -9.6300000e+01   7.4038576e-01   5.9278779e-01
  -9.6200000e+01   7.3978799e-01   5.8849040e-01
  -9.6100000e+01   7.3844256e-01   6.0413633e-01
  -9.6000000e+01   7.3504361e-01   5.8613736e-01
  -9.5900000e+01   7.3105421e-01   5.9209302e-01
  -9.5800000e+01   7.2641632e-01   6.1445843e-01
  -9.5700000e+01   7.2096723e-01   6.2455867e-01
  -9.5600000e+01   7.1589720e-01   6.4278624e-01
  -9.5500000e+01   7.1183255e-01   6.7407129e-01
  -9.5400000e+01   7.0578489e-01   6.4595749e-01
  -9.5300000e+01   7.0117282e-01   6.5418613e-01
  -9.5200000e+01   6.9644433e-01   6.4661035e-01
  -9.5100000e+01   6.9261061e-01   6.2056328e-01
  -9.5000000e+01   6.8939815e-01   6.0270283e-01
  -9.4900000e+01   6.8545838e-01   5.9582571e-01
  -9.4800000e+01   6.8203279e-01   6.0560987e-01
  -9.4700000e+01   6.7936067e-01   5.7962944e-01
  -9.4600000e+01   6.7725466e-01   5.5343026e-01
  -9.4500000e+01   6.7614105e-01   5.4589865e-01
  -9.4400000e+01   6.7833721e-01   5.4607791e-01
  -9.4300000e+01   6.8128153e-01   5.5578766e-01
  -9.4200000e+01   6.8317285e-01   5.5005852e-01
  -9.4100000e+01   6.8767079e-01   5.2723300e-01
  -9.4000000e+01   6.9285463e-01   5.2634805e-01
  -9.3900000e+01   6.9905427e-01   4.9256156e-01
  -9.3800000e+01   7.0518924e-01   4.9570292e-01
  -9.3700000e+01   7.1052007e-01   5.0274166e-01
  -9.3600000e+01   7.1810097e-01   5.0191489e-01
  -9.3500000e+01   7.2545077e-01   5.0017645e-01
  -9.3400000e+01   7.3341601e-01   4.9812003e-01
  -9.3300000e+01   7.4210266e-01   4.9008897e-01
  -9.3200000e+01   7.4982599e-01   4.9983763e-01
  -9.3100000e+01   7.5423001e-01   5.4952332e-01
  -9.3000000e+01   7.5525224e-01   5.7981692e-01
  -9.2900000e+01   7.5450999e-01   6.1225978e-01
  -9.2800000e+01   7.5164809e-01   6.1163374e-01
  -9.2700000e+01   7.4712599e-01   6.1847235e-01
  -9.2600000e+01   7.4110188e-01   6.4870680e-01
  -9.2500000e+01   7.3662097e-01   6.6314213e-01
  -9.2400000e+01   7.3174431e-01   6.1200092e-01
  -9.2300000e+01   7.2733954e-01   6.2884739e-01
  -9.2200000e+01   7.2242249e-01   6.2936959e-01
  -9.2100000e+01   7.1852008e-01   6.4156828e-01
  -9.2000000e+01   7.1464476e-01   6.0914285e-01
  -9.1900000e+01   7.0909588e-01   6.2454276e-01
  -9.1800000e+01   7.0585332e-01   6.0100131e-01
  -9.1700000e+01   7.0378986e-01   5.9363215e-01
  -9.1600000e+01   7.0427001e-01   5.8887673e-01
  -9.1500000e+01   7.0563410e-01   5.8107525e-01
  -9.1400000e+01   7.0920943e-01   5.8710151e-01
  -9.1300000e+01   7.1272709e-01   5.6395979e-01
  -9.1200000e+01   7.1382340e-01   5.6523281e-01
  -9.1100000e+01   7.1817905e-01   5.8488165e-01
  -9.1000000e+01   7.2153036e-01   5.9001555e-01
  -9.0900000e+01   7.2565039e-01   5.9848659e-01
  -9.0800000e+01   7.2807301e-01   5.9191723e-01
  -9.0700000e+01   7.2860649e-01   5.5793652e-01
  -9.0600000e+01   7.3179473e-01   5.5423428e-01
  -9.0500000e+01   7.3189034e-01   5.7743723e-01
  -9.0400000e+01   7.3207086e-01   5.7885275e-01
  -9.0300000e+01   7.2969850e-01   5.9507884e-01
  -9.0200000e+01   7.2937079e-01   6.0205034e-01
  -9.0100000e+01   7.2851104e-01   5.9541800e-01
  -9.0000000e+01   7.2849725e-01   5.7314079e-01
  -8.9900000e+01   7.3001252e-01   5.7034752e-01
  -8.9800000e+01   7.2849922e-01   5.6341382e-01
  -8.9700000e+01   7.2690409e-01   5.4042150e-01
  -8.9600000e+01   7.2349787e-01   5.4290701e-01
  -8.9500000e+01   7.1856909e-01   5.4507695e-01
  -8.9400000e+01   7.1499994e-01   5.5091072e-01
  -8.9300000e+01   7.1176898e-01   5.6453992e-01
  -8.9200000e+01   7.0919968e-01   5.6152647e-01
  -8.9100000e+01   7.0713263e-01   5.6507111e-01
  -8.9000000e+01   7.0640269e-01   5.5382615e-01
  -8.8900000e+01   7.0467332e-01   5.5723566e-01
  -8.8800000e+01   7.0336629e-01   5.6763016e-01
  -8.8700000e+01   6.9968678e-01   5.7577123e-01
  -8.8600000e+01   6.9694380e-01   5.8235767e-01
  -8.8500000e+01   6.9337210e-01   5.7524544e-01
  -8.8400000e+01   6.8900716e-01   5.7229554e-01
  -8.8300000e+01   6.8518678e-01   5.5333770e-01
  -8.8200000e+01   6.8236055e-01   5.4141397e-01
  -8.8100000e+01   6.7983589e-01   5.5097544e-01
  -8.8000000e+01   6.7864233e-01   5.6251876e-01
  -8.7900000e+01   6.7798603e-01   5.4600910e-01
  -8.7800000e+01   6.7812752e-01   5.8062418e-01
  -8.7700000e+01   6.7881054e-01   5.8741697e-01
  -8.7600000e+01   6.7908465e-01   5.9446455e-01
  -8.7500000e+01   6.7985931e-01   6.0055796e-01
  -8.7400000e+01   6.8220984e-01   6.2175163e-01
  -8.7300000e+01   6.8559602e-01   6.4438144e-01
  -8.7200000e+01   6.8991136e-01   6.3579912e-01
  -8.7100000e+01   6.9211081e-01   6.0833568e-01
  -8.7000000e+01   6.9383229e-01   6.1592234e-01
  -8.6900000e+01   6.9596775e-01   6.0198555e-01
  -8.6800000e+01   6.9876940e-01   5.8902536e-01
  -8.6700000e+01   7.0198985e-01   5.8656179e-01
  -8.6600000e+01   7.0588988e-01   6.1693916e-01
  -8.6500000e+01   7.0886142e-01   6.4344243e-01
  -8.6400000e+01   7.1274961e-01   6.4090747e-01
  -8.6300000e+01   7.1755679e-01   6.3109424e-01
  -8.6200000e+01   7.2083161e-01   5.9492776e-01
  -8.6100000e+01   7.2379667e-01   6.1196759e-01
  -8.6000000e+01   7.2318117e-01   6.2985190e-01
  -8.5900000e+01   7.2246417e-01   6.3030270e-01
  -8.5800000e+01   7.2331912e-01   6.2220467e-01
  -8.5700000e+01   7.2362512e-01   6.4327909e-01
  -8.5600000e+01   7.2378612e-01   6.5389881e-01
  -8.5500000e+01   7.2273999e-01   6.6187452e-01
  -8.5400000e+01   7.2122239e-01   6.4178321e-01
  -8.5300000e+01   7.1930843e-01   6.7341834e-01
  -8.5200000e+01   7.1787135e-01   6.6124386e-01
  -8.5100000e+01   7.1420975e-01   6.4079965e-01
  -8.5000000e+01   7.0812162e-01   5.9879553e-01
  -8.4900000e+01   7.0136961e-01   5.8715188e-01
  -8.4800000e+01   6.9497845e-01   5.8015024e-01
  -8.4700000e+01   6.8966018e-01   5.9162955e-01
  -8.4600000e+01   6.8533817e-01   6.1033778e-01
  -8.4500000e+01   6.8238105e-01   6.1928064e-01
  -8.4400000e+01   6.8029676e-01   6.4911811e-01
  -8.4300000e+01   6.7693525e-01   6.3503047e-01
  -8.4200000e+01   6.7610324e-01   6.0877905e-01
  -8.4100000e+01   6.7286204e-01   6.2628196e-01
  -8.4000000e+01   6.7032979e-01   6.1116736e-01
  -8.3900000e+01   6.6635321e-01   6.1606882e-01
  -8.3800000e+01   6.6415062e-01   5.9252772e-01
  -8.3700000e+01   6.6493280e-01   5.9493833e-01
  -8.3600000e+01   6.6786799e-01   5.9221029e-01
  -8.3500000e+01   6.7063941e-01   5.9553604e-01
  -8.3400000e+01   6.7253494e-01   5.9346312e-01
  -8.3300000e+01   6.7399086e-01   5.8053588e-01
  -8.3200000e+01   6.7520656e-01   6.0806836e-01
  -8.3100000e+01   6.7759098e-01   6.2860018e-01
  -8.3000000e+01   6.8146535e-01   5.9157580e-01
  -8.2900000e+01   6.8249000e-01   5.7359108e-01
  -8.2800000e+01   6.8425235e-01   5.5566085e-01
  -8.2700000e+01   6.8718760e-01   5.3946122e-01
  -8.2600000e+01   6.9246424e-01   5.3041475e-01
  -8.2500000e+01   6.9859616e-01   5.2997862e-01
  -8.2400000e+01   7.0359832e-01   5.3743049e-01
  -8.2300000e+01   7.0728880e-01   5.6372116e-01
  -8.2200000e+01   7.1153107e-01   4.9497315e-01
  -8.2100000e+01   7.1776022e-01   4.7817799e-01
  -8.2000000e+01   7.2335321e-01   4.7909655e-01
  -8.1900000e+01   7.2734438e-01   4.5882509e-01
  -8.1800000e+01   7.2909767e-01   4.5644924e-01
  -8.1700000e+01   7.3119769e-01   4.6049390e-01
  -8.1600000e+01   7.3337682e-01   4.6967775e-01
  -8.1500000e+01   7.3580965e-01   4.7111818e-01
  -8.1400000e+01   7.3707696e-01   4.6508149e-01
  -8.1300000e+01   7.3762191e-01   4.8403607e-01
  -8.1200000e+01   7.3851082e-01   4.8156492e-01
  -8.1100000e+01   7.3898865e-01   4.7226409e-01
  -8.1000000e+01   7.3853975e-01   4.6465505e-01
  -8.0900000e+01   7.3550847e-01   4.8954784e-01
  -8.0800000e+01   7.3018426e-01   4.9453130e-01
  -8.0700000e+01   7.2467746e-01   5.1021071e-01
  -8.0600000e+01   7.2135591e-01   4.9439285e-01
  -8.0500000e+01   7.1902619e-01   5.0602881e-01
  -8.0400000e+01   7.1504991e-01   5.0401606e-01
  -8.0300000e+01   7.1074600e-01   4.9726679e-01
  -8.0200000e+01   7.0734749e-01   5.0349128e-01
  -8.0100000e+01   7.0482823e-01   5.2703982e-01
  -8.0000000e+01   7.0214048e-01   5.2248377e-01
  -7.9900000e+01   6.9851781e-01   5.0986215e-01
  -7.9800000e+01   6.9458767e-01   5.1480300e-01
  -7.9700000e+01   6.9069011e-01   5.3486902e-01
  -7.9600000e+01   6.8849729e-01   5.2893129e-01
  -7.9500000e+01   6.8704515e-01   5.3524584e-01
  -7.9400000e+01   6.8496169e-01   5.3660583e-01
  -7.9300000e+01   6.8280440e-01   5.5855478e-01
  -7.9200000e+01   6.8221659e-01   5.4339399e-01
  -7.9100000e+01   6.8288085e-01   5.5440336e-01
  -7.9000000e+01   6.8457010e-01   5.3184457e-01
  -7.8900000e+01   6.8544570e-01   5.3565001e-01
  -7.8800000e+01   6.8551869e-01   5.4501789e-01
  -7.8700000e+01   6.8501536e-01   5.6043929e-01
  -7.8600000e+01   6.8395526e-01   5.3874529e-01
  -7.8500000e+01   6.8349577e-01   5.2742864e-01
  -7.8400000e+01   6.8425578e-01   5.2185177e-01
  -7.8300000e+01   6.8545033e-01   5.4653183e-01
  -7.8200000e+01   6.8691607e-01   5.3706794e-01
  -7.8100000e+01   6.8857005e-01   5.5744504e-01
  -7.8000000e+01   6.9043474e-01   5.8513274e-01
  -7.7900000e+01   6.9045815e-01   5.6110262e-01
  -7.7800000e+01   6.9073516e-01   5.5830238e-01
  -7.7700000e+01   6.9115268e-01   5.5607859e-01
  -7.7600000e+01   6.9133913e-01   5.6487554e-01
  -7.7500000e+01   6.9095802e-01   5.4723553e-01
  -7.7400000e+01   6.8999440e-01   5.6037508e-01
  -7.7300000e+01   6.8811838e-01   5.2281250e-01
  -7.7200000e+01   6.8469323e-01   5.1760317e-01
  -7.7100000e+01   6.8096227e-01   5.4222875e-01
  -7.7000000e+01   6.7751259e-01   5.3245579e-01
  -7.6900000e+01   6.7489519e-01   5.2637993e-01
  -7.6800000e+01   6.7586436e-01   5.3415214e-01
  -7.6700000e+01   6.7722138e-01   5.5924977e-01
  -7.6600000e+01   6.8097245e-01   5.4543902e-01
  -7.6500000e+01   6.8378551e-01   5.2393357e-01
  -7.6400000e+01   6.8734856e-01   5.1683954e-01
  -7.6300000e+01   6.9062948e-01   5.0092710e-01
  -7.6200000e+01   6.9307051e-01   4.9801310e-01
  -7.6100000e+01   6.9587513e-01   4.8249750e-01
  -7.6000000e+01   6.9749358e-01   5.0357332e-01
  -7.5900000e+01   6.9986009e-01   5.2202410e-01
  -7.5800000e+01   7.0200408e-01   5.0539333e-01
  -7.5700000e+01   7.0302112e-01   4.8158143e-01
  -7.5600000e+01   7.0370019e-01   4.8414133e-01
  -7.5500000e+01   7.0186341e-01   4.9128169e-01
  -7.5400000e+01   7.0051590e-01   5.4879326e-01
  -7.5300000e+01   6.9687010e-01   5.1031999e-01
  -7.5200000e+01   6.9244970e-01   5.0652859e-01
  -7.5100000e+01   6.8674289e-01   5.4550456e-01
  -7.5000000e+01   6.8188767e-01   5.3320604e-01
  -7.4900000e+01   6.7881907e-01   5.2845408e-01
  -7.4800000e+01   6.7573497e-01   5.3188206e-01
  -7.4700000e+01   6.7528133e-01   5.5079300e-01
  -7.4600000e+01   6.7428610e-01   5.5403689e-01
  -7.4500000e+01   6.7329461e-01   5.7494058e-01
  -7.4400000e+01   6.7260285e-01   5.7077300e-01
  -7.4300000e+01   6.7220458e-01   5.7826656e-01
  -7.4200000e+01   6.7143663e-01   6.1559528e-01
  -7.4100000e+01   6.6997389e-01   6.3241768e-01
  -7.4000000e+01   6.6989821e-01   6.0120783e-01
  -7.3900000e+01   6.7335713e-01   5.9137270e-01
  -7.3800000e+01   6.7743164e-01   5.7539628e-01
  -7.3700000e+01   6.8058743e-01   5.5545944e-01
  -7.3600000e+01   6.8201604e-01   5.3405263e-01
  -7.3500000e+01   6.8331180e-01   5.2404190e-01
  -7.3400000e+01   6.8333604e-01   5.1905469e-01
  -7.3300000e+01   6.8223947e-01   5.3414939e-01
  -7.3200000e+01   6.8113452e-01   5.2239986e-01
  -7.3100000e+01   6.8054592e-01   4.9254365e-01
  -7.3000000e+01   6.7957620e-01   4.8373725e-01
  -7.2900000e+01   6.7853336e-01   5.2501109e-01
  -7.2800000e+01   6.7850836e-01   5.2013871e-01
  -7.2700000e+01   6.7799784e-01   5.1285880e-01
  -7.2600000e+01   6.7489000e-01   4.9567065e-01
  -7.2500000e+01   6.7175659e-01   5.0379232e-01
  -7.2400000e+01   6.6912928e-01   4.8896404e-01
  -7.2300000e+01   6.6697761e-01   4.8963443e-01
  -7.2200000e+01   6.6490095e-01   5.0003539e-01
  -7.2100000e+01   6.6248683e-01   4.8947231e-01
  -7.2000000e+01   6.6239215e-01   5.1614578e-01
  -7.1900000e+01   6.6352646e-01   5.3630246e-01
  -7.1800000e+01   6.6417157e-01   5.3614387e-01
  -7.1700000e+01   6.6596913e-01   5.2687979e-01
  -7.1600000e+01   6.6894444e-01   5.1883638e-01
  -7.1500000e+01   6.6929778e-01   5.1115177e-01
  -7.1400000e+01   6.7056703e-01   5.2037431e-01
  -7.1300000e+01   6.7428945e-01   5.3366301e-01
  -7.1200000e+01   6.7683993e-01   5.6339796e-01
  -7.1100000e+01   6.7821434e-01   5.7996322e-01
  -7.1000000e+01   6.7767828e-01   6.2607212e-01
  -7.0900000e+01   6.7645987e-01   6.3803403e-01
  -7.0800000e+01   6.7661977e-01   6.3823504e-01
  -7.0700000e+01   6.7621660e-01   6.4269081e-01
  -7.0600000e+01   6.7701951e-01   6.2188149e-01
  -7.0500000e+01   6.7664709e-01   6.1861091e-01
  -7.0400000e+01   6.7574246e-01   6.2757647e-01
  -7.0300000e+01   6.7505048e-01   6.1947165e-01
  -7.0200000e+01   6.7376752e-01   6.1753042e-01
  -7.0100000e+01   6.7217600e-01   6.1087203e-01
  -7.0000000e+01   6.6775946e-01   6.1133422e-01
  -6.9900000e+01   6.6414378e-01   6.0783599e-01
  -6.9800000e+01   6.6094587e-01   6.0064537e-01
  -6.9700000e+01   6.5958145e-01   6.0500404e-01
  -6.9600000e+01   6.6129973e-01   6.2382377e-01
  -6.9500000e+01   6.6269682e-01   6.2329976e-01
  -6.9400000e+01   6.6296781e-01   6.5202683e-01
  -6.9300000e+01   6.6238691e-01   6.6800329e-01
  -6.9200000e+01   6.6390072e-01   6.5935834e-01
  -6.9100000e+01   6.6350567e-01   6.6712634e-01
  -6.9000000e+01   6.6189038e-01   6.3655069e-01
  -6.8900000e+01   6.6178147e-01   6.4038798e-01
  -6.8800000e+01   6.5927170e-01   6.6065137e-01
  -6.8700000e+01   6.5757947e-01   6.5331879e-01
  -6.8600000e+01   6.5656976e-01   6.6927198e-01
  -6.8500000e+01   6.5677466e-01   6.6545352e-01
  -6.8400000e+01   6.5895905e-01   6.5559960e-01
  -6.8300000e+01   6.5923374e-01   6.4355012e-01
  -6.8200000e+01   6.5885171e-01   6.3509982e-01
  -6.8100000e+01   6.5993191e-01   6.2828945e-01
  -6.8000000e+01   6.6085876e-01   5.9129086e-01
  -6.7900000e+01   6.6224611e-01   5.7808217e-01
  -6.7800000e+01   6.6428397e-01   5.8819394e-01
  -6.7700000e+01   6.6501213e-01   5.8108845e-01
  -6.7600000e+01   6.6515502e-01   5.6811142e-01
  -6.7500000e+01   6.6710825e-01   5.7305370e-01
  -6.7400000e+01   6.6975432e-01   5.7890208e-01
  -6.7300000e+01   6.7243430e-01   5.8699747e-01
  -6.7200000e+01   6.7429888e-01   5.7037891e-01
  -6.7100000e+01   6.7565651e-01   5.7710973e-01
  -6.7000000e+01   6.7700234e-01   5.6991429e-01
  -6.6900000e+01   6.7975114e-01   5.8632475e-01
  -6.6800000e+01   6.8130364e-01   5.8462070e-01
  -6.6700000e+01   6.8029454e-01   6.1651323e-01
  -6.6600000e+01   6.7966226e-01   5.8698229e-01
  -6.6500000e+01   6.8051248e-01   5.9826487e-01
  -6.6400000e+01   6.8205538e-01   5.7284578e-01
  -6.6300000e+01   6.8421738e-01   5.7822678e-01
  -6.6200000e+01   6.8693294e-01   5.8485600e-01
  -6.6100000e+01   6.8859614e-01   5.9451080e-01
  -6.6000000e+01   6.8912607e-01   5.9743659e-01
  -6.5900000e+01   6.8913454e-01   5.9722286e-01
  -6.5800000e+01   6.8901048e-01   6.3311859e-01
  -6.5700000e+01   6.8972631e-01   6.2202896e-01
  -6.5600000e+01   6.9085232e-01   5.9735688e-01
  -6.5500000e+01   6.9298421e-01   6.0073013e-01
  -6.5400000e+01   6.9555626e-01   5.7450869e-01
  -6.5300000e+01   6.9640218e-01   5.6286591e-01
  -6.5200000e+01   6.9534779e-01   5.7724802e-01
  -6.5100000e+01   6.9405160e-01   5.8062963e-01
  -6.5000000e+01   6.9306795e-01   5.8545721e-01
  -6.4900000e+01   6.9413004e-01   5.9606430e-01
  -6.4800000e+01   6.9666377e-01   5.9930747e-01
  -6.4700000e+01   6.9953630e-01   6.0366990e-01
  -6.4600000e+01   7.0314673e-01   5.7346237e-01
  -6.4500000e+01   7.0569298e-01   5.6448754e-01
  -6.4400000e+01   7.0519608e-01   5.6185100e-01
  -6.4300000e+01   7.0273481e-01   5.3526402e-01
  -6.4200000e+01   6.9965117e-01   5.5043410e-01
  -6.4100000e+01   6.9823577e-01   5.7157706e-01
  -6.4000000e+01   6.9749827e-01   5.6640432e-01
  -6.3900000e+01   6.9833079e-01   5.7719276e-01
  -6.3800000e+01   7.0082558e-01   5.8450671e-01
  -6.3700000e+01   7.0469272e-01   5.9860832e-01
  -6.3600000e+01   7.0568581e-01   6.0482759e-01
  -6.3500000e+01   7.0615635e-01   5.9623280e-01
  -6.3400000e+01   7.0645172e-01   5.7773199e-01
  -6.3300000e+01   7.0628393e-01   5.7071802e-01
  -6.3200000e+01   7.0669528e-01   5.9587010e-01
  -6.3100000e+01   7.0822234e-01   5.8735865e-01
  -6.3000000e+01   7.1027089e-01   5.6659471e-01
  -6.2900000e+01   7.1001785e-01   5.7067267e-01
  -6.2800000e+01   7.0825881e-01   5.5175637e-01
  -6.2700000e+01   7.0490045e-01   5.7112390e-01
  -6.2600000e+01   6.9911921e-01   5.6474496e-01
  -6.2500000e+01   6.9137290e-01   5.5601529e-01
  -6.2400000e+01   6.8171454e-01   5.4697271e-01
  -6.2300000e+01   6.7253594e-01   5.4291578e-01
  -6.2200000e+01   6.6326774e-01   5.2308050e-01
  -6.2100000e+01   6.5511951e-01   5.3353415e-01
  -6.2000000e+01   6.4841290e-01   5.7113094e-01
  -6.1900000e+01   6.4235725e-01   5.5846338e-01
  -6.1800000e+01   6.3678311e-01   5.2703091e-01
  -6.1700000e+01   6.3155232e-01   5.1053881e-01
  -6.1600000e+01   6.2942794e-01   5.2306449e-01
  -6.1500000e+01   6.2790493e-01   5.0992478e-01
  -6.1400000e+01   6.2767751e-01   5.1999785e-01
  -6.1300000e+01   6.2943779e-01   5.1600772e-01
  -6.1200000e+01   6.3375060e-01   5.1752893e-01
  -6.1100000e+01   6.3813587e-01   5.2810464e-01
  -6.1000000e+01   6.4265069e-01   5.3685074e-01
  -6.0900000e+01   6.4752120e-01   5.3042344e-01
  -6.0800000e+01   6.5121063e-01   5.0562579e-01
  -6.0700000e+01   6.5345330e-01   5.2149540e-01
  -6.0600000e+01   6.5470368e-01   5.2644916e-01
  -6.0500000e+01   6.5751198e-01   5.4221829e-01
  -6.0400000e+01   6.5998106e-01   5.3425422e-01
  -6.0300000e+01   6.6136153e-01   5.2043690e-01
  -6.0200000e+01   6.6165727e-01   5.0813856e-01
  -6.0100000e+01   6.6101322e-01   5.1399387e-01
  -6.0000000e+01   6.5939263e-01   4.9344159e-01
  -5.9900000e+01   6.5612851e-01   4.8952764e-01
  -5.9800000e+01   6.5161871e-01   4.7209336e-01
  -5.9700000e+01   6.4613037e-01   4.8972827e-01
  -5.9600000e+01   6.4007242e-01   5.2212523e-01
  -5.9500000e+01   6.3555628e-01   5.4333678e-01
  -5.9400000e+01   6.3198735e-01   5.6798505e-01
  -5.9300000e+01   6.2705700e-01   5.9494151e-01
  -5.9200000e+01   6.2215781e-01   6.0818929e-01
  -5.9100000e+01   6.1501883e-01   6.2817112e-01
  -5.9000000e+01   6.0899486e-01   6.2781694e-01
  -5.8900000e+01   6.0495371e-01   6.3106552e-01
  -5.8800000e+01   6.0369636e-01   6.4358293e-01
  -5.8700000e+01   6.0342426e-01   6.2316079e-01
  -5.8600000e+01   6.0634234e-01   6.0799749e-01
  -5.8500000e+01   6.1116402e-01   5.9046114e-01
  -5.8400000e+01   6.1501123e-01   5.9444305e-01
  -5.8300000e+01   6.1836117e-01   5.7630140e-01
  -5.8200000e+01   6.1953197e-01   5.6062956e-01
  -5.8100000e+01   6.1824737e-01   5.3772087e-01
  -5.8000000e+01   6.1703445e-01   5.1379005e-01
  -5.7900000e+01   6.1570630e-01   4.9089148e-01
  -5.7800000e+01   6.1766405e-01   5.2090547e-01
  -5.7700000e+01   6.2121039e-01   5.0866845e-01
  -5.7600000e+01   6.2479401e-01   5.1767000e-01
  -5.7500000e+01   6.2740363e-01   5.2559105e-01
  -5.7400000e+01   6.3131242e-01   5.2748979e-01
  -5.7300000e+01   6.3454673e-01   5.4222946e-01
  -5.7200000e+01   6.3576943e-01   5.4692440e-01
  -5.7100000e+01   6.3706513e-01   4.9699209e-01
  -5.7000000e+01   6.3776695e-01   4.9680343e-01
  -5.6900000e+01   6.3861090e-01   5.0087057e-01
  -5.6800000e+01   6.4164617e-01   5.0540424e-01
  -5.6700000e+01   6.4639255e-01   5.0706423e-01
  -5.6600000e+01   6.5017232e-01   5.2756492e-01
  -5.6500000e+01   6.5361336e-01   5.4523541e-01
  -5.6400000e+01   6.5494523e-01   5.5667548e-01
  -5.6300000e+01   6.5589739e-01   5.4704684e-01
  -5.6200000e+01   6.5698947e-01   5.7171439e-01
  -5.6100000e+01   6.5595592e-01   5.6164862e-01
  -5.6000000e+01   6.5269818e-01   5.8307796e-01
  -5.5900000e+01   6.5030173e-01   5.8149968e-01
  -5.5800000e+01   6.4578147e-01   6.1397218e-01
  -5.5700000e+01   6.4119265e-01   5.9460603e-01
  -5.5600000e+01   6.3798156e-01   6.0957928e-01
  -5.5500000e+01   6.3357103e-01   6.3465469e-01
  -5.5400000e+01   6.2804473e-01   6.2155735e-01
  -5.5300000e+01   6.2376918e-01   6.0074710e-01
  -5.5200000e+01   6.1939221e-01   5.8802780e-01
  -5.5100000e+01   6.1537359e-01   5.8018943e-01
  -5.5000000e+01   6.1221865e-01   6.0812738e-01
  -5.4900000e+01   6.0829734e-01   5.9747328e-01
  -5.4800000e+01   6.0496267e-01   5.9267005e-01
  -5.4700000e+01   6.0193944e-01   5.8601829e-01
  -5.4600000e+01   5.9878306e-01   5.8103588e-01
  -5.4500000e+01   5.9971957e-01   5.7532476e-01
  -5.4400000e+01   6.0131457e-01   5.8982699e-01
  -5.4300000e+01   6.0193404e-01   5.9248723e-01
  -5.4200000e+01   6.0388682e-01   6.0514391e-01
  -5.4100000e+01   6.0839498e-01   6.1143354e-01
  -5.4000000e+01   6.1066877e-01   6.4112642e-01
  -5.3900000e+01   6.1449269e-01   6.3989150e-01
  -5.3800000e+01   6.1850151e-01   6.2247149e-01
  -5.3700000e+01   6.1999905e-01   6.0337882e-01
  -5.3600000e+01   6.2072163e-01   6.0326529e-01
  -5.3500000e+01   6.2042590e-01   6.2117297e-01
  -5.3400000e+01   6.1951627e-01   6.3032992e-01
  -5.3300000e+01   6.1891704e-01   6.1677203e-01
  -5.3200000e+01   6.1746457e-01   6.1123677e-01
  -5.3100000e+01   6.1716984e-01   6.0153772e-01
  -5.3000000e+01   6.1730931e-01   6.0532372e-01
  -5.2900000e+01   6.1872619e-01   6.2081071e-01
  -5.2800000e+01   6.1776202e-01   6.0938237e-01
  -5.2700000e+01   6.1702850e-01   6.1137724e-01
  -5.2600000e+01   6.1296595e-01   6.0341996e-01
  -5.2500000e+01   6.0821273e-01   5.9964560e-01
  -5.2400000e+01   6.0424122e-01   5.9492333e-01
  -5.2300000e+01   6.0167322e-01   6.1022264e-01
  -5.2200000e+01   6.0139147e-01   6.1130573e-01
  -5.2100000e+01   6.0166453e-01   6.2042508e-01
  -5.2000000e+01   6.0356328e-01   6.3591307e-01
  -5.1900000e+01   6.0720473e-01   6.5453834e-01
  -5.1800000e+01   6.1093562e-01   6.2962405e-01
  -5.1700000e+01   6.1422492e-01   6.0566921e-01
  -5.1600000e+01   6.1515474e-01   5.8909827e-01
  -5.1500000e+01   6.1550695e-01   6.0207541e-01
  -5.1400000e+01   6.1674058e-01   6.2699223e-01
  -5.1300000e+01   6.2014286e-01   6.2322483e-01
  -5.1200000e+01   6.2468925e-01   5.9192986e-01
  -5.1100000e+01   6.3202398e-01   6.1311593e-01
  -5.1000000e+01   6.4004323e-01   6.4821131e-01
  -5.0900000e+01   6.4733532e-01   6.2481183e-01
  -5.0800000e+01   6.5324134e-01   6.1265924e-01
  -5.0700000e+01   6.5502462e-01   5.8169766e-01
  -5.0600000e+01   6.5504398e-01   5.6662148e-01
  -5.0500000e+01   6.5463779e-01   5.7449885e-01
  -5.0400000e+01   6.5541551e-01   5.6423440e-01
  -5.0300000e+01   6.5705644e-01   5.4257911e-01
  -5.0200000e+01   6.5966115e-01   5.2099747e-01
  -5.0100000e+01   6.6298847e-01   4.9986279e-01
  -5.0000000e+01   6.6665002e-01   5.0082129e-01
  -4.9900000e+01   6.7027475e-01   4.9298863e-01
  -4.9800000e+01   6.7309689e-01   5.1383515e-01
  -4.9700000e+01   6.7471372e-01   5.3028751e-01
  -4.9600000e+01   6.7562401e-01   5.1422086e-01
  -4.9500000e+01   6.7853240e-01   5.0608677e-01
  -4.9400000e+01   6.8413354e-01   4.9724715e-01
  -4.9300000e+01   6.9019789e-01   4.7711721e-01
  -4.9200000e+01   6.9762407e-01   4.7956565e-01
  -4.9100000e+01   7.0275214e-01   4.7910382e-01
  -4.9000000e+01   7.0720501e-01   4.9507637e-01
  -4.8900000e+01   7.1186274e-01   4.9783571e-01
  -4.8800000e+01   7.1618468e-01   5.0334012e-01
  -4.8700000e+01   7.1990221e-01   5.2450236e-01
  -4.8600000e+01   7.2307219e-01   5.2168700e-01
  -4.8500000e+01   7.2578303e-01   5.1915833e-01
  -4.8400000e+01   7.2765697e-01   5.0507088e-01
  -4.8300000e+01   7.2974938e-01   4.7937970e-01
  -4.8200000e+01   7.2963854e-01   4.9218559e-01
  -4.8100000e+01   7.2766024e-01   4.6758636e-01
  -4.8000000e+01   7.2449271e-01   4.5803390e-01
  -4.7900000e+01   7.1842835e-01   4.7898801e-01
  -4.7800000e+01   7.1359314e-01   4.7231874e-01
  -4.7700000e+01   7.1003247e-01   4.8642663e-01
  -4.7600000e+01   7.0575790e-01   4.5973028e-01
  -4.7500000e+01   7.0121543e-01   4.5940888e-01
  -4.7400000e+01   6.9595992e-01   4.5814175e-01
  -4.7300000e+01   6.9081107e-01   4.5707491e-01
  -4.7200000e+01   6.8416557e-01   4.4955007e-01
  -4.7100000e+01   6.7729636e-01   4.4344598e-01
  -4.7000000e+01   6.7098105e-01   4.6302768e-01
  -4.6900000e+01   6.6792228e-01   4.5474318e-01
  -4.6800000e+01   6.6654394e-01   4.6342927e-01
  -4.6700000e+01   6.6787909e-01   4.7280994e-01
  -4.6600000e+01   6.7030133e-01   4.8915353e-01
  -4.6500000e+01   6.7072112e-01   4.6454415e-01
  -4.6400000e+01   6.7031082e-01   4.5996538e-01
  -4.6300000e+01   6.6931892e-01   4.5432020e-01
  -4.6200000e+01   6.6824426e-01   4.6933749e-01
  -4.6100000e+01   6.6715350e-01   4.9747162e-01
  -4.6000000e+01   6.6582995e-01   4.7926402e-01
  -4.5900000e+01   6.6631306e-01   5.1828014e-01
  -4.5800000e+01   6.6765935e-01   5.0785048e-01
  -4.5700000e+01   6.6740735e-01   5.1551450e-01
  -4.5600000e+01   6.6521954e-01   5.1024709e-01
  -4.5500000e+01   6.6458782e-01   5.3221299e-01
  -4.5400000e+01   6.6257429e-01   5.4582371e-01
  -4.5300000e+01   6.5767112e-01   5.5114395e-01
  -4.5200000e+01   6.5467477e-01   5.4672250e-01
  -4.5100000e+01   6.5148554e-01   5.3262145e-01
  -4.5000000e+01   6.4956985e-01   5.3149712e-01
  -4.4900000e+01   6.4372304e-01   5.1931154e-01
  -4.4800000e+01   6.3790878e-01   4.9442364e-01
  -4.4700000e+01   6.3361277e-01   4.9890512e-01
  -4.4600000e+01   6.2875588e-01   5.0514874e-01
  -4.4500000e+01   6.2394728e-01   4.9214615e-01
  -4.4400000e+01   6.2188457e-01   5.3634501e-01
  -4.4300000e+01   6.1902237e-01   5.0955557e-01
  -4.4200000e+01   6.1749109e-01   5.0249355e-01
  -4.4100000e+01   6.1704087e-01   5.1359914e-01
  -4.4000000e+01   6.1965123e-01   5.2550953e-01
  -4.3900000e+01   6.2203912e-01   5.0872224e-01
  -4.3800000e+01   6.2513440e-01   5.1312234e-01
  -4.3700000e+01   6.2713472e-01   5.2616303e-01
  -4.3600000e+01   6.3226045e-01   5.1978683e-01
  -4.3500000e+01   6.3486416e-01   5.2403153e-01
  -4.3400000e+01   6.3586671e-01   5.3834153e-01
  -4.3300000e+01   6.3657814e-01   5.3510077e-01
  -4.3200000e+01   6.3812430e-01   5.4156729e-01
  -4.3100000e+01   6.3685397e-01   5.5615353e-01
  -4.3000000e+01   6.3716789e-01   5.6178662e-01
  -4.2900000e+01   6.3633716e-01   5.8986398e-01
  -4.2800000e+01   6.3345774e-01   5.8515625e-01
  -4.2700000e+01   6.3094920e-01   5.8857728e-01
  -4.2600000e+01   6.2919835e-01   5.6255611e-01
  -4.2500000e+01   6.2684703e-01   5.6067006e-01
  -4.2400000e+01   6.2407101e-01   5.2750354e-01
  -4.2300000e+01   6.2195154e-01   4.9365850e-01
  -4.2200000e+01   6.2351591e-01   5.0148434e-01
  -4.2100000e+01   6.2556714e-01   5.2125616e-01
  -4.2000000e+01   6.2940537e-01   5.6885338e-01
  -4.1900000e+01   6.3053345e-01   5.4207445e-01
  -4.1800000e+01   6.3006632e-01   5.5425846e-01
  -4.1700000e+01   6.2691365e-01   5.5148587e-01
  -4.1600000e+01   6.2138113e-01   5.3532782e-01
  -4.1500000e+01   6.1555790e-01   5.4137853e-01
  -4.1400000e+01   6.0784651e-01   5.6469586e-01
  -4.1300000e+01   6.0113681e-01   5.2801762e-01
  -4.1200000e+01   5.9519757e-01   5.2466472e-01
  -4.1100000e+01   5.9218550e-01   5.3286358e-01
  -4.1000000e+01   5.8726809e-01   5.3944841e-01
  -4.0900000e+01   5.8201010e-01   5.4200620e-01
  -4.0800000e+01   5.7609054e-01   5.1356714e-01
  -4.0700000e+01   5.6793233e-01   5.2135497e-01
  -4.0600000e+01   5.6072593e-01   5.2685195e-01
  -4.0500000e+01   5.5623070e-01   5.5425967e-01
  -4.0400000e+01   5.5244797e-01   5.7625107e-01
  -4.0300000e+01   5.4930741e-01   5.7050903e-01
  -4.0200000e+01   5.4792630e-01   5.6261090e-01
  -4.0100000e+01   5.4762322e-01   5.6991906e-01
  -4.0000000e+01   5.4619905e-01   5.6340439e-01
  -3.9900000e+01   5.4663502e-01   5.7727869e-01
  -3.9800000e+01   5.4711705e-01   5.7237383e-01
  -3.9700000e+01   5.4841099e-01   5.6867025e-01
  -3.9600000e+01   5.4940454e-01   5.7214311e-01
  -3.9500000e+01   5.5046082e-01   5.8434180e-01
  -3.9400000e+01   5.5140950e-01   5.9413187e-01
  -3.9300000e+01   5.5301583e-01   5.9938481e-01
  -3.9200000e+01   5.5374880e-01   5.9567970e-01
  -3.9100000e+01   5.5647561e-01   5.8308993e-01
  -3.9000000e+01   5.6078391e-01   5.7493078e-01
  -3.8900000e+01   5.6413967e-01   5.6216751e-01
  -3.8800000e+01   5.6814786e-01   5.6937446e-01
  -3.8700000e+01   5.7255021e-01   5.8105936e-01
  -3.8600000e+01   5.7371914e-01   5.8024345e-01
  -3.8500000e+01   5.7364598e-01   5.6901957e-01
  -3.8400000e+01   5.7277342e-01   5.7004535e-01
  -3.8300000e+01   5.7028225e-01   6.1946591e-01
  -3.8200000e+01   5.6951854e-01   6.2677596e-01
  -3.8100000e+01   5.6762830e-01   5.8926769e-01
  -3.8000000e+01   5.6492249e-01   5.9009325e-01
  -3.7900000e+01   5.6302568e-01   6.1313421e-01
  -3.7800000e+01   5.6188179e-01   6.2681756e-01
  -3.7700000e+01   5.5958259e-01   6.1179793e-01
  -3.7600000e+01   5.5938920e-01   6.0641072e-01
  -3.7500000e+01   5.6010972e-01   5.8245831e-01
  -3.7400000e+01   5.6096149e-01   5.5035799e-01
  -3.7300000e+01   5.5995656e-01   5.7844690e-01
  -3.7200000e+01   5.5967534e-01   5.6755624e-01
  -3.7100000e+01   5.5999232e-01   5.8677387e-01
  -3.7000000e+01   5.6299585e-01   5.9314202e-01
  -3.6900000e+01   5.6654559e-01   5.9728955e-01
  -3.6800000e+01   5.7192938e-01   6.0283295e-01
  -3.6700000e+01   5.7683003e-01   5.7747311e-01
  -3.6600000e+01   5.8284519e-01   5.8396514e-01
  -3.6500000e+01   5.8611384e-01   5.9285828e-01
  -3.6400000e+01   5.8870085e-01   5.9538794e-01
  -3.6300000e+01   5.8823933e-01   5.8718992e-01
  -3.6200000e+01   5.8490677e-01   5.4274674e-01
  -3.6100000e+01   5.8087882e-01   5.4086812e-01
  -3.6000000e+01   5.7963688e-01   5.4465809e-01
  -3.5900000e+01   5.7666893e-01   5.9211403e-01
  -3.5800000e+01   5.7777071e-01   5.8751409e-01
  -3.5700000e+01   5.7920328e-01   5.3559002e-01
  -3.5600000e+01   5.7965884e-01   5.5515334e-01
  -3.5500000e+01   5.7903715e-01   5.5782261e-01
  -3.5400000e+01   5.7692886e-01   5.6844005e-01
  -3.5300000e+01   5.7265233e-01   5.7284272e-01
  -3.5200000e+01   5.6944022e-01   5.7685995e-01
  -3.5100000e+01   5.6687882e-01   5.9084953e-01
  -3.5000000e+01   5.6655705e-01   6.0602039e-01
  -3.4900000e+01   5.6699811e-01   6.1966785e-01
  -3.4800000e+01   5.6893045e-01   6.2916938e-01
  -3.4700000e+01   5.7042551e-01   6.2492236e-01
  -3.4600000e+01   5.7138796e-01   6.1746661e-01
  -3.4500000e+01   5.7021639e-01   6.2202317e-01
  -3.4400000e+01   5.6791139e-01   5.9679787e-01
  -3.4300000e+01   5.6321086e-01   5.9810191e-01
  -3.4200000e+01   5.5962408e-01   5.8844948e-01
  -3.4100000e+01   5.6120521e-01   5.8107029e-01
  -3.4000000e+01   5.6601273e-01   6.0301062e-01
  -3.3900000e+01   5.7353705e-01   6.2116258e-01
  -3.3800000e+01   5.8192720e-01   6.2904641e-01
  -3.3700000e+01   5.8885814e-01   6.2871097e-01
  -3.3600000e+01   5.9665166e-01   6.1782282e-01
  -3.3500000e+01   6.0258247e-01   6.1477390e-01
  -3.3400000e+01   6.0847920e-01   6.0740118e-01
  -3.3300000e+01   6.1497034e-01   6.1212681e-01
  -3.3200000e+01   6.2093782e-01   6.3145203e-01
  -3.3100000e+01   6.2534368e-01   6.1331350e-01
  -3.3000000e+01   6.3359614e-01   6.3160702e-01
  -3.2900000e+01   6.4086041e-01   6.1063981e-01
  -3.2800000e+01   6.4506978e-01   5.9914958e-01
  -3.2700000e+01   6.4698081e-01   6.0925109e-01
  -3.2600000e+01   6.4743918e-01   6.0884999e-01
  -3.2500000e+01   6.4577200e-01   5.8512461e-01
  -3.2400000e+01   6.4569970e-01   6.1192018e-01
  -3.2300000e+01   6.4458826e-01   6.5370194e-01
  -3.2200000e+01   6.4400293e-01   6.3648448e-01
  -3.2100000e+01   6.4422042e-01   6.3851546e-01
  -3.2000000e+01   6.4527600e-01   6.2006191e-01
  -3.1900000e+01   6.4666944e-01   6.0652901e-01
  -3.1800000e+01   6.4860948e-01   6.1878775e-01
  -3.1700000e+01   6.4660371e-01   6.3204336e-01
  -3.1600000e+01   6.4430168e-01   6.0291760e-01
  -3.1500000e+01   6.4137508e-01   6.1472760e-01
  -3.1400000e+01   6.3846925e-01   6.1875306e-01
  -3.1300000e+01   6.3413720e-01   6.5627726e-01
  -3.1200000e+01   6.3012379e-01   6.6955078e-01
  -3.1100000e+01   6.2436581e-01   6.4632957e-01
  -3.1000000e+01   6.1799608e-01   6.3938224e-01
  -3.0900000e+01   6.1131998e-01   6.2207727e-01
  -3.0800000e+01   6.0361511e-01   6.3546551e-01
  -3.0700000e+01   5.9555345e-01   6.3541394e-01
  -3.0600000e+01   5.8696120e-01   6.0910009e-01
  -3.0500000e+01   5.7916835e-01   5.9110941e-01
  -3.0400000e+01   5.7362486e-01   5.6445395e-01
  -3.0300000e+01   5.6842942e-01   5.5068271e-01
  -3.0200000e+01   5.6463052e-01   5.5189988e-01
  -3.0100000e+01   5.6334704e-01   5.9057066e-01
  -3.0000000e+01   5.6369035e-01   6.2105040e-01
  -2.9900000e+01   5.6410090e-01   6.2600617e-01
  -2.9800000e+01   5.6503464e-01   6.2194310e-01
  -2.9700000e+01   5.6907697e-01   6.2158809e-01
  -2.9600000e+01   5.7314468e-01   6.5306615e-01
  -2.9500000e+01   5.7766536e-01   6.8331599e-01
  -2.9400000e+01   5.8171899e-01   6.6496194e-01
  -2.9300000e+01   5.8717092e-01   6.3411242e-01
  -2.9200000e+01   5.9186910e-01   6.2892493e-01
  -2.9100000e+01   5.9575656e-01   6.3052435e-01
  -2.9000000e+01   5.9965969e-01   6.2230910e-01
  -2.8900000e+01   6.0247124e-01   5.7919739e-01
  -2.8800000e+01   6.0476301e-01   5.7196701e-01
  -2.8700000e+01   6.0673193e-01   5.7444055e-01
  -2.8600000e+01   6.0995364e-01   5.8229400e-01
  -2.8500000e+01   6.1489702e-01   6.0996062e-01
  -2.8400000e+01   6.1646784e-01   6.0063148e-01
  -2.8300000e+01   6.1763576e-01   6.1461282e-01
  -2.8200000e+01   6.1785186e-01   6.1568272e-01
  -2.8100000e+01   6.1760427e-01   6.2165638e-01
  -2.8000000e+01   6.1556851e-01   6.5382184e-01
  -2.7900000e+01   6.1288071e-01   6.4100386e-01
  -2.7800000e+01   6.0872103e-01   6.2080729e-01
  -2.7700000e+01   6.0590566e-01   6.0917489e-01
  -2.7600000e+01   6.0629333e-01   5.8121600e-01
  -2.7500000e+01   6.0702718e-01   5.9316707e-01
  -2.7400000e+01   6.0862438e-01   5.9881821e-01
  -2.7300000e+01   6.1103332e-01   6.1775791e-01
  -2.7200000e+01   6.1208445e-01   6.1379219e-01
  -2.7100000e+01   6.1482820e-01   6.2092967e-01
  -2.7000000e+01   6.2047292e-01   6.1137306e-01
  -2.6900000e+01   6.2697824e-01   5.9617301e-01
  -2.6800000e+01   6.3529520e-01   5.7564542e-01
  -2.6700000e+01   6.4330576e-01   5.8566025e-01
  -2.6600000e+01   6.5284130e-01   5.8714635e-01
  -2.6500000e+01   6.6442475e-01   6.0256648e-01
  -2.6400000e+01   6.7788075e-01   6.2841428e-01
  -2.6300000e+01   6.8965212e-01   6.1772429e-01
  -2.6200000e+01   6.9919610e-01   6.1743033e-01
  -2.6100000e+01   7.0653718e-01   6.2029577e-01
  -2.6000000e+01   7.0910233e-01   6.1266960e-01
  -2.5900000e+01   7.1080422e-01   6.0593020e-01
  -2.5800000e+01   7.1196601e-01   5.7668341e-01
  -2.5700000e+01   7.1117342e-01   5.6662471e-01
  -2.5600000e+01   7.1370646e-01   5.7661723e-01
  -2.5500000e+01   7.1756199e-01   5.6527592e-01
  -2.5400000e+01   7.2308993e-01   5.6288631e-01
  -2.5300000e+01   7.2880144e-01   5.9063060e-01
  -2.5200000e+01   7.3404614e-01   6.0013621e-01
  -2.5100000e+01   7.3571837e-01   5.8563867e-01
  -2.5000000e+01   7.3787004e-01   6.0129663e-01
  -2.4900000e+01   7.3978281e-01   5.8641113e-01
  -2.4800000e+01   7.4170251e-01   5.9098493e-01
  -2.4700000e+01   7.4710514e-01   5.9781288e-01
  -2.4600000e+01   7.5323669e-01   6.1477953e-01
  -2.4500000e+01   7.6017014e-01   6.3596778e-01
  -2.4400000e+01   7.6688053e-01   6.1222924e-01
  -2.4300000e+01   7.7180338e-01   5.9875432e-01
  -2.4200000e+01   7.7337944e-01   5.8369587e-01
  -2.4100000e+01   7.7442096e-01   6.1309938e-01
  -2.4000000e+01   7.7470879e-01   5.8309454e-01
  -2.3900000e+01   7.7508842e-01   5.8059885e-01
  -2.3800000e+01   7.7629063e-01   5.9339200e-01
  -2.3700000e+01   7.7664605e-01   5.8698471e-01
  -2.3600000e+01   7.7700774e-01   5.8251044e-01
  -2.3500000e+01   7.7858718e-01   5.6677377e-01
  -2.3400000e+01   7.7948692e-01   5.4968542e-01
  -2.3300000e+01   7.7794946e-01   5.3824119e-01
  -2.3200000e+01   7.7605949e-01   5.2985029e-01
  -2.3100000e+01   7.7226660e-01   5.4424532e-01
  -2.3000000e+01   7.6718815e-01   5.1884752e-01
  -2.2900000e+01   7.6333356e-01   5.2246469e-01
  -2.2800000e+01   7.6016427e-01   5.4215966e-01
  -2.2700000e+01   7.5657857e-01   5.6780212e-01
  -2.2600000e+01   7.5328817e-01   5.5600741e-01
  -2.2500000e+01   7.5067065e-01   5.8076057e-01
  -2.2400000e+01   7.4832169e-01   6.1115693e-01
  -2.2300000e+01   7.4626890e-01   6.0838830e-01
  -2.2200000e+01   7.4235246e-01   6.3670608e-01
  -2.2100000e+01   7.3770098e-01   6.2637019e-01
  -2.2000000e+01   7.3494957e-01   6.2461638e-01
  -2.1900000e+01   7.3347129e-01   5.6804816e-01
  -2.1800000e+01   7.3581093e-01   5.5449657e-01
  -2.1700000e+01   7.3936966e-01   5.5340289e-01
  -2.1600000e+01   7.4283343e-01   5.5642457e-01
  -2.1500000e+01   7.4894820e-01   5.1588932e-01
  -2.1400000e+01   7.5903656e-01   5.2354904e-01
  -2.1300000e+01   7.7063968e-01   5.3836856e-01
  -2.1200000e+01   7.8268084e-01   5.2529418e-01
  -2.1100000e+01   7.9396938e-01   5.1665103e-01
  -2.1000000e+01   8.0455305e-01   5.0654725e-01
  -2.0900000e+01   8.1564762e-01   5.1042386e-01
  -2.0800000e+01   8.2765044e-01   5.2111325e-01
  -2.0700000e+01   8.4058162e-01   5.1346626e-01
  -2.0600000e+01   8.5379859e-01   5.4096648e-01
  -2.0500000e+01   8.6750992e-01   5.4164295e-01
  -2.0400000e+01   8.8142433e-01   5.3949840e-01
  -2.0300000e+01   8.9634912e-01   5.5819891e-01
  -2.0200000e+01   9.0744527e-01   5.6171191e-01
  -2.0100000e+01   9.1339170e-01   5.6884504e-01
  -2.0000000e+01   9.1732461e-01   5.4992502e-01
  -1.9900000e+01   9.2009320e-01   5.3201528e-01
  -1.9800000e+01   9.2371871e-01   5.1693100e-01
  -1.9700000e+01   9.2672080e-01   5.2327280e-01
  -1.9600000e+01   9.2959132e-01   5.3709424e-01
  -1.9500000e+01   9.3176152e-01   5.5214257e-01
  -1.9400000e+01   9.3372436e-01   5.6415771e-01
  -1.9300000e+01   9.3696167e-01   6.0289055e-01
  -1.9200000e+01   9.3690774e-01   5.6676854e-01
  -1.9100000e+01   9.3394360e-01   5.5176647e-01
  -1.9000000e+01   9.2956966e-01   5.1858620e-01
  -1.8900000e+01   9.2565248e-01   5.3169173e-01
  -1.8800000e+01   9.2339308e-01   5.2115169e-01
  -1.8700000e+01   9.2265668e-01   5.1196107e-01
  -1.8600000e+01   9.2337153e-01   4.9551059e-01
  -1.8500000e+01   9.2508127e-01   4.7661645e-01
  -1.8400000e+01   9.2880448e-01   4.8022885e-01
  -1.8300000e+01   9.3422465e-01   4.9865672e-01
  -1.8200000e+01   9.4056172e-01   5.0087898e-01
  -1.8100000e+01   9.4749985e-01   4.9168669e-01
  -1.8000000e+01   9.5292865e-01   5.0078219e-01
  -1.7900000e+01   9.5720318e-01   4.7902898e-01
  -1.7800000e+01   9.6204902e-01   5.0513384e-01
  -1.7700000e+01   9.6693310e-01   5.0439879e-01
  -1.7600000e+01   9.7211561e-01   5.0697915e-01
  -1.7500000e+01   9.7927757e-01   5.1032906e-01
  -1.7400000e+01   9.8395511e-01   5.2309751e-01
  -1.7300000e+01   9.8548134e-01   5.0382937e-01
  -1.7200000e+01   9.8455918e-01   5.0164371e-01
  -1.7100000e+01   9.8371852e-01   4.9188058e-01
  -1.7000000e+01   9.8271357e-01   5.0702864e-01
  -1.6900000e+01   9.8236851e-01   5.1756608e-01
  -1.6800000e+01   9.8151374e-01   5.1959828e-01
  -1.6700000e+01   9.8216371e-01   5.0539127e-01
  -1.6600000e+01   9.8498654e-01   4.8612107e-01
  -1.6500000e+01   9.8856096e-01   4.8490597e-01
  -1.6400000e+01   9.9211074e-01   4.7267441e-01
  -1.6300000e+01   9.9556063e-01   4.7135891e-01
  -1.6200000e+01   9.9745110e-01   4.8564821e-01
  -1.6100000e+01   1.0001598e+00   4.9152601e-01
  -1.6000000e+01   1.0026991e+00   5.0498422e-01
  -1.5900000e+01   1.0058319e+00   5.2119352e-01
  -1.5800000e+01   1.0100475e+00   4.9457535e-01
  -1.5700000e+01   1.0146433e+00   4.9447039e-01
  -1.5600000e+01   1.0204418e+00   4.9195845e-01
  -1.5500000e+01   1.0265243e+00   4.7119056e-01
  -1.5400000e+01   1.0292287e+00   4.6560953e-01
  -1.5300000e+01   1.0338778e+00   4.8975598e-01
  -1.5200000e+01   1.0389394e+00   5.1246444e-01
  -1.5100000e+01   1.0424749e+00   4.9102286e-01
  -1.5000000e+01   1.0451190e+00   4.8409828e-01
  -1.4900000e+01   1.0458658e+00   4.9980716e-01
  -1.4800000e+01   1.0468402e+00   5.1247324e-01
  -1.4700000e+01   1.0500629e+00   5.0167721e-01
  -1.4600000e+01   1.0531756e+00   5.0557637e-01
  -1.4500000e+01   1.0538845e+00   5.2056675e-01
  -1.4400000e+01   1.0539560e+00   5.0868008e-01
  -1.4300000e+01   1.0524597e+00   5.2225962e-01
  -1.4200000e+01   1.0504342e+00   5.6794787e-01
  -1.4100000e+01   1.0503241e+00   5.7155698e-01
  -1.4000000e+01   1.0492156e+00   5.0011431e-01
  -1.3900000e+01   1.0498089e+00   4.6118244e-01
  -1.3800000e+01   1.0557673e+00   4.7002713e-01
  -1.3700000e+01   1.0643417e+00   4.9511910e-01
  -1.3600000e+01   1.0760939e+00   4.9522862e-01
  -1.3500000e+01   1.0902774e+00   4.7562090e-01
  -1.3400000e+01   1.1052018e+00   4.8028901e-01
  -1.3300000e+01   1.1200257e+00   4.9018526e-01
  -1.3200000e+01   1.1350940e+00   4.8194569e-01
  -1.3100000e+01   1.1490020e+00   4.6505977e-01
  -1.3000000e+01   1.1615055e+00   4.6223574e-01
  -1.2900000e+01   1.1744183e+00   4.9731286e-01
  -1.2800000e+01   1.1871904e+00   5.0270216e-01
  -1.2700000e+01   1.2000399e+00   5.0948961e-01
  -1.2600000e+01   1.2132352e+00   4.9478095e-01
  -1.2500000e+01   1.2243473e+00   4.7663245e-01
  -1.2400000e+01   1.2344791e+00   4.7921801e-01
  -1.2300000e+01   1.2442932e+00   4.8098399e-01
  -1.2200000e+01   1.2523263e+00   4.9558507e-01
  -1.2100000e+01   1.2595076e+00   5.0099351e-01
  -1.2000000e+01   1.2664518e+00   5.1064882e-01
  -1.1900000e+01   1.2733036e+00   5.4671708e-01
  -1.1800000e+01   1.2817396e+00   5.6390945e-01
  -1.1700000e+01   1.2933463e+00   5.4393810e-01
  -1.1600000e+01   1.3030622e+00   5.3623825e-01
  -1.1500000e+01   1.3115436e+00   5.2972084e-01
  -1.1400000e+01   1.3186679e+00   5.0988097e-01
  -1.1300000e+01   1.3242031e+00   4.9647150e-01
  -1.1200000e+01   1.3289131e+00   4.9799944e-01
  -1.1100000e+01   1.3333960e+00   4.8825861e-01
  -1.1000000e+01   1.3360482e+00   4.7238849e-01
  -1.0900000e+01   1.3371637e+00   4.7786470e-01
  -1.0800000e+01   1.3376255e+00   4.9585366e-01
  -1.0700000e+01   1.3403590e+00   5.0495915e-01
  -1.0600000e+01   1.3439144e+00   4.8882790e-01
  -1.0500000e+01   1.3478597e+00   5.6230981e-01
  -1.0400000e+01   1.3484554e+00   5.6738060e-01
  -1.0300000e+01   1.3484146e+00   5.6631821e-01
  -1.0200000e+01   1.3488134e+00   5.3436232e-01
  -1.0100000e+01   1.3510989e+00   5.1781713e-01
  -1.0000000e+01   1.3563025e+00   5.0983229e-01
  -9.9000000e+00   1.3644790e+00   5.3516496e-01
  -9.8000000e+00   1.3713183e+00   5.3883313e-01
  -9.7000000e+00   1.3758023e+00   5.3379291e-01
  -9.6000000e+00   1.3784304e+00   5.6559725e-01
  -9.5000000e+00   1.3804989e+00   5.6905305e-01
  -9.4000000e+00   1.3817458e+00   6.2383778e-01
  -9.3000000e+00   1.3831167e+00   6.2257945e-01
  -9.2000000e+00   1.3837473e+00   6.1573927e-01
  -9.1000000e+00   1.3858396e+00   5.7427939e-01
  -9.0000000e+00   1.3918833e+00   5.7708125e-01
  -8.9000000e+00   1.3997090e+00   5.5947012e-01
  -8.8000000e+00   1.4091530e+00   5.7060621e-01
  -8.7000000e+00   1.4154818e+00   5.7980518e-01
  -8.6000000e+00   1.4176793e+00   5.5391742e-01
  -8.5000000e+00   1.4207977e+00   5.5298289e-01
  -8.4000000e+00   1.4248102e+00   5.2220474e-01
  -8.3000000e+00   1.4321456e+00   5.2037634e-01
  -8.2000000e+00   1.4402126e+00   5.1028432e-01
  -8.1000000e+00   1.4499248e+00   5.1128034e-01
  -8.0000000e+00   1.4607376e+00   4.9217857e-01
  -7.9000000e+00   1.4718685e+00   4.8816284e-01
  -7.8000000e+00   1.4838615e+00   4.7096706e-01
  -7.7000000e+00   1.4959751e+00   4.7601352e-01
  -7.6000000e+00   1.5074242e+00   4.6116301e-01
  -7.5000000e+00   1.5171269e+00   4.8425840e-01
  -7.4000000e+00   1.5236760e+00   4.8920107e-01
  -7.3000000e+00   1.5265659e+00   4.9399624e-01
  -7.2000000e+00   1.5259747e+00   4.8046481e-01
  -7.1000000e+00   1.5270876e+00   4.8044363e-01
  -7.0000000e+00   1.5281152e+00   4.7923033e-01
  -6.9000000e+00   1.5309906e+00   4.9052364e-01
  -6.8000000e+00   1.5325213e+00   4.9183173e-01
  -6.7000000e+00   1.5351846e+00   4.9906341e-01
  -6.6000000e+00   1.5417293e+00   4.7527246e-01
  -6.5000000e+00   1.5526345e+00   4.8319963e-01
  -6.4000000e+00   1.5602667e+00   4.8840169e-01
  -6.3000000e+00   1.5664056e+00   5.0097531e-01
  -6.2000000e+00   1.5690269e+00   5.0514813e-01
  -6.1000000e+00   1.5737835e+00   5.0523708e-01
  -6.0000000e+00   1.5831265e+00   4.8747479e-01
  -5.9000000e+00   1.5981626e+00   4.7347911e-01
  -5.8000000e+00   1.6128219e+00   4.6889972e-01
  -5.7000000e+00   1.6257995e+00   4.6510105e-01
  -5.6000000e+00   1.6407391e+00   5.0644685e-01
  -5.5000000e+00   1.6555615e+00   5.0657883e-01
  -5.4000000e+00   1.6692999e+00   4.9659776e-01
  -5.3000000e+00   1.6780943e+00   5.1719782e-01
  -5.2000000e+00   1.6809299e+00   5.1088432e-01
  -5.1000000e+00   1.6849703e+00   4.9959104e-01
  -5.0000000e+00   1.6900614e+00   4.9993401e-01
  -4.9000000e+00   1.6992571e+00   5.1955657e-01
  -4.8000000e+00   1.7083474e+00   4.9502427e-01
  -4.7000000e+00   1.7153740e+00   5.2461450e-01
  -4.6000000e+00   1.7201786e+00   5.8370429e-01
  -4.5000000e+00   1.7252152e+00   5.6172961e-01
  -4.4000000e+00   1.7326712e+00   5.2026156e-01
  -4.3000000e+00   1.7374607e+00   4.8006671e-01
  -4.2000000e+00   1.7406395e+00   4.4347167e-01
  -4.1000000e+00   1.7421335e+00   4.2116266e-01
  -4.0000000e+00   1.7464406e+00   4.2817600e-01
  -3.9000000e+00   1.7545763e+00   4.5714654e-01
  -3.8000000e+00   1.7646648e+00   4.8399264e-01
  -3.7000000e+00   1.7755867e+00   4.6926274e-01
  -3.6000000e+00   1.7857976e+00   4.6740477e-01
  -3.5000000e+00   1.7945560e+00   3.8941329e-01
  -3.4000000e+00   1.8033263e+00   3.8455141e-01
  -3.3000000e+00   1.8119111e+00   3.8626965e-01
  -3.2000000e+00   1.8198639e+00   3.5074158e-01
  -3.1000000e+00   1.8261974e+00   3.5713290e-01
  -3.0000000e+00   1.8321502e+00   3.5508359e-01
  -2.9000000e+00   1.8377842e+00   3.3611717e-01
  -2.8000000e+00   1.8444633e+00   3.6834304e-01
  -2.7000000e+00   1.8489660e+00   3.9858186e-01
  -2.6000000e+00   1.8535012e+00   3.6969052e-01
  -2.5000000e+00   1.8576941e+00   3.8246172e-01
  -2.4000000e+00   1.8587072e+00   3.6109194e-01
  -2.3000000e+00   1.8576377e+00   3.6812021e-01
  -2.2000000e+00   1.8570925e+00   3.5343611e-01
  -2.1000000e+00   1.8574793e+00   3.1837666e-01
  -2.0000000e+00   1.8595250e+00   3.0131724e-01
  -1.9000000e+00   1.8640401e+00   3.0269719e-01
  -1.8000000e+00   1.8695762e+00   3.2307482e-01
  -1.7000000e+00   1.8761515e+00   3.2084050e-01
  -1.6000000e+00   1.8849891e+00   3.1627439e-01
  -1.5000000e+00   1.8941359e+00   3.3549915e-01
  -1.4000000e+00   1.9043827e+00   3.2337498e-01
  -1.3000000e+00   1.9117026e+00   3.0288495e-01
  -1.2000000e+00   1.9163741e+00   2.8888872e-01
  -1.1000000e+00   1.9211788e+00   2.8401061e-01
  -1.0000000e+00   1.9258083e+00   2.6179618e-01
  -9.0000000e-01   1.9331068e+00   2.5810185e-01
  -8.0000000e-01   1.9415536e+00   2.4433767e-01
  -7.0000000e-01   1.9482992e+00   2.3574251e-01
  -6.0000000e-01   1.9548696e+00   2.3755279e-01
  -5.0000000e-01   1.9621450e+00   2.6801915e-01
  -4.0000000e-01   1.9683850e+00   2.7506672e-01
  -3.0000000e-01   1.9745357e+00   2.6071471e-01
  -2.0000000e-01   1.9808955e+00   2.2518904e-01
  -1.0000000e-01   1.9881656e+00   2.3202648e-01
   0.0000000e+00   1.9964438e+00   2.3807819e-01
   1.0000000e-01   2.0087940e+00   2.4927543e-01
   2.0000000e-01   2.0228015e+00   2.4087352e-01
   3.0000000e-01   2.0386000e+00   2.5170482e-01
   4.0000000e-01   2.0551354e+00   2.7074626e-01
   5.0000000e-01   2.0745739e+00   3.1036041e-01
   6.0000000e-01   2.0955607e+00   3.1413763e-01
   7.0000000e-01   2.1160780e+00   2.7770807e-01
   8.0000000e-01   2.1372950e+00   2.5890410e-01
   9.0000000e-01   2.1594295e+00   2.3072888e-01
   1.0000000e+00   2.1826523e+00   2.2679346e-01
   1.1000000e+00   2.2062112e+00   2.5090881e-01
   1.2000000e+00   2.2276546e+00   2.1110753e-01
   1.3000000e+00   2.2489824e+00   2.1458656e-01
   1.4000000e+00   2.2670531e+00   1.9358731e-01
   1.5000000e+00   2.2841546e+00   2.2090907e-01
   1.6000000e+00   2.2998298e+00   2.4962190e-01
   1.7000000e+00   2.3119215e+00   2.4186529e-01
   1.8000000e+00   2.3198458e+00   2.6968474e-01
   1.9000000e+00   2.3251940e+00   2.3121101e-01
   2.0000000e+00   2.3289295e+00   2.7778073e-01
   2.1000000e+00   2.3293699e+00   3.1122346e-01
   2.2000000e+00   2.3265390e+00   3.2151903e-01
   2.3000000e+00   2.3187076e+00   2.8333399e-01
   2.4000000e+00   2.3071722e+00   2.8529295e-01
   2.5000000e+00   2.2954553e+00   3.1278965e-01
   2.6000000e+00   2.2787079e+00   3.1752995e-01
   2.7000000e+00   2.2562431e+00   2.7167574e-01
   2.8000000e+00   2.2341165e+00   3.2892135e-01
   2.9000000e+00   2.2114878e+00   3.4880548e-01
   3.0000000e+00   2.1887967e+00   3.3848520e-01
   3.1000000e+00   2.1652978e+00   3.7098741e-01
   3.2000000e+00   2.1392186e+00   3.8687173e-01
   3.3000000e+00   2.1123685e+00   4.1264752e-01
   3.4000000e+00   2.0850756e+00   4.1952780e-01
   3.5000000e+00   2.0566609e+00   4.2977703e-01
   3.6000000e+00   2.0298778e+00   4.5181117e-01
   3.7000000e+00   2.0029153e+00   4.9184341e-01
   3.8000000e+00   1.9757941e+00   5.0917127e-01
   3.9000000e+00   1.9541557e+00   5.1400868e-01
   4.0000000e+00   1.9378173e+00   5.0009919e-01
   4.1000000e+00   1.9211387e+00   4.9308045e-01
   4.2000000e+00   1.9050237e+00   4.9941010e-01
   4.3000000e+00   1.8894159e+00   4.7090668e-01
   4.4000000e+00   1.8762468e+00   5.0747136e-01
   4.5000000e+00   1.8659769e+00   4.6214523e-01
   4.6000000e+00   1.8560418e+00   4.6968346e-01
   4.7000000e+00   1.8463612e+00   4.8140925e-01
   4.8000000e+00   1.8391217e+00   4.6356878e-01
   4.9000000e+00   1.8363177e+00   4.7995834e-01
   5.0000000e+00   1.8406744e+00   4.6994667e-01
   5.1000000e+00   1.8465632e+00   4.7620185e-01
   5.2000000e+00   1.8497928e+00   5.1491198e-01
   5.3000000e+00   1.8559440e+00   5.2932884e-01
   5.4000000e+00   1.8649901e+00   5.4366694e-01
   5.5000000e+00   1.8756231e+00   5.5027332e-01
   5.6000000e+00   1.8879053e+00   5.3129957e-01
   5.7000000e+00   1.9001664e+00   5.1615143e-01
   5.8000000e+00   1.9144652e+00   4.7462937e-01
   5.9000000e+00   1.9313925e+00   4.5779606e-01
   6.0000000e+00   1.9516298e+00   4.5779253e-01
   6.1000000e+00   1.9742632e+00   4.7910108e-01
   6.2000000e+00   1.9955958e+00   4.9390688e-01
   6.3000000e+00   2.0161419e+00   5.3936587e-01
   6.4000000e+00   2.0381348e+00   5.1258740e-01
   6.5000000e+00   2.0624194e+00   5.0735976e-01
   6.6000000e+00   2.0833916e+00   5.0672649e-01
   6.7000000e+00   2.1018405e+00   5.1766712e-01
   6.8000000e+00   2.1203677e+00   5.1111796e-01
   6.9000000e+00   2.1385079e+00   5.0648827e-01
   7.0000000e+00   2.1570755e+00   5.1472916e-01
   7.1000000e+00   2.1754652e+00   5.4009499e-01
   7.2000000e+00   2.1932861e+00   5.6230904e-01
   7.3000000e+00   2.2095898e+00   5.9013495e-01
   7.4000000e+00   2.2255924e+00   5.7061159e-01
   7.5000000e+00   2.2399097e+00   5.7673293e-01
   7.6000000e+00   2.2494094e+00   6.0162916e-01
   7.7000000e+00   2.2546810e+00   6.2293229e-01
   7.8000000e+00   2.2584745e+00   6.0357423e-01
   7.9000000e+00   2.2628182e+00   5.9093144e-01
   8.0000000e+00   2.2671772e+00   5.9310502e-01
   8.1000000e+00   2.2706911e+00   5.7999510e-01
   8.2000000e+00   2.2739505e+00   5.8542996e-01
   8.3000000e+00   2.2755251e+00   5.8680857e-01
   8.4000000e+00   2.2751184e+00   5.7926501e-01
   8.5000000e+00   2.2723213e+00   5.8214476e-01
   8.6000000e+00   2.2695912e+00   5.9122536e-01
   8.7000000e+00   2.2663788e+00   6.0754743e-01
   8.8000000e+00   2.2639536e+00   6.3677934e-01
   8.9000000e+00   2.2623500e+00   6.2479610e-01
   9.0000000e+00   2.2625911e+00   5.9964071e-01
   9.1000000e+00   2.2627167e+00   5.7553872e-01
   9.2000000e+00   2.2638236e+00   5.6863588e-01
   9.3000000e+00   2.2658378e+00   5.7953194e-01
   9.4000000e+00   2.2687071e+00   5.9598290e-01
   9.5000000e+00   2.2715218e+00   5.9222378e-01
   9.6000000e+00   2.2750047e+00   6.0017062e-01
   9.7000000e+00   2.2782907e+00   5.9233065e-01
   9.8000000e+00   2.2841401e+00   6.0030015e-01
   9.9000000e+00   2.2909274e+00   6.1573909e-01
   1.0000000e+01   2.2971801e+00   6.0070415e-01
   1.0100000e+01   2.3022690e+00   6.0355245e-01
   1.0200000e+01   2.3080634e+00   6.0471983e-01
   1.0300000e+01   2.3133363e+00   5.9674269e-01
   1.0400000e+01   2.3182498e+00   5.9978106e-01
   1.0500000e+01   2.3232970e+00   6.0800071e-01
   1.0600000e+01   2.3285260e+00   6.2346574e-01
   1.0700000e+01   2.3323646e+00   6.1947095e-01
   1.0800000e+01   2.3372291e+00   6.1965842e-01
   1.0900000e+01   2.3421163e+00   6.1920275e-01
   1.1000000e+01   2.3467727e+00   6.1558182e-01
   1.1100000e+01   2.3498801e+00   6.2042210e-01
   1.1200000e+01   2.3502407e+00   6.1879977e-01
   1.1300000e+01   2.3485345e+00   6.1672033e-01
   1.1400000e+01   2.3463238e+00   5.9934903e-01
   1.1500000e+01   2.3434613e+00   6.0490206e-01
   1.1600000e+01   2.3412201e+00   5.9828257e-01
   1.1700000e+01   2.3399582e+00   5.8509856e-01
   1.1800000e+01   2.3394706e+00   5.8979803e-01
   1.1900000e+01   2.3374907e+00   5.6187135e-01
   1.2000000e+01   2.3355192e+00   5.6803030e-01
   1.2100000e+01   2.3339416e+00   5.7629788e-01
   1.2200000e+01   2.3324862e+00   5.7957419e-01
   1.2300000e+01   2.3320350e+00   5.8955060e-01
   1.2400000e+01   2.3328540e+00   5.8238605e-01
   1.2500000e+01   2.3366611e+00   6.0243874e-01
   1.2600000e+01   2.3411169e+00   6.0386414e-01
   1.2700000e+01   2.3449950e+00   5.8466358e-01
   1.2800000e+01   2.3484798e+00   5.7572217e-01
   1.2900000e+01   2.3515773e+00   5.9309943e-01
   1.3000000e+01   2.3532576e+00   5.9087529e-01
   1.3100000e+01   2.3503988e+00   5.6891987e-01
   1.3200000e+01   2.3460433e+00   5.6517397e-01
   1.3300000e+01   2.3413403e+00   5.8734988e-01
   1.3400000e+01   2.3343818e+00   5.6200923e-01
   1.3500000e+01   2.3278010e+00   5.4122674e-01
   1.3600000e+01   2.3213946e+00   5.3640358e-01
   1.3700000e+01   2.3130419e+00   5.4733085e-01
   1.3800000e+01   2.3028981e+00   5.6002477e-01
   1.3900000e+01   2.2935487e+00   5.7324219e-01
   1.4000000e+01   2.2814947e+00   5.6159705e-01
   1.4100000e+01   2.2677032e+00   5.5667178e-01
   1.4200000e+01   2.2518903e+00   5.8379852e-01
   1.4300000e+01   2.2340703e+00   6.0037563e-01
   1.4400000e+01   2.2149744e+00   6.5425013e-01
   1.4500000e+01   2.1974276e+00   6.8405617e-01
   1.4600000e+01   2.1814347e+00   6.9101058e-01
   1.4700000e+01   2.1663879e+00   6.1846731e-01
   1.4800000e+01   2.1477644e+00   5.5844000e-01
   1.4900000e+01   2.1254838e+00   5.2593589e-01
   1.5000000e+01   2.1039398e+00   5.2925317e-01
   1.5100000e+01   2.0813952e+00   5.4449920e-01
   1.5200000e+01   2.0599203e+00   5.4375648e-01
   1.5300000e+01   2.0400011e+00   5.0775372e-01
   1.5400000e+01   2.0200977e+00   4.9748750e-01
   1.5500000e+01   2.0010965e+00   5.0346175e-01
   1.5600000e+01   1.9844519e+00   4.6314239e-01
   1.5700000e+01   1.9735272e+00   4.4284718e-01
   1.5800000e+01   1.9630295e+00   4.5465431e-01
   1.5900000e+01   1.9510585e+00   4.4220556e-01
   1.6000000e+01   1.9380000e+00   4.3148869e-01
   1.6100000e+01   1.9277009e+00   4.2467450e-01
   1.6200000e+01   1.9187941e+00   3.8120216e-01
   1.6300000e+01   1.9074835e+00   3.9113208e-01
   1.6400000e+01   1.8979480e+00   4.8006039e-01
   1.6500000e+01   1.8890471e+00   4.5970741e-01
   1.6600000e+01   1.8864874e+00   4.3891016e-01
   1.6700000e+01   1.8901082e+00   4.2893930e-01
   1.6800000e+01   1.8960046e+00   3.7579347e-01
   1.6900000e+01   1.9052864e+00   3.7253327e-01
   1.7000000e+01   1.9155719e+00   3.7236344e-01
   1.7100000e+01   1.9278534e+00   3.4732214e-01
   1.7200000e+01   1.9428208e+00   3.5908390e-01
   1.7300000e+01   1.9607736e+00   3.3489551e-01
   1.7400000e+01   1.9791476e+00   3.0471961e-01
   1.7500000e+01   2.0005836e+00   3.1894909e-01
   1.7600000e+01   2.0282239e+00   3.5329317e-01
   1.7700000e+01   2.0575235e+00   3.4960100e-01
   1.7800000e+01   2.0870996e+00   3.1757508e-01
   1.7900000e+01   2.1160732e+00   3.1446916e-01
   1.8000000e+01   2.1421910e+00   2.7281896e-01
   1.8100000e+01   2.1682583e+00   2.2916278e-01
   1.8200000e+01   2.1945869e+00   2.3974923e-01
   1.8300000e+01   2.2197912e+00   2.3721087e-01
   1.8400000e+01   2.2426710e+00   2.1035436e-01
   1.8500000e+01   2.2629570e+00   2.0753636e-01
   1.8600000e+01   2.2821445e+00   2.1398838e-01
   1.8700000e+01   2.3011379e+00   2.3443789e-01
   1.8800000e+01   2.3174882e+00   2.2306788e-01
   1.8900000e+01   2.3296914e+00   2.2875679e-01
   1.9000000e+01   2.3390788e+00   2.1101790e-01
   1.9100000e+01   2.3455413e+00   1.6730839e-01
   1.9200000e+01   2.3477884e+00   1.4672611e-01
   1.9300000e+01   2.3474434e+00   1.6727120e-01
   1.9400000e+01   2.3445109e+00   2.0010454e-01
   1.9500000e+01   2.3367551e+00   2.2124334e-01
   1.9600000e+01   2.3266702e+00   2.4274179e-01
   1.9700000e+01   2.3154656e+00   2.0406382e-01
   1.9800000e+01   2.3022508e+00   1.4793676e-01
   1.9900000e+01   2.2857960e+00   1.0128917e-01
   2.0000000e+01   2.2666375e+00   1.0605112e-01
   2.0100000e+01   2.2461625e+00   1.0305557e-01
   2.0200000e+01   2.2238624e+00   9.8047303e-02
   2.0300000e+01   2.2002600e+00   1.0260529e-01
   2.0400000e+01   2.1761267e+00   1.0290479e-01
   2.0500000e+01   2.1514481e+00   9.8463807e-02
   2.0600000e+01   2.1265752e+00   1.0826425e-01
   2.0700000e+01   2.1026871e+00   1.2445454e-01
   2.0800000e+01   2.0806134e+00   1.4004026e-01
   2.0900000e+01   2.0591044e+00   1.3435984e-01
   2.1000000e+01   2.0387342e+00   1.2696274e-01
   2.1100000e+01   2.0200922e+00   1.2779256e-01
   2.1200000e+01   2.0034718e+00   1.2615258e-01
   2.1300000e+01   1.9892076e+00   1.3041214e-01
   2.1400000e+01   1.9776625e+00   1.4184068e-01
   2.1500000e+01   1.9686856e+00   1.3816123e-01
   2.1600000e+01   1.9621285e+00   1.4011781e-01
   2.1700000e+01   1.9574642e+00   1.4498010e-01
   2.1800000e+01   1.9545422e+00   1.4977022e-01
   2.1900000e+01   1.9525161e+00   1.5132531e-01
   2.2000000e+01   1.9512735e+00   1.6975735e-01
   2.2100000e+01   1.9498558e+00   1.8067024e-01
   2.2200000e+01   1.9475610e+00   1.8474915e-01
   2.2300000e+01   1.9442529e+00   1.7357103e-01
   2.2400000e+01   1.9412329e+00   1.7939796e-01
   2.2500000e+01   1.9380509e+00   1.7600371e-01
   2.2600000e+01   1.9359163e+00   2.0214679e-01
   2.2700000e+01   1.9358406e+00   2.3506720e-01
   2.2800000e+01   1.9356563e+00   2.1669719e-01
   2.2900000e+01   1.9343786e+00   1.9110738e-01
   2.3000000e+01   1.9335725e+00   2.0229645e-01
   2.3100000e+01   1.9335971e+00   2.3491402e-01
   2.3200000e+01   1.9331906e+00   2.2103491e-01
   2.3300000e+01   1.9308019e+00   2.1295739e-01
   2.3400000e+01   1.9292594e+00   2.4073147e-01
   2.3500000e+01   1.9282576e+00   2.2334048e-01
   2.3600000e+01   1.9294047e+00   2.2913175e-01
   2.3700000e+01   1.9322269e+00   2.4189591e-01
   2.3800000e+01   1.9357215e+00   2.2710676e-01
   2.3900000e+01   1.9376920e+00   2.7632644e-01
   2.4000000e+01   1.9385936e+00   2.4795472e-01
   2.4100000e+01   1.9394100e+00   2.4614139e-01
   2.4200000e+01   1.9394284e+00   2.3748389e-01
   2.4300000e+01   1.9375122e+00   2.4905280e-01
   2.4400000e+01   1.9338771e+00   2.7609672e-01
   2.4500000e+01   1.9307326e+00   2.8643732e-01
   2.4600000e+01   1.9307843e+00   2.9774361e-01
   2.4700000e+01   1.9330190e+00   3.2262168e-01
   2.4800000e+01   1.9357605e+00   3.4672614e-01
   2.4900000e+01   1.9365689e+00   3.1783178e-01
   2.5000000e+01   1.9346135e+00   3.1367106e-01
   2.5100000e+01   1.9320532e+00   3.3614241e-01
   2.5200000e+01   1.9281616e+00   3.5789971e-01
   2.5300000e+01   1.9207952e+00   3.3843254e-01
   2.5400000e+01   1.9113739e+00   3.3175695e-01
   2.5500000e+01   1.9017839e+00   3.1319090e-01
   2.5600000e+01   1.8944344e+00   3.2571265e-01
   2.5700000e+01   1.8895748e+00   3.3612086e-01
   2.5800000e+01   1.8842968e+00   3.6626406e-01
   2.5900000e+01   1.8773349e+00   3.5247866e-01
   2.6000000e+01   1.8669333e+00   3.7487224e-01
   2.6100000e+01   1.8556417e+00   3.8693593e-01
   2.6200000e+01   1.8461937e+00   4.3936466e-01
   2.6300000e+01   1.8361807e+00   4.2430121e-01
   2.6400000e+01   1.8251342e+00   4.2846039e-01
   2.6500000e+01   1.8146984e+00   4.2055320e-01
   2.6600000e+01   1.8106892e+00   4.3312378e-01
   2.6700000e+01   1.8079593e+00   3.9353138e-01
   2.6800000e+01   1.8043854e+00   3.9295529e-01
   2.6900000e+01   1.7998647e+00   4.1861619e-01
   2.7000000e+01   1.7936824e+00   3.9128908e-01
   2.7100000e+01   1.7889333e+00   3.9562841e-01
   2.7200000e+01   1.7850012e+00   4.2335806e-01
   2.7300000e+01   1.7779296e+00   4.0109409e-01
   2.7400000e+01   1.7703837e+00   4.0500110e-01
   2.7500000e+01   1.7598893e+00   4.2503817e-01
   2.7600000e+01   1.7511535e+00   4.2801696e-01
   2.7700000e+01   1.7457052e+00   4.8855482e-01
   2.7800000e+01   1.7411836e+00   5.1334907e-01
   2.7900000e+01   1.7296902e+00   5.2973220e-01
   2.8000000e+01   1.7180858e+00   5.2744288e-01
   2.8100000e+01   1.7061772e+00   4.6621908e-01
   2.8200000e+01   1.6931416e+00   4.8095456e-01
   2.8300000e+01   1.6793211e+00   4.8128291e-01
   2.8400000e+01   1.6642073e+00   4.4674252e-01
   2.8500000e+01   1.6482674e+00   4.4848982e-01
   2.8600000e+01   1.6385336e+00   4.5170644e-01
   2.8700000e+01   1.6325786e+00   4.8125083e-01
   2.8800000e+01   1.6301216e+00   4.9161861e-01
   2.8900000e+01   1.6248311e+00   5.2124972e-01
   2.9000000e+01   1.6156168e+00   5.1126894e-01
   2.9100000e+01   1.6067484e+00   5.1882549e-01
   2.9200000e+01   1.6031860e+00   5.7045025e-01
   2.9300000e+01   1.5983061e+00   5.5608976e-01
   2.9400000e+01   1.5912901e+00   5.5397118e-01
   2.9500000e+01   1.5824922e+00   5.6180675e-01
   2.9600000e+01   1.5746092e+00   5.8047075e-01
   2.9700000e+01   1.5687339e+00   5.5721040e-01
   2.9800000e+01   1.5642413e+00   5.7617056e-01
   2.9900000e+01   1.5573922e+00   5.8491785e-01
   3.0000000e+01   1.5477199e+00   5.7138968e-01
   3.0100000e+01   1.5355641e+00   5.5194302e-01
   3.0200000e+01   1.5256958e+00   5.6352649e-01
   3.0300000e+01   1.5166940e+00   5.6697412e-01
   3.0400000e+01   1.5082086e+00   5.5703326e-01
   3.0500000e+01   1.4968088e+00   5.6433775e-01
   3.0600000e+01   1.4874674e+00   5.7407178e-01
   3.0700000e+01   1.4821300e+00   5.6733990e-01
   3.0800000e+01   1.4795771e+00   5.5681590e-01
   3.0900000e+01   1.4774075e+00   5.7763183e-01
   3.1000000e+01   1.4710367e+00   5.7437269e-01
   3.1100000e+01   1.4613425e+00   5.4401150e-01
   3.1200000e+01   1.4517136e+00   5.6227808e-01
   3.1300000e+01   1.4423765e+00   5.5004153e-01
   3.1400000e+01   1.4335074e+00   5.5563300e-01
   3.1500000e+01   1.4222363e+00   5.3776036e-01
   3.1600000e+01   1.4132256e+00   5.6522869e-01
   3.1700000e+01   1.4035813e+00   5.9082923e-01
   3.1800000e+01   1.3931874e+00   5.5272762e-01
   3.1900000e+01   1.3844518e+00   5.5241728e-01
   3.2000000e+01   1.3753169e+00   5.3533168e-01
   3.2100000e+01   1.3651941e+00   5.3054057e-01
   3.2200000e+01   1.3564880e+00   5.1905042e-01
   3.2300000e+01   1.3541114e+00   5.2271200e-01
   3.2400000e+01   1.3544037e+00   5.6500811e-01
   3.2500000e+01   1.3525073e+00   5.3562685e-01
   3.2600000e+01   1.3498624e+00   5.3799281e-01
   3.2700000e+01   1.3477188e+00   5.4129599e-01
   3.2800000e+01   1.3476321e+00   5.4709573e-01
   3.2900000e+01   1.3438390e+00   5.1164620e-01
   3.3000000e+01   1.3372721e+00   5.4381011e-01
   3.3100000e+01   1.3285869e+00   5.7190805e-01
   3.3200000e+01   1.3190154e+00   5.8545997e-01
   3.3300000e+01   1.3126974e+00   5.5847790e-01
   3.3400000e+01   1.3110000e+00   6.1402290e-01
   3.3500000e+01   1.3062846e+00   5.7023148e-01
   3.3600000e+01   1.2978522e+00   5.5607181e-01
   3.3700000e+01   1.2882694e+00   5.6103336e-01
   3.3800000e+01   1.2797131e+00   5.8105855e-01
   3.3900000e+01   1.2699315e+00   6.0302174e-01
   3.4000000e+01   1.2583084e+00   6.1932274e-01
   3.4100000e+01   1.2461149e+00   6.7563730e-01
   3.4200000e+01   1.2357717e+00   6.8487571e-01
   3.4300000e+01   1.2301001e+00   7.0630586e-01
   3.4400000e+01   1.2280935e+00   6.8231240e-01
   3.4500000e+01   1.2257879e+00   6.4787337e-01
   3.4600000e+01   1.2213763e+00   6.0889230e-01
   3.4700000e+01   1.2135339e+00   6.0568972e-01
   3.4800000e+01   1.2063972e+00   5.6618642e-01
   3.4900000e+01   1.1992391e+00   5.6480096e-01
   3.5000000e+01   1.1910011e+00   5.5627047e-01
   3.5100000e+01   1.1838897e+00   5.8345067e-01
   3.5200000e+01   1.1782701e+00   6.0612758e-01
   3.5300000e+01   1.1750738e+00   6.0828293e-01
   3.5400000e+01   1.1735578e+00   6.2518622e-01
   3.5500000e+01   1.1713277e+00   5.9151547e-01
   3.5600000e+01   1.1664172e+00   6.3092496e-01
   3.5700000e+01   1.1614756e+00   6.5388237e-01
   3.5800000e+01   1.1553986e+00   6.3070851e-01
   3.5900000e+01   1.1484213e+00   6.1140468e-01
   3.6000000e+01   1.1422203e+00   6.4104454e-01
   3.6100000e+01   1.1344348e+00   6.4531977e-01
   3.6200000e+01   1.1253389e+00   6.7804076e-01
   3.6300000e+01   1.1185202e+00   6.7304169e-01
   3.6400000e+01   1.1111475e+00   6.3276085e-01
   3.6500000e+01   1.1041777e+00   6.1956513e-01
   3.6600000e+01   1.0960833e+00   6.2572331e-01
   3.6700000e+01   1.0853756e+00   5.9760605e-01
   3.6800000e+01   1.0753136e+00   5.8840163e-01
   3.6900000e+01   1.0648253e+00   5.8439162e-01
   3.7000000e+01   1.0534428e+00   5.9631224e-01
   3.7100000e+01   1.0426642e+00   6.0778397e-01
   3.7200000e+01   1.0319914e+00   6.1806998e-01
   3.7300000e+01   1.0192707e+00   6.2484650e-01
   3.7400000e+01   1.0077817e+00   6.4211878e-01
   3.7500000e+01   9.9812141e-01   6.3611272e-01
   3.7600000e+01   9.8821888e-01   6.7237831e-01
   3.7700000e+01   9.7934983e-01   6.8080047e-01
   3.7800000e+01   9.7136163e-01   6.8532390e-01
   3.7900000e+01   9.6406212e-01   7.2289824e-01
   3.8000000e+01   9.5794529e-01   7.2067245e-01
   3.8100000e+01   9.5307834e-01   7.0554271e-01
   3.8200000e+01   9.4840403e-01   6.5900932e-01
   3.8300000e+01   9.4397860e-01   6.6198711e-01
   3.8400000e+01   9.3724396e-01   6.4049988e-01
   3.8500000e+01   9.3202494e-01   6.2569578e-01
   3.8600000e+01   9.2738802e-01   6.0777674e-01
   3.8700000e+01   9.2276659e-01   6.1048713e-01
   3.8800000e+01   9.1698446e-01   6.0843293e-01
   3.8900000e+01   9.1032222e-01   6.2721274e-01
   3.9000000e+01   9.0287068e-01   6.5581910e-01
   3.9100000e+01   8.9363339e-01   6.8646728e-01
   3.9200000e+01   8.8171445e-01   6.6009578e-01
   3.9300000e+01   8.6891409e-01   6.3551739e-01
   3.9400000e+01   8.5527238e-01   6.0955329e-01
   3.9500000e+01   8.4272411e-01   6.2195461e-01
   3.9600000e+01   8.3267029e-01   6.4331486e-01
   3.9700000e+01   8.2566639e-01   6.2432739e-01
   3.9800000e+01   8.1892617e-01   5.8783999e-01
   3.9900000e+01   8.1362649e-01   5.7979829e-01
   4.0000000e+01   8.1137735e-01   6.0115245e-01
   4.0100000e+01   8.1053312e-01   6.3843148e-01
   4.0200000e+01   8.0929865e-01   6.1867260e-01
   4.0300000e+01   8.0687866e-01   6.1944392e-01
   4.0400000e+01   8.0532644e-01   6.2047393e-01
   4.0500000e+01   8.0617901e-01   6.0331594e-01
   4.0600000e+01   8.0911585e-01   6.1732615e-01
   4.0700000e+01   8.1258461e-01   6.2182859e-01
   4.0800000e+01   8.1651865e-01   5.9968208e-01
   4.0900000e+01   8.1913637e-01   6.0381883e-01
   4.1000000e+01   8.2113241e-01   6.0892157e-01
   4.1100000e+01   8.2247361e-01   6.2042658e-01
   4.1200000e+01   8.2347198e-01   6.4930113e-01
   4.1300000e+01   8.2118876e-01   6.3108365e-01
   4.1400000e+01   8.1651195e-01   6.4922808e-01
   4.1500000e+01   8.1064871e-01   6.3890473e-01
   4.1600000e+01   8.0551322e-01   6.3785048e-01
   4.1700000e+01   7.9925909e-01   6.1638833e-01
   4.1800000e+01   7.9375406e-01   5.8694673e-01
   4.1900000e+01   7.9085994e-01   6.1815324e-01
   4.2000000e+01   7.9105283e-01   6.5170089e-01
   4.2100000e+01   7.9430275e-01   6.6287749e-01
   4.2200000e+01   7.9837302e-01   6.4150633e-01
   4.2300000e+01   8.0388254e-01   6.3169699e-01
   4.2400000e+01   8.0917824e-01   6.0365598e-01
   4.2500000e+01   8.1288757e-01   5.8640363e-01
   4.2600000e+01   8.1695133e-01   5.8408274e-01
   4.2700000e+01   8.2259877e-01   5.6504516e-01
   4.2800000e+01   8.3175789e-01   5.6027613e-01
   4.2900000e+01   8.4300110e-01   5.7644212e-01
   4.3000000e+01   8.5715020e-01   6.0398327e-01
   4.3100000e+01   8.7102029e-01   5.7443545e-01
   4.3200000e+01   8.8442925e-01   5.7055144e-01
   4.3300000e+01   8.9672787e-01   5.9422889e-01
   4.3400000e+01   9.0761447e-01   5.8517305e-01
   4.3500000e+01   9.1588213e-01   5.6890333e-01
   4.3600000e+01   9.2346543e-01   5.7269043e-01
   4.3700000e+01   9.3058156e-01   5.7548197e-01
   4.3800000e+01   9.3759632e-01   5.6731114e-01
   4.3900000e+01   9.4554454e-01   5.8368334e-01
   4.4000000e+01   9.5438069e-01   6.1040760e-01
   4.4100000e+01   9.5903165e-01   6.2276986e-01
   4.4200000e+01   9.6164999e-01   6.4673286e-01
   4.4300000e+01   9.6008772e-01   6.4661479e-01
   4.4400000e+01   9.5802867e-01   5.8778257e-01
   4.4500000e+01   9.5341148e-01   5.8582814e-01
   4.4600000e+01   9.4819166e-01   5.8081897e-01
   4.4700000e+01   9.4276834e-01   5.9805242e-01
   4.4800000e+01   9.3896835e-01   6.1124752e-01
   4.4900000e+01   9.3535160e-01   6.0457601e-01
   4.5000000e+01   9.3160047e-01   6.1737607e-01
   4.5100000e+01   9.2784031e-01   6.2695330e-01
   4.5200000e+01   9.2205827e-01   6.2722007e-01
   4.5300000e+01   9.1488682e-01   6.2625116e-01
   4.5400000e+01   9.0758811e-01   5.9225191e-01
   4.5500000e+01   9.0191917e-01   5.8262050e-01
   4.5600000e+01   8.9966896e-01   5.8707924e-01
   4.5700000e+01   8.9853334e-01   5.9902398e-01
   4.5800000e+01   8.9735157e-01   5.7397956e-01
   4.5900000e+01   8.9420516e-01   5.4884117e-01
   4.6000000e+01   8.9074840e-01   5.7945717e-01
   4.6100000e+01   8.8931547e-01   6.2820781e-01
   4.6200000e+01   8.8689724e-01   6.5543872e-01
   4.6300000e+01   8.8288788e-01   6.9672872e-01
   4.6400000e+01   8.7687744e-01   6.9075320e-01
   4.6500000e+01   8.6957985e-01   6.6570046e-01
   4.6600000e+01   8.6216020e-01   6.4682239e-01
   4.6700000e+01   8.5546411e-01   6.2824194e-01
   4.6800000e+01   8.4560149e-01   5.9372179e-01
   4.6900000e+01   8.3471805e-01   5.8779097e-01
   4.7000000e+01   8.2455729e-01   5.8494728e-01
   4.7100000e+01   8.1759269e-01   6.1042311e-01
   4.7200000e+01   8.0972979e-01   6.0986540e-01
   4.7300000e+01   8.0049662e-01   6.3279338e-01
   4.7400000e+01   7.8988689e-01   6.4159097e-01
   4.7500000e+01   7.8003604e-01   6.3486027e-01
   4.7600000e+01   7.6995785e-01   6.7099558e-01
   4.7700000e+01   7.6323830e-01   6.4826368e-01
   4.7800000e+01   7.5987571e-01   6.6329329e-01
   4.7900000e+01   7.5762005e-01   6.7116003e-01
   4.8000000e+01   7.5683573e-01   6.5639762e-01
   4.8100000e+01   7.5755033e-01   6.6897642e-01
   4.8200000e+01   7.5742501e-01   6.6458049e-01
   4.8300000e+01   7.5429753e-01   6.5547029e-01
   4.8400000e+01   7.4705580e-01   6.3466938e-01
   4.8500000e+01   7.4114790e-01   6.5316777e-01
   4.8600000e+01   7.3502968e-01   6.3242665e-01
   4.8700000e+01   7.2815159e-01   5.8871189e-01
   4.8800000e+01   7.2122905e-01   6.2001670e-01
   4.8900000e+01   7.1842391e-01   5.9434330e-01
   4.9000000e+01   7.1717230e-01   6.1524711e-01
   4.9100000e+01   7.1402659e-01   6.0225359e-01
   4.9200000e+01   7.0928090e-01   6.1106348e-01
   4.9300000e+01   7.0622804e-01   6.2339455e-01
   4.9400000e+01   7.0255182e-01   6.1582707e-01
   4.9500000e+01   6.9990357e-01   6.2146127e-01
   4.9600000e+01   6.9991222e-01   6.1765071e-01
   4.9700000e+01   7.0190393e-01   6.0987454e-01
   4.9800000e+01   7.0125589e-01   5.9586362e-01
   4.9900000e+01   7.0044948e-01   5.8219251e-01
   5.0000000e+01   6.9886023e-01   5.8533431e-01
