  -1.2000000e+03   1.0150000e+03   1.0151000e+03   1.0189000e+03   1.0159000e+03   1.0114000e+03   1.0083000e+03   1.0184000e+03   1.0183000e+03   1.0096000e+03   1.0072000e+03   1.0088000e+03   1.0073000e+03   1.0120000e+03   1.0145000e+03
  -1.1990000e+03   1.0151000e+03   1.0160000e+03   1.0190000e+03   1.0149000e+03   1.0110000e+03   1.0077000e+03   1.0187000e+03   1.0189000e+03   1.0096000e+03   1.0068333e+03   1.0088000e+03   1.0076333e+03   1.0116000e+03   1.0145000e+03
  -1.1980000e+03   1.0160000e+03   1.0160000e+03   1.0194500e+03   1.0151000e+03   1.0112000e+03   1.0067000e+03   1.0190000e+03   1.0194000e+03   1.0096000e+03   1.0064667e+03   1.0088000e+03   1.0079667e+03   1.0110000e+03   1.0146000e+03
  -1.1970000e+03   1.0167000e+03   1.0161000e+03   1.0199000e+03   1.0149000e+03   1.0105000e+03   1.0062000e+03   1.0197000e+03   1.0197000e+03   1.0096000e+03   1.0061000e+03   1.0088000e+03   1.0083000e+03   1.0106000e+03   1.0149000e+03
  -1.1960000e+03   1.0165000e+03   1.0162000e+03   1.0197000e+03   1.0150000e+03   1.0103000e+03   1.0058000e+03   1.0201000e+03   1.0198000e+03   1.0096666e+03   1.0065667e+03   1.0079000e+03   1.0082667e+03   1.0099000e+03   1.0151000e+03
  -1.1950000e+03   1.0163000e+03   1.0158000e+03   1.0197000e+03   1.0155000e+03   1.0107000e+03   1.0053000e+03   1.0200000e+03   1.0190000e+03   1.0097333e+03   1.0070333e+03   1.0070000e+03   1.0082333e+03   1.0096000e+03   1.0153000e+03
  -1.1940000e+03   1.0163000e+03   1.0157000e+03   1.0202000e+03   1.0155000e+03   1.0105000e+03   1.0048000e+03   1.0199000e+03   1.0194000e+03   1.0098000e+03   1.0075000e+03   1.0061000e+03   1.0082000e+03   1.0107000e+03   1.0155000e+03
  -1.1930000e+03   1.0168000e+03   1.0154000e+03   1.0209000e+03   1.0157000e+03   1.0110000e+03   1.0049000e+03   1.0200000e+03   1.0189000e+03   1.0093333e+03   1.0079000e+03   1.0058333e+03   1.0080833e+03   1.0113000e+03   1.0155000e+03
  -1.1920000e+03   1.0163000e+03   1.0152000e+03   1.0208000e+03   1.0161000e+03   1.0116000e+03   1.0050000e+03   1.0197000e+03   1.0187000e+03   1.0088667e+03   1.0083000e+03   1.0055667e+03   1.0079667e+03   1.0113000e+03   1.0155000e+03
  -1.1910000e+03   1.0155000e+03   1.0149000e+03   1.0204000e+03   1.0161000e+03   1.0121000e+03   1.0052000e+03   1.0195000e+03   1.0186000e+03   1.0084000e+03   1.0087000e+03   1.0053000e+03   1.0078500e+03   1.0116000e+03   1.0149000e+03
  -1.1900000e+03   1.0155000e+03   1.0151000e+03   1.0207000e+03   1.0161000e+03   1.0124000e+03   1.0054000e+03   1.0189000e+03   1.0184000e+03   1.0086333e+03   1.0080667e+03   1.0060667e+03   1.0077333e+03   1.0117000e+03   1.0147000e+03
  -1.1890000e+03   1.0155000e+03   1.0155000e+03   1.0200000e+03   1.0156000e+03   1.0127000e+03   1.0058000e+03   1.0181000e+03   1.0191000e+03   1.0088667e+03   1.0074333e+03   1.0068333e+03   1.0076167e+03   1.0116000e+03   1.0143000e+03
  -1.1880000e+03   1.0148000e+03   1.0156000e+03   1.0196000e+03   1.0151000e+03   1.0128000e+03   1.0062000e+03   1.0173000e+03   1.0198000e+03   1.0091000e+03   1.0068000e+03   1.0076000e+03   1.0075000e+03   1.0112000e+03   1.0137000e+03
  -1.1870000e+03   1.0145000e+03   1.0163000e+03   1.0197000e+03   1.0146000e+03   1.0134000e+03   1.0063000e+03   1.0168000e+03   1.0201000e+03   1.0087166e+03   1.0067333e+03   1.0075667e+03   1.0076000e+03   1.0111000e+03   1.0133000e+03
  -1.1860000e+03   1.0145000e+03   1.0166000e+03   1.0199000e+03   1.0142000e+03   1.0133000e+03   1.0066000e+03   1.0164000e+03   1.0210000e+03   1.0083333e+03   1.0066666e+03   1.0075333e+03   1.0077000e+03   1.0113000e+03   1.0128000e+03
  -1.1850000e+03   1.0150000e+03   1.0168000e+03   1.0207000e+03   1.0137000e+03   1.0131000e+03   1.0068000e+03   1.0163000e+03   1.0207000e+03   1.0079500e+03   1.0066000e+03   1.0075000e+03   1.0078000e+03   1.0115000e+03   1.0129000e+03
  -1.1840000e+03   1.0160000e+03   1.0170000e+03   1.0211000e+03   1.0143000e+03   1.0133000e+03   1.0077000e+03   1.0166000e+03   1.0195000e+03   1.0075667e+03   1.0068333e+03   1.0071000e+03   1.0076667e+03   1.0119000e+03   1.0125000e+03
  -1.1830000e+03   1.0161000e+03   1.0171000e+03   1.0213000e+03   1.0144000e+03   1.0125000e+03   1.0085000e+03   1.0173000e+03   1.0188000e+03   1.0071833e+03   1.0070667e+03   1.0067000e+03   1.0075333e+03   1.0121000e+03   1.0126000e+03
  -1.1820000e+03   1.0163000e+03   1.0170000e+03   1.0212000e+03   1.0151000e+03   1.0125000e+03   1.0095000e+03   1.0175000e+03   1.0182000e+03   1.0068000e+03   1.0073000e+03   1.0063000e+03   1.0074000e+03   1.0125000e+03   1.0131000e+03
  -1.1810000e+03   1.0163000e+03   1.0166000e+03   1.0208000e+03   1.0157000e+03   1.0129000e+03   1.0107000e+03   1.0176000e+03   1.0181000e+03   1.0068667e+03   1.0068667e+03   1.0064333e+03   1.0072334e+03   1.0129000e+03   1.0137000e+03
  -1.1800000e+03   1.0163000e+03   1.0163000e+03   1.0204000e+03   1.0160000e+03   1.0133000e+03   1.0117000e+03   1.0177000e+03   1.0176000e+03   1.0069333e+03   1.0064333e+03   1.0065667e+03   1.0070667e+03   1.0129000e+03   1.0136000e+03
  -1.1790000e+03   1.0163000e+03   1.0157000e+03   1.0200000e+03   1.0160000e+03   1.0140000e+03   1.0126000e+03   1.0175000e+03   1.0175000e+03   1.0070000e+03   1.0060000e+03   1.0067000e+03   1.0069000e+03   1.0128000e+03   1.0137000e+03
  -1.1780000e+03   1.0158000e+03   1.0153000e+03   1.0192000e+03   1.0161000e+03   1.0148000e+03   1.0131000e+03   1.0175000e+03   1.0180000e+03   1.0076667e+03   1.0050667e+03   1.0072667e+03   1.0068334e+03   1.0123500e+03   1.0134000e+03
  -1.1770000e+03   1.0153000e+03   1.0152000e+03   1.0191000e+03   1.0158000e+03   1.0151000e+03   1.0134000e+03   1.0172000e+03   1.0182000e+03   1.0083333e+03   1.0041333e+03   1.0078334e+03   1.0067667e+03   1.0119000e+03   1.0128000e+03
  -1.1760000e+03   1.0160000e+03   1.0154000e+03   1.0184000e+03   1.0156000e+03   1.0156000e+03   1.0137000e+03   1.0173000e+03   1.0186000e+03   1.0090000e+03   1.0032000e+03   1.0084000e+03   1.0067000e+03   1.0118000e+03   1.0124000e+03
  -1.1750000e+03   1.0160000e+03   1.0158000e+03   1.0182000e+03   1.0152000e+03   1.0156000e+03   1.0139000e+03   1.0174000e+03   1.0190000e+03   1.0090000e+03   1.0034000e+03   1.0083667e+03   1.0071000e+03   1.0111500e+03   1.0123000e+03
  -1.1740000e+03   1.0163000e+03   1.0161000e+03   1.0180000e+03   1.0148000e+03   1.0150000e+03   1.0137000e+03   1.0178000e+03   1.0196500e+03   1.0090000e+03   1.0036000e+03   1.0083333e+03   1.0075000e+03   1.0105000e+03   1.0123000e+03
  -1.1730000e+03   1.0170000e+03   1.0169000e+03   1.0178000e+03   1.0146000e+03   1.0149000e+03   1.0132000e+03   1.0183000e+03   1.0203000e+03   1.0090000e+03   1.0038000e+03   1.0083000e+03   1.0079000e+03   1.0099000e+03   1.0128000e+03
  -1.1720000e+03   1.0177000e+03   1.0174000e+03   1.0176000e+03   1.0147000e+03   1.0146000e+03   1.0132000e+03   1.0188000e+03   1.0202000e+03   1.0090000e+03   1.0044333e+03   1.0077000e+03   1.0077667e+03   1.0113000e+03   1.0135000e+03
  -1.1710000e+03   1.0180000e+03   1.0172000e+03   1.0178000e+03   1.0150000e+03   1.0147000e+03   1.0132000e+03   1.0192000e+03   1.0200000e+03   1.0090000e+03   1.0050667e+03   1.0071000e+03   1.0076333e+03   1.0111000e+03   1.0138000e+03
  -1.1700000e+03   1.0182000e+03   1.0168000e+03   1.0191000e+03   1.0154000e+03   1.0148000e+03   1.0132000e+03   1.0192000e+03   1.0202000e+03   1.0090000e+03   1.0057000e+03   1.0065000e+03   1.0075000e+03   1.0116666e+03   1.0138000e+03
  -1.1690000e+03   1.0182000e+03   1.0164000e+03   1.0192000e+03   1.0156000e+03   1.0155000e+03   1.0136000e+03   1.0193000e+03   1.0201000e+03   1.0090000e+03   1.0058333e+03   1.0059000e+03   1.0073000e+03   1.0122333e+03   1.0137000e+03
  -1.1680000e+03   1.0177000e+03   1.0161000e+03   1.0198000e+03   1.0157000e+03   1.0163000e+03   1.0139000e+03   1.0192000e+03   1.0200000e+03   1.0090000e+03   1.0059667e+03   1.0053000e+03   1.0071000e+03   1.0128000e+03   1.0141000e+03
  -1.1670000e+03   1.0172000e+03   1.0159000e+03   1.0201000e+03   1.0156000e+03   1.0169000e+03   1.0143000e+03   1.0186000e+03   1.0193000e+03   1.0090000e+03   1.0061000e+03   1.0047000e+03   1.0069000e+03   1.0119000e+03   1.0138000e+03
  -1.1660000e+03   1.0167000e+03   1.0159000e+03   1.0190000e+03   1.0155000e+03   1.0173000e+03   1.0150000e+03   1.0179000e+03   1.0186000e+03   1.0091000e+03   1.0057000e+03   1.0054667e+03   1.0071667e+03   1.0114000e+03   1.0133000e+03
  -1.1650000e+03   1.0163000e+03   1.0162000e+03   1.0186000e+03   1.0151000e+03   1.0177000e+03   1.0157000e+03   1.0173000e+03   1.0187000e+03   1.0092000e+03   1.0053000e+03   1.0062333e+03   1.0074333e+03   1.0113000e+03   1.0128000e+03
  -1.1640000e+03   1.0167000e+03   1.0167000e+03   1.0182000e+03   1.0144000e+03   1.0177000e+03   1.0159000e+03   1.0165000e+03   1.0192000e+03   1.0093000e+03   1.0049000e+03   1.0070000e+03   1.0077000e+03   1.0111000e+03   1.0121000e+03
  -1.1630000e+03   1.0177000e+03   1.0170000e+03   1.0183000e+03   1.0138000e+03   1.0178000e+03   1.0163000e+03   1.0158000e+03   1.0195000e+03   1.0092333e+03   1.0042334e+03   1.0073000e+03   1.0076333e+03   1.0107000e+03   1.0114000e+03
  -1.1620000e+03   1.0167000e+03   1.0173000e+03   1.0188000e+03   1.0132000e+03   1.0175000e+03   1.0163000e+03   1.0152000e+03   1.0199000e+03   1.0091666e+03   1.0035667e+03   1.0076000e+03   1.0075667e+03   1.0109000e+03   1.0113000e+03
  -1.1610000e+03   1.0177000e+03   1.0176000e+03   1.0192000e+03   1.0138000e+03   1.0170000e+03   1.0162000e+03   1.0148000e+03   1.0200000e+03   1.0091000e+03   1.0029000e+03   1.0079000e+03   1.0075000e+03   1.0115000e+03   1.0110000e+03
  -1.1600000e+03   1.0182000e+03   1.0180000e+03   1.0192000e+03   1.0139000e+03   1.0170000e+03   1.0164000e+03   1.0152000e+03   1.0198000e+03   1.0083667e+03   1.0034000e+03   1.0075000e+03   1.0072333e+03   1.0116000e+03   1.0114000e+03
  -1.1590000e+03   1.0183000e+03   1.0182000e+03   1.0195000e+03   1.0144000e+03   1.0166000e+03   1.0169000e+03   1.0158000e+03   1.0193000e+03   1.0076333e+03   1.0039000e+03   1.0071000e+03   1.0069667e+03   1.0121000e+03   1.0118000e+03
  -1.1580000e+03   1.0194000e+03   1.0178000e+03   1.0197000e+03   1.0147000e+03   1.0169000e+03   1.0174000e+03   1.0165000e+03   1.0188000e+03   1.0069000e+03   1.0044000e+03   1.0067000e+03   1.0067000e+03   1.0126000e+03   1.0123000e+03
  -1.1570000e+03   1.0195000e+03   1.0169000e+03   1.0195000e+03   1.0153000e+03   1.0175000e+03   1.0180000e+03   1.0172000e+03   1.0182000e+03   1.0071000e+03   1.0043000e+03   1.0067667e+03   1.0064333e+03   1.0130000e+03   1.0123000e+03
  -1.1560000e+03   1.0190000e+03   1.0166000e+03   1.0194000e+03   1.0154000e+03   1.0176000e+03   1.0186000e+03   1.0169000e+03   1.0181000e+03   1.0073000e+03   1.0042000e+03   1.0068334e+03   1.0061667e+03   1.0128000e+03   1.0125000e+03
  -1.1550000e+03   1.0183000e+03   1.0167000e+03   1.0191000e+03   1.0158000e+03   1.0186000e+03   1.0189000e+03   1.0167000e+03   1.0181000e+03   1.0075000e+03   1.0041000e+03   1.0069000e+03   1.0059000e+03   1.0129000e+03   1.0122000e+03
  -1.1540000e+03   1.0182000e+03   1.0161000e+03   1.0184000e+03   1.0158000e+03   1.0193000e+03   1.0189000e+03   1.0167000e+03   1.0183000e+03   1.0077000e+03   1.0034333e+03   1.0069000e+03   1.0059333e+03   1.0127000e+03   1.0122000e+03
  -1.1530000e+03   1.0180000e+03   1.0158000e+03   1.0180000e+03   1.0153000e+03   1.0194000e+03   1.0189000e+03   1.0164000e+03   1.0185000e+03   1.0079000e+03   1.0027666e+03   1.0069000e+03   1.0059667e+03   1.0125000e+03   1.0118000e+03
  -1.1520000e+03   1.0185000e+03   1.0157000e+03   1.0172000e+03   1.0149000e+03   1.0191000e+03   1.0187000e+03   1.0164000e+03   1.0190000e+03   1.0081000e+03   1.0021000e+03   1.0069000e+03   1.0060000e+03   1.0122000e+03   1.0119000e+03
  -1.1510000e+03   1.0185000e+03   1.0162000e+03   1.0174000e+03   1.0142000e+03   1.0188000e+03   1.0182000e+03   1.0165000e+03   1.0199000e+03   1.0080444e+03   1.0022333e+03   1.0071000e+03   1.0065000e+03   1.0116000e+03   1.0118000e+03
  -1.1500000e+03   1.0194000e+03   1.0165000e+03   1.0177334e+03   1.0141000e+03   1.0181000e+03   1.0178000e+03   1.0168000e+03   1.0199000e+03   1.0079889e+03   1.0023667e+03   1.0073000e+03   1.0070000e+03   1.0111000e+03   1.0115000e+03
  -1.1490000e+03   1.0195000e+03   1.0168000e+03   1.0180667e+03   1.0144000e+03   1.0175000e+03   1.0173000e+03   1.0172000e+03   1.0204000e+03   1.0079333e+03   1.0025000e+03   1.0075000e+03   1.0075000e+03   1.0108000e+03   1.0120000e+03
  -1.1480000e+03   1.0204000e+03   1.0169000e+03   1.0184000e+03   1.0146000e+03   1.0172000e+03   1.0173000e+03   1.0179000e+03   1.0204000e+03   1.0078778e+03   1.0030333e+03   1.0065000e+03   1.0073333e+03   1.0106000e+03   1.0125000e+03
  -1.1470000e+03   1.0204000e+03   1.0169000e+03   1.0191000e+03   1.0149000e+03   1.0170000e+03   1.0174000e+03   1.0182000e+03   1.0200000e+03   1.0078222e+03   1.0035667e+03   1.0055000e+03   1.0071667e+03   1.0111000e+03   1.0133000e+03
  -1.1460000e+03   1.0204000e+03   1.0168000e+03   1.0197000e+03   1.0151000e+03   1.0174000e+03   1.0173000e+03   1.0186000e+03   1.0196000e+03   1.0077666e+03   1.0041000e+03   1.0045000e+03   1.0070000e+03   1.0115000e+03   1.0136000e+03
  -1.1450000e+03   1.0207000e+03   1.0165000e+03   1.0204000e+03   1.0154000e+03   1.0177000e+03   1.0171000e+03   1.0184000e+03   1.0187000e+03   1.0077111e+03   1.0042666e+03   1.0048333e+03   1.0068000e+03   1.0125000e+03   1.0135000e+03
  -1.1440000e+03   1.0205000e+03   1.0162000e+03   1.0205000e+03   1.0156000e+03   1.0182000e+03   1.0176000e+03   1.0183000e+03   1.0187000e+03   1.0076555e+03   1.0044333e+03   1.0051667e+03   1.0066000e+03   1.0127000e+03   1.0138000e+03
  -1.1430000e+03   1.0200000e+03   1.0159000e+03   1.0206000e+03   1.0160000e+03   1.0188000e+03   1.0177000e+03   1.0180000e+03   1.0183000e+03   1.0076000e+03   1.0046000e+03   1.0055000e+03   1.0064000e+03   1.0126000e+03   1.0138000e+03
  -1.1420000e+03   1.0202000e+03   1.0156000e+03   1.0205000e+03   1.0160000e+03   1.0192000e+03   1.0180000e+03   1.0172000e+03   1.0180000e+03   1.0081333e+03   1.0044667e+03   1.0057667e+03   1.0065333e+03   1.0123000e+03   1.0134000e+03
  -1.1410000e+03   1.0199000e+03   1.0158000e+03   1.0202000e+03   1.0157000e+03   1.0198000e+03   1.0184000e+03   1.0159000e+03   1.0179000e+03   1.0086667e+03   1.0043333e+03   1.0060333e+03   1.0066667e+03   1.0118000e+03   1.0130000e+03
  -1.1400000e+03   1.0192000e+03   1.0160000e+03   1.0200000e+03   1.0151000e+03   1.0196000e+03   1.0183000e+03   1.0152000e+03   1.0184000e+03   1.0092000e+03   1.0042000e+03   1.0063000e+03   1.0068000e+03   1.0116000e+03   1.0130000e+03
  -1.1390000e+03   1.0192000e+03   1.0166000e+03   1.0197000e+03   1.0156000e+03   1.0188000e+03   1.0180000e+03   1.0148000e+03   1.0184000e+03   1.0091000e+03   1.0041333e+03   1.0067333e+03   1.0067000e+03   1.0115000e+03   1.0126000e+03
  -1.1380000e+03   1.0195000e+03   1.0167000e+03   1.0200000e+03   1.0156000e+03   1.0185000e+03   1.0176000e+03   1.0151000e+03   1.0186000e+03   1.0090000e+03   1.0040667e+03   1.0071666e+03   1.0066000e+03   1.0116000e+03   1.0123000e+03
  -1.1370000e+03   1.0204000e+03   1.0168000e+03   1.0200000e+03   1.0158000e+03   1.0178000e+03   1.0172000e+03   1.0161000e+03   1.0188000e+03   1.0089000e+03   1.0040000e+03   1.0076000e+03   1.0065000e+03   1.0119000e+03   1.0125000e+03
  -1.1360000e+03   1.0209000e+03   1.0166000e+03   1.0205000e+03   1.0151000e+03   1.0174000e+03   1.0171000e+03   1.0171000e+03   1.0184000e+03   1.0079667e+03   1.0045000e+03   1.0073167e+03   1.0063333e+03   1.0122000e+03   1.0126000e+03
  -1.1350000e+03   1.0212000e+03   1.0165000e+03   1.0208000e+03   1.0148000e+03   1.0173000e+03   1.0170000e+03   1.0166000e+03   1.0183000e+03   1.0070333e+03   1.0050000e+03   1.0070333e+03   1.0061667e+03   1.0127000e+03   1.0131000e+03
  -1.1340000e+03   1.0216000e+03   1.0161000e+03   1.0210000e+03   1.0153000e+03   1.0172000e+03   1.0174000e+03   1.0161000e+03   1.0180000e+03   1.0061000e+03   1.0055000e+03   1.0067500e+03   1.0060000e+03   1.0131000e+03   1.0136000e+03
  -1.1330000e+03   1.0214000e+03   1.0156000e+03   1.0210000e+03   1.0153000e+03   1.0174000e+03   1.0176000e+03   1.0164500e+03   1.0179000e+03   1.0064222e+03   1.0054333e+03   1.0064667e+03   1.0060333e+03   1.0134000e+03   1.0139000e+03
  -1.1320000e+03   1.0212000e+03   1.0149000e+03   1.0212000e+03   1.0160000e+03   1.0177000e+03   1.0182000e+03   1.0168000e+03   1.0176000e+03   1.0067444e+03   1.0053667e+03   1.0061833e+03   1.0060667e+03   1.0136000e+03   1.0141000e+03
  -1.1310000e+03   1.0209000e+03   1.0143000e+03   1.0208000e+03   1.0163000e+03   1.0179000e+03   1.0183000e+03   1.0164000e+03   1.0175000e+03   1.0070667e+03   1.0053000e+03   1.0059000e+03   1.0061000e+03   1.0137000e+03   1.0139000e+03
  -1.1300000e+03   1.0204000e+03   1.0137000e+03   1.0202000e+03   1.0160000e+03   1.0187000e+03   1.0183000e+03   1.0164000e+03   1.0179000e+03   1.0073889e+03   1.0048333e+03   1.0062667e+03   1.0061333e+03   1.0137000e+03   1.0140000e+03
  -1.1290000e+03   1.0199000e+03   1.0132000e+03   1.0192000e+03   1.0160000e+03   1.0192000e+03   1.0179000e+03   1.0164000e+03   1.0182000e+03   1.0077111e+03   1.0043667e+03   1.0066333e+03   1.0061667e+03   1.0133000e+03   1.0136000e+03
  -1.1280000e+03   1.0199000e+03   1.0133000e+03   1.0183000e+03   1.0155000e+03   1.0191000e+03   1.0179000e+03   1.0163000e+03   1.0187000e+03   1.0080333e+03   1.0039000e+03   1.0070000e+03   1.0062000e+03   1.0128000e+03   1.0133000e+03
  -1.1270000e+03   1.0200000e+03   1.0132000e+03   1.0184000e+03   1.0146000e+03   1.0182000e+03   1.0180000e+03   1.0166000e+03   1.0194000e+03   1.0083556e+03   1.0039000e+03   1.0067333e+03   1.0063667e+03   1.0123000e+03   1.0131000e+03
  -1.1260000e+03   1.0204000e+03   1.0135000e+03   1.0196000e+03   1.0143000e+03   1.0174000e+03   1.0170000e+03   1.0168000e+03   1.0193000e+03   1.0086778e+03   1.0039000e+03   1.0064667e+03   1.0065333e+03   1.0115000e+03   1.0132000e+03
  -1.1250000e+03   1.0214000e+03   1.0140000e+03   1.0208000e+03   1.0145000e+03   1.0165000e+03   1.0167000e+03   1.0173000e+03   1.0198000e+03   1.0090000e+03   1.0039000e+03   1.0062000e+03   1.0067000e+03   1.0114000e+03   1.0135000e+03
  -1.1240000e+03   1.0217000e+03   1.0143000e+03   1.0208000e+03   1.0149000e+03   1.0164000e+03   1.0162000e+03   1.0179000e+03   1.0198000e+03   1.0087000e+03   1.0045667e+03   1.0054333e+03   1.0064333e+03   1.0115000e+03   1.0141000e+03
  -1.1230000e+03   1.0221000e+03   1.0144000e+03   1.0211000e+03   1.0155000e+03   1.0166000e+03   1.0148000e+03   1.0181000e+03   1.0196000e+03   1.0084000e+03   1.0052334e+03   1.0046667e+03   1.0061667e+03   1.0118000e+03   1.0147000e+03
  -1.1220000e+03   1.0224000e+03   1.0142000e+03   1.0215000e+03   1.0167000e+03   1.0170000e+03   1.0141000e+03   1.0184000e+03   1.0197000e+03   1.0081000e+03   1.0059000e+03   1.0039000e+03   1.0059000e+03   1.0121000e+03   1.0150000e+03
  -1.1210000e+03   1.0224000e+03   1.0138000e+03   1.0213333e+03   1.0169000e+03   1.0174000e+03   1.0145000e+03   1.0186000e+03   1.0189000e+03   1.0077666e+03   1.0064667e+03   1.0039000e+03   1.0056000e+03   1.0127000e+03   1.0150000e+03
  -1.1200000e+03   1.0222000e+03   1.0132000e+03   1.0211667e+03   1.0174000e+03   1.0177000e+03   1.0145000e+03   1.0180000e+03   1.0187000e+03   1.0074333e+03   1.0070333e+03   1.0039000e+03   1.0053000e+03   1.0124000e+03   1.0153000e+03
  -1.1190000e+03   1.0221000e+03   1.0129000e+03   1.0210000e+03   1.0171000e+03   1.0178000e+03   1.0147000e+03   1.0177000e+03   1.0184000e+03   1.0071000e+03   1.0076000e+03   1.0039000e+03   1.0050000e+03   1.0125000e+03   1.0154000e+03
  -1.1180000e+03   1.0216000e+03   1.0127000e+03   1.0207000e+03   1.0173000e+03   1.0180000e+03   1.0149000e+03   1.0170000e+03   1.0178000e+03   1.0075000e+03   1.0071666e+03   1.0041334e+03   1.0049667e+03   1.0126000e+03   1.0146000e+03
  -1.1170000e+03   1.0212000e+03   1.0127000e+03   1.0200000e+03   1.0172000e+03   1.0182000e+03   1.0150000e+03   1.0161000e+03   1.0182000e+03   1.0079000e+03   1.0067333e+03   1.0043667e+03   1.0049333e+03   1.0123000e+03   1.0140000e+03
  -1.1160000e+03   1.0209000e+03   1.0134000e+03   1.0202000e+03   1.0172000e+03   1.0180000e+03   1.0155000e+03   1.0155000e+03   1.0186000e+03   1.0083000e+03   1.0063000e+03   1.0046000e+03   1.0049000e+03   1.0118000e+03   1.0134000e+03
  -1.1150000e+03   1.0212000e+03   1.0140000e+03   1.0203000e+03   1.0172000e+03   1.0173000e+03   1.0152000e+03   1.0154000e+03   1.0188000e+03   1.0081000e+03   1.0062333e+03   1.0048333e+03   1.0047334e+03   1.0116000e+03   1.0132000e+03
  -1.1140000e+03   1.0207000e+03   1.0142000e+03   1.0203000e+03   1.0165000e+03   1.0167000e+03   1.0147000e+03   1.0151000e+03   1.0192000e+03   1.0079000e+03   1.0061666e+03   1.0050667e+03   1.0045667e+03   1.0118000e+03   1.0136000e+03
  -1.1130000e+03   1.0216000e+03   1.0144000e+03   1.0208000e+03   1.0160000e+03   1.0163000e+03   1.0141000e+03   1.0155000e+03   1.0195000e+03   1.0077000e+03   1.0061000e+03   1.0053000e+03   1.0044000e+03   1.0121000e+03   1.0137000e+03
  -1.1120000e+03   1.0224000e+03   1.0140000e+03   1.0212000e+03   1.0159000e+03   1.0162000e+03   1.0138000e+03   1.0160000e+03   1.0199000e+03   1.0071000e+03   1.0067000e+03   1.0045333e+03   1.0039667e+03   1.0125000e+03   1.0141000e+03
  -1.1110000e+03   1.0229000e+03   1.0140000e+03   1.0216000e+03   1.0159000e+03   1.0159000e+03   1.0140000e+03   1.0159000e+03   1.0196000e+03   1.0065000e+03   1.0073000e+03   1.0037667e+03   1.0035333e+03   1.0131000e+03   1.0140000e+03
  -1.1100000e+03   1.0228000e+03   1.0139000e+03   1.0220000e+03   1.0163000e+03   1.0156000e+03   1.0145000e+03   1.0163000e+03   1.0191000e+03   1.0059000e+03   1.0079000e+03   1.0030000e+03   1.0031000e+03   1.0135000e+03   1.0148000e+03
  -1.1090000e+03   1.0222000e+03   1.0134000e+03   1.0221000e+03   1.0164000e+03   1.0158000e+03   1.0147000e+03   1.0166000e+03   1.0187000e+03   1.0055000e+03   1.0080333e+03   1.0026333e+03   1.0025667e+03   1.0140000e+03   1.0151000e+03
  -1.1080000e+03   1.0219000e+03   1.0123000e+03   1.0221000e+03   1.0162000e+03   1.0161000e+03   1.0149000e+03   1.0169000e+03   1.0187000e+03   1.0051000e+03   1.0081667e+03   1.0022667e+03   1.0020333e+03   1.0140000e+03   1.0152000e+03
  -1.1070000e+03   1.0216000e+03   1.0116000e+03   1.0213000e+03   1.0165000e+03   1.0162000e+03   1.0152000e+03   1.0168000e+03   1.0188000e+03   1.0047000e+03   1.0083000e+03   1.0019000e+03   1.0015000e+03   1.0146000e+03   1.0156000e+03
  -1.1060000e+03   1.0207000e+03   1.0113000e+03   1.0206000e+03   1.0164000e+03   1.0172000e+03   1.0151000e+03   1.0165000e+03   1.0192000e+03   1.0048889e+03   1.0077667e+03   1.0027334e+03   1.0016000e+03   1.0140000e+03   1.0156000e+03
  -1.1050000e+03   1.0205000e+03   1.0108000e+03   1.0200000e+03   1.0164000e+03   1.0178000e+03   1.0149000e+03   1.0164000e+03   1.0194000e+03   1.0050778e+03   1.0072333e+03   1.0035667e+03   1.0017000e+03   1.0133000e+03   1.0151000e+03
  -1.1040000e+03   1.0207000e+03   1.0106000e+03   1.0197000e+03   1.0164000e+03   1.0178000e+03   1.0144000e+03   1.0161000e+03   1.0196000e+03   1.0052667e+03   1.0067000e+03   1.0044000e+03   1.0018000e+03   1.0130000e+03   1.0149000e+03
  -1.1030000e+03   1.0209000e+03   1.0115000e+03   1.0194000e+03   1.0159000e+03   1.0173000e+03   1.0143000e+03   1.0164000e+03   1.0199000e+03   1.0054556e+03   1.0067667e+03   1.0042000e+03   1.0024333e+03   1.0123000e+03   1.0148000e+03
  -1.1020000e+03   1.0211000e+03   1.0116000e+03   1.0196000e+03   1.0154000e+03   1.0165000e+03   1.0141000e+03   1.0170000e+03   1.0197000e+03   1.0056445e+03   1.0068334e+03   1.0040000e+03   1.0030667e+03   1.0111000e+03   1.0150000e+03
  -1.1010000e+03   1.0209000e+03   1.0124000e+03   1.0194000e+03   1.0153000e+03   1.0156000e+03   1.0137000e+03   1.0172000e+03   1.0200000e+03   1.0058334e+03   1.0069000e+03   1.0038000e+03   1.0037000e+03   1.0107000e+03   1.0153000e+03
  -1.1000000e+03   1.0214000e+03   1.0126000e+03   1.0187000e+03   1.0156000e+03   1.0154000e+03   1.0137000e+03   1.0175000e+03   1.0199000e+03   1.0060222e+03   1.0070333e+03   1.0026667e+03   1.0036667e+03   1.0111000e+03   1.0162000e+03
  -1.0990000e+03   1.0216000e+03   1.0127000e+03   1.0200000e+03   1.0160000e+03   1.0156000e+03   1.0138000e+03   1.0177000e+03   1.0196000e+03   1.0062111e+03   1.0071667e+03   1.0015333e+03   1.0036333e+03   1.0110000e+03   1.0168000e+03
  -1.0980000e+03   1.0219000e+03   1.0126000e+03   1.0206000e+03   1.0162000e+03   1.0156000e+03   1.0127000e+03   1.0179000e+03   1.0195000e+03   1.0064000e+03   1.0073000e+03   1.0004000e+03   1.0036000e+03   1.0116000e+03   1.0172000e+03
  -1.0970000e+03   1.0217000e+03   1.0123000e+03   1.0212000e+03   1.0167000e+03   1.0159000e+03   1.0118000e+03   1.0181000e+03   1.0190000e+03   1.0065667e+03   1.0076333e+03   1.0003000e+03   1.0032666e+03   1.0123000e+03   1.0175000e+03
  -1.0960000e+03   1.0216000e+03   1.0120000e+03   1.0217000e+03   1.0170000e+03   1.0161000e+03   1.0124000e+03   1.0179000e+03   1.0187000e+03   1.0067334e+03   1.0079667e+03   1.0002000e+03   1.0029333e+03   1.0129000e+03   1.0176000e+03
  -1.0950000e+03   1.0217000e+03   1.0117000e+03   1.0215000e+03   1.0171000e+03   1.0161000e+03   1.0136000e+03   1.0175000e+03   1.0185000e+03   1.0069000e+03   1.0083000e+03   1.0001000e+03   1.0026000e+03   1.0127000e+03   1.0170000e+03
  -1.0940000e+03   1.0214000e+03   1.0116000e+03   1.0208000e+03   1.0166000e+03   1.0165000e+03   1.0139000e+03   1.0167000e+03   1.0179000e+03   1.0070667e+03   1.0081000e+03   1.0004833e+03   1.0025000e+03   1.0141000e+03   1.0164000e+03
  -1.0930000e+03   1.0211000e+03   1.0122000e+03   1.0200000e+03   1.0165000e+03   1.0168000e+03   1.0139000e+03   1.0163000e+03   1.0178000e+03   1.0072334e+03   1.0079000e+03   1.0008667e+03   1.0024000e+03   1.0148000e+03   1.0158000e+03
  -1.0920000e+03   1.0209000e+03   1.0128000e+03   1.0194000e+03   1.0158000e+03   1.0168000e+03   1.0136000e+03   1.0167000e+03   1.0179000e+03   1.0074000e+03   1.0077000e+03   1.0012500e+03   1.0023000e+03   1.0149000e+03   1.0150000e+03
  -1.0910000e+03   1.0207000e+03   1.0133000e+03   1.0193000e+03   1.0151000e+03   1.0164000e+03   1.0133000e+03   1.0169000e+03   1.0184000e+03   1.0074667e+03   1.0074333e+03   1.0016333e+03   1.0021667e+03   1.0124000e+03   1.0143000e+03
  -1.0900000e+03   1.0205000e+03   1.0138000e+03   1.0190000e+03   1.0145000e+03   1.0160000e+03   1.0136000e+03   1.0158000e+03   1.0190000e+03   1.0075333e+03   1.0071667e+03   1.0020167e+03   1.0020333e+03   1.0109000e+03   1.0140000e+03
  -1.0890000e+03   1.0209000e+03   1.0139000e+03   1.0197000e+03   1.0159000e+03   1.0156000e+03   1.0133000e+03   1.0162000e+03   1.0193000e+03   1.0076000e+03   1.0069000e+03   1.0024000e+03   1.0019000e+03   1.0107000e+03   1.0141000e+03
  -1.0880000e+03   1.0214000e+03   1.0139000e+03   1.0203000e+03   1.0157000e+03   1.0155000e+03   1.0135000e+03   1.0163000e+03   1.0192000e+03   1.0065000e+03   1.0071333e+03   1.0016333e+03   1.0015667e+03   1.0123000e+03   1.0149000e+03
  -1.0870000e+03   1.0217000e+03   1.0140000e+03   1.0208000e+03   1.0151000e+03   1.0157000e+03   1.0136000e+03   1.0161000e+03   1.0192000e+03   1.0054000e+03   1.0073667e+03   1.0008667e+03   1.0012334e+03   1.0130000e+03   1.0168000e+03
  -1.0860000e+03   1.0219000e+03   1.0139000e+03   1.0208000e+03   1.0151000e+03   1.0158000e+03   1.0138000e+03   1.0164000e+03   1.0186000e+03   1.0043000e+03   1.0076000e+03   1.0001000e+03   1.0009000e+03   1.0138000e+03   1.0173000e+03
  -1.0850000e+03   1.0221000e+03   1.0132000e+03   1.0210000e+03   1.0152000e+03   1.0158000e+03   1.0142000e+03   1.0162000e+03   1.0181000e+03   1.0044667e+03   1.0077000e+03   1.0001000e+03   1.0005667e+03   1.0145000e+03   1.0153000e+03
  -1.0840000e+03   1.0216000e+03   1.0129000e+03   1.0208000e+03   1.0154000e+03   1.0156000e+03   1.0149000e+03   1.0165000e+03   1.0175000e+03   1.0046333e+03   1.0078000e+03   1.0001000e+03   1.0002334e+03   1.0151000e+03   1.0151000e+03
  -1.0830000e+03   1.0212000e+03   1.0122000e+03   1.0202000e+03   1.0155000e+03   1.0165000e+03   1.0152000e+03   1.0166000e+03   1.0172000e+03   1.0048000e+03   1.0079000e+03   1.0001000e+03   9.9990002e+02   1.0152000e+03   1.0153000e+03
  -1.0820000e+03   1.0207000e+03   1.0128000e+03   1.0196000e+03   1.0154000e+03   1.0168000e+03   1.0155000e+03   1.0167500e+03   1.0178000e+03   1.0058000e+03   1.0072667e+03   1.0006000e+03   9.9990002e+02   1.0150000e+03   1.0147000e+03
  -1.0810000e+03   1.0200000e+03   1.0121000e+03   1.0203000e+03   1.0151000e+03   1.0170000e+03   1.0153000e+03   1.0169000e+03   1.0180000e+03   1.0068000e+03   1.0066333e+03   1.0011000e+03   9.9990002e+02   1.0148000e+03   1.0142000e+03
  -1.0800000e+03   1.0200000e+03   1.0127000e+03   1.0202000e+03   1.0145000e+03   1.0166000e+03   1.0157000e+03   1.0169000e+03   1.0183000e+03   1.0078000e+03   1.0060000e+03   1.0016000e+03   9.9990002e+02   1.0142000e+03   1.0134000e+03
  -1.0790000e+03   1.0200000e+03   1.0133000e+03   1.0197500e+03   1.0139000e+03   1.0164000e+03   1.0162000e+03   1.0168000e+03   1.0183000e+03   1.0082000e+03   1.0060000e+03   1.0014667e+03   1.0003667e+03   1.0129000e+03   1.0137000e+03
  -1.0780000e+03   1.0204000e+03   1.0142000e+03   1.0193000e+03   1.0136000e+03   1.0160000e+03   1.0160000e+03   1.0173000e+03   1.0182000e+03   1.0086000e+03   1.0060000e+03   1.0013333e+03   1.0008333e+03   1.0120000e+03   1.0133000e+03
  -1.0770000e+03   1.0205000e+03   1.0137000e+03   1.0195000e+03   1.0133000e+03   1.0148000e+03   1.0156000e+03   1.0181000e+03   1.0185000e+03   1.0090000e+03   1.0060000e+03   1.0012000e+03   1.0013000e+03   1.0119000e+03   1.0139000e+03
  -1.0760000e+03   1.0214000e+03   1.0143000e+03   1.0201000e+03   1.0135000e+03   1.0141000e+03   1.0150000e+03   1.0182000e+03   1.0186000e+03   1.0086667e+03   1.0063667e+03   1.0008167e+03   1.0012000e+03   1.0120000e+03   1.0141000e+03
  -1.0750000e+03   1.0216000e+03   1.0146000e+03   1.0204000e+03   1.0137000e+03   1.0140000e+03   1.0148000e+03   1.0181000e+03   1.0183000e+03   1.0083333e+03   1.0067333e+03   1.0004333e+03   1.0011000e+03   1.0119000e+03   1.0145000e+03
  -1.0740000e+03   1.0217000e+03   1.0144000e+03   1.0205000e+03   1.0142000e+03   1.0143000e+03   1.0145000e+03   1.0180000e+03   1.0178000e+03   1.0080000e+03   1.0071000e+03   1.0000500e+03   1.0010000e+03   1.0122000e+03   1.0150000e+03
  -1.0730000e+03   1.0217000e+03   1.0139000e+03   1.0207000e+03   1.0146000e+03   1.0144000e+03   1.0136000e+03   1.0180000e+03   1.0169000e+03   1.0081833e+03   1.0075000e+03   9.9966669e+02   1.0009000e+03   1.0136000e+03   1.0158000e+03
  -1.0720000e+03   1.0214000e+03   1.0135000e+03   1.0204000e+03   1.0148000e+03   1.0145000e+03   1.0143000e+03   1.0177000e+03   1.0167000e+03   1.0083667e+03   1.0079000e+03   9.9928336e+02   1.0008000e+03   1.0140000e+03   1.0154000e+03
  -1.0710000e+03   1.0211000e+03   1.0134000e+03   1.0200000e+03   1.0146000e+03   1.0148000e+03   1.0146000e+03   1.0178000e+03   1.0161000e+03   1.0085500e+03   1.0083000e+03   9.9890002e+02   1.0007000e+03   1.0137000e+03   1.0151000e+03
  -1.0700000e+03   1.0205000e+03   1.0134000e+03   1.0196000e+03   1.0144000e+03   1.0153000e+03   1.0155000e+03   1.0176000e+03   1.0158000e+03   1.0087333e+03   1.0079667e+03   9.9960002e+02   1.0006000e+03   1.0132000e+03   1.0141000e+03
  -1.0690000e+03   1.0204000e+03   1.0136000e+03   1.0192000e+03   1.0142000e+03   1.0155000e+03   1.0160000e+03   1.0168000e+03   1.0157000e+03   1.0089166e+03   1.0076333e+03   1.0003000e+03   1.0005000e+03   1.0130000e+03   1.0134000e+03
  -1.0680000e+03   1.0200000e+03   1.0140000e+03   1.0190000e+03   1.0136000e+03   1.0155000e+03   1.0167000e+03   1.0160000e+03   1.0161000e+03   1.0091000e+03   1.0073000e+03   1.0010000e+03   1.0004000e+03   1.0126000e+03   1.0123000e+03
  -1.0670000e+03   1.0194000e+03   1.0142000e+03   1.0188000e+03   1.0134000e+03   1.0150500e+03   1.0168000e+03   1.0158000e+03   1.0165000e+03   1.0089000e+03   1.0070667e+03   1.0009333e+03   1.0003000e+03   1.0123000e+03   1.0116000e+03
  -1.0660000e+03   1.0199000e+03   1.0147000e+03   1.0191000e+03   1.0128000e+03   1.0146000e+03   1.0165000e+03   1.0159000e+03   1.0168000e+03   1.0087000e+03   1.0068333e+03   1.0008667e+03   1.0002000e+03   1.0124000e+03   1.0113000e+03
  -1.0650000e+03   1.0204000e+03   1.0150000e+03   1.0193000e+03   1.0125000e+03   1.0141000e+03   1.0163000e+03   1.0159000e+03   1.0171000e+03   1.0085000e+03   1.0066000e+03   1.0008000e+03   1.0001000e+03   1.0126000e+03   1.0110000e+03
  -1.0640000e+03   1.0204000e+03   1.0155000e+03   1.0199000e+03   1.0122000e+03   1.0140000e+03   1.0165000e+03   1.0160000e+03   1.0173000e+03   1.0079000e+03   1.0070000e+03   1.0002000e+03   9.9976664e+02   1.0131000e+03   1.0113000e+03
  -1.0630000e+03   1.0211000e+03   1.0155000e+03   1.0208000e+03   1.0122000e+03   1.0138000e+03   1.0162000e+03   1.0163000e+03   1.0168000e+03   1.0073000e+03   1.0074000e+03   9.9960000e+02   9.9943331e+02   1.0136000e+03   1.0114000e+03
  -1.0620000e+03   1.0212000e+03   1.0150000e+03   1.0208000e+03   1.0126000e+03   1.0142000e+03   1.0169000e+03   1.0170000e+03   1.0163000e+03   1.0067000e+03   1.0078000e+03   9.9900000e+02   9.9909998e+02   1.0139000e+03   1.0119000e+03
  -1.0610000e+03   1.0207000e+03   1.0146000e+03   1.0210000e+03   1.0132000e+03   1.0146000e+03   1.0172000e+03   1.0172000e+03   1.0159000e+03   1.0065000e+03   1.0080333e+03   9.9910000e+02   9.9899998e+02   1.0143000e+03   1.0121000e+03
  -1.0600000e+03   1.0204000e+03   1.0141000e+03   1.0209000e+03   1.0135000e+03   1.0150000e+03   1.0175000e+03   1.0171000e+03   1.0157000e+03   1.0063000e+03   1.0082667e+03   9.9919999e+02   9.9889998e+02   1.0147000e+03   1.0123000e+03
  -1.0590000e+03   1.0199000e+03   1.0140000e+03   1.0207000e+03   1.0140000e+03   1.0149000e+03   1.0182000e+03   1.0169000e+03   1.0156000e+03   1.0061000e+03   1.0085000e+03   9.9929999e+02   9.9879999e+02   1.0147000e+03   1.0123000e+03
  -1.0580000e+03   1.0194000e+03   1.0134000e+03   1.0197000e+03   1.0135000e+03   1.0151000e+03   1.0184000e+03   1.0167000e+03   1.0157000e+03   1.0067666e+03   1.0079000e+03   9.9956665e+02   9.9886666e+02   1.0144000e+03   1.0123000e+03
  -1.0570000e+03   1.0189000e+03   1.0134000e+03   1.0197000e+03   1.0133000e+03   1.0155000e+03   1.0187000e+03   1.0164000e+03   1.0163000e+03   1.0074333e+03   1.0073000e+03   9.9983331e+02   9.9893333e+02   1.0133000e+03   1.0121000e+03
  -1.0560000e+03   1.0185000e+03   1.0146000e+03   1.0198000e+03   1.0127000e+03   1.0162000e+03   1.0182000e+03   1.0167000e+03   1.0166000e+03   1.0081000e+03   1.0067000e+03   1.0001000e+03   9.9900000e+02   1.0132667e+03   1.0119000e+03
  -1.0550000e+03   1.0189000e+03   1.0144000e+03   1.0196000e+03   1.0122000e+03   1.0168500e+03   1.0179000e+03   1.0169000e+03   1.0168000e+03   1.0087666e+03   1.0067000e+03   9.9983331e+02   9.9946667e+02   1.0132333e+03   1.0123000e+03
  -1.0540000e+03   1.0194000e+03   1.0153000e+03   1.0186000e+03   1.0118000e+03   1.0175000e+03   1.0177000e+03   1.0173000e+03   1.0167000e+03   1.0094333e+03   1.0067000e+03   9.9956665e+02   9.9993335e+02   1.0132000e+03   1.0123000e+03
  -1.0530000e+03   1.0200000e+03   1.0152000e+03   1.0183000e+03   1.0117000e+03   1.0154000e+03   1.0173000e+03   1.0177000e+03   1.0169000e+03   1.0101000e+03   1.0067000e+03   9.9929999e+02   1.0004000e+03   1.0127000e+03   1.0124000e+03
  -1.0520000e+03   1.0202000e+03   1.0156000e+03   1.0184000e+03   1.0119000e+03   1.0147000e+03   1.0170000e+03   1.0183000e+03   1.0167000e+03   1.0099000e+03   1.0073000e+03   9.9896665e+02   1.0004000e+03   1.0131000e+03   1.0126000e+03
  -1.0510000e+03   1.0205000e+03   1.0159000e+03   1.0193000e+03   1.0126000e+03   1.0142000e+03   1.0168000e+03   1.0186000e+03   1.0163000e+03   1.0097000e+03   1.0079000e+03   9.9863332e+02   1.0004000e+03   1.0130000e+03   1.0127000e+03
  -1.0500000e+03   1.0205000e+03   1.0152000e+03   1.0197000e+03   1.0131000e+03   1.0142000e+03   1.0171000e+03   1.0187000e+03   1.0162000e+03   1.0095000e+03   1.0085000e+03   9.9829999e+02   1.0004000e+03   1.0131000e+03   1.0129000e+03
  -1.0490000e+03   1.0204000e+03   1.0146000e+03   1.0202000e+03   1.0135000e+03   1.0141000e+03   1.0169000e+03   1.0189000e+03   1.0157000e+03   1.0091333e+03   1.0089333e+03   9.9796665e+02   1.0004000e+03   1.0143000e+03   1.0130000e+03
  -1.0480000e+03   1.0202000e+03   1.0144000e+03   1.0203000e+03   1.0135000e+03   1.0141000e+03   1.0172000e+03   1.0186000e+03   1.0159000e+03   1.0087667e+03   1.0093667e+03   9.9763332e+02   1.0004000e+03   1.0143000e+03   1.0127000e+03
  -1.0470000e+03   1.0199000e+03   1.0145000e+03   1.0206000e+03   1.0137000e+03   1.0141000e+03   1.0182000e+03   1.0180000e+03   1.0153000e+03   1.0084000e+03   1.0098000e+03   9.9729999e+02   1.0004000e+03   1.0140000e+03   1.0124000e+03
  -1.0460000e+03   1.0190000e+03   1.0147000e+03   1.0201000e+03   1.0136000e+03   1.0146000e+03   1.0176000e+03   1.0175000e+03   1.0153000e+03   1.0090000e+03   1.0095667e+03   9.9810000e+02   1.0006333e+03   1.0141000e+03   1.0123000e+03
  -1.0450000e+03   1.0187000e+03   1.0147000e+03   1.0197000e+03   1.0136000e+03   1.0145000e+03   1.0181000e+03   1.0171000e+03   1.0154000e+03   1.0096000e+03   1.0093333e+03   9.9890000e+02   1.0008667e+03   1.0143000e+03   1.0123000e+03
  -1.0440000e+03   1.0185000e+03   1.0147000e+03   1.0193000e+03   1.0136000e+03   1.0151000e+03   1.0183000e+03   1.0165000e+03   1.0157000e+03   1.0102000e+03   1.0091000e+03   9.9970001e+02   1.0011000e+03   1.0139000e+03   1.0118000e+03
  -1.0430000e+03   1.0180000e+03   1.0148000e+03   1.0189000e+03   1.0134000e+03   1.0149000e+03   1.0184000e+03   1.0160000e+03   1.0165000e+03   1.0108000e+03   1.0088667e+03   1.0000000e+03   1.0012333e+03   1.0137000e+03   1.0111000e+03
  -1.0420000e+03   1.0180000e+03   1.0151000e+03   1.0191000e+03   1.0125000e+03   1.0149000e+03   1.0181000e+03   1.0156000e+03   1.0169000e+03   1.0114000e+03   1.0086333e+03   1.0003000e+03   1.0013667e+03   1.0137000e+03   1.0108000e+03
  -1.0410000e+03   1.0183000e+03   1.0153000e+03   1.0196000e+03   1.0121000e+03   1.0144000e+03   1.0181000e+03   1.0156000e+03   1.0170000e+03   1.0120000e+03   1.0084000e+03   1.0006000e+03   1.0015000e+03   1.0139000e+03   1.0108000e+03
  -1.0400000e+03   1.0189000e+03   1.0155000e+03   1.0201000e+03   1.0119000e+03   1.0141000e+03   1.0179000e+03   1.0158000e+03   1.0167000e+03   1.0103667e+03   1.0087000e+03   1.0003000e+03   1.0014333e+03   1.0145000e+03   1.0113000e+03
  -1.0390000e+03   1.0194000e+03   1.0155000e+03   1.0205000e+03   1.0120000e+03   1.0141000e+03   1.0181000e+03   1.0160000e+03   1.0163000e+03   1.0087333e+03   1.0090000e+03   1.0000000e+03   1.0013667e+03   1.0147000e+03   1.0117000e+03
  -1.0380000e+03   1.0190000e+03   1.0150000e+03   1.0209000e+03   1.0131000e+03   1.0147000e+03   1.0183000e+03   1.0165000e+03   1.0159000e+03   1.0071000e+03   1.0093000e+03   9.9970001e+02   1.0013000e+03   1.0150000e+03   1.0119000e+03
  -1.0370000e+03   1.0204000e+03   1.0140000e+03   1.0211000e+03   1.0136000e+03   1.0152000e+03   1.0188000e+03   1.0164000e+03   1.0155000e+03   1.0073333e+03   1.0093667e+03   9.9976668e+02   1.0010667e+03   1.0153000e+03   1.0123000e+03
  -1.0360000e+03   1.0204000e+03   1.0140000e+03   1.0210000e+03   1.0144000e+03   1.0159000e+03   1.0192000e+03   1.0164000e+03   1.0152000e+03   1.0075667e+03   1.0094333e+03   9.9983335e+02   1.0008333e+03   1.0157000e+03   1.0120000e+03
  -1.0350000e+03   1.0204000e+03   1.0144000e+03   1.0204000e+03   1.0144000e+03   1.0163000e+03   1.0195000e+03   1.0166000e+03   1.0152000e+03   1.0078000e+03   1.0095000e+03   9.9990002e+02   1.0006000e+03   1.0155000e+03   1.0120000e+03
  -1.0340000e+03   1.0194000e+03   1.0148000e+03   1.0198000e+03   1.0144000e+03   1.0166000e+03   1.0198000e+03   1.0166000e+03   1.0157000e+03   1.0088000e+03   1.0089000e+03   1.0001000e+03   1.0007000e+03   1.0152000e+03   1.0120000e+03
  -1.0330000e+03   1.0185000e+03   1.0137000e+03   1.0189000e+03   1.0142000e+03   1.0171000e+03   1.0200000e+03   1.0166000e+03   1.0161000e+03   1.0098000e+03   1.0083000e+03   1.0003000e+03   1.0008000e+03   1.0145000e+03   1.0115000e+03
  -1.0320000e+03   1.0185000e+03   1.0133000e+03   1.0179000e+03   1.0140000e+03   1.0173000e+03   1.0194000e+03   1.0166000e+03   1.0162000e+03   1.0108000e+03   1.0077000e+03   1.0005000e+03   1.0009000e+03   1.0140000e+03   1.0113000e+03
  -1.0310000e+03   1.0189000e+03   1.0137000e+03   1.0179000e+03   1.0140000e+03   1.0170000e+03   1.0188000e+03   1.0168000e+03   1.0168000e+03   1.0110000e+03   1.0075000e+03   1.0007000e+03   1.0014333e+03   1.0133000e+03   1.0115000e+03
  -1.0300000e+03   1.0194000e+03   1.0146000e+03   1.0174000e+03   1.0133000e+03   1.0165000e+03   1.0183000e+03   1.0167000e+03   1.0168000e+03   1.0112000e+03   1.0073000e+03   1.0009000e+03   1.0019667e+03   1.0125000e+03   1.0120000e+03
  -1.0290000e+03   1.0195000e+03   1.0158000e+03   1.0184000e+03   1.0132000e+03   1.0162000e+03   1.0178000e+03   1.0173000e+03   1.0169000e+03   1.0114000e+03   1.0071000e+03   1.0011000e+03   1.0025000e+03   1.0122000e+03   1.0126000e+03
  -1.0280000e+03   1.0204000e+03   1.0158000e+03   1.0187000e+03   1.0138000e+03   1.0159000e+03   1.0169000e+03   1.0179000e+03   1.0167000e+03   1.0109667e+03   1.0073000e+03   1.0007000e+03   1.0024667e+03   1.0120000e+03   1.0126000e+03
  -1.0270000e+03   1.0204000e+03   1.0154000e+03   1.0188000e+03   1.0142000e+03   1.0161000e+03   1.0171000e+03   1.0182000e+03   1.0166000e+03   1.0105333e+03   1.0075000e+03   1.0003000e+03   1.0024333e+03   1.0125000e+03   1.0128000e+03
  -1.0260000e+03   1.0207000e+03   1.0139000e+03   1.0193000e+03   1.0147000e+03   1.0164000e+03   1.0168000e+03   1.0182000e+03   1.0161000e+03   1.0101000e+03   1.0077000e+03   9.9989999e+02   1.0024000e+03   1.0133000e+03   1.0129000e+03
  -1.0250000e+03   1.0207000e+03   1.0138000e+03   1.0198000e+03   1.0154000e+03   1.0166000e+03   1.0175000e+03   1.0182000e+03   1.0162000e+03   1.0095000e+03   1.0085667e+03   9.9950000e+02   1.0024000e+03   1.0139000e+03   1.0128000e+03
  -1.0240000e+03   1.0205000e+03   1.0132000e+03   1.0201000e+03   1.0155000e+03   1.0170000e+03   1.0177000e+03   1.0182000e+03   1.0161000e+03   1.0089000e+03   1.0094333e+03   9.9910001e+02   1.0024000e+03   1.0140000e+03   1.0126000e+03
  -1.0230000e+03   1.0205000e+03   1.0129000e+03   1.0202000e+03   1.0157000e+03   1.0175000e+03   1.0183000e+03   1.0177000e+03   1.0159000e+03   1.0083000e+03   1.0103000e+03   9.9870001e+02   1.0024000e+03   1.0136000e+03   1.0126000e+03
  -1.0220000e+03   1.0199000e+03   1.0131000e+03   1.0196000e+03   1.0156000e+03   1.0178000e+03   1.0187000e+03   1.0170000e+03   1.0156000e+03   1.0077000e+03   1.0099667e+03   9.9930001e+02   1.0026333e+03   1.0135000e+03   1.0124000e+03
  -1.0210000e+03   1.0195000e+03   1.0137000e+03   1.0190000e+03   1.0156000e+03   1.0183000e+03   1.0189000e+03   1.0164000e+03   1.0153000e+03   1.0071000e+03   1.0096333e+03   9.9990000e+02   1.0028667e+03   1.0128000e+03   1.0119000e+03
  -1.0200000e+03   1.0192000e+03   1.0139000e+03   1.0186000e+03   1.0154000e+03   1.0184000e+03   1.0188000e+03   1.0159000e+03   1.0152000e+03   1.0065000e+03   1.0093000e+03   1.0005000e+03   1.0031000e+03   1.0124000e+03   1.0116000e+03
  -1.0190000e+03   1.0189000e+03   1.0140000e+03   1.0184000e+03   1.0150000e+03   1.0182000e+03   1.0187000e+03   1.0155000e+03   1.0158000e+03   1.0083000e+03   1.0092000e+03   1.0005667e+03   1.0033000e+03   1.0120000e+03   1.0116000e+03
  -1.0180000e+03   1.0189000e+03   1.0147000e+03   1.0185000e+03   1.0147000e+03   1.0175000e+03   1.0183000e+03   1.0150000e+03   1.0162000e+03   1.0101000e+03   1.0091000e+03   1.0006333e+03   1.0035000e+03   1.0121000e+03   1.0112000e+03
  -1.0170000e+03   1.0194000e+03   1.0147000e+03   1.0185000e+03   1.0142000e+03   1.0170000e+03   1.0174000e+03   1.0147000e+03   1.0164000e+03   1.0119000e+03   1.0090000e+03   1.0007000e+03   1.0037000e+03   1.0121000e+03   1.0113000e+03
  -1.0160000e+03   1.0204000e+03   1.0148000e+03   1.0190000e+03   1.0143000e+03   1.0167000e+03   1.0170000e+03   1.0146000e+03   1.0163000e+03   1.0112000e+03   1.0096000e+03   1.0004333e+03   1.0037000e+03   1.0125000e+03   1.0115000e+03
  -1.0150000e+03   1.0214000e+03   1.0146000e+03   1.0196000e+03   1.0147000e+03   1.0163000e+03   1.0171000e+03   1.0146000e+03   1.0161000e+03   1.0105000e+03   1.0102000e+03   1.0001667e+03   1.0037000e+03   1.0128000e+03   1.0116000e+03
  -1.0140000e+03   1.0212000e+03   1.0139000e+03   1.0197000e+03   1.0153000e+03   1.0166000e+03   1.0173000e+03   1.0150000e+03   1.0159000e+03   1.0098000e+03   1.0108000e+03   9.9990002e+02   1.0037000e+03   1.0132000e+03   1.0120000e+03
  -1.0130000e+03   1.0207000e+03   1.0132000e+03   1.0194000e+03   1.0162000e+03   1.0174000e+03   1.0176000e+03   1.0155000e+03   1.0156000e+03   1.0093000e+03   1.0103667e+03   9.9973336e+02   1.0036333e+03   1.0133000e+03   1.0125000e+03
  -1.0120000e+03   1.0204000e+03   1.0126000e+03   1.0193000e+03   1.0167000e+03   1.0182000e+03   1.0183000e+03   1.0160000e+03   1.0153000e+03   1.0088000e+03   1.0099333e+03   9.9956669e+02   1.0035667e+03   1.0135000e+03   1.0124000e+03
  -1.0110000e+03   1.0199000e+03   1.0123000e+03   1.0187000e+03   1.0175000e+03   1.0187000e+03   1.0189000e+03   1.0161000e+03   1.0154000e+03   1.0083000e+03   1.0095000e+03   9.9940002e+02   1.0035000e+03   1.0132000e+03   1.0121000e+03
  -1.0100000e+03   1.0194000e+03   1.0119000e+03   1.0178000e+03   1.0169000e+03   1.0191000e+03   1.0194000e+03   1.0160000e+03   1.0153000e+03   1.0094667e+03   1.0087333e+03   9.9961669e+02   1.0036333e+03   1.0129000e+03   1.0118000e+03
  -1.0090000e+03   1.0183000e+03   1.0131000e+03   1.0170000e+03   1.0166000e+03   1.0194000e+03   1.0196000e+03   1.0157000e+03   1.0158000e+03   1.0106333e+03   1.0079667e+03   9.9983335e+02   1.0037667e+03   1.0121000e+03   1.0117000e+03
  -1.0080000e+03   1.0189000e+03   1.0138000e+03   1.0162000e+03   1.0160000e+03   1.0196000e+03   1.0194000e+03   1.0155000e+03   1.0165000e+03   1.0118000e+03   1.0072000e+03   1.0000500e+03   1.0039000e+03   1.0108000e+03   1.0118000e+03
  -1.0070000e+03   1.0190000e+03   1.0134000e+03   1.0159000e+03   1.0156000e+03   1.0191000e+03   1.0190000e+03   1.0153000e+03   1.0167000e+03   1.0125000e+03   1.0072000e+03   1.0002667e+03   1.0044667e+03   1.0105000e+03   1.0116000e+03
  -1.0060000e+03   1.0194000e+03   1.0132000e+03   1.0160000e+03   1.0153000e+03   1.0176000e+03   1.0186000e+03   1.0157000e+03   1.0171000e+03   1.0132000e+03   1.0072000e+03   1.0004833e+03   1.0050333e+03   1.0102000e+03   1.0114000e+03
  -1.0050000e+03   1.0199000e+03   1.0138000e+03   1.0165000e+03   1.0157000e+03   1.0175000e+03   1.0176000e+03   1.0159000e+03   1.0172000e+03   1.0139000e+03   1.0072000e+03   1.0007000e+03   1.0056000e+03   1.0098000e+03   1.0119000e+03
  -1.0040000e+03   1.0214000e+03   1.0136000e+03   1.0167000e+03   1.0157000e+03   1.0174000e+03   1.0166000e+03   1.0162000e+03   1.0169000e+03   1.0134333e+03   1.0081333e+03   1.0002000e+03   1.0054333e+03   1.0098000e+03   1.0125000e+03
  -1.0030000e+03   1.0211000e+03   1.0128000e+03   1.0172000e+03   1.0164000e+03   1.0171000e+03   1.0160000e+03   1.0164000e+03   1.0169000e+03   1.0129667e+03   1.0090667e+03   9.9970001e+02   1.0052666e+03   1.0099000e+03   1.0131000e+03
  -1.0020000e+03   1.0217000e+03   1.0125000e+03   1.0177000e+03   1.0171000e+03   1.0170000e+03   1.0158000e+03   1.0165000e+03   1.0163000e+03   1.0125000e+03   1.0100000e+03   9.9920001e+02   1.0051000e+03   1.0103000e+03   1.0131000e+03
  -1.0010000e+03   1.0217000e+03   1.0127000e+03   1.0177000e+03   1.0175000e+03   1.0176000e+03   1.0161000e+03   1.0167000e+03   1.0161000e+03   1.0120333e+03   1.0099667e+03   9.9870001e+02   1.0048667e+03   1.0108000e+03   1.0133000e+03
  -1.0000000e+03   1.0221000e+03   1.0124000e+03   1.0176000e+03   1.0179000e+03   1.0182000e+03   1.0168000e+03   1.0167000e+03   1.0162000e+03   1.0115667e+03   1.0099333e+03   9.9820001e+02   1.0046333e+03   1.0109000e+03   1.0132000e+03
  -9.9900000e+02   1.0214000e+03   1.0120000e+03   1.0176000e+03   1.0180000e+03   1.0186000e+03   1.0173000e+03   1.0163000e+03   1.0161000e+03   1.0111000e+03   1.0099000e+03   9.9770001e+02   1.0044000e+03   1.0109000e+03   1.0128000e+03
  -9.9800000e+02   1.0209000e+03   1.0112000e+03   1.0171000e+03   1.0176000e+03   1.0190000e+03   1.0177000e+03   1.0159000e+03   1.0166000e+03   1.0115667e+03   1.0095667e+03   9.9808334e+02   1.0046000e+03   1.0107000e+03   1.0122000e+03
  -9.9700000e+02   1.0211000e+03   1.0118000e+03   1.0164000e+03   1.0185000e+03   1.0195000e+03   1.0176000e+03   1.0147000e+03   1.0165000e+03   1.0120333e+03   1.0092334e+03   9.9846667e+02   1.0048000e+03   1.0103000e+03   1.0114000e+03
  -9.9600000e+02   1.0205000e+03   1.0124000e+03   1.0161000e+03   1.0179000e+03   1.0195000e+03   1.0175000e+03   1.0144000e+03   1.0166000e+03   1.0125000e+03   1.0089000e+03   9.9885001e+02   1.0050000e+03   1.0099000e+03   1.0108000e+03
  -9.9500000e+02   1.0199000e+03   1.0126000e+03   1.0155000e+03   1.0178000e+03   1.0193000e+03   1.0172000e+03   1.0141000e+03   1.0163000e+03   1.0126667e+03   1.0086667e+03   9.9923334e+02   1.0049000e+03   1.0096000e+03   1.0101000e+03
  -9.9400000e+02   1.0197000e+03   1.0128000e+03   1.0156000e+03   1.0167000e+03   1.0193000e+03   1.0170000e+03   1.0142000e+03   1.0167000e+03   1.0128333e+03   1.0084333e+03   9.9961667e+02   1.0048000e+03   1.0098000e+03   1.0095000e+03
  -9.9300000e+02   1.0200000e+03   1.0132000e+03   1.0158000e+03   1.0168000e+03   1.0182000e+03   1.0163000e+03   1.0136000e+03   1.0173000e+03   1.0130000e+03   1.0082000e+03   1.0000000e+03   1.0047000e+03   1.0097000e+03   1.0092000e+03
  -9.9200000e+02   1.0204000e+03   1.0133000e+03   1.0163000e+03   1.0168000e+03   1.0183000e+03   1.0160000e+03   1.0136000e+03   1.0176000e+03   1.0121667e+03   1.0087000e+03   9.9926666e+02   1.0041667e+03   1.0098000e+03   1.0095000e+03
  -9.9100000e+02   1.0209000e+03   1.0131000e+03   1.0166000e+03   1.0166000e+03   1.0180000e+03   1.0159000e+03   1.0142000e+03   1.0176000e+03   1.0113333e+03   1.0092000e+03   9.9853333e+02   1.0036333e+03   1.0105000e+03   1.0097000e+03
  -9.9000000e+02   1.0212000e+03   1.0136000e+03   1.0169000e+03   1.0168000e+03   1.0182000e+03   1.0163000e+03   1.0149000e+03   1.0172000e+03   1.0105000e+03   1.0097000e+03   9.9779999e+02   1.0031000e+03   1.0110000e+03   1.0106000e+03
  -9.8900000e+02   1.0217000e+03   1.0134000e+03   1.0169000e+03   1.0169000e+03   1.0185000e+03   1.0169000e+03   1.0154000e+03   1.0168000e+03   1.0100333e+03   1.0093667e+03   9.9803333e+02   1.0023333e+03   1.0113000e+03   1.0106000e+03
  -9.8800000e+02   1.0219000e+03   1.0126000e+03   1.0169000e+03   1.0178000e+03   1.0178000e+03   1.0178000e+03   1.0158000e+03   1.0163000e+03   1.0095667e+03   1.0090333e+03   9.9826666e+02   1.0015667e+03   1.0113000e+03   1.0105000e+03
  -9.8700000e+02   1.0211000e+03   1.0121000e+03   1.0165000e+03   1.0182000e+03   1.0185000e+03   1.0183000e+03   1.0158000e+03   1.0163000e+03   1.0091000e+03   1.0087000e+03   9.9850000e+02   1.0008000e+03   1.0109000e+03   1.0102000e+03
  -9.8600000e+02   1.0204000e+03   1.0118000e+03   1.0161000e+03   1.0179000e+03   1.0191000e+03   1.0186000e+03   1.0154000e+03   1.0169500e+03   1.0092250e+03   1.0081000e+03   9.9910000e+02   1.0004333e+03   1.0106000e+03   1.0102000e+03
  -9.8500000e+02   1.0199000e+03   1.0114000e+03   1.0156000e+03   1.0174000e+03   1.0197000e+03   1.0184000e+03   1.0153000e+03   1.0176000e+03   1.0093500e+03   1.0075000e+03   9.9969999e+02   1.0000667e+03   1.0103000e+03   1.0103000e+03
  -9.8400000e+02   1.0194000e+03   1.0114000e+03   1.0149000e+03   1.0171000e+03   1.0198000e+03   1.0183000e+03   1.0153000e+03   1.0184000e+03   1.0094750e+03   1.0069000e+03   1.0003000e+03   9.9970001e+02   1.0096000e+03   1.0100000e+03
  -9.8300000e+02   1.0197000e+03   1.0123000e+03   1.0147000e+03   1.0166000e+03   1.0194000e+03   1.0178000e+03   1.0151000e+03   1.0186500e+03   1.0096000e+03   1.0067334e+03   1.0003667e+03   9.9909998e+02   1.0090000e+03   1.0100000e+03
  -9.8200000e+02   1.0200000e+03   1.0125000e+03   1.0146000e+03   1.0164000e+03   1.0192000e+03   1.0175000e+03   1.0152000e+03   1.0189000e+03   1.0097250e+03   1.0065667e+03   1.0004333e+03   9.9890002e+02   1.0085000e+03   1.0101000e+03
  -9.8100000e+02   1.0204000e+03   1.0127000e+03   1.0154000e+03   1.0164000e+03   1.0188000e+03   1.0170000e+03   1.0154000e+03   1.0184000e+03   1.0098500e+03   1.0064000e+03   1.0005000e+03   9.9840002e+02   1.0080000e+03   1.0109000e+03
  -9.8000000e+02   1.0205000e+03   1.0132000e+03   1.0162000e+03   1.0167000e+03   1.0187000e+03   1.0161000e+03   1.0158000e+03   1.0186000e+03   1.0099750e+03   1.0067000e+03   1.0000667e+03   9.9809998e+02   1.0080000e+03   1.0115000e+03
  -9.7900000e+02   1.0207000e+03   1.0131000e+03   1.0168000e+03   1.0172000e+03   1.0184000e+03   1.0160000e+03   1.0164000e+03   1.0185000e+03   1.0101000e+03   1.0070000e+03   9.9963334e+02   9.9740002e+02   1.0079000e+03   1.0116000e+03
  -9.7800000e+02   1.0212000e+03   1.0132000e+03   1.0173000e+03   1.0177000e+03   1.0184000e+03   1.0157000e+03   1.0167000e+03   1.0184000e+03   1.0102250e+03   1.0073000e+03   9.9920001e+02   9.9750000e+02   1.0082000e+03   1.0120000e+03
  -9.7700000e+02   1.0214000e+03   1.0122000e+03   1.0173000e+03   1.0183000e+03   1.0188000e+03   1.0160000e+03   1.0169000e+03   1.0174000e+03   1.0103500e+03   1.0074667e+03   9.9920001e+02   9.9690002e+02   1.0088000e+03   1.0119000e+03
  -9.7600000e+02   1.0211000e+03   1.0115000e+03   1.0171000e+03   1.0185000e+03   1.0196000e+03   1.0165000e+03   1.0167000e+03   1.0171000e+03   1.0104750e+03   1.0076333e+03   9.9920001e+02   9.9600000e+02   1.0090000e+03   1.0117000e+03
  -9.7500000e+02   1.0209000e+03   1.0113000e+03   1.0166000e+03   1.0183000e+03   1.0199000e+03   1.0171000e+03   1.0163000e+03   1.0169000e+03   1.0106000e+03   1.0078000e+03   9.9920001e+02   9.9550000e+02   1.0090000e+03   1.0112000e+03
  -9.7400000e+02   1.0200000e+03   1.0114000e+03   1.0162000e+03   1.0179000e+03   1.0201000e+03   1.0180000e+03   1.0159000e+03   1.0168000e+03   1.0107666e+03   1.0077333e+03   9.9983334e+02   9.9559998e+02   1.0089000e+03   1.0113000e+03
  -9.7300000e+02   1.0195000e+03   1.0117000e+03   1.0152000e+03   1.0174000e+03   1.0202000e+03   1.0183000e+03   1.0154000e+03   1.0175000e+03   1.0109333e+03   1.0076666e+03   1.0004667e+03   9.9620001e+02   1.0088000e+03   1.0108000e+03
  -9.7200000e+02   1.0194000e+03   1.0120000e+03   1.0147000e+03   1.0169000e+03   1.0200000e+03   1.0180000e+03   1.0149000e+03   1.0182000e+03   1.0111000e+03   1.0076000e+03   1.0011000e+03   9.9790002e+02   1.0085000e+03   1.0106000e+03
  -9.7100000e+02   1.0189000e+03   1.0127000e+03   1.0154000e+03   1.0160000e+03   1.0197000e+03   1.0177000e+03   1.0157000e+03   1.0182000e+03   1.0111333e+03   1.0074333e+03   1.0017333e+03   9.9900000e+02   1.0081000e+03   1.0107000e+03
  -9.7000000e+02   1.0192000e+03   1.0130000e+03   1.0159000e+03   1.0153000e+03   1.0193000e+03   1.0170000e+03   1.0176000e+03   1.0186000e+03   1.0111667e+03   1.0072666e+03   1.0023667e+03   1.0002000e+03   1.0079000e+03   1.0102000e+03
  -9.6900000e+02   1.0192000e+03   1.0131000e+03   1.0166000e+03   1.0157000e+03   1.0190000e+03   1.0166000e+03   1.0195000e+03   1.0187000e+03   1.0112000e+03   1.0071000e+03   1.0030000e+03   1.0009000e+03   1.0083000e+03   1.0104000e+03
  -9.6800000e+02   1.0194000e+03   1.0131000e+03   1.0172000e+03   1.0158000e+03   1.0184000e+03   1.0164000e+03   1.0171000e+03   1.0182000e+03   1.0103333e+03   1.0074000e+03   1.0028833e+03   1.0015000e+03   1.0088000e+03   1.0108000e+03
  -9.6700000e+02   1.0204000e+03   1.0133000e+03   1.0174000e+03   1.0166000e+03   1.0180000e+03   1.0166000e+03   1.0162000e+03   1.0184000e+03   1.0094667e+03   1.0077000e+03   1.0027667e+03   1.0021500e+03   1.0092000e+03   1.0108000e+03
  -9.6600000e+02   1.0211000e+03   1.0137000e+03   1.0178000e+03   1.0172000e+03   1.0185000e+03   1.0172000e+03   1.0171000e+03   1.0177000e+03   1.0086000e+03   1.0080000e+03   1.0026500e+03   1.0028000e+03   1.0094000e+03   1.0115000e+03
  -9.6500000e+02   1.0211000e+03   1.0134000e+03   1.0176000e+03   1.0172000e+03   1.0186000e+03   1.0174000e+03   1.0180000e+03   1.0165000e+03   1.0088500e+03   1.0083000e+03   1.0025333e+03   1.0031000e+03   1.0095000e+03   1.0120000e+03
  -9.6400000e+02   1.0211000e+03   1.0126000e+03   1.0176000e+03   1.0177000e+03   1.0192000e+03   1.0179000e+03   1.0173000e+03   1.0161000e+03   1.0091000e+03   1.0086000e+03   1.0024167e+03   1.0034000e+03   1.0096000e+03   1.0119000e+03
  -9.6300000e+02   1.0204000e+03   1.0124000e+03   1.0175000e+03   1.0174000e+03   1.0196000e+03   1.0186000e+03   1.0173000e+03   1.0162000e+03   1.0093500e+03   1.0089000e+03   1.0023000e+03   1.0037000e+03   1.0097000e+03   1.0119000e+03
  -9.6200000e+02   1.0194000e+03   1.0121000e+03   1.0172000e+03   1.0172000e+03   1.0206000e+03   1.0187000e+03   1.0171000e+03   1.0162000e+03   1.0096000e+03   1.0084333e+03   1.0026333e+03   1.0042667e+03   1.0090000e+03   1.0120000e+03
  -9.6100000e+02   1.0189000e+03   1.0126000e+03   1.0167750e+03   1.0170000e+03   1.0208000e+03   1.0186000e+03   1.0173000e+03   1.0167000e+03   1.0098500e+03   1.0079667e+03   1.0029667e+03   1.0048334e+03   1.0088000e+03   1.0117000e+03
  -9.6000000e+02   1.0185000e+03   1.0126000e+03   1.0163500e+03   1.0162000e+03   1.0206000e+03   1.0188000e+03   1.0178000e+03   1.0170000e+03   1.0101000e+03   1.0075000e+03   1.0033000e+03   1.0054000e+03   1.0083000e+03   1.0115000e+03
  -9.5900000e+02   1.0187000e+03   1.0131000e+03   1.0159250e+03   1.0157000e+03   1.0198000e+03   1.0185000e+03   1.0178000e+03   1.0175000e+03   1.0104333e+03   1.0073000e+03   1.0036333e+03   1.0059667e+03   1.0078000e+03   1.0115000e+03
  -9.5800000e+02   1.0190000e+03   1.0141000e+03   1.0155000e+03   1.0155000e+03   1.0188000e+03   1.0180000e+03   1.0182000e+03   1.0172000e+03   1.0107666e+03   1.0071000e+03   1.0039667e+03   1.0065333e+03   1.0074000e+03   1.0118000e+03
  -9.5700000e+02   1.0195000e+03   1.0148000e+03   1.0158000e+03   1.0154000e+03   1.0185000e+03   1.0176000e+03   1.0186000e+03   1.0170000e+03   1.0111000e+03   1.0069000e+03   1.0043000e+03   1.0071000e+03   1.0077000e+03   1.0123000e+03
  -9.5600000e+02   1.0199000e+03   1.0148000e+03   1.0165000e+03   1.0156000e+03   1.0179000e+03   1.0172000e+03   1.0193000e+03   1.0171000e+03   1.0111000e+03   1.0071000e+03   1.0036333e+03   1.0071000e+03   1.0076000e+03   1.0128000e+03
  -9.5500000e+02   1.0200000e+03   1.0152000e+03   1.0172000e+03   1.0157000e+03   1.0179000e+03   1.0169000e+03   1.0194000e+03   1.0175000e+03   1.0111000e+03   1.0073000e+03   1.0029667e+03   1.0071000e+03   1.0078000e+03   1.0132000e+03
  -9.5400000e+02   1.0204000e+03   1.0149000e+03   1.0180000e+03   1.0161000e+03   1.0178000e+03   1.0171000e+03   1.0200000e+03   1.0179000e+03   1.0111000e+03   1.0075000e+03   1.0023000e+03   1.0071000e+03   1.0081000e+03   1.0136000e+03
  -9.5300000e+02   1.0205000e+03   1.0148000e+03   1.0185000e+03   1.0165000e+03   1.0181000e+03   1.0173000e+03   1.0204000e+03   1.0174000e+03   1.0106000e+03   1.0082333e+03   1.0024333e+03   1.0072333e+03   1.0084000e+03   1.0140000e+03
  -9.5200000e+02   1.0204000e+03   1.0142000e+03   1.0181000e+03   1.0168000e+03   1.0183000e+03   1.0179000e+03   1.0202000e+03   1.0170000e+03   1.0101000e+03   1.0089667e+03   1.0025667e+03   1.0073667e+03   1.0088000e+03   1.0140000e+03
  -9.5100000e+02   1.0199000e+03   1.0140000e+03   1.0180000e+03   1.0168000e+03   1.0187000e+03   1.0182000e+03   1.0194000e+03   1.0167000e+03   1.0096000e+03   1.0097000e+03   1.0027000e+03   1.0075000e+03   1.0086000e+03   1.0137000e+03
  -9.5000000e+02   1.0190000e+03   1.0141000e+03   1.0177000e+03   1.0166000e+03   1.0189000e+03   1.0188000e+03   1.0190000e+03   1.0166000e+03   1.0098000e+03   1.0093667e+03   1.0034667e+03   1.0076333e+03   1.0087000e+03   1.0133000e+03
  -9.4900000e+02   1.0183000e+03   1.0141000e+03   1.0175000e+03   1.0163000e+03   1.0191000e+03   1.0192000e+03   1.0202000e+03   1.0167000e+03   1.0100000e+03   1.0090333e+03   1.0042333e+03   1.0077667e+03   1.0086000e+03   1.0133000e+03
  -9.4800000e+02   1.0187000e+03   1.0147000e+03   1.0172000e+03   1.0165000e+03   1.0188000e+03   1.0191000e+03   1.0194000e+03   1.0167000e+03   1.0102000e+03   1.0087000e+03   1.0050000e+03   1.0079000e+03   1.0086000e+03   1.0129000e+03
  -9.4700000e+02   1.0178000e+03   1.0154000e+03   1.0175000e+03   1.0156000e+03   1.0184000e+03   1.0188000e+03   1.0195000e+03   1.0167000e+03   1.0098333e+03   1.0085667e+03   1.0054667e+03   1.0082000e+03   1.0085000e+03   1.0126000e+03
  -9.4600000e+02   1.0177000e+03   1.0159000e+03   1.0180000e+03   1.0146000e+03   1.0177000e+03   1.0185000e+03   1.0196000e+03   1.0166000e+03   1.0094667e+03   1.0084333e+03   1.0059333e+03   1.0085000e+03   1.0085000e+03   1.0126000e+03
  -9.4500000e+02   1.0183000e+03   1.0163000e+03   1.0185000e+03   1.0143000e+03   1.0175000e+03   1.0177000e+03   1.0194000e+03   1.0168000e+03   1.0091000e+03   1.0083000e+03   1.0064000e+03   1.0088000e+03   1.0085000e+03   1.0126000e+03
  -9.4400000e+02   1.0189000e+03   1.0167000e+03   1.0191000e+03   1.0142000e+03   1.0171000e+03   1.0178000e+03   1.0195000e+03   1.0169000e+03   1.0087333e+03   1.0084333e+03   1.0059333e+03   1.0085333e+03   1.0087000e+03   1.0128000e+03
  -9.4300000e+02   1.0199000e+03   1.0167000e+03   1.0194000e+03   1.0144000e+03   1.0169000e+03   1.0183000e+03   1.0193000e+03   1.0166000e+03   1.0083667e+03   1.0085667e+03   1.0054667e+03   1.0082667e+03   1.0091000e+03   1.0134000e+03
  -9.4200000e+02   1.0204000e+03   1.0163000e+03   1.0197000e+03   1.0155000e+03   1.0166000e+03   1.0186000e+03   1.0195000e+03   1.0161000e+03   1.0080000e+03   1.0087000e+03   1.0050000e+03   1.0080000e+03   1.0096000e+03   1.0139000e+03
  -9.4100000e+02   1.0205000e+03   1.0164000e+03   1.0200000e+03   1.0164000e+03   1.0163000e+03   1.0192000e+03   1.0200000e+03   1.0153000e+03   1.0082500e+03   1.0087333e+03   1.0052000e+03   1.0079333e+03   1.0098000e+03   1.0146000e+03
  -9.4000000e+02   1.0205000e+03   1.0160000e+03   1.0198000e+03   1.0169000e+03   1.0167000e+03   1.0199000e+03   1.0195000e+03   1.0150000e+03   1.0085000e+03   1.0087667e+03   1.0054000e+03   1.0078667e+03   1.0099000e+03   1.0148000e+03
  -9.3900000e+02   1.0197000e+03   1.0152000e+03   1.0196000e+03   1.0165000e+03   1.0174000e+03   1.0199000e+03   1.0194000e+03   1.0152000e+03   1.0087500e+03   1.0088000e+03   1.0056000e+03   1.0078000e+03   1.0100000e+03   1.0147000e+03
  -9.3800000e+02   1.0194000e+03   1.0154000e+03   1.0189000e+03   1.0160000e+03   1.0182000e+03   1.0200000e+03   1.0192000e+03   1.0150000e+03   1.0090000e+03   1.0083000e+03   1.0060000e+03   1.0079667e+03   1.0099000e+03   1.0147000e+03
  -9.3700000e+02   1.0190000e+03   1.0156000e+03   1.0185000e+03   1.0162000e+03   1.0184000e+03   1.0202000e+03   1.0191000e+03   1.0155000e+03   1.0092500e+03   1.0078000e+03   1.0064000e+03   1.0081333e+03   1.0095000e+03   1.0142000e+03
  -9.3600000e+02   1.0189000e+03   1.0157000e+03   1.0182000e+03   1.0153000e+03   1.0183000e+03   1.0203000e+03   1.0192000e+03   1.0159000e+03   1.0095000e+03   1.0073000e+03   1.0068000e+03   1.0083000e+03   1.0090000e+03   1.0141000e+03
  -9.3500000e+02   1.0190000e+03   1.0160000e+03   1.0183000e+03   1.0146000e+03   1.0179000e+03   1.0197000e+03   1.0190000e+03   1.0159000e+03   1.0100000e+03   1.0070333e+03   1.0066333e+03   1.0087667e+03   1.0085000e+03   1.0146000e+03
  -9.3400000e+02   1.0194000e+03   1.0164000e+03   1.0180000e+03   1.0135000e+03   1.0175000e+03   1.0191000e+03   1.0189000e+03   1.0162000e+03   1.0105000e+03   1.0067667e+03   1.0064667e+03   1.0092333e+03   1.0080000e+03   1.0151000e+03
  -9.3300000e+02   1.0194000e+03   1.0167000e+03   1.0189000e+03   1.0137000e+03   1.0168000e+03   1.0181000e+03   1.0197000e+03   1.0162000e+03   1.0110000e+03   1.0065000e+03   1.0063000e+03   1.0097000e+03   1.0081000e+03   1.0156000e+03
  -9.3200000e+02   1.0204000e+03   1.0170000e+03   1.0187000e+03   1.0143000e+03   1.0163000e+03   1.0171000e+03   1.0201000e+03   1.0159000e+03   1.0110361e+03   1.0070333e+03   1.0055333e+03   1.0094333e+03   1.0083000e+03   1.0162000e+03
  -9.3100000e+02   1.0205000e+03   1.0174000e+03   1.0188000e+03   1.0149000e+03   1.0161000e+03   1.0171000e+03   1.0206000e+03   1.0161000e+03   1.0110722e+03   1.0075667e+03   1.0047667e+03   1.0091667e+03   1.0084000e+03   1.0168000e+03
  -9.3000000e+02   1.0209000e+03   1.0172000e+03   1.0190000e+03   1.0152000e+03   1.0163000e+03   1.0171000e+03   1.0206000e+03   1.0167000e+03   1.0111083e+03   1.0081000e+03   1.0040000e+03   1.0089000e+03   1.0089000e+03   1.0169000e+03
  -9.2900000e+02   1.0211000e+03   1.0167000e+03   1.0192000e+03   1.0156000e+03   1.0167000e+03   1.0179000e+03   1.0205000e+03   1.0167000e+03   1.0111444e+03   1.0085000e+03   1.0038667e+03   1.0088667e+03   1.0094000e+03   1.0172000e+03
  -9.2800000e+02   1.0209000e+03   1.0163000e+03   1.0191000e+03   1.0154000e+03   1.0175000e+03   1.0187000e+03   1.0204000e+03   1.0166000e+03   1.0111806e+03   1.0089000e+03   1.0037333e+03   1.0088333e+03   1.0098000e+03   1.0170000e+03
  -9.2700000e+02   1.0205000e+03   1.0165000e+03   1.0194000e+03   1.0155000e+03   1.0179000e+03   1.0193000e+03   1.0199000e+03   1.0164000e+03   1.0112167e+03   1.0093000e+03   1.0036000e+03   1.0088000e+03   1.0098000e+03   1.0170000e+03
  -9.2600000e+02   1.0204000e+03   1.0165000e+03   1.0193000e+03   1.0149000e+03   1.0182000e+03   1.0195000e+03   1.0191000e+03   1.0157000e+03   1.0112528e+03   1.0093000e+03   1.0043667e+03   1.0090000e+03   1.0098000e+03   1.0167000e+03
  -9.2500000e+02   1.0199000e+03   1.0168000e+03   1.0193000e+03   1.0152000e+03   1.0184000e+03   1.0192000e+03   1.0197000e+03   1.0153000e+03   1.0112889e+03   1.0093000e+03   1.0051333e+03   1.0092000e+03   1.0098000e+03   1.0163000e+03
  -9.2400000e+02   1.0194000e+03   1.0174000e+03   1.0188000e+03   1.0148000e+03   1.0186000e+03   1.0188000e+03   1.0185000e+03   1.0153000e+03   1.0113250e+03   1.0093000e+03   1.0059000e+03   1.0094000e+03   1.0095000e+03   1.0160000e+03
  -9.2300000e+02   1.0194000e+03   1.0176000e+03   1.0186000e+03   1.0146000e+03   1.0181000e+03   1.0189000e+03   1.0178000e+03   1.0157000e+03   1.0113611e+03   1.0092333e+03   1.0059667e+03   1.0095333e+03   1.0095000e+03   1.0154000e+03
  -9.2200000e+02   1.0194000e+03   1.0181000e+03   1.0190000e+03   1.0139000e+03   1.0177000e+03   1.0179000e+03   1.0179000e+03   1.0160000e+03   1.0113972e+03   1.0091666e+03   1.0060333e+03   1.0096667e+03   1.0097000e+03   1.0158000e+03
  -9.2100000e+02   1.0195000e+03   1.0185000e+03   1.0192000e+03   1.0134000e+03   1.0172000e+03   1.0173000e+03   1.0181000e+03   1.0170000e+03   1.0114333e+03   1.0091000e+03   1.0061000e+03   1.0098000e+03   1.0101000e+03   1.0161000e+03
  -9.2000000e+02   1.0204000e+03   1.0186000e+03   1.0194000e+03   1.0134000e+03   1.0168000e+03   1.0177000e+03   1.0184000e+03   1.0170000e+03   1.0114694e+03   1.0094000e+03   1.0058333e+03   1.0096000e+03   1.0105000e+03   1.0162000e+03
  -9.1900000e+02   1.0209000e+03   1.0187000e+03   1.0194000e+03   1.0135000e+03   1.0164000e+03   1.0178000e+03   1.0184000e+03   1.0166000e+03   1.0115056e+03   1.0097000e+03   1.0055667e+03   1.0094000e+03   1.0110000e+03   1.0166000e+03
  -9.1800000e+02   1.0212000e+03   1.0185000e+03   1.0193000e+03   1.0140000e+03   1.0170000e+03   1.0181000e+03   1.0184000e+03   1.0162000e+03   1.0115417e+03   1.0100000e+03   1.0053000e+03   1.0092000e+03   1.0113000e+03   1.0168000e+03
  -9.1700000e+02   1.0216000e+03   1.0183000e+03   1.0192000e+03   1.0141000e+03   1.0171000e+03   1.0186000e+03   1.0184000e+03   1.0156000e+03   1.0115778e+03   1.0099000e+03   1.0051333e+03   1.0089667e+03   1.0117000e+03   1.0172000e+03
  -9.1600000e+02   1.0214000e+03   1.0178000e+03   1.0192000e+03   1.0144000e+03   1.0174000e+03   1.0192000e+03   1.0180000e+03   1.0159000e+03   1.0116139e+03   1.0098000e+03   1.0049667e+03   1.0087333e+03   1.0120000e+03   1.0170000e+03
  -9.1500000e+02   1.0207000e+03   1.0175000e+03   1.0188000e+03   1.0143000e+03   1.0176000e+03   1.0194500e+03   1.0176000e+03   1.0159000e+03   1.0116500e+03   1.0097000e+03   1.0048000e+03   1.0085000e+03   1.0121000e+03   1.0169000e+03
  -9.1400000e+02   1.0204000e+03   1.0170000e+03   1.0186000e+03   1.0143000e+03   1.0183000e+03   1.0197000e+03   1.0174000e+03   1.0161000e+03   1.0116861e+03   1.0087000e+03   1.0053000e+03   1.0084667e+03   1.0118000e+03   1.0168000e+03
  -9.1300000e+02   1.0200000e+03   1.0166000e+03   1.0182000e+03   1.0140000e+03   1.0194000e+03   1.0199000e+03   1.0170000e+03   1.0165000e+03   1.0117222e+03   1.0077000e+03   1.0058000e+03   1.0084333e+03   1.0114000e+03   1.0165000e+03
  -9.1200000e+02   1.0200000e+03   1.0166000e+03   1.0178000e+03   1.0136000e+03   1.0196000e+03   1.0198000e+03   1.0167000e+03   1.0166000e+03   1.0117583e+03   1.0067000e+03   1.0063000e+03   1.0084000e+03   1.0108000e+03   1.0163000e+03
  -9.1100000e+02   1.0204000e+03   1.0172000e+03   1.0174000e+03   1.0131000e+03   1.0190000e+03   1.0193000e+03   1.0167000e+03   1.0170000e+03   1.0117944e+03   1.0068333e+03   1.0061667e+03   1.0088334e+03   1.0103000e+03   1.0164000e+03
  -9.1000000e+02   1.0204000e+03   1.0178000e+03   1.0173000e+03   1.0124000e+03   1.0188000e+03   1.0189000e+03   1.0169000e+03   1.0170000e+03   1.0118305e+03   1.0069667e+03   1.0060333e+03   1.0092667e+03   1.0097000e+03   1.0165000e+03
  -9.0900000e+02   1.0205000e+03   1.0184000e+03   1.0174000e+03   1.0124000e+03   1.0181000e+03   1.0181000e+03   1.0173000e+03   1.0171000e+03   1.0118667e+03   1.0071000e+03   1.0059000e+03   1.0097000e+03   1.0095000e+03   1.0172000e+03
  -9.0800000e+02   1.0211000e+03   1.0187000e+03   1.0178000e+03   1.0127500e+03   1.0177000e+03   1.0176000e+03   1.0174000e+03   1.0172000e+03   1.0119028e+03   1.0080333e+03   1.0059222e+03   1.0095333e+03   1.0093000e+03   1.0174000e+03
  -9.0700000e+02   1.0212000e+03   1.0185000e+03   1.0184000e+03   1.0131000e+03   1.0181000e+03   1.0172000e+03   1.0176000e+03   1.0174000e+03   1.0119389e+03   1.0089667e+03   1.0059445e+03   1.0093667e+03   1.0093000e+03   1.0178000e+03
  -9.0600000e+02   1.0216000e+03   1.0182000e+03   1.0187000e+03   1.0132000e+03   1.0185000e+03   1.0171000e+03   1.0178000e+03   1.0168000e+03   1.0119750e+03   1.0099000e+03   1.0059667e+03   1.0092000e+03   1.0100000e+03   1.0178000e+03
  -9.0500000e+02   1.0214000e+03   1.0179000e+03   1.0188000e+03   1.0139000e+03   1.0190000e+03   1.0171000e+03   1.0178000e+03   1.0163000e+03   1.0120111e+03   1.0105667e+03   1.0059889e+03   1.0091667e+03   1.0106000e+03   1.0181000e+03
  -9.0400000e+02   1.0212000e+03   1.0177000e+03   1.0184000e+03   1.0140000e+03   1.0195000e+03   1.0173000e+03   1.0176000e+03   1.0159000e+03   1.0120472e+03   1.0112334e+03   1.0060111e+03   1.0091333e+03   1.0110000e+03   1.0181000e+03
  -9.0300000e+02   1.0209000e+03   1.0174000e+03   1.0176000e+03   1.0139000e+03   1.0201000e+03   1.0178000e+03   1.0169000e+03   1.0158000e+03   1.0120833e+03   1.0119000e+03   1.0060333e+03   1.0091000e+03   1.0111000e+03   1.0182000e+03
  -9.0200000e+02   1.0209000e+03   1.0174000e+03   1.0170000e+03   1.0140000e+03   1.0203000e+03   1.0182000e+03   1.0160000e+03   1.0158000e+03   1.0121194e+03   1.0114667e+03   1.0060555e+03   1.0093333e+03   1.0111000e+03   1.0181000e+03
  -9.0100000e+02   1.0204000e+03   1.0175000e+03   1.0169000e+03   1.0138000e+03   1.0207000e+03   1.0183000e+03   1.0153000e+03   1.0162000e+03   1.0121555e+03   1.0110333e+03   1.0060778e+03   1.0095667e+03   1.0109000e+03   1.0171000e+03
  -9.0000000e+02   1.0195000e+03   1.0177000e+03   1.0167000e+03   1.0132000e+03   1.0206000e+03   1.0185000e+03   1.0143000e+03   1.0167000e+03   1.0121917e+03   1.0106000e+03   1.0061000e+03   1.0098000e+03   1.0109000e+03   1.0168000e+03
  -8.9900000e+02   1.0195000e+03   1.0179000e+03   1.0165000e+03   1.0127000e+03   1.0204000e+03   1.0184000e+03   1.0141000e+03   1.0173000e+03   1.0122278e+03   1.0105000e+03   1.0061666e+03   1.0100667e+03   1.0107000e+03   1.0160000e+03
  -8.9800000e+02   1.0199000e+03   1.0185000e+03   1.0167000e+03   1.0124000e+03   1.0201000e+03   1.0183000e+03   1.0142000e+03   1.0183000e+03   1.0122639e+03   1.0104000e+03   1.0062333e+03   1.0103333e+03   1.0108000e+03   1.0159000e+03
  -8.9700000e+02   1.0204000e+03   1.0186000e+03   1.0172000e+03   1.0120000e+03   1.0194000e+03   1.0181000e+03   1.0143000e+03   1.0191000e+03   1.0123000e+03   1.0103000e+03   1.0063000e+03   1.0106000e+03   1.0109000e+03   1.0164000e+03
  -8.9600000e+02   1.0209000e+03   1.0189000e+03   1.0174000e+03   1.0117000e+03   1.0194000e+03   1.0180000e+03   1.0147000e+03   1.0190000e+03   1.0113333e+03   1.0107000e+03   1.0057667e+03   1.0105000e+03   1.0113000e+03   1.0159000e+03
  -8.9500000e+02   1.0214000e+03   1.0187000e+03   1.0172000e+03   1.0119000e+03   1.0196000e+03   1.0182000e+03   1.0148000e+03   1.0191000e+03   1.0103667e+03   1.0111000e+03   1.0052333e+03   1.0104000e+03   1.0117000e+03   1.0162000e+03
  -8.9400000e+02   1.0214000e+03   1.0184000e+03   1.0172000e+03   1.0121000e+03   1.0192000e+03   1.0185000e+03   1.0153000e+03   1.0185000e+03   1.0094000e+03   1.0115000e+03   1.0047000e+03   1.0103000e+03   1.0121000e+03   1.0165000e+03
  -8.9300000e+02   1.0222000e+03   1.0182000e+03   1.0171000e+03   1.0130000e+03   1.0193000e+03   1.0189000e+03   1.0154000e+03   1.0176000e+03   1.0091667e+03   1.0113000e+03   1.0045667e+03   1.0100000e+03   1.0124000e+03   1.0169000e+03
  -8.9200000e+02   1.0219000e+03   1.0175000e+03   1.0167000e+03   1.0133000e+03   1.0192000e+03   1.0192000e+03   1.0151000e+03   1.0172000e+03   1.0089333e+03   1.0111000e+03   1.0044333e+03   1.0097000e+03   1.0127000e+03   1.0172000e+03
  -8.9100000e+02   1.0212000e+03   1.0166000e+03   1.0167500e+03   1.0133000e+03   1.0194000e+03   1.0197000e+03   1.0152000e+03   1.0175000e+03   1.0087000e+03   1.0109000e+03   1.0043000e+03   1.0094000e+03   1.0129000e+03   1.0167000e+03
  -8.9000000e+02   1.0205000e+03   1.0158000e+03   1.0168000e+03   1.0134000e+03   1.0204000e+03   1.0198000e+03   1.0150000e+03   1.0177000e+03   1.0091667e+03   1.0101000e+03   1.0046667e+03   1.0094000e+03   1.0125000e+03   1.0161000e+03
  -8.8900000e+02   1.0199000e+03   1.0160000e+03   1.0171000e+03   1.0133000e+03   1.0204000e+03   1.0200000e+03   1.0148000e+03   1.0182000e+03   1.0096333e+03   1.0093000e+03   1.0050333e+03   1.0094000e+03   1.0122000e+03   1.0158000e+03
  -8.8800000e+02   1.0195000e+03   1.0158000e+03   1.0165000e+03   1.0126000e+03   1.0203000e+03   1.0197000e+03   1.0148000e+03   1.0185000e+03   1.0101000e+03   1.0085000e+03   1.0054000e+03   1.0094000e+03   1.0118000e+03   1.0150000e+03
  -8.8700000e+02   1.0195000e+03   1.0159000e+03   1.0152000e+03   1.0123000e+03   1.0199000e+03   1.0192000e+03   1.0147000e+03   1.0189000e+03   1.0101000e+03   1.0083000e+03   1.0051333e+03   1.0098334e+03   1.0111000e+03   1.0154000e+03
  -8.8600000e+02   1.0200000e+03   1.0166000e+03   1.0151000e+03   1.0120000e+03   1.0194000e+03   1.0186000e+03   1.0149000e+03   1.0192000e+03   1.0101000e+03   1.0081000e+03   1.0048667e+03   1.0102667e+03   1.0107000e+03   1.0147000e+03
  -8.8500000e+02   1.0204000e+03   1.0173000e+03   1.0156000e+03   1.0119000e+03   1.0191000e+03   1.0181000e+03   1.0155000e+03   1.0194000e+03   1.0101000e+03   1.0079000e+03   1.0046000e+03   1.0107000e+03   1.0109000e+03   1.0150000e+03
  -8.8400000e+02   1.0207000e+03   1.0179000e+03   1.0159000e+03   1.0119000e+03   1.0192000e+03   1.0175000e+03   1.0159000e+03   1.0197000e+03   1.0101000e+03   1.0087334e+03   1.0041000e+03   1.0105333e+03   1.0110000e+03   1.0156000e+03
  -8.8300000e+02   1.0211000e+03   1.0176000e+03   1.0161000e+03   1.0121000e+03   1.0195000e+03   1.0168000e+03   1.0160000e+03   1.0192000e+03   1.0101000e+03   1.0095667e+03   1.0036000e+03   1.0103667e+03   1.0111000e+03   1.0155000e+03
  -8.8200000e+02   1.0209000e+03   1.0172000e+03   1.0164000e+03   1.0123000e+03   1.0195000e+03   1.0166000e+03   1.0162000e+03   1.0186000e+03   1.0101000e+03   1.0104000e+03   1.0031000e+03   1.0102000e+03   1.0116000e+03   1.0143000e+03
  -8.8100000e+02   1.0209000e+03   1.0161000e+03   1.0166000e+03   1.0128000e+03   1.0204000e+03   1.0164000e+03   1.0166000e+03   1.0183000e+03   1.0101000e+03   1.0106333e+03   1.0026000e+03   1.0101333e+03   1.0124000e+03   1.0163000e+03
  -8.8000000e+02   1.0207000e+03   1.0155000e+03   1.0166000e+03   1.0133000e+03   1.0207000e+03   1.0169000e+03   1.0164000e+03   1.0177000e+03   1.0101000e+03   1.0108667e+03   1.0021000e+03   1.0100667e+03   1.0127000e+03   1.0157000e+03
  -8.7900000e+02   1.0204000e+03   1.0148000e+03   1.0158000e+03   1.0135000e+03   1.0210000e+03   1.0175000e+03   1.0159000e+03   1.0171000e+03   1.0101000e+03   1.0111000e+03   1.0016000e+03   1.0100000e+03   1.0129000e+03   1.0152000e+03
  -8.7800000e+02   1.0199000e+03   1.0148000e+03   1.0154000e+03   1.0132000e+03   1.0213000e+03   1.0181000e+03   1.0156000e+03   1.0176000e+03   1.0101333e+03   1.0110667e+03   1.0022000e+03   1.0103000e+03   1.0130000e+03   1.0152000e+03
  -8.7700000e+02   1.0194000e+03   1.0147000e+03   1.0155000e+03   1.0133000e+03   1.0217000e+03   1.0186000e+03   1.0154000e+03   1.0174000e+03   1.0101667e+03   1.0110333e+03   1.0028000e+03   1.0106000e+03   1.0127000e+03   1.0149000e+03
  -8.7600000e+02   1.0194000e+03   1.0148000e+03   1.0155000e+03   1.0127000e+03   1.0214000e+03   1.0188000e+03   1.0149000e+03   1.0177000e+03   1.0102000e+03   1.0110000e+03   1.0034000e+03   1.0109000e+03   1.0127000e+03   1.0137000e+03
  -8.7500000e+02   1.0189000e+03   1.0151000e+03   1.0157000e+03   1.0125000e+03   1.0210000e+03   1.0186000e+03   1.0145000e+03   1.0186000e+03   1.0101333e+03   1.0109333e+03   1.0036000e+03   1.0111000e+03   1.0132000e+03   1.0132000e+03
  -8.7400000e+02   1.0189000e+03   1.0151000e+03   1.0161000e+03   1.0120000e+03   1.0204000e+03   1.0178000e+03   1.0145000e+03   1.0194000e+03   1.0100667e+03   1.0108667e+03   1.0038000e+03   1.0113000e+03   1.0134000e+03   1.0129000e+03
  -8.7300000e+02   1.0189000e+03   1.0152000e+03   1.0166000e+03   1.0119000e+03   1.0197000e+03   1.0173000e+03   1.0145000e+03   1.0198000e+03   1.0100000e+03   1.0108000e+03   1.0040000e+03   1.0115000e+03   1.0137000e+03   1.0132000e+03
  -8.7200000e+02   1.0194000e+03   1.0153000e+03   1.0172000e+03   1.0117000e+03   1.0194000e+03   1.0174000e+03   1.0141000e+03   1.0200000e+03   1.0092000e+03   1.0112333e+03   1.0033167e+03   1.0114333e+03   1.0141000e+03   1.0139000e+03
  -8.7100000e+02   1.0199000e+03   1.0154000e+03   1.0175000e+03   1.0120000e+03   1.0191000e+03   1.0175000e+03   1.0146000e+03   1.0198000e+03   1.0084000e+03   1.0116666e+03   1.0026333e+03   1.0113667e+03   1.0146000e+03   1.0137000e+03
  -8.7000000e+02   1.0204000e+03   1.0152000e+03   1.0178000e+03   1.0125000e+03   1.0186000e+03   1.0179000e+03   1.0154000e+03   1.0195000e+03   1.0076000e+03   1.0121000e+03   1.0019500e+03   1.0113000e+03   1.0149000e+03   1.0138000e+03
  -8.6900000e+02   1.0204000e+03   1.0147000e+03   1.0178000e+03   1.0133000e+03   1.0186000e+03   1.0180000e+03   1.0159000e+03   1.0190000e+03   1.0078667e+03   1.0118667e+03   1.0012667e+03   1.0112000e+03   1.0150000e+03   1.0142000e+03
  -8.6800000e+02   1.0204000e+03   1.0142000e+03   1.0178000e+03   1.0138000e+03   1.0188000e+03   1.0186000e+03   1.0160000e+03   1.0186000e+03   1.0081333e+03   1.0116333e+03   1.0005834e+03   1.0111000e+03   1.0154000e+03   1.0145000e+03
  -8.6700000e+02   1.0199000e+03   1.0138000e+03   1.0175000e+03   1.0142000e+03   1.0188000e+03   1.0186000e+03   1.0158000e+03   1.0191000e+03   1.0084000e+03   1.0114000e+03   9.9990002e+02   1.0110000e+03   1.0155000e+03   1.0141000e+03
  -8.6600000e+02   1.0199000e+03   1.0143000e+03   1.0170000e+03   1.0142000e+03   1.0191000e+03   1.0190000e+03   1.0156000e+03   1.0189000e+03   1.0090333e+03   1.0104000e+03   1.0004333e+03   1.0110333e+03   1.0150000e+03   1.0137000e+03
  -8.6500000e+02   1.0194000e+03   1.0152000e+03   1.0164000e+03   1.0138000e+03   1.0196000e+03   1.0191000e+03   1.0158000e+03   1.0191000e+03   1.0096667e+03   1.0094000e+03   1.0009667e+03   1.0110667e+03   1.0145000e+03   1.0135000e+03
  -8.6400000e+02   1.0190000e+03   1.0144000e+03   1.0158000e+03   1.0138000e+03   1.0195000e+03   1.0188000e+03   1.0157000e+03   1.0194000e+03   1.0103000e+03   1.0084000e+03   1.0015000e+03   1.0111000e+03   1.0139000e+03   1.0137000e+03
  -8.6300000e+02   1.0189000e+03   1.0151000e+03   1.0157000e+03   1.0133000e+03   1.0196000e+03   1.0182000e+03   1.0157000e+03   1.0197000e+03   1.0099444e+03   1.0083334e+03   1.0015000e+03   1.0116000e+03   1.0132000e+03   1.0133000e+03
  -8.6200000e+02   1.0190000e+03   1.0149000e+03   1.0158000e+03   1.0132000e+03   1.0189000e+03   1.0175000e+03   1.0162000e+03   1.0200000e+03   1.0095889e+03   1.0082667e+03   1.0015000e+03   1.0121000e+03   1.0127000e+03   1.0132000e+03
  -8.6100000e+02   1.0195000e+03   1.0153000e+03   1.0161000e+03   1.0132000e+03   1.0185000e+03   1.0172000e+03   1.0170000e+03   1.0199000e+03   1.0092333e+03   1.0082000e+03   1.0015000e+03   1.0126000e+03   1.0126000e+03   1.0136000e+03
  -8.6000000e+02   1.0199000e+03   1.0156000e+03   1.0165000e+03   1.0132000e+03   1.0182000e+03   1.0161000e+03   1.0177000e+03   1.0198000e+03   1.0088778e+03   1.0084333e+03   1.0009167e+03   1.0127333e+03   1.0126000e+03   1.0141000e+03
  -8.5900000e+02   1.0200000e+03   1.0155000e+03   1.0169000e+03   1.0139000e+03   1.0180000e+03   1.0156000e+03   1.0181000e+03   1.0196000e+03   1.0085222e+03   1.0086667e+03   1.0003333e+03   1.0128667e+03   1.0127000e+03   1.0139000e+03
  -8.5800000e+02   1.0200000e+03   1.0151000e+03   1.0175000e+03   1.0143000e+03   1.0184000e+03   1.0159000e+03   1.0184000e+03   1.0191000e+03   1.0081666e+03   1.0089000e+03   9.9975000e+02   1.0130000e+03   1.0127000e+03   1.0139000e+03
  -8.5700000e+02   1.0199000e+03   1.0145000e+03   1.0178000e+03   1.0145000e+03   1.0185000e+03   1.0162000e+03   1.0185000e+03   1.0184000e+03   1.0078111e+03   1.0092000e+03   9.9916667e+02   1.0130000e+03   1.0131000e+03   1.0144000e+03
  -8.5600000e+02   1.0197000e+03   1.0138000e+03   1.0178000e+03   1.0144000e+03   1.0187000e+03   1.0162000e+03   1.0183000e+03   1.0181000e+03   1.0074555e+03   1.0095000e+03   9.9858333e+02   1.0130000e+03   1.0134000e+03   1.0142000e+03
  -8.5500000e+02   1.0194000e+03   1.0136000e+03   1.0182000e+03   1.0149000e+03   1.0192000e+03   1.0165000e+03   1.0183000e+03   1.0174000e+03   1.0071000e+03   1.0098000e+03   9.9800000e+02   1.0130000e+03   1.0137000e+03   1.0141000e+03
  -8.5400000e+02   1.0187000e+03   1.0136000e+03   1.0181000e+03   1.0152000e+03   1.0191000e+03   1.0170000e+03   1.0178000e+03   1.0169000e+03   1.0072000e+03   1.0096667e+03   9.9836667e+02   1.0131333e+03   1.0139000e+03   1.0136000e+03
  -8.5300000e+02   1.0182000e+03   1.0139000e+03   1.0181000e+03   1.0148000e+03   1.0193000e+03   1.0175000e+03   1.0173000e+03   1.0169000e+03   1.0073000e+03   1.0095333e+03   9.9873334e+02   1.0132667e+03   1.0138000e+03   1.0133000e+03
  -8.5200000e+02   1.0177000e+03   1.0145000e+03   1.0178000e+03   1.0145000e+03   1.0191000e+03   1.0172000e+03   1.0169000e+03   1.0173000e+03   1.0074000e+03   1.0094000e+03   9.9910001e+02   1.0134000e+03   1.0135000e+03   1.0136000e+03
  -8.5100000e+02   1.0173000e+03   1.0151000e+03   1.0177000e+03   1.0138000e+03   1.0180000e+03   1.0169000e+03   1.0167000e+03   1.0174000e+03   1.0072667e+03   1.0093000e+03   9.9946667e+02   1.0135667e+03   1.0133000e+03   1.0135000e+03
  -8.5000000e+02   1.0178000e+03   1.0157000e+03   1.0182000e+03   1.0136000e+03   1.0175000e+03   1.0163000e+03   1.0165000e+03   1.0182000e+03   1.0071333e+03   1.0092000e+03   9.9983334e+02   1.0137334e+03   1.0131000e+03   1.0122000e+03
  -8.4900000e+02   1.0183000e+03   1.0158000e+03   1.0186000e+03   1.0141000e+03   1.0168000e+03   1.0161000e+03   1.0166000e+03   1.0185000e+03   1.0070000e+03   1.0091000e+03   1.0002000e+03   1.0139000e+03   1.0134000e+03   1.0122000e+03
  -8.4800000e+02   1.0190000e+03   1.0161000e+03   1.0191000e+03   1.0147000e+03   1.0164000e+03   1.0159000e+03   1.0165000e+03   1.0186000e+03   1.0062667e+03   1.0097000e+03   9.9998335e+02   1.0139667e+03   1.0139000e+03   1.0113000e+03
  -8.4700000e+02   1.0192000e+03   1.0160000e+03   1.0194000e+03   1.0148000e+03   1.0158000e+03   1.0163000e+03   1.0170000e+03   1.0189000e+03   1.0055333e+03   1.0103000e+03   9.9976668e+02   1.0140333e+03   1.0144000e+03   1.0110000e+03
  -8.4600000e+02   1.0195000e+03   1.0156000e+03   1.0197000e+03   1.0153000e+03   1.0160000e+03   1.0165000e+03   1.0174000e+03   1.0183000e+03   1.0048000e+03   1.0109000e+03   9.9955002e+02   1.0141000e+03   1.0149000e+03   1.0127000e+03
  -8.4500000e+02   1.0195000e+03   1.0152000e+03   1.0200000e+03   1.0158000e+03   1.0169000e+03   1.0166000e+03   1.0175000e+03   1.0178000e+03   1.0049167e+03   1.0109000e+03   9.9933335e+02   1.0139000e+03   1.0152000e+03   1.0126000e+03
  -8.4400000e+02   1.0194000e+03   1.0146000e+03   1.0202000e+03   1.0165000e+03   1.0173000e+03   1.0170000e+03   1.0176000e+03   1.0175000e+03   1.0050333e+03   1.0109000e+03   9.9911669e+02   1.0137000e+03   1.0153000e+03   1.0129000e+03
  -8.4300000e+02   1.0183000e+03   1.0138000e+03   1.0196000e+03   1.0168000e+03   1.0181000e+03   1.0174000e+03   1.0177000e+03   1.0171000e+03   1.0051500e+03   1.0109000e+03   9.9890002e+02   1.0135000e+03   1.0153000e+03   1.0129000e+03
  -8.4200000e+02   1.0178000e+03   1.0140000e+03   1.0193000e+03   1.0170000e+03   1.0182000e+03   1.0179000e+03   1.0175000e+03   1.0171000e+03   1.0052667e+03   1.0100333e+03   9.9931669e+02   1.0134667e+03   1.0150000e+03   1.0134000e+03
  -8.4100000e+02   1.0175000e+03   1.0139000e+03   1.0188000e+03   1.0169000e+03   1.0176000e+03   1.0180000e+03   1.0174000e+03   1.0174000e+03   1.0053833e+03   1.0091667e+03   9.9973336e+02   1.0134333e+03   1.0146000e+03   1.0118000e+03
  -8.4000000e+02   1.0178000e+03   1.0142000e+03   1.0182000e+03   1.0168000e+03   1.0175000e+03   1.0176000e+03   1.0180000e+03   1.0176000e+03   1.0055000e+03   1.0083000e+03   1.0001500e+03   1.0134000e+03   1.0141000e+03   1.0108000e+03
  -8.3900000e+02   1.0178000e+03   1.0149000e+03   1.0180000e+03   1.0164000e+03   1.0176000e+03   1.0174000e+03   1.0184000e+03   1.0184000e+03   1.0055167e+03   1.0081667e+03   1.0005667e+03   1.0136667e+03   1.0134000e+03   1.0114000e+03
  -8.3800000e+02   1.0183000e+03   1.0154000e+03   1.0178000e+03   1.0163000e+03   1.0173000e+03   1.0170000e+03   1.0189000e+03   1.0189000e+03   1.0055333e+03   1.0080333e+03   1.0009834e+03   1.0139333e+03   1.0130000e+03   1.0110000e+03
  -8.3700000e+02   1.0189000e+03   1.0157000e+03   1.0175000e+03   1.0163000e+03   1.0167000e+03   1.0162000e+03   1.0195000e+03   1.0191000e+03   1.0055500e+03   1.0079000e+03   1.0014000e+03   1.0142000e+03   1.0127000e+03   1.0108000e+03
  -8.3600000e+02   1.0194000e+03   1.0162000e+03   1.0181000e+03   1.0165000e+03   1.0164000e+03   1.0157500e+03   1.0201000e+03   1.0188000e+03   1.0055667e+03   1.0086333e+03   1.0013334e+03   1.0142333e+03   1.0126000e+03   1.0115000e+03
  -8.3500000e+02   1.0194000e+03   1.0162000e+03   1.0188000e+03   1.0166000e+03   1.0160000e+03   1.0153000e+03   1.0206000e+03   1.0182000e+03   1.0055833e+03   1.0093667e+03   1.0012667e+03   1.0142667e+03   1.0126000e+03   1.0117000e+03
  -8.3400000e+02   1.0194000e+03   1.0162000e+03   1.0194000e+03   1.0168000e+03   1.0158000e+03   1.0153000e+03   1.0210000e+03   1.0180000e+03   1.0056000e+03   1.0101000e+03   1.0012000e+03   1.0143000e+03   1.0130000e+03   1.0117000e+03
  -8.3300000e+02   1.0194000e+03   1.0159000e+03   1.0202000e+03   1.0174000e+03   1.0166000e+03   1.0152000e+03   1.0210000e+03   1.0178000e+03   1.0055333e+03   1.0104333e+03   1.0011333e+03   1.0143000e+03   1.0133000e+03   1.0115000e+03
  -8.3200000e+02   1.0194000e+03   1.0155000e+03   1.0207000e+03   1.0180000e+03   1.0171000e+03   1.0154000e+03   1.0204000e+03   1.0173000e+03   1.0054667e+03   1.0107666e+03   1.0010667e+03   1.0143000e+03   1.0134000e+03   1.0118000e+03
  -8.3100000e+02   1.0190000e+03   1.0153000e+03   1.0210000e+03   1.0180000e+03   1.0172000e+03   1.0157000e+03   1.0198000e+03   1.0168000e+03   1.0054000e+03   1.0111000e+03   1.0010000e+03   1.0143000e+03   1.0134000e+03   1.0116000e+03
  -8.3000000e+02   1.0187000e+03   1.0152000e+03   1.0202000e+03   1.0180000e+03   1.0175000e+03   1.0161000e+03   1.0192000e+03   1.0164000e+03   1.0054667e+03   1.0105667e+03   1.0016833e+03   1.0140333e+03   1.0136000e+03   1.0115000e+03
  -8.2900000e+02   1.0183000e+03   1.0155000e+03   1.0198000e+03   1.0175000e+03   1.0177000e+03   1.0162000e+03   1.0186000e+03   1.0166000e+03   1.0055333e+03   1.0100333e+03   1.0023667e+03   1.0137667e+03   1.0134000e+03   1.0112000e+03
  -8.2800000e+02   1.0178000e+03   1.0158000e+03   1.0195000e+03   1.0170000e+03   1.0178000e+03   1.0161000e+03   1.0180000e+03   1.0171000e+03   1.0056000e+03   1.0095000e+03   1.0030500e+03   1.0135000e+03   1.0132000e+03   1.0112000e+03
  -8.2700000e+02   1.0178000e+03   1.0163000e+03   1.0191000e+03   1.0164000e+03   1.0172000e+03   1.0158000e+03   1.0177000e+03   1.0175000e+03   1.0055333e+03   1.0097000e+03   1.0037333e+03   1.0134000e+03   1.0131000e+03   1.0114000e+03
  -8.2600000e+02   1.0180000e+03   1.0166000e+03   1.0192000e+03   1.0160000e+03   1.0169000e+03   1.0155000e+03   1.0175000e+03   1.0179000e+03   1.0054667e+03   1.0099000e+03   1.0044166e+03   1.0133000e+03   1.0131000e+03   1.0115000e+03
  -8.2500000e+02   1.0185000e+03   1.0168000e+03   1.0197000e+03   1.0161000e+03   1.0165000e+03   1.0153000e+03   1.0172000e+03   1.0182000e+03   1.0054000e+03   1.0101000e+03   1.0051000e+03   1.0132000e+03   1.0134000e+03   1.0121000e+03
  -8.2400000e+02   1.0189000e+03   1.0174000e+03   1.0200000e+03   1.0162000e+03   1.0163000e+03   1.0150000e+03   1.0174000e+03   1.0180000e+03   1.0049000e+03   1.0105667e+03   1.0049666e+03   1.0133333e+03   1.0141000e+03   1.0132000e+03
  -8.2300000e+02   1.0190000e+03   1.0170000e+03   1.0206000e+03   1.0174000e+03   1.0158000e+03   1.0151000e+03   1.0180000e+03   1.0180000e+03   1.0044000e+03   1.0110333e+03   1.0048333e+03   1.0134667e+03   1.0146000e+03   1.0138000e+03
  -8.2200000e+02   1.0190000e+03   1.0164000e+03   1.0209000e+03   1.0172000e+03   1.0162000e+03   1.0154000e+03   1.0187000e+03   1.0178000e+03   1.0039000e+03   1.0115000e+03   1.0047000e+03   1.0136000e+03   1.0149000e+03   1.0142000e+03
  -8.2100000e+02   1.0194000e+03   1.0159000e+03   1.0208000e+03   1.0172000e+03   1.0159000e+03   1.0160000e+03   1.0188000e+03   1.0172000e+03   1.0040334e+03   1.0114000e+03   1.0045667e+03   1.0131000e+03   1.0151000e+03   1.0147000e+03
  -8.2000000e+02   1.0192000e+03   1.0158000e+03   1.0211000e+03   1.0180000e+03   1.0163000e+03   1.0167000e+03   1.0189000e+03   1.0170000e+03   1.0041667e+03   1.0113000e+03   1.0044333e+03   1.0126000e+03   1.0153000e+03   1.0150000e+03
  -8.1900000e+02   1.0189000e+03   1.0154000e+03   1.0211000e+03   1.0172000e+03   1.0167000e+03   1.0170000e+03   1.0190000e+03   1.0169000e+03   1.0043000e+03   1.0112000e+03   1.0043000e+03   1.0121000e+03   1.0151000e+03   1.0149000e+03
  -8.1800000e+02   1.0183000e+03   1.0147000e+03   1.0206000e+03   1.0168000e+03   1.0173000e+03   1.0170000e+03   1.0189000e+03   1.0169000e+03   1.0044334e+03   1.0105333e+03   1.0049667e+03   1.0119667e+03   1.0149000e+03   1.0148000e+03
  -8.1700000e+02   1.0178000e+03   1.0165000e+03   1.0198000e+03   1.0173000e+03   1.0175000e+03   1.0168000e+03   1.0185000e+03   1.0175000e+03   1.0045667e+03   1.0098667e+03   1.0056333e+03   1.0118333e+03   1.0145000e+03   1.0146000e+03
  -8.1600000e+02   1.0178000e+03   1.0158000e+03   1.0191000e+03   1.0171000e+03   1.0179000e+03   1.0168000e+03   1.0182000e+03   1.0182000e+03   1.0047000e+03   1.0092000e+03   1.0063000e+03   1.0117000e+03   1.0139000e+03   1.0146000e+03
  -8.1500000e+02   1.0183000e+03   1.0153000e+03   1.0186000e+03   1.0168000e+03   1.0172000e+03   1.0162000e+03   1.0181000e+03   1.0188000e+03   1.0048334e+03   1.0089000e+03   1.0060667e+03   1.0122667e+03   1.0131000e+03   1.0150000e+03
  -8.1400000e+02   1.0189000e+03   1.0157000e+03   1.0191000e+03   1.0157000e+03   1.0163000e+03   1.0160000e+03   1.0182000e+03   1.0192000e+03   1.0049667e+03   1.0086000e+03   1.0058333e+03   1.0128334e+03   1.0124000e+03   1.0154000e+03
  -8.1300000e+02   1.0194000e+03   1.0161000e+03   1.0193000e+03   1.0157000e+03   1.0156000e+03   1.0156000e+03   1.0188000e+03   1.0196000e+03   1.0051000e+03   1.0083000e+03   1.0056000e+03   1.0134000e+03   1.0120000e+03   1.0159000e+03
  -8.1200000e+02   1.0194000e+03   1.0164000e+03   1.0195000e+03   1.0151000e+03   1.0156000e+03   1.0148000e+03   1.0190000e+03   1.0198000e+03   1.0052334e+03   1.0086667e+03   1.0052666e+03   1.0131333e+03   1.0119000e+03   1.0167000e+03
  -8.1100000e+02   1.0197000e+03   1.0163000e+03   1.0189000e+03   1.0149000e+03   1.0155000e+03   1.0148000e+03   1.0192000e+03   1.0195000e+03   1.0053667e+03   1.0090333e+03   1.0049333e+03   1.0128667e+03   1.0121000e+03   1.0171000e+03
  -8.1000000e+02   1.0199000e+03   1.0158000e+03   1.0198000e+03   1.0149000e+03   1.0155000e+03   1.0146000e+03   1.0192000e+03   1.0190000e+03   1.0055000e+03   1.0094000e+03   1.0046000e+03   1.0126000e+03   1.0126000e+03   1.0174000e+03
  -8.0900000e+02   1.0199000e+03   1.0155000e+03   1.0202000e+03   1.0157000e+03   1.0158000e+03   1.0147000e+03   1.0191000e+03   1.0184000e+03   1.0056334e+03   1.0098000e+03   1.0042666e+03   1.0121666e+03   1.0128000e+03   1.0178000e+03
  -8.0800000e+02   1.0205000e+03   1.0150000e+03   1.0204000e+03   1.0158000e+03   1.0166000e+03   1.0148000e+03   1.0193000e+03   1.0187000e+03   1.0057667e+03   1.0102000e+03   1.0039333e+03   1.0117333e+03   1.0130000e+03   1.0178000e+03
  -8.0700000e+02   1.0204000e+03   1.0150000e+03   1.0202000e+03   1.0154000e+03   1.0170000e+03   1.0151000e+03   1.0186000e+03   1.0186000e+03   1.0059000e+03   1.0106000e+03   1.0036000e+03   1.0113000e+03   1.0132000e+03   1.0177000e+03
  -8.0600000e+02   1.0195000e+03   1.0148000e+03   1.0197000e+03   1.0150000e+03   1.0172000e+03   1.0150000e+03   1.0176000e+03   1.0183000e+03   1.0070333e+03   1.0104000e+03   1.0041500e+03   1.0111667e+03   1.0128000e+03   1.0173000e+03
  -8.0500000e+02   1.0187000e+03   1.0146000e+03   1.0193000e+03   1.0149000e+03   1.0173000e+03   1.0149000e+03   1.0165000e+03   1.0181000e+03   1.0081667e+03   1.0102000e+03   1.0047000e+03   1.0110333e+03   1.0125000e+03   1.0168000e+03
  -8.0400000e+02   1.0183000e+03   1.0146000e+03   1.0191000e+03   1.0145000e+03   1.0169000e+03   1.0149000e+03   1.0156000e+03   1.0184000e+03   1.0093000e+03   1.0100000e+03   1.0052500e+03   1.0109000e+03   1.0124000e+03   1.0164000e+03
  -8.0300000e+02   1.0177000e+03   1.0153000e+03   1.0190000e+03   1.0138000e+03   1.0170000e+03   1.0148000e+03   1.0151000e+03   1.0187000e+03   1.0083000e+03   1.0099667e+03   1.0058000e+03   1.0109667e+03   1.0123000e+03   1.0160000e+03
  -8.0200000e+02   1.0180000e+03   1.0156000e+03   1.0191000e+03   1.0130000e+03   1.0164000e+03   1.0148000e+03   1.0155000e+03   1.0193000e+03   1.0073000e+03   1.0099333e+03   1.0063500e+03   1.0110333e+03   1.0120000e+03   1.0158000e+03
  -8.0100000e+02   1.0185000e+03   1.0159000e+03   1.0194000e+03   1.0144000e+03   1.0155000e+03   1.0145000e+03   1.0159000e+03   1.0199000e+03   1.0063000e+03   1.0099000e+03   1.0069000e+03   1.0111000e+03   1.0118000e+03   1.0163000e+03
  -8.0000000e+02   1.0190000e+03   1.0159000e+03   1.0198000e+03   1.0144000e+03   1.0155000e+03   1.0150000e+03   1.0180000e+03   1.0200000e+03   1.0062667e+03   1.0103000e+03   1.0067667e+03   1.0110000e+03   1.0117000e+03   1.0167000e+03
  -7.9900000e+02   1.0194000e+03   1.0156000e+03   1.0205000e+03   1.0141000e+03   1.0150000e+03   1.0155000e+03   1.0171000e+03   1.0200000e+03   1.0062333e+03   1.0107000e+03   1.0066333e+03   1.0109000e+03   1.0122000e+03   1.0172000e+03
  -7.9800000e+02   1.0205000e+03   1.0150000e+03   1.0203000e+03   1.0141000e+03   1.0146000e+03   1.0158000e+03   1.0170000e+03   1.0198000e+03   1.0062000e+03   1.0111000e+03   1.0065000e+03   1.0108000e+03   1.0125000e+03   1.0176000e+03
  -7.9700000e+02   1.0204000e+03   1.0149000e+03   1.0202000e+03   1.0142000e+03   1.0153000e+03   1.0159000e+03   1.0168000e+03   1.0186000e+03   1.0061667e+03   1.0108667e+03   1.0063667e+03   1.0101667e+03   1.0126500e+03   1.0182000e+03
  -7.9600000e+02   1.0199000e+03   1.0144000e+03   1.0201000e+03   1.0150000e+03   1.0158000e+03   1.0166000e+03   1.0164000e+03   1.0185000e+03   1.0061333e+03   1.0106333e+03   1.0062333e+03   1.0095333e+03   1.0128000e+03   1.0181000e+03
  -7.9500000e+02   1.0195000e+03   1.0133000e+03   1.0196000e+03   1.0152000e+03   1.0165000e+03   1.0168000e+03   1.0163000e+03   1.0184000e+03   1.0061000e+03   1.0104000e+03   1.0061000e+03   1.0089000e+03   1.0132000e+03   1.0181000e+03
  -7.9400000e+02   1.0190000e+03   1.0131000e+03   1.0190000e+03   1.0151000e+03   1.0167000e+03   1.0172000e+03   1.0155000e+03   1.0187000e+03   1.0060667e+03   1.0094667e+03   1.0066333e+03   1.0089333e+03   1.0128000e+03   1.0177000e+03
  -7.9300000e+02   1.0185000e+03   1.0130000e+03   1.0178000e+03   1.0149000e+03   1.0170000e+03   1.0169000e+03   1.0162000e+03   1.0190000e+03   1.0060333e+03   1.0085333e+03   1.0071667e+03   1.0089667e+03   1.0122000e+03   1.0176000e+03
  -7.9200000e+02   1.0189000e+03   1.0132000e+03   1.0166000e+03   1.0144000e+03   1.0171000e+03   1.0163000e+03   1.0156000e+03   1.0198000e+03   1.0060000e+03   1.0076000e+03   1.0077000e+03   1.0090000e+03   1.0115000e+03   1.0176000e+03
  -7.9100000e+02   1.0189000e+03   1.0135000e+03   1.0166000e+03   1.0134000e+03   1.0168000e+03   1.0159000e+03   1.0148000e+03   1.0202000e+03   1.0059667e+03   1.0074333e+03   1.0072667e+03   1.0096667e+03   1.0110000e+03   1.0178000e+03
  -7.9000000e+02   1.0194000e+03   1.0144000e+03   1.0170000e+03   1.0134000e+03   1.0164000e+03   1.0154000e+03   1.0144000e+03   1.0203000e+03   1.0059334e+03   1.0072666e+03   1.0068334e+03   1.0103333e+03   1.0104000e+03   1.0181000e+03
  -7.8900000e+02   1.0199000e+03   1.0145000e+03   1.0211000e+03   1.0137000e+03   1.0160000e+03   1.0150000e+03   1.0145000e+03   1.0210000e+03   1.0059000e+03   1.0071000e+03   1.0064000e+03   1.0110000e+03   1.0101000e+03   1.0184000e+03
  -7.8800000e+02   1.0204000e+03   1.0140000e+03   1.0209000e+03   1.0140000e+03   1.0157000e+03   1.0143000e+03   1.0150000e+03   1.0210000e+03   1.0056333e+03   1.0076333e+03   1.0058834e+03   1.0105667e+03   1.0100000e+03   1.0189000e+03
  -7.8700000e+02   1.0204000e+03   1.0142000e+03   1.0198000e+03   1.0144000e+03   1.0153000e+03   1.0143000e+03   1.0151000e+03   1.0208500e+03   1.0053667e+03   1.0081667e+03   1.0053667e+03   1.0101333e+03   1.0103000e+03   1.0196000e+03
  -7.8600000e+02   1.0205000e+03   1.0139000e+03   1.0194000e+03   1.0146000e+03   1.0157000e+03   1.0139000e+03   1.0155000e+03   1.0207000e+03   1.0051000e+03   1.0087000e+03   1.0048500e+03   1.0097000e+03   1.0105000e+03   1.0197000e+03
  -7.8500000e+02   1.0205000e+03   1.0134000e+03   1.0195000e+03   1.0151500e+03   1.0164000e+03   1.0142000e+03   1.0155000e+03   1.0205000e+03   1.0049333e+03   1.0093333e+03   1.0043333e+03   1.0094000e+03   1.0107000e+03   1.0200000e+03
  -7.8400000e+02   1.0202000e+03   1.0132000e+03   1.0188000e+03   1.0157000e+03   1.0168000e+03   1.0140000e+03   1.0153000e+03   1.0199000e+03   1.0047666e+03   1.0099667e+03   1.0038167e+03   1.0091000e+03   1.0110000e+03   1.0202000e+03
  -7.8300000e+02   1.0199000e+03   1.0126000e+03   1.0182000e+03   1.0165000e+03   1.0173000e+03   1.0146000e+03   1.0149000e+03   1.0197000e+03   1.0046000e+03   1.0106000e+03   1.0033000e+03   1.0088000e+03   1.0111000e+03   1.0198000e+03
  -7.8200000e+02   1.0199000e+03   1.0126000e+03   1.0179000e+03   1.0163000e+03   1.0177000e+03   1.0149000e+03   1.0144000e+03   1.0197000e+03   1.0050000e+03   1.0101333e+03   1.0037167e+03   1.0088333e+03   1.0110000e+03   1.0195000e+03
  -7.8100000e+02   1.0189000e+03   1.0124000e+03   1.0174000e+03   1.0151000e+03   1.0180000e+03   1.0156000e+03   1.0133000e+03   1.0202000e+03   1.0054000e+03   1.0096667e+03   1.0041333e+03   1.0088667e+03   1.0109000e+03   1.0192000e+03
  -7.8000000e+02   1.0189000e+03   1.0129000e+03   1.0172000e+03   1.0145000e+03   1.0176000e+03   1.0154000e+03   1.0124000e+03   1.0201000e+03   1.0058000e+03   1.0092000e+03   1.0045500e+03   1.0089000e+03   1.0108000e+03   1.0185000e+03
  -7.7900000e+02   1.0189000e+03   1.0132000e+03   1.0174000e+03   1.0140000e+03   1.0171000e+03   1.0152000e+03   1.0119000e+03   1.0196000e+03   1.0060000e+03   1.0092000e+03   1.0049667e+03   1.0092334e+03   1.0107000e+03   1.0183000e+03
  -7.7800000e+02   1.0185000e+03   1.0138000e+03   1.0179000e+03   1.0144000e+03   1.0167000e+03   1.0149000e+03   1.0116000e+03   1.0203000e+03   1.0062000e+03   1.0092000e+03   1.0053833e+03   1.0095667e+03   1.0106000e+03   1.0182000e+03
  -7.7700000e+02   1.0190000e+03   1.0140000e+03   1.0184000e+03   1.0134000e+03   1.0167000e+03   1.0146000e+03   1.0113000e+03   1.0207000e+03   1.0064000e+03   1.0092000e+03   1.0058000e+03   1.0099000e+03   1.0105000e+03   1.0183000e+03
  -7.7600000e+02   1.0199000e+03   1.0142000e+03   1.0186000e+03   1.0142500e+03   1.0166000e+03   1.0146000e+03   1.0114000e+03   1.0206000e+03   1.0064000e+03   1.0096333e+03   1.0054000e+03   1.0098667e+03   1.0110000e+03   1.0187000e+03
  -7.7500000e+02   1.0200000e+03   1.0139000e+03   1.0184000e+03   1.0151000e+03   1.0166000e+03   1.0149000e+03   1.0121000e+03   1.0210000e+03   1.0064000e+03   1.0100667e+03   1.0050000e+03   1.0098333e+03   1.0117000e+03   1.0194000e+03
  -7.7400000e+02   1.0207000e+03   1.0136000e+03   1.0184000e+03   1.0151000e+03   1.0165500e+03   1.0154000e+03   1.0123000e+03   1.0201000e+03   1.0064000e+03   1.0105000e+03   1.0046000e+03   1.0098000e+03   1.0122000e+03   1.0198000e+03
  -7.7300000e+02   1.0207000e+03   1.0133000e+03   1.0190000e+03   1.0155000e+03   1.0165000e+03   1.0160000e+03   1.0126000e+03   1.0199000e+03   1.0064000e+03   1.0102333e+03   1.0046666e+03   1.0094000e+03   1.0126000e+03   1.0201000e+03
  -7.7200000e+02   1.0207000e+03   1.0130000e+03   1.0189000e+03   1.0157000e+03   1.0167000e+03   1.0162000e+03   1.0127000e+03   1.0196000e+03   1.0064000e+03   1.0099667e+03   1.0047333e+03   1.0090000e+03   1.0129000e+03   1.0201000e+03
  -7.7100000e+02   1.0205000e+03   1.0133000e+03   1.0181000e+03   1.0160000e+03   1.0169000e+03   1.0166000e+03   1.0127000e+03   1.0191000e+03   1.0064000e+03   1.0097000e+03   1.0048000e+03   1.0086000e+03   1.0127000e+03   1.0201000e+03
  -7.7000000e+02   1.0204000e+03   1.0124000e+03   1.0181000e+03   1.0163000e+03   1.0174000e+03   1.0172000e+03   1.0127000e+03   1.0194000e+03   1.0064000e+03   1.0088000e+03   1.0052000e+03   1.0086333e+03   1.0124000e+03   1.0200000e+03
  -7.6900000e+02   1.0199000e+03   1.0122000e+03   1.0177000e+03   1.0155000e+03   1.0178000e+03   1.0170000e+03   1.0126000e+03   1.0196000e+03   1.0064000e+03   1.0079000e+03   1.0056000e+03   1.0086667e+03   1.0119000e+03   1.0200000e+03
  -7.6800000e+02   1.0199000e+03   1.0115000e+03   1.0167000e+03   1.0146000e+03   1.0177000e+03   1.0168000e+03   1.0126000e+03   1.0201000e+03   1.0064000e+03   1.0070000e+03   1.0060000e+03   1.0087000e+03   1.0113000e+03   1.0199000e+03
  -7.6700000e+02   1.0199000e+03   1.0123000e+03   1.0164000e+03   1.0143000e+03   1.0174000e+03   1.0161000e+03   1.0123000e+03   1.0204000e+03   1.0062556e+03   1.0068000e+03   1.0059333e+03   1.0094000e+03   1.0107000e+03   1.0199000e+03
  -7.6600000e+02   1.0204000e+03   1.0126000e+03   1.0157000e+03   1.0143000e+03   1.0169000e+03   1.0156000e+03   1.0125000e+03   1.0208000e+03   1.0061111e+03   1.0066000e+03   1.0058667e+03   1.0101000e+03   1.0103000e+03   1.0202000e+03
  -7.6500000e+02   1.0207000e+03   1.0130000e+03   1.0157000e+03   1.0140000e+03   1.0164000e+03   1.0150000e+03   1.0130000e+03   1.0209000e+03   1.0059667e+03   1.0064000e+03   1.0058000e+03   1.0108000e+03   1.0100000e+03   1.0203000e+03
  -7.6400000e+02   1.0211000e+03   1.0132000e+03   1.0158000e+03   1.0146000e+03   1.0163000e+03   1.0145000e+03   1.0133000e+03   1.0212000e+03   1.0058222e+03   1.0071000e+03   1.0053833e+03   1.0107667e+03   1.0104000e+03   1.0211000e+03
  -7.6300000e+02   1.0214000e+03   1.0139000e+03   1.0163000e+03   1.0148000e+03   1.0166000e+03   1.0153000e+03   1.0133000e+03   1.0210000e+03   1.0056778e+03   1.0078000e+03   1.0049667e+03   1.0107333e+03   1.0109000e+03   1.0213000e+03
  -7.6200000e+02   1.0217000e+03   1.0136000e+03   1.0173000e+03   1.0153000e+03   1.0166000e+03   1.0161000e+03   1.0135000e+03   1.0210000e+03   1.0055333e+03   1.0085000e+03   1.0045500e+03   1.0107000e+03   1.0115000e+03   1.0217000e+03
  -7.6100000e+02   1.0217000e+03   1.0124000e+03   1.0174000e+03   1.0157000e+03   1.0170000e+03   1.0157000e+03   1.0135000e+03   1.0200000e+03   1.0053889e+03   1.0088000e+03   1.0041333e+03   1.0105667e+03   1.0123000e+03   1.0219000e+03
  -7.6000000e+02   1.0217000e+03   1.0121000e+03   1.0173000e+03   1.0160000e+03   1.0177000e+03   1.0162000e+03   1.0136000e+03   1.0192000e+03   1.0052444e+03   1.0091000e+03   1.0037167e+03   1.0104333e+03   1.0129000e+03   1.0222000e+03
  -7.5900000e+02   1.0214000e+03   1.0116000e+03   1.0168000e+03   1.0160000e+03   1.0178000e+03   1.0165000e+03   1.0132000e+03   1.0189000e+03   1.0051000e+03   1.0094000e+03   1.0033000e+03   1.0103000e+03   1.0132000e+03   1.0215000e+03
  -7.5800000e+02   1.0211000e+03   1.0116000e+03   1.0163000e+03   1.0156000e+03   1.0179000e+03   1.0168000e+03   1.0128000e+03   1.0183000e+03   1.0055000e+03   1.0089000e+03   1.0038167e+03   1.0103667e+03   1.0132000e+03   1.0212000e+03
  -7.5700000e+02   1.0214000e+03   1.0119000e+03   1.0159000e+03   1.0150000e+03   1.0183000e+03   1.0164000e+03   1.0123000e+03   1.0179000e+03   1.0059000e+03   1.0084000e+03   1.0043333e+03   1.0104333e+03   1.0130000e+03   1.0206000e+03
  -7.5600000e+02   1.0211000e+03   1.0126000e+03   1.0157000e+03   1.0145000e+03   1.0184000e+03   1.0171000e+03   1.0116000e+03   1.0181000e+03   1.0063000e+03   1.0079000e+03   1.0048500e+03   1.0105000e+03   1.0130000e+03   1.0201000e+03
  -7.5500000e+02   1.0204000e+03   1.0133000e+03   1.0158000e+03   1.0140000e+03   1.0179000e+03   1.0170000e+03   1.0114000e+03   1.0186000e+03   1.0061500e+03   1.0077000e+03   1.0053667e+03   1.0107000e+03   1.0130000e+03   1.0196000e+03
  -7.5400000e+02   1.0199000e+03   1.0133000e+03   1.0161000e+03   1.0135000e+03   1.0174000e+03   1.0165000e+03   1.0114000e+03   1.0187000e+03   1.0060000e+03   1.0075000e+03   1.0058834e+03   1.0109000e+03   1.0128000e+03   1.0195000e+03
  -7.5300000e+02   1.0199000e+03   1.0137000e+03   1.0169000e+03   1.0136000e+03   1.0175000e+03   1.0163000e+03   1.0115000e+03   1.0195000e+03   1.0058500e+03   1.0073000e+03   1.0064000e+03   1.0111000e+03   1.0133000e+03   1.0192000e+03
  -7.5200000e+02   1.0209000e+03   1.0139000e+03   1.0173000e+03   1.0138000e+03   1.0176000e+03   1.0162000e+03   1.0117000e+03   1.0195000e+03   1.0057000e+03   1.0079333e+03   1.0061667e+03   1.0110333e+03   1.0139000e+03   1.0192000e+03
  -7.5100000e+02   1.0221000e+03   1.0142000e+03   1.0174000e+03   1.0141000e+03   1.0175000e+03   1.0164000e+03   1.0115000e+03   1.0191000e+03   1.0055500e+03   1.0085667e+03   1.0059333e+03   1.0109667e+03   1.0143000e+03   1.0199000e+03
  -7.5000000e+02   1.0219000e+03   1.0148000e+03   1.0175000e+03   1.0149000e+03   1.0170000e+03   1.0168000e+03   1.0117000e+03   1.0185000e+03   1.0054000e+03   1.0092000e+03   1.0057000e+03   1.0109000e+03   1.0150000e+03   1.0204000e+03
  -7.4900000e+02   1.0226000e+03   1.0142000e+03   1.0172000e+03   1.0154000e+03   1.0166000e+03   1.0172000e+03   1.0121000e+03   1.0177000e+03   1.0051667e+03   1.0090000e+03   1.0057000e+03   1.0107334e+03   1.0153000e+03   1.0206000e+03
  -7.4800000e+02   1.0219000e+03   1.0138000e+03   1.0172000e+03   1.0158000e+03   1.0173000e+03   1.0180000e+03   1.0126000e+03   1.0172000e+03   1.0049333e+03   1.0088000e+03   1.0057000e+03   1.0105667e+03   1.0157000e+03   1.0208000e+03
  -7.4700000e+02   1.0211000e+03   1.0135000e+03   1.0170000e+03   1.0165000e+03   1.0180000e+03   1.0182000e+03   1.0130000e+03   1.0172000e+03   1.0047000e+03   1.0086000e+03   1.0057000e+03   1.0104000e+03   1.0159000e+03   1.0209000e+03
  -7.4600000e+02   1.0212000e+03   1.0129000e+03   1.0167000e+03   1.0164000e+03   1.0190000e+03   1.0184000e+03   1.0129000e+03   1.0173000e+03   1.0050667e+03   1.0076333e+03   1.0061333e+03   1.0106000e+03   1.0158000e+03   1.0205000e+03
  -7.4500000e+02   1.0211000e+03   1.0131000e+03   1.0162000e+03   1.0159000e+03   1.0193000e+03   1.0185000e+03   1.0126000e+03   1.0171000e+03   1.0054333e+03   1.0066667e+03   1.0065667e+03   1.0108000e+03   1.0154000e+03   1.0203000e+03
  -7.4400000e+02   1.0211000e+03   1.0126000e+03   1.0153000e+03   1.0152000e+03   1.0189000e+03   1.0185000e+03   1.0125000e+03   1.0174000e+03   1.0058000e+03   1.0057000e+03   1.0070000e+03   1.0110000e+03   1.0149000e+03   1.0200000e+03
  -7.4300000e+02   1.0212000e+03   1.0124000e+03   1.0151000e+03   1.0143000e+03   1.0182000e+03   1.0182000e+03   1.0128000e+03   1.0176000e+03   1.0056500e+03   1.0055667e+03   1.0069333e+03   1.0114333e+03   1.0143000e+03   1.0200000e+03
  -7.4200000e+02   1.0212000e+03   1.0127000e+03   1.0145000e+03   1.0136000e+03   1.0179000e+03   1.0177000e+03   1.0135000e+03   1.0177000e+03   1.0055000e+03   1.0054333e+03   1.0068667e+03   1.0118667e+03   1.0141000e+03   1.0203000e+03
  -7.4100000e+02   1.0216000e+03   1.0135000e+03   1.0144000e+03   1.0135000e+03   1.0174000e+03   1.0169000e+03   1.0138000e+03   1.0180000e+03   1.0053500e+03   1.0053000e+03   1.0068000e+03   1.0123000e+03   1.0141000e+03   1.0208000e+03
  -7.4000000e+02   1.0217000e+03   1.0146000e+03   1.0146000e+03   1.0136000e+03   1.0172000e+03   1.0163000e+03   1.0141000e+03   1.0182000e+03   1.0052000e+03   1.0060333e+03   1.0064167e+03   1.0122667e+03   1.0142000e+03   1.0212000e+03
  -7.3900000e+02   1.0226000e+03   1.0146000e+03   1.0154000e+03   1.0140000e+03   1.0170000e+03   1.0162000e+03   1.0145000e+03   1.0179000e+03   1.0050500e+03   1.0067667e+03   1.0060333e+03   1.0122333e+03   1.0146000e+03   1.0216000e+03
  -7.3800000e+02   1.0231000e+03   1.0148000e+03   1.0161000e+03   1.0144000e+03   1.0177000e+03   1.0163000e+03   1.0149000e+03   1.0175000e+03   1.0049000e+03   1.0075000e+03   1.0056500e+03   1.0122000e+03   1.0150000e+03   1.0218000e+03
  -7.3700000e+02   1.0234000e+03   1.0143000e+03   1.0165000e+03   1.0149000e+03   1.0181000e+03   1.0161000e+03   1.0150000e+03   1.0170000e+03   1.0050000e+03   1.0078667e+03   1.0052667e+03   1.0118333e+03   1.0150000e+03   1.0219000e+03
  -7.3600000e+02   1.0229000e+03   1.0139000e+03   1.0167000e+03   1.0147000e+03   1.0189000e+03   1.0160000e+03   1.0149000e+03   1.0165000e+03   1.0051000e+03   1.0082333e+03   1.0048833e+03   1.0114667e+03   1.0163000e+03   1.0221000e+03
  -7.3500000e+02   1.0229000e+03   1.0140000e+03   1.0164000e+03   1.0146000e+03   1.0195000e+03   1.0170000e+03   1.0146000e+03   1.0161000e+03   1.0052000e+03   1.0086000e+03   1.0045000e+03   1.0111000e+03   1.0163000e+03   1.0216000e+03
  -7.3400000e+02   1.0226000e+03   1.0137000e+03   1.0162000e+03   1.0145000e+03   1.0193000e+03   1.0173000e+03   1.0142000e+03   1.0156000e+03   1.0053000e+03   1.0084333e+03   1.0050667e+03   1.0112333e+03   1.0164000e+03   1.0214000e+03
  -7.3300000e+02   1.0224000e+03   1.0142000e+03   1.0153000e+03   1.0144000e+03   1.0193000e+03   1.0173000e+03   1.0135000e+03   1.0153000e+03   1.0054000e+03   1.0082666e+03   1.0056333e+03   1.0113667e+03   1.0163000e+03   1.0208000e+03
  -7.3200000e+02   1.0221000e+03   1.0142000e+03   1.0151000e+03   1.0142000e+03   1.0191000e+03   1.0176000e+03   1.0130000e+03   1.0158000e+03   1.0055000e+03   1.0081000e+03   1.0062000e+03   1.0115000e+03   1.0159000e+03   1.0201000e+03
  -7.3100000e+02   1.0217000e+03   1.0150000e+03   1.0149000e+03   1.0137000e+03   1.0184000e+03   1.0171000e+03   1.0129000e+03   1.0166000e+03   1.0055000e+03   1.0077000e+03   1.0065333e+03   1.0116000e+03   1.0161000e+03   1.0197000e+03
  -7.3000000e+02   1.0214000e+03   1.0152000e+03   1.0150000e+03   1.0145000e+03   1.0180000e+03   1.0169000e+03   1.0131000e+03   1.0171000e+03   1.0055000e+03   1.0073000e+03   1.0068667e+03   1.0117000e+03   1.0165500e+03   1.0193000e+03
  -7.2900000e+02   1.0216000e+03   1.0158000e+03   1.0154000e+03   1.0131000e+03   1.0175000e+03   1.0165000e+03   1.0135000e+03   1.0177000e+03   1.0055000e+03   1.0069000e+03   1.0072000e+03   1.0118000e+03   1.0170000e+03   1.0194000e+03
  -7.2800000e+02   1.0221000e+03   1.0165000e+03   1.0154000e+03   1.0129000e+03   1.0168000e+03   1.0164000e+03   1.0145000e+03   1.0180000e+03   1.0047000e+03   1.0072334e+03   1.0070000e+03   1.0118000e+03   1.0174500e+03   1.0196000e+03
  -7.2700000e+02   1.0226000e+03   1.0166000e+03   1.0156000e+03   1.0129000e+03   1.0165000e+03   1.0161000e+03   1.0149500e+03   1.0175000e+03   1.0039000e+03   1.0075667e+03   1.0068000e+03   1.0118000e+03   1.0179000e+03   1.0198000e+03
  -7.2600000e+02   1.0233000e+03   1.0165000e+03   1.0159000e+03   1.0127000e+03   1.0167000e+03   1.0162000e+03   1.0154000e+03   1.0173000e+03   1.0031000e+03   1.0079000e+03   1.0066000e+03   1.0118000e+03   1.0180000e+03   1.0204000e+03
  -7.2500000e+02   1.0233000e+03   1.0161000e+03   1.0159000e+03   1.0130000e+03   1.0173000e+03   1.0168000e+03   1.0156000e+03   1.0167000e+03   1.0028333e+03   1.0077667e+03   1.0064333e+03   1.0114000e+03   1.0185000e+03   1.0209000e+03
  -7.2400000e+02   1.0233000e+03   1.0155000e+03   1.0160000e+03   1.0129000e+03   1.0179000e+03   1.0174000e+03   1.0158000e+03   1.0162000e+03   1.0025667e+03   1.0076333e+03   1.0062666e+03   1.0110000e+03   1.0193000e+03   1.0209000e+03
  -7.2300000e+02   1.0229000e+03   1.0154000e+03   1.0158000e+03   1.0130000e+03   1.0186000e+03   1.0179000e+03   1.0154000e+03   1.0163000e+03   1.0023000e+03   1.0075000e+03   1.0061000e+03   1.0106000e+03   1.0195000e+03   1.0206000e+03
  -7.2200000e+02   1.0222000e+03   1.0154000e+03   1.0157000e+03   1.0130000e+03   1.0190000e+03   1.0178000e+03   1.0153000e+03   1.0163000e+03   1.0031667e+03   1.0068333e+03   1.0068000e+03   1.0106666e+03   1.0193000e+03   1.0205000e+03
  -7.2100000e+02   1.0217000e+03   1.0155000e+03   1.0150000e+03   1.0126000e+03   1.0190000e+03   1.0182000e+03   1.0153000e+03   1.0165000e+03   1.0040333e+03   1.0061667e+03   1.0075000e+03   1.0107333e+03   1.0191000e+03   1.0201000e+03
  -7.2000000e+02   1.0216000e+03   1.0159000e+03   1.0144000e+03   1.0122000e+03   1.0192000e+03   1.0179000e+03   1.0155000e+03   1.0167000e+03   1.0049000e+03   1.0055000e+03   1.0082000e+03   1.0108000e+03   1.0188000e+03   1.0197000e+03
  -7.1900000e+02   1.0216000e+03   1.0164000e+03   1.0137000e+03   1.0115000e+03   1.0191000e+03   1.0174000e+03   1.0154000e+03   1.0170000e+03   1.0048556e+03   1.0052333e+03   1.0081333e+03   1.0111333e+03   1.0179000e+03   1.0198000e+03
  -7.1800000e+02   1.0217000e+03   1.0176000e+03   1.0137000e+03   1.0113000e+03   1.0189000e+03   1.0171000e+03   1.0159000e+03   1.0174000e+03   1.0048111e+03   1.0049667e+03   1.0080667e+03   1.0114667e+03   1.0173000e+03   1.0199000e+03
  -7.1700000e+02   1.0221000e+03   1.0185000e+03   1.0136000e+03   1.0108000e+03   1.0181000e+03   1.0164000e+03   1.0164000e+03   1.0175000e+03   1.0047667e+03   1.0047000e+03   1.0080000e+03   1.0118000e+03   1.0169000e+03   1.0200000e+03
  -7.1600000e+02   1.0228000e+03   1.0191000e+03   1.0136000e+03   1.0108000e+03   1.0175000e+03   1.0162000e+03   1.0169000e+03   1.0178000e+03   1.0047222e+03   1.0052333e+03   1.0072500e+03   1.0114667e+03   1.0171000e+03   1.0203000e+03
  -7.1500000e+02   1.0229000e+03   1.0189000e+03   1.0140000e+03   1.0112000e+03   1.0177000e+03   1.0161000e+03   1.0172000e+03   1.0177000e+03   1.0046778e+03   1.0057667e+03   1.0065000e+03   1.0111333e+03   1.0173000e+03   1.0209000e+03
  -7.1400000e+02   1.0231000e+03   1.0187000e+03   1.0148000e+03   1.0117000e+03   1.0177000e+03   1.0156000e+03   1.0174000e+03   1.0173000e+03   1.0046333e+03   1.0063000e+03   1.0057500e+03   1.0108000e+03   1.0178000e+03   1.0210000e+03
  -7.1300000e+02   1.0231000e+03   1.0185000e+03   1.0150000e+03   1.0119000e+03   1.0179000e+03   1.0160000e+03   1.0176000e+03   1.0171000e+03   1.0045889e+03   1.0065667e+03   1.0050000e+03   1.0104000e+03   1.0182000e+03   1.0212000e+03
  -7.1200000e+02   1.0231000e+03   1.0185000e+03   1.0154000e+03   1.0119000e+03   1.0183000e+03   1.0161000e+03   1.0171000e+03   1.0169000e+03   1.0045444e+03   1.0068333e+03   1.0042500e+03   1.0100000e+03   1.0182000e+03   1.0209000e+03
  -7.1100000e+02   1.0228000e+03   1.0182000e+03   1.0154000e+03   1.0119000e+03   1.0183000e+03   1.0163000e+03   1.0168000e+03   1.0167000e+03   1.0045000e+03   1.0071000e+03   1.0035000e+03   1.0096000e+03   1.0184000e+03   1.0205000e+03
  -7.1000000e+02   1.0224000e+03   1.0184000e+03   1.0147000e+03   1.0119000e+03   1.0186000e+03   1.0167000e+03   1.0162000e+03   1.0171000e+03   1.0047000e+03   1.0066000e+03   1.0046000e+03   1.0095667e+03   1.0184000e+03   1.0199000e+03
  -7.0900000e+02   1.0219000e+03   1.0184000e+03   1.0143000e+03   1.0117000e+03   1.0189000e+03   1.0164000e+03   1.0158000e+03   1.0173000e+03   1.0049000e+03   1.0061000e+03   1.0057000e+03   1.0095333e+03   1.0175000e+03   1.0194000e+03
  -7.0800000e+02   1.0217000e+03   1.0188000e+03   1.0139000e+03   1.0107000e+03   1.0190000e+03   1.0168000e+03   1.0153000e+03   1.0177000e+03   1.0051000e+03   1.0056000e+03   1.0068000e+03   1.0095000e+03   1.0169000e+03   1.0187000e+03
  -7.0700000e+02   1.0212000e+03   1.0193000e+03   1.0137000e+03   1.0112000e+03   1.0187000e+03   1.0168000e+03   1.0152000e+03   1.0182000e+03   1.0047666e+03   1.0054000e+03   1.0069000e+03   1.0093667e+03   1.0167000e+03   1.0181000e+03
  -7.0600000e+02   1.0217000e+03   1.0199000e+03   1.0139000e+03   1.0102000e+03   1.0179000e+03   1.0164000e+03   1.0151000e+03   1.0191000e+03   1.0044333e+03   1.0052000e+03   1.0070000e+03   1.0092333e+03   1.0168000e+03   1.0178000e+03
  -7.0500000e+02   1.0216000e+03   1.0201000e+03   1.0147000e+03   1.0098000e+03   1.0168000e+03   1.0161000e+03   1.0152000e+03   1.0196000e+03   1.0041000e+03   1.0050000e+03   1.0071000e+03   1.0091000e+03   1.0171000e+03   1.0174000e+03
  -7.0400000e+02   1.0216000e+03   1.0205000e+03   1.0153000e+03   1.0100000e+03   1.0165000e+03   1.0160000e+03   1.0150000e+03   1.0190000e+03   1.0037666e+03   1.0045000e+03   1.0066333e+03   1.0088000e+03   1.0173000e+03   1.0175000e+03
  -7.0300000e+02   1.0217000e+03   1.0205000e+03   1.0156000e+03   1.0099000e+03   1.0167000e+03   1.0161000e+03   1.0154000e+03   1.0183000e+03   1.0034333e+03   1.0040000e+03   1.0061667e+03   1.0085000e+03   1.0180000e+03   1.0174000e+03
  -7.0200000e+02   1.0219000e+03   1.0199000e+03   1.0160000e+03   1.0103000e+03   1.0162000e+03   1.0163000e+03   1.0160000e+03   1.0177000e+03   1.0031000e+03   1.0035000e+03   1.0057000e+03   1.0082000e+03   1.0189000e+03   1.0179000e+03
  -7.0100000e+02   1.0219000e+03   1.0197000e+03   1.0160000e+03   1.0105000e+03   1.0162000e+03   1.0167000e+03   1.0160000e+03   1.0175000e+03   1.0034667e+03   1.0045000e+03   1.0056667e+03   1.0076000e+03   1.0191000e+03   1.0182000e+03
  -7.0000000e+02   1.0216000e+03   1.0198000e+03   1.0162000e+03   1.0115000e+03   1.0164000e+03   1.0171000e+03   1.0155000e+03   1.0170000e+03   1.0038333e+03   1.0055000e+03   1.0056333e+03   1.0070000e+03   1.0194000e+03   1.0182000e+03
  -6.9900000e+02   1.0212000e+03   1.0198000e+03   1.0160000e+03   1.0116000e+03   1.0171000e+03   1.0171000e+03   1.0154000e+03   1.0171000e+03   1.0042000e+03   1.0065000e+03   1.0056000e+03   1.0064000e+03   1.0197000e+03   1.0182000e+03
  -6.9800000e+02   1.0204000e+03   1.0193000e+03   1.0157000e+03   1.0114000e+03   1.0179000e+03   1.0173000e+03   1.0149000e+03   1.0171000e+03   1.0047000e+03   1.0057000e+03   1.0060667e+03   1.0064000e+03   1.0193000e+03   1.0180000e+03
  -6.9700000e+02   1.0200000e+03   1.0191000e+03   1.0149000e+03   1.0110000e+03   1.0183000e+03   1.0173000e+03   1.0149000e+03   1.0176000e+03   1.0052000e+03   1.0049000e+03   1.0065333e+03   1.0064000e+03   1.0187000e+03   1.0177000e+03
  -6.9600000e+02   1.0197000e+03   1.0185000e+03   1.0144000e+03   1.0112000e+03   1.0169000e+03   1.0170000e+03   1.0149000e+03   1.0182000e+03   1.0057000e+03   1.0041000e+03   1.0070000e+03   1.0064000e+03   1.0181000e+03   1.0175000e+03
  -6.9500000e+02   1.0194000e+03   1.0191000e+03   1.0141000e+03   1.0105000e+03   1.0164000e+03   1.0169000e+03   1.0148000e+03   1.0185000e+03   1.0057500e+03   1.0040000e+03   1.0067000e+03   1.0066333e+03   1.0171000e+03   1.0178000e+03
  -6.9400000e+02   1.0195000e+03   1.0195000e+03   1.0138000e+03   1.0103000e+03   1.0160000e+03   1.0164000e+03   1.0149000e+03   1.0190000e+03   1.0058000e+03   1.0039000e+03   1.0064000e+03   1.0068667e+03   1.0164000e+03   1.0178000e+03
  -6.9300000e+02   1.0202000e+03   1.0198000e+03   1.0137000e+03   1.0107000e+03   1.0155000e+03   1.0161000e+03   1.0151000e+03   1.0195000e+03   1.0058500e+03   1.0038000e+03   1.0061000e+03   1.0071000e+03   1.0157000e+03   1.0183000e+03
  -6.9200000e+02   1.0207000e+03   1.0200000e+03   1.0138000e+03   1.0105000e+03   1.0151000e+03   1.0152000e+03   1.0154000e+03   1.0196000e+03   1.0059000e+03   1.0046333e+03   1.0051000e+03   1.0069000e+03   1.0159000e+03   1.0189000e+03
  -6.9100000e+02   1.0211000e+03   1.0200000e+03   1.0150000e+03   1.0110000e+03   1.0153000e+03   1.0152000e+03   1.0157000e+03   1.0195000e+03   1.0059500e+03   1.0054667e+03   1.0041000e+03   1.0067000e+03   1.0161000e+03   1.0193000e+03
  -6.9000000e+02   1.0209000e+03   1.0193000e+03   1.0154000e+03   1.0116000e+03   1.0152000e+03   1.0153000e+03   1.0158000e+03   1.0192000e+03   1.0060000e+03   1.0063000e+03   1.0031000e+03   1.0065000e+03   1.0168000e+03   1.0194000e+03
  -6.8900000e+02   1.0207000e+03   1.0190000e+03   1.0151000e+03   1.0121000e+03   1.0153000e+03   1.0151000e+03   1.0155000e+03   1.0189000e+03   1.0057667e+03   1.0065667e+03   1.0027333e+03   1.0061667e+03   1.0182000e+03   1.0195000e+03
  -6.8800000e+02   1.0205000e+03   1.0187000e+03   1.0149000e+03   1.0124000e+03   1.0155000e+03   1.0158000e+03   1.0153000e+03   1.0185000e+03   1.0055333e+03   1.0068333e+03   1.0023667e+03   1.0058333e+03   1.0184000e+03   1.0197000e+03
  -6.8700000e+02   1.0200000e+03   1.0179000e+03   1.0152000e+03   1.0127000e+03   1.0159000e+03   1.0161000e+03   1.0146000e+03   1.0180000e+03   1.0053000e+03   1.0071000e+03   1.0020000e+03   1.0055000e+03   1.0176000e+03   1.0193000e+03
  -6.8600000e+02   1.0199000e+03   1.0176000e+03   1.0152000e+03   1.0128000e+03   1.0162000e+03   1.0161000e+03   1.0138000e+03   1.0178000e+03   1.0058333e+03   1.0068333e+03   1.0025667e+03   1.0055667e+03   1.0172000e+03   1.0186000e+03
  -6.8500000e+02   1.0194000e+03   1.0177000e+03   1.0146000e+03   1.0134000e+03   1.0161000e+03   1.0162000e+03   1.0128000e+03   1.0181000e+03   1.0063667e+03   1.0065667e+03   1.0031333e+03   1.0056333e+03   1.0168000e+03   1.0179000e+03
  -6.8400000e+02   1.0190000e+03   1.0180000e+03   1.0139000e+03   1.0133000e+03   1.0158000e+03   1.0166000e+03   1.0120000e+03   1.0185000e+03   1.0069000e+03   1.0063000e+03   1.0037000e+03   1.0057000e+03   1.0165000e+03   1.0174000e+03
  -6.8300000e+02   1.0183000e+03   1.0186000e+03   1.0138000e+03   1.0131000e+03   1.0151000e+03   1.0164000e+03   1.0119000e+03   1.0189000e+03   1.0068334e+03   1.0063667e+03   1.0042667e+03   1.0058667e+03   1.0160000e+03   1.0168000e+03
  -6.8200000e+02   1.0185000e+03   1.0190000e+03   1.0133000e+03   1.0133000e+03   1.0145000e+03   1.0162000e+03   1.0118000e+03   1.0191000e+03   1.0067667e+03   1.0064333e+03   1.0048334e+03   1.0060333e+03   1.0157000e+03   1.0167000e+03
  -6.8100000e+02   1.0185000e+03   1.0190000e+03   1.0139000e+03   1.0125000e+03   1.0140500e+03   1.0159000e+03   1.0114000e+03   1.0191000e+03   1.0067000e+03   1.0065000e+03   1.0054000e+03   1.0062000e+03   1.0155000e+03   1.0168000e+03
  -6.8000000e+02   1.0194000e+03   1.0191000e+03   1.0147000e+03   1.0125000e+03   1.0136000e+03   1.0158000e+03   1.0111000e+03   1.0191000e+03   1.0065667e+03   1.0072000e+03   1.0049667e+03   1.0063333e+03   1.0159000e+03   1.0169000e+03
  -6.7900000e+02   1.0199000e+03   1.0191000e+03   1.0157000e+03   1.0129000e+03   1.0135000e+03   1.0159000e+03   1.0113000e+03   1.0186000e+03   1.0064333e+03   1.0079000e+03   1.0045333e+03   1.0064667e+03   1.0162000e+03   1.0170000e+03
  -6.7800000e+02   1.0202000e+03   1.0184000e+03   1.0157000e+03   1.0133000e+03   1.0127000e+03   1.0162000e+03   1.0112000e+03   1.0183000e+03   1.0063000e+03   1.0086000e+03   1.0041000e+03   1.0066000e+03   1.0166000e+03   1.0176000e+03
  -6.7700000e+02   1.0199000e+03   1.0181000e+03   1.0158000e+03   1.0140000e+03   1.0128000e+03   1.0167000e+03   1.0112000e+03   1.0180000e+03   1.0063000e+03   1.0086666e+03   1.0040000e+03   1.0063667e+03   1.0169000e+03   1.0181000e+03
  -6.7600000e+02   1.0195000e+03   1.0174000e+03   1.0156000e+03   1.0148000e+03   1.0131000e+03   1.0173000e+03   1.0111000e+03   1.0177000e+03   1.0063000e+03   1.0087333e+03   1.0039000e+03   1.0061333e+03   1.0171000e+03   1.0185000e+03
  -6.7500000e+02   1.0189000e+03   1.0165000e+03   1.0154000e+03   1.0151000e+03   1.0140000e+03   1.0180000e+03   1.0112000e+03   1.0176000e+03   1.0063000e+03   1.0088000e+03   1.0038000e+03   1.0059000e+03   1.0172000e+03   1.0186000e+03
  -6.7400000e+02   1.0183000e+03   1.0159000e+03   1.0148000e+03   1.0156000e+03   1.0143000e+03   1.0181000e+03   1.0112000e+03   1.0179000e+03   1.0068667e+03   1.0079333e+03   1.0043333e+03   1.0059333e+03   1.0167000e+03   1.0185000e+03
  -6.7300000e+02   1.0178000e+03   1.0168000e+03   1.0146000e+03   1.0156000e+03   1.0149000e+03   1.0181000e+03   1.0114000e+03   1.0181000e+03   1.0074333e+03   1.0070667e+03   1.0048667e+03   1.0059667e+03   1.0157000e+03   1.0184000e+03
  -6.7200000e+02   1.0178000e+03   1.0170000e+03   1.0147500e+03   1.0150000e+03   1.0148000e+03   1.0182000e+03   1.0107000e+03   1.0187000e+03   1.0080000e+03   1.0062000e+03   1.0054000e+03   1.0060000e+03   1.0151000e+03   1.0186000e+03
  -6.7100000e+02   1.0178000e+03   1.0172000e+03   1.0149000e+03   1.0149000e+03   1.0140000e+03   1.0174000e+03   1.0104000e+03   1.0191000e+03   1.0078000e+03   1.0065333e+03   1.0053667e+03   1.0064000e+03   1.0142000e+03   1.0190000e+03
  -6.7000000e+02   1.0189000e+03   1.0178000e+03   1.0151000e+03   1.0146000e+03   1.0139000e+03   1.0166000e+03   1.0107000e+03   1.0193000e+03   1.0076000e+03   1.0068667e+03   1.0053333e+03   1.0068000e+03   1.0136000e+03   1.0191000e+03
  -6.6900000e+02   1.0190000e+03   1.0174000e+03   1.0154000e+03   1.0147000e+03   1.0140000e+03   1.0158000e+03   1.0111000e+03   1.0196000e+03   1.0074000e+03   1.0072000e+03   1.0053000e+03   1.0072000e+03   1.0129000e+03   1.0197000e+03
  -6.6800000e+02   1.0195000e+03   1.0182000e+03   1.0157000e+03   1.0148000e+03   1.0135000e+03   1.0152000e+03   1.0114000e+03   1.0198000e+03   1.0072000e+03   1.0081667e+03   1.0047500e+03   1.0071667e+03   1.0130000e+03   1.0204000e+03
  -6.6700000e+02   1.0200000e+03   1.0172000e+03   1.0161000e+03   1.0155000e+03   1.0133000e+03   1.0152000e+03   1.0119000e+03   1.0196000e+03   1.0070000e+03   1.0091333e+03   1.0042000e+03   1.0071333e+03   1.0128000e+03   1.0206000e+03
  -6.6600000e+02   1.0204000e+03   1.0159000e+03   1.0152000e+03   1.0163000e+03   1.0138000e+03   1.0154000e+03   1.0119000e+03   1.0193000e+03   1.0068000e+03   1.0101000e+03   1.0036500e+03   1.0071000e+03   1.0133000e+03   1.0208000e+03
  -6.6500000e+02   1.0204000e+03   1.0156000e+03   1.0156000e+03   1.0169000e+03   1.0138000e+03   1.0156000e+03   1.0119000e+03   1.0187000e+03   1.0065667e+03   1.0106000e+03   1.0031000e+03   1.0071000e+03   1.0132000e+03   1.0208000e+03
  -6.6400000e+02   1.0204000e+03   1.0147000e+03   1.0157000e+03   1.0173000e+03   1.0146000e+03   1.0158000e+03   1.0116000e+03   1.0183000e+03   1.0063333e+03   1.0111000e+03   1.0025500e+03   1.0071000e+03   1.0131000e+03   1.0206000e+03
  -6.6300000e+02   1.0199000e+03   1.0144000e+03   1.0152000e+03   1.0177000e+03   1.0148000e+03   1.0158000e+03   1.0108000e+03   1.0176000e+03   1.0061000e+03   1.0116000e+03   1.0020000e+03   1.0071000e+03   1.0130000e+03   1.0202000e+03
  -6.6200000e+02   1.0192000e+03   1.0140000e+03   1.0151000e+03   1.0177000e+03   1.0153000e+03   1.0161000e+03   1.0102000e+03   1.0173000e+03   1.0062000e+03   1.0112666e+03   1.0025000e+03   1.0072833e+03   1.0130000e+03   1.0200000e+03
  -6.6100000e+02   1.0189000e+03   1.0143000e+03   1.0146000e+03   1.0178000e+03   1.0154000e+03   1.0161000e+03   1.0091000e+03   1.0175000e+03   1.0063000e+03   1.0109333e+03   1.0030000e+03   1.0074667e+03   1.0127000e+03   1.0193000e+03
  -6.6000000e+02   1.0183000e+03   1.0149000e+03   1.0141000e+03   1.0175000e+03   1.0152000e+03   1.0164000e+03   1.0080000e+03   1.0179000e+03   1.0064000e+03   1.0106000e+03   1.0035000e+03   1.0076500e+03   1.0129000e+03   1.0188000e+03
  -6.5900000e+02   1.0178000e+03   1.0152000e+03   1.0142000e+03   1.0170000e+03   1.0150000e+03   1.0161000e+03   1.0075000e+03   1.0186000e+03   1.0065000e+03   1.0105667e+03   1.0040000e+03   1.0078333e+03   1.0126000e+03   1.0182000e+03
  -6.5800000e+02   1.0182000e+03   1.0152000e+03   1.0144000e+03   1.0170000e+03   1.0146000e+03   1.0154000e+03   1.0073000e+03   1.0191000e+03   1.0066000e+03   1.0105333e+03   1.0045000e+03   1.0080167e+03   1.0125000e+03   1.0178000e+03
  -6.5700000e+02   1.0187000e+03   1.0155000e+03   1.0146000e+03   1.0166000e+03   1.0141000e+03   1.0152000e+03   1.0075000e+03   1.0190000e+03   1.0067000e+03   1.0105000e+03   1.0050000e+03   1.0082000e+03   1.0122000e+03   1.0172000e+03
  -6.5600000e+02   1.0194000e+03   1.0157000e+03   1.0147000e+03   1.0169000e+03   1.0130000e+03   1.0154000e+03   1.0078000e+03   1.0190000e+03   1.0060000e+03   1.0109667e+03   1.0042333e+03   1.0081333e+03   1.0119000e+03   1.0178000e+03
  -6.5500000e+02   1.0195000e+03   1.0152000e+03   1.0152000e+03   1.0175000e+03   1.0129000e+03   1.0156000e+03   1.0087000e+03   1.0186000e+03   1.0053000e+03   1.0114333e+03   1.0034667e+03   1.0080667e+03   1.0126000e+03   1.0185000e+03
  -6.5400000e+02   1.0199000e+03   1.0145000e+03   1.0155000e+03   1.0176000e+03   1.0133000e+03   1.0156000e+03   1.0096000e+03   1.0184000e+03   1.0046000e+03   1.0119000e+03   1.0027000e+03   1.0080000e+03   1.0127000e+03   1.0192000e+03
  -6.5300000e+02   1.0199000e+03   1.0147000e+03   1.0159000e+03   1.0186000e+03   1.0133000e+03   1.0167000e+03   1.0092000e+03   1.0175000e+03   1.0046666e+03   1.0119333e+03   1.0025333e+03   1.0080000e+03   1.0129000e+03   1.0199000e+03
  -6.5200000e+02   1.0194000e+03   1.0141000e+03   1.0163000e+03   1.0193000e+03   1.0138000e+03   1.0172500e+03   1.0088000e+03   1.0169000e+03   1.0047333e+03   1.0119667e+03   1.0023667e+03   1.0080000e+03   1.0126000e+03   1.0199000e+03
  -6.5100000e+02   1.0189000e+03   1.0136000e+03   1.0160000e+03   1.0194000e+03   1.0148000e+03   1.0178000e+03   1.0087000e+03   1.0171000e+03   1.0048000e+03   1.0120000e+03   1.0022000e+03   1.0080000e+03   1.0124000e+03   1.0195000e+03
  -6.5000000e+02   1.0183000e+03   1.0138000e+03   1.0152000e+03   1.0191000e+03   1.0155000e+03   1.0181000e+03   1.0079000e+03   1.0173000e+03   1.0050333e+03   1.0111667e+03   1.0024333e+03   1.0079000e+03   1.0125000e+03   1.0194000e+03
  -6.4900000e+02   1.0183000e+03   1.0144000e+03   1.0148000e+03   1.0188000e+03   1.0160000e+03   1.0177000e+03   1.0080000e+03   1.0179000e+03   1.0052667e+03   1.0103333e+03   1.0026667e+03   1.0078000e+03   1.0121000e+03   1.0188000e+03
  -6.4800000e+02   1.0183000e+03   1.0136000e+03   1.0143000e+03   1.0181000e+03   1.0162000e+03   1.0173000e+03   1.0077000e+03   1.0183000e+03   1.0055000e+03   1.0095000e+03   1.0029000e+03   1.0077000e+03   1.0116000e+03   1.0189000e+03
  -6.4700000e+02   1.0183000e+03   1.0141000e+03   1.0139000e+03   1.0175000e+03   1.0163000e+03   1.0168000e+03   1.0075000e+03   1.0189000e+03   1.0053778e+03   1.0099667e+03   1.0031333e+03   1.0080333e+03   1.0105000e+03   1.0186000e+03
  -6.4600000e+02   1.0189000e+03   1.0146000e+03   1.0140000e+03   1.0172000e+03   1.0155000e+03   1.0163000e+03   1.0074000e+03   1.0193000e+03   1.0052556e+03   1.0104333e+03   1.0033666e+03   1.0083667e+03   1.0097000e+03   1.0187000e+03
  -6.4500000e+02   1.0190000e+03   1.0146000e+03   1.0142000e+03   1.0170000e+03   1.0153000e+03   1.0156000e+03   1.0071000e+03   1.0194000e+03   1.0051333e+03   1.0109000e+03   1.0036000e+03   1.0087000e+03   1.0095000e+03   1.0186000e+03
  -6.4400000e+02   1.0199000e+03   1.0147000e+03   1.0145000e+03   1.0174000e+03   1.0151000e+03   1.0153000e+03   1.0074000e+03   1.0196000e+03   1.0050111e+03   1.0112667e+03   1.0033666e+03   1.0087333e+03   1.0094000e+03   1.0190000e+03
  -6.4300000e+02   1.0199000e+03   1.0144000e+03   1.0149000e+03   1.0177000e+03   1.0149000e+03   1.0149000e+03   1.0077000e+03   1.0193000e+03   1.0048889e+03   1.0116333e+03   1.0031333e+03   1.0087667e+03   1.0096000e+03   1.0194000e+03
  -6.4200000e+02   1.0200000e+03   1.0137000e+03   1.0150000e+03   1.0182000e+03   1.0152000e+03   1.0146000e+03   1.0083000e+03   1.0187000e+03   1.0047667e+03   1.0120000e+03   1.0029000e+03   1.0088000e+03   1.0100000e+03   1.0198000e+03
  -6.4100000e+02   1.0199000e+03   1.0134000e+03   1.0156000e+03   1.0188000e+03   1.0157000e+03   1.0148000e+03   1.0083000e+03   1.0181000e+03   1.0046445e+03   1.0121000e+03   1.0026667e+03   1.0088333e+03   1.0104000e+03   1.0201000e+03
  -6.4000000e+02   1.0195000e+03   1.0131000e+03   1.0152000e+03   1.0192000e+03   1.0164000e+03   1.0147000e+03   1.0079000e+03   1.0177000e+03   1.0045222e+03   1.0122000e+03   1.0024333e+03   1.0088667e+03   1.0108000e+03   1.0203000e+03
  -6.3900000e+02   1.0197000e+03   1.0130000e+03   1.0149000e+03   1.0198000e+03   1.0169000e+03   1.0145000e+03   1.0077000e+03   1.0172000e+03   1.0044000e+03   1.0123000e+03   1.0022000e+03   1.0089000e+03   1.0109000e+03   1.0194000e+03
  -6.3800000e+02   1.0195000e+03   1.0130000e+03   1.0144000e+03   1.0196000e+03   1.0172000e+03   1.0147000e+03   1.0066000e+03   1.0173000e+03   1.0047334e+03   1.0121667e+03   1.0023667e+03   1.0091333e+03   1.0110000e+03   1.0183000e+03
  -6.3700000e+02   1.0190000e+03   1.0135000e+03   1.0139000e+03   1.0188000e+03   1.0176000e+03   1.0150000e+03   1.0053000e+03   1.0176000e+03   1.0050667e+03   1.0120333e+03   1.0025333e+03   1.0093667e+03   1.0101000e+03   1.0178000e+03
  -6.3600000e+02   1.0187000e+03   1.0139000e+03   1.0138000e+03   1.0185000e+03   1.0176000e+03   1.0154000e+03   1.0041000e+03   1.0175000e+03   1.0054000e+03   1.0119000e+03   1.0027000e+03   1.0096000e+03   1.0099000e+03   1.0171000e+03
  -6.3500000e+02   1.0180000e+03   1.0144000e+03   1.0139000e+03   1.0178000e+03   1.0174000e+03   1.0153000e+03   1.0033000e+03   1.0175000e+03   1.0053334e+03   1.0111000e+03   1.0028667e+03   1.0098000e+03   1.0097000e+03   1.0167000e+03
  -6.3400000e+02   1.0182000e+03   1.0149000e+03   1.0137000e+03   1.0174000e+03   1.0169000e+03   1.0150000e+03   1.0033000e+03   1.0183000e+03   1.0052667e+03   1.0103000e+03   1.0030333e+03   1.0100000e+03   1.0096000e+03   1.0175000e+03
  -6.3300000e+02   1.0187000e+03   1.0155000e+03   1.0140000e+03   1.0173000e+03   1.0161000e+03   1.0147000e+03   1.0034000e+03   1.0187000e+03   1.0052000e+03   1.0095000e+03   1.0032000e+03   1.0102000e+03   1.0100333e+03   1.0177000e+03
  -6.3200000e+02   1.0190000e+03   1.0162000e+03   1.0141000e+03   1.0172000e+03   1.0157000e+03   1.0145000e+03   1.0035000e+03   1.0185000e+03   1.0041667e+03   1.0099667e+03   1.0025000e+03   1.0099333e+03   1.0104667e+03   1.0178000e+03
  -6.3100000e+02   1.0195000e+03   1.0160000e+03   1.0145000e+03   1.0174000e+03   1.0156000e+03   1.0144000e+03   1.0035000e+03   1.0185000e+03   1.0031333e+03   1.0104333e+03   1.0018000e+03   1.0096667e+03   1.0109000e+03   1.0182000e+03
  -6.3000000e+02   1.0200000e+03   1.0158000e+03   1.0148000e+03   1.0177000e+03   1.0158000e+03   1.0149000e+03   1.0037000e+03   1.0178000e+03   1.0021000e+03   1.0109000e+03   1.0011000e+03   1.0094000e+03   1.0109000e+03   1.0192000e+03
  -6.2900000e+02   1.0199000e+03   1.0154000e+03   1.0148000e+03   1.0179000e+03   1.0164000e+03   1.0155000e+03   1.0030000e+03   1.0175000e+03   1.0020333e+03   1.0109667e+03   1.0010000e+03   1.0091000e+03   1.0109000e+03   1.0195000e+03
  -6.2800000e+02   1.0199000e+03   1.0149000e+03   1.0146000e+03   1.0187000e+03   1.0164000e+03   1.0158000e+03   1.0023000e+03   1.0170000e+03   1.0019667e+03   1.0110333e+03   1.0009000e+03   1.0088000e+03   1.0113000e+03   1.0177000e+03
  -6.2700000e+02   1.0194000e+03   1.0145000e+03   1.0145000e+03   1.0192000e+03   1.0170000e+03   1.0164000e+03   1.0027000e+03   1.0169000e+03   1.0019000e+03   1.0111000e+03   1.0008000e+03   1.0085000e+03   1.0114000e+03   1.0187000e+03
  -6.2600000e+02   1.0185000e+03   1.0145000e+03   1.0139000e+03   1.0191000e+03   1.0178000e+03   1.0165000e+03   1.0020000e+03   1.0170000e+03   1.0018500e+03   1.0101333e+03   1.0013667e+03   1.0085000e+03   1.0114000e+03   1.0179000e+03
  -6.2500000e+02   1.0182000e+03   1.0144000e+03   1.0134000e+03   1.0182000e+03   1.0186000e+03   1.0163000e+03   1.0015000e+03   1.0174000e+03   1.0018000e+03   1.0091667e+03   1.0019333e+03   1.0085000e+03   1.0110000e+03   1.0175000e+03
  -6.2400000e+02   1.0182000e+03   1.0152000e+03   1.0136000e+03   1.0174000e+03   1.0189000e+03   1.0160000e+03   1.0007000e+03   1.0180000e+03   1.0017500e+03   1.0082000e+03   1.0025000e+03   1.0085000e+03   1.0105000e+03   1.0173000e+03
  -6.2300000e+02   1.0182000e+03   1.0150000e+03   1.0130000e+03   1.0165000e+03   1.0188000e+03   1.0160000e+03   9.9979999e+02   1.0182000e+03   1.0017000e+03   1.0081000e+03   1.0023333e+03   1.0089000e+03   1.0100000e+03   1.0172000e+03
  -6.2200000e+02   1.0182000e+03   1.0153000e+03   1.0131000e+03   1.0164000e+03   1.0183000e+03   1.0154000e+03   9.9979999e+02   1.0182000e+03   1.0016500e+03   1.0080000e+03   1.0021667e+03   1.0093000e+03   1.0097000e+03   1.0175000e+03
  -6.2100000e+02   1.0185000e+03   1.0159000e+03   1.0134000e+03   1.0166000e+03   1.0179000e+03   1.0151000e+03   1.0003000e+03   1.0185000e+03   1.0016000e+03   1.0079000e+03   1.0020000e+03   1.0097000e+03   1.0101000e+03   1.0176000e+03
  -6.2000000e+02   1.0189000e+03   1.0162000e+03   1.0137000e+03   1.0170000e+03   1.0173000e+03   1.0144000e+03   9.9970001e+02   1.0183000e+03   1.0019111e+03   1.0086333e+03   1.0015833e+03   1.0096333e+03   1.0099000e+03   1.0180000e+03
  -6.1900000e+02   1.0192000e+03   1.0164000e+03   1.0138000e+03   1.0174000e+03   1.0172000e+03   1.0141000e+03   9.9979999e+02   1.0180000e+03   1.0022222e+03   1.0093667e+03   1.0011667e+03   1.0095667e+03   1.0101000e+03   1.0185000e+03
  -6.1800000e+02   1.0192000e+03   1.0164000e+03   1.0143000e+03   1.0177000e+03   1.0170000e+03   1.0133000e+03   9.9970001e+02   1.0173000e+03   1.0025333e+03   1.0101000e+03   1.0007500e+03   1.0095000e+03   1.0104000e+03   1.0184000e+03
  -6.1700000e+02   1.0190000e+03   1.0161000e+03   1.0146000e+03   1.0178000e+03   1.0175000e+03   1.0135000e+03   9.9959998e+02   1.0174000e+03   1.0028444e+03   1.0103000e+03   1.0003333e+03   1.0096000e+03   1.0108000e+03   1.0185000e+03
  -6.1600000e+02   1.0189000e+03   1.0156000e+03   1.0147000e+03   1.0180000e+03   1.0181000e+03   1.0140000e+03   9.9970001e+02   1.0167000e+03   1.0031556e+03   1.0105000e+03   9.9991667e+02   1.0097000e+03   1.0116000e+03   1.0185000e+03
  -6.1500000e+02   1.0190000e+03   1.0151000e+03   1.0144000e+03   1.0182000e+03   1.0184000e+03   1.0148000e+03   9.9990002e+02   1.0158000e+03   1.0034667e+03   1.0107000e+03   9.9950000e+02   1.0098000e+03   1.0112000e+03   1.0182000e+03
  -6.1400000e+02   1.0185000e+03   1.0153000e+03   1.0138000e+03   1.0180000e+03   1.0185000e+03   1.0152000e+03   9.9970001e+02   1.0159000e+03   1.0037778e+03   1.0104000e+03   9.9981667e+02   1.0099667e+03   1.0110000e+03   1.0178000e+03
  -6.1300000e+02   1.0182000e+03   1.0154000e+03   1.0130000e+03   1.0173000e+03   1.0188000e+03   1.0158000e+03   1.0001000e+03   1.0157000e+03   1.0040889e+03   1.0101000e+03   1.0001333e+03   1.0101333e+03   1.0109000e+03   1.0169000e+03
  -6.1200000e+02   1.0177000e+03   1.0159000e+03   1.0128000e+03   1.0167000e+03   1.0188000e+03   1.0151000e+03   1.0003000e+03   1.0161000e+03   1.0044000e+03   1.0098000e+03   1.0004500e+03   1.0103000e+03   1.0107000e+03   1.0161000e+03
  -6.1100000e+02   1.0182000e+03   1.0162000e+03   1.0127000e+03   1.0163000e+03   1.0185000e+03   1.0158000e+03   1.0002000e+03   1.0163000e+03   1.0031000e+03   1.0095667e+03   1.0007667e+03   1.0104333e+03   1.0106000e+03   1.0154000e+03
  -6.1000000e+02   1.0182000e+03   1.0164000e+03   1.0138000e+03   1.0162000e+03   1.0183000e+03   1.0156000e+03   1.0009000e+03   1.0167000e+03   1.0030000e+03   1.0093333e+03   1.0010834e+03   1.0105667e+03   1.0105000e+03   1.0164000e+03
  -6.0900000e+02   1.0182000e+03   1.0167000e+03   1.0133000e+03   1.0159000e+03   1.0174000e+03   1.0156500e+03   1.0015000e+03   1.0169000e+03   1.0026000e+03   1.0091000e+03   1.0014000e+03   1.0107000e+03   1.0107000e+03   1.0157000e+03
  -6.0800000e+02   1.0189000e+03   1.0171000e+03   1.0140000e+03   1.0156000e+03   1.0171000e+03   1.0157000e+03   1.0023000e+03   1.0172000e+03   1.0020000e+03   1.0096333e+03   1.0010834e+03   1.0104333e+03   1.0111000e+03   1.0160000e+03
  -6.0700000e+02   1.0190000e+03   1.0172000e+03   1.0144000e+03   1.0158000e+03   1.0166000e+03   1.0157000e+03   1.0032000e+03   1.0167000e+03   1.0009000e+03   1.0101667e+03   1.0007667e+03   1.0101667e+03   1.0116000e+03   1.0164000e+03
  -6.0600000e+02   1.0194000e+03   1.0167000e+03   1.0145000e+03   1.0161000e+03   1.0168000e+03   1.0160000e+03   1.0037000e+03   1.0163000e+03   9.9990002e+02   1.0107000e+03   1.0004500e+03   1.0099000e+03   1.0120000e+03   1.0168000e+03
  -6.0500000e+02   1.0195000e+03   1.0164000e+03   1.0147000e+03   1.0162000e+03   1.0170000e+03   1.0165000e+03   1.0046000e+03   1.0160000e+03   1.0001953e+03   1.0104000e+03   1.0001333e+03   1.0094667e+03   1.0123000e+03   1.0170000e+03
  -6.0400000e+02   1.0194000e+03   1.0161000e+03   1.0152000e+03   1.0172000e+03   1.0175000e+03   1.0168000e+03   1.0051000e+03   1.0156000e+03   1.0004905e+03   1.0101000e+03   9.9981667e+02   1.0090333e+03   1.0127000e+03   1.0167000e+03
  -6.0300000e+02   1.0189000e+03   1.0153000e+03   1.0151000e+03   1.0178000e+03   1.0181000e+03   1.0175000e+03   1.0049000e+03   1.0156000e+03   1.0007857e+03   1.0098000e+03   9.9950000e+02   1.0086000e+03   1.0128000e+03   1.0167000e+03
  -6.0200000e+02   1.0185000e+03   1.0150000e+03   1.0150000e+03   1.0178000e+03   1.0183000e+03   1.0178000e+03   1.0050000e+03   1.0153000e+03   1.0010810e+03   1.0089000e+03   1.0002000e+03   1.0086666e+03   1.0127000e+03   1.0166000e+03
  -6.0100000e+02   1.0180000e+03   1.0159000e+03   1.0151000e+03   1.0173000e+03   1.0189000e+03   1.0179000e+03   1.0054000e+03   1.0158000e+03   1.0013762e+03   1.0080000e+03   1.0009000e+03   1.0087333e+03   1.0121000e+03   1.0160000e+03
  -6.0000000e+02   1.0182000e+03   1.0162000e+03   1.0148500e+03   1.0165000e+03   1.0188000e+03   1.0175000e+03   1.0059000e+03   1.0158000e+03   1.0016714e+03   1.0071000e+03   1.0016000e+03   1.0088000e+03   1.0118000e+03   1.0156000e+03
  -5.9900000e+02   1.0183000e+03   1.0163000e+03   1.0146000e+03   1.0156000e+03   1.0188000e+03   1.0176000e+03   1.0060000e+03   1.0161000e+03   1.0019667e+03   1.0069333e+03   1.0014000e+03   1.0092333e+03   1.0111000e+03   1.0155000e+03
  -5.9800000e+02   1.0187000e+03   1.0168000e+03   1.0147000e+03   1.0154000e+03   1.0180000e+03   1.0173000e+03   1.0067000e+03   1.0167000e+03   1.0022619e+03   1.0067666e+03   1.0012000e+03   1.0096666e+03   1.0106000e+03   1.0160000e+03
  -5.9700000e+02   1.0192000e+03   1.0174000e+03   1.0136000e+03   1.0156000e+03   1.0179000e+03   1.0176000e+03   1.0075000e+03   1.0169000e+03   1.0025571e+03   1.0066000e+03   1.0010000e+03   1.0101000e+03   1.0105000e+03   1.0162000e+03
  -5.9600000e+02   1.0195000e+03   1.0176000e+03   1.0138000e+03   1.0156000e+03   1.0170000e+03   1.0170000e+03   1.0081000e+03   1.0165000e+03   1.0028524e+03   1.0072000e+03   1.0003000e+03   1.0101666e+03   1.0108000e+03   1.0169000e+03
  -5.9500000e+02   1.0197000e+03   1.0178000e+03   1.0141000e+03   1.0159000e+03   1.0173000e+03   1.0171000e+03   1.0086000e+03   1.0161000e+03   1.0031476e+03   1.0078000e+03   9.9960002e+02   1.0102333e+03   1.0113000e+03   1.0176000e+03
  -5.9400000e+02   1.0200000e+03   1.0176000e+03   1.0143000e+03   1.0161000e+03   1.0167000e+03   1.0166000e+03   1.0092000e+03   1.0160000e+03   1.0034429e+03   1.0084000e+03   9.9890002e+02   1.0103000e+03   1.0120000e+03   1.0179000e+03
  -5.9300000e+02   1.0200000e+03   1.0167000e+03   1.0147000e+03   1.0161000e+03   1.0168000e+03   1.0158000e+03   1.0098000e+03   1.0154000e+03   1.0037381e+03   1.0087000e+03   9.9900002e+02   1.0104000e+03   1.0123000e+03   1.0181000e+03
  -5.9200000e+02   1.0199000e+03   1.0163000e+03   1.0150000e+03   1.0165000e+03   1.0170000e+03   1.0161000e+03   1.0095000e+03   1.0152000e+03   1.0040333e+03   1.0090000e+03   9.9910002e+02   1.0105000e+03   1.0131000e+03   1.0179000e+03
  -5.9100000e+02   1.0190000e+03   1.0162000e+03   1.0147000e+03   1.0168000e+03   1.0171000e+03   1.0166000e+03   1.0090000e+03   1.0153000e+03   1.0043286e+03   1.0093000e+03   9.9920001e+02   1.0106000e+03   1.0131000e+03   1.0176000e+03
  -5.9000000e+02   1.0183000e+03   1.0159000e+03   1.0144000e+03   1.0168000e+03   1.0176000e+03   1.0172000e+03   1.0085000e+03   1.0155000e+03   1.0046238e+03   1.0092333e+03   1.0001667e+03   1.0109333e+03   1.0134000e+03   1.0173000e+03
  -5.8900000e+02   1.0180000e+03   1.0153000e+03   1.0137000e+03   1.0164000e+03   1.0180000e+03   1.0175000e+03   1.0079000e+03   1.0153000e+03   1.0049190e+03   1.0091666e+03   1.0011333e+03   1.0112666e+03   1.0133000e+03   1.0163000e+03
  -5.8800000e+02   1.0180000e+03   1.0155000e+03   1.0133000e+03   1.0160000e+03   1.0177000e+03   1.0172000e+03   1.0074000e+03   1.0158000e+03   1.0052143e+03   1.0091000e+03   1.0021000e+03   1.0116000e+03   1.0132000e+03   1.0159000e+03
  -5.8700000e+02   1.0178000e+03   1.0157000e+03   1.0135500e+03   1.0156000e+03   1.0174000e+03   1.0176000e+03   1.0073000e+03   1.0161000e+03   1.0055095e+03   1.0089000e+03   1.0022333e+03   1.0119667e+03   1.0130000e+03   1.0152000e+03
  -5.8600000e+02   1.0183000e+03   1.0169000e+03   1.0138000e+03   1.0155000e+03   1.0166000e+03   1.0181000e+03   1.0075000e+03   1.0166000e+03   1.0058047e+03   1.0087000e+03   1.0023667e+03   1.0123333e+03   1.0132000e+03   1.0153000e+03
  -5.8500000e+02   1.0189000e+03   1.0170000e+03   1.0146000e+03   1.0157000e+03   1.0158000e+03   1.0179000e+03   1.0076000e+03   1.0170000e+03   1.0061000e+03   1.0085000e+03   1.0025000e+03   1.0127000e+03   1.0136000e+03   1.0165000e+03
  -5.8400000e+02   1.0194000e+03   1.0174000e+03   1.0148000e+03   1.0158000e+03   1.0154000e+03   1.0174000e+03   1.0082000e+03   1.0173000e+03   1.0049000e+03   1.0090000e+03   1.0019333e+03   1.0123667e+03   1.0141000e+03   1.0162000e+03
  -5.8300000e+02   1.0197000e+03   1.0174000e+03   1.0161000e+03   1.0158000e+03   1.0148000e+03   1.0176000e+03   1.0086000e+03   1.0170000e+03   1.0037000e+03   1.0095000e+03   1.0013667e+03   1.0120333e+03   1.0150000e+03   1.0160000e+03
  -5.8200000e+02   1.0205000e+03   1.0174000e+03   1.0162000e+03   1.0156000e+03   1.0149000e+03   1.0183000e+03   1.0090000e+03   1.0167000e+03   1.0025000e+03   1.0100000e+03   1.0008000e+03   1.0117000e+03   1.0155000e+03   1.0166000e+03
  -5.8100000e+02   1.0205000e+03   1.0170000e+03   1.0165000e+03   1.0165000e+03   1.0155000e+03   1.0186000e+03   1.0094000e+03   1.0162500e+03   1.0027000e+03   1.0099000e+03   1.0008333e+03   1.0115333e+03   1.0159500e+03   1.0168000e+03
  -5.8000000e+02   1.0204000e+03   1.0161000e+03   1.0168000e+03   1.0168000e+03   1.0157000e+03   1.0190000e+03   1.0096000e+03   1.0158000e+03   1.0029000e+03   1.0098000e+03   1.0008667e+03   1.0113667e+03   1.0164000e+03   1.0169000e+03
  -5.7900000e+02   1.0200000e+03   1.0153000e+03   1.0167000e+03   1.0170000e+03   1.0159000e+03   1.0191000e+03   1.0099000e+03   1.0158000e+03   1.0031000e+03   1.0097000e+03   1.0009000e+03   1.0112000e+03   1.0165000e+03   1.0165000e+03
  -5.7800000e+02   1.0194000e+03   1.0149000e+03   1.0168000e+03   1.0166000e+03   1.0162000e+03   1.0191500e+03   1.0098000e+03   1.0161000e+03   1.0035333e+03   1.0089000e+03   1.0015333e+03   1.0112667e+03   1.0162000e+03   1.0160000e+03
  -5.7700000e+02   1.0190000e+03   1.0158000e+03   1.0166000e+03   1.0164000e+03   1.0158000e+03   1.0192000e+03   1.0097000e+03   1.0164000e+03   1.0039667e+03   1.0081000e+03   1.0021667e+03   1.0113334e+03   1.0158000e+03   1.0156000e+03
  -5.7600000e+02   1.0189000e+03   1.0157000e+03   1.0164000e+03   1.0160000e+03   1.0155000e+03   1.0185000e+03   1.0098000e+03   1.0172000e+03   1.0044000e+03   1.0073000e+03   1.0028000e+03   1.0114000e+03   1.0151000e+03   1.0154000e+03
  -5.7500000e+02   1.0185000e+03   1.0160000e+03   1.0158000e+03   1.0148000e+03   1.0147000e+03   1.0187000e+03   1.0101000e+03   1.0174000e+03   1.0046250e+03   1.0070000e+03   1.0027667e+03   1.0117334e+03   1.0147000e+03   1.0154000e+03
  -5.7400000e+02   1.0190000e+03   1.0165000e+03   1.0159000e+03   1.0141000e+03   1.0144000e+03   1.0182000e+03   1.0106000e+03   1.0180000e+03   1.0048500e+03   1.0067000e+03   1.0027333e+03   1.0120667e+03   1.0143000e+03   1.0156000e+03
  -5.7300000e+02   1.0190000e+03   1.0173000e+03   1.0160000e+03   1.0140000e+03   1.0138000e+03   1.0174000e+03   1.0112000e+03   1.0186000e+03   1.0050750e+03   1.0064000e+03   1.0027000e+03   1.0124000e+03   1.0144000e+03   1.0163000e+03
  -5.7200000e+02   1.0194000e+03   1.0171000e+03   1.0156000e+03   1.0143000e+03   1.0132000e+03   1.0169000e+03   1.0116000e+03   1.0186000e+03   1.0053000e+03   1.0070333e+03   1.0020333e+03   1.0126000e+03   1.0143000e+03   1.0169000e+03
  -5.7100000e+02   1.0199000e+03   1.0172000e+03   1.0156000e+03   1.0144000e+03   1.0129000e+03   1.0164000e+03   1.0118000e+03   1.0187000e+03   1.0055250e+03   1.0076667e+03   1.0013667e+03   1.0128000e+03   1.0143000e+03   1.0170000e+03
  -5.7000000e+02   1.0204000e+03   1.0165000e+03   1.0162000e+03   1.0145000e+03   1.0131000e+03   1.0159000e+03   1.0120000e+03   1.0183000e+03   1.0057500e+03   1.0083000e+03   1.0007000e+03   1.0130000e+03   1.0149000e+03   1.0171000e+03
  -5.6900000e+02   1.0204000e+03   1.0159000e+03   1.0157000e+03   1.0148000e+03   1.0134000e+03   1.0157000e+03   1.0124000e+03   1.0178000e+03   1.0059750e+03   1.0086667e+03   1.0008333e+03   1.0131333e+03   1.0153000e+03   1.0176000e+03
  -5.6800000e+02   1.0205000e+03   1.0152000e+03   1.0161000e+03   1.0153000e+03   1.0138000e+03   1.0157000e+03   1.0123000e+03   1.0177000e+03   1.0062000e+03   1.0090333e+03   1.0009667e+03   1.0132667e+03   1.0159000e+03   1.0177000e+03
  -5.6700000e+02   1.0204000e+03   1.0147000e+03   1.0161000e+03   1.0155000e+03   1.0143000e+03   1.0160000e+03   1.0121000e+03   1.0173000e+03   1.0064250e+03   1.0094000e+03   1.0011000e+03   1.0134000e+03   1.0162000e+03   1.0173000e+03
  -5.6600000e+02   1.0204000e+03   1.0143000e+03   1.0157000e+03   1.0155000e+03   1.0143000e+03   1.0165000e+03   1.0116000e+03   1.0175000e+03   1.0066500e+03   1.0094000e+03   1.0014833e+03   1.0137667e+03   1.0159000e+03   1.0167000e+03
  -5.6500000e+02   1.0197000e+03   1.0147000e+03   1.0156000e+03   1.0150500e+03   1.0143000e+03   1.0169000e+03   1.0118000e+03   1.0179000e+03   1.0068750e+03   1.0094000e+03   1.0018667e+03   1.0141333e+03   1.0160000e+03   1.0164000e+03
  -5.6400000e+02   1.0194000e+03   1.0150000e+03   1.0155000e+03   1.0146000e+03   1.0142000e+03   1.0173000e+03   1.0114000e+03   1.0184000e+03   1.0071000e+03   1.0094000e+03   1.0022500e+03   1.0145000e+03   1.0159000e+03   1.0150000e+03
  -5.6300000e+02   1.0194000e+03   1.0154000e+03   1.0154000e+03   1.0141000e+03   1.0142000e+03   1.0167000e+03   1.0105000e+03   1.0189000e+03   1.0071666e+03   1.0093667e+03   1.0026333e+03   1.0147667e+03   1.0158000e+03   1.0161000e+03
  -5.6200000e+02   1.0189000e+03   1.0155000e+03   1.0155000e+03   1.0140000e+03   1.0136000e+03   1.0163000e+03   1.0104000e+03   1.0196000e+03   1.0072333e+03   1.0093333e+03   1.0030167e+03   1.0150333e+03   1.0158000e+03   1.0163000e+03
  -5.6100000e+02   1.0194000e+03   1.0161000e+03   1.0158000e+03   1.0138000e+03   1.0128000e+03   1.0163000e+03   1.0105000e+03   1.0198000e+03   1.0073000e+03   1.0093000e+03   1.0034000e+03   1.0153000e+03   1.0159000e+03   1.0159000e+03
  -5.6000000e+02   1.0202000e+03   1.0162000e+03   1.0162000e+03   1.0142000e+03   1.0122000e+03   1.0159000e+03   1.0112000e+03   1.0196000e+03   1.0067000e+03   1.0099000e+03   1.0026667e+03   1.0152000e+03   1.0163000e+03   1.0157000e+03
  -5.5900000e+02   1.0205000e+03   1.0158000e+03   1.0164000e+03   1.0146000e+03   1.0118000e+03   1.0162000e+03   1.0122000e+03   1.0192000e+03   1.0061000e+03   1.0105000e+03   1.0019333e+03   1.0151000e+03   1.0168000e+03   1.0160000e+03
  -5.5800000e+02   1.0204000e+03   1.0168000e+03   1.0166000e+03   1.0150000e+03   1.0118000e+03   1.0166000e+03   1.0131000e+03   1.0187000e+03   1.0055000e+03   1.0111000e+03   1.0012000e+03   1.0150000e+03   1.0173000e+03   1.0162000e+03
  -5.5700000e+02   1.0200000e+03   1.0164000e+03   1.0165000e+03   1.0149000e+03   1.0115000e+03   1.0170000e+03   1.0132000e+03   1.0181000e+03   1.0054000e+03   1.0110000e+03   1.0014000e+03   1.0147333e+03   1.0177000e+03   1.0169000e+03
  -5.5600000e+02   1.0202000e+03   1.0170000e+03   1.0166000e+03   1.0151000e+03   1.0117000e+03   1.0175000e+03   1.0134000e+03   1.0177000e+03   1.0053000e+03   1.0109000e+03   1.0016000e+03   1.0144667e+03   1.0184000e+03   1.0166000e+03
  -5.5500000e+02   1.0197000e+03   1.0162000e+03   1.0163000e+03   1.0155000e+03   1.0118000e+03   1.0178000e+03   1.0134000e+03   1.0178000e+03   1.0052000e+03   1.0108000e+03   1.0018000e+03   1.0142000e+03   1.0183000e+03   1.0166000e+03
  -5.5400000e+02   1.0194000e+03   1.0160000e+03   1.0159000e+03   1.0162000e+03   1.0125000e+03   1.0180000e+03   1.0134000e+03   1.0179000e+03   1.0061000e+03   1.0100000e+03   1.0026333e+03   1.0142667e+03   1.0180000e+03   1.0164000e+03
  -5.5300000e+02   1.0185000e+03   1.0156000e+03   1.0155000e+03   1.0168500e+03   1.0122000e+03   1.0183000e+03   1.0136000e+03   1.0184000e+03   1.0070000e+03   1.0092000e+03   1.0034667e+03   1.0143334e+03   1.0176000e+03   1.0163000e+03
  -5.5200000e+02   1.0185000e+03   1.0158000e+03   1.0150500e+03   1.0175000e+03   1.0122000e+03   1.0180000e+03   1.0136000e+03   1.0191000e+03   1.0079000e+03   1.0084000e+03   1.0043000e+03   1.0144000e+03   1.0169000e+03   1.0160000e+03
  -5.5100000e+02   1.0189000e+03   1.0151000e+03   1.0146000e+03   1.0154000e+03   1.0115000e+03   1.0174000e+03   1.0141000e+03   1.0198000e+03   1.0079556e+03   1.0081000e+03   1.0040667e+03   1.0150667e+03   1.0165000e+03   1.0162000e+03
  -5.5000000e+02   1.0192000e+03   1.0153000e+03   1.0145000e+03   1.0147000e+03   1.0108000e+03   1.0168000e+03   1.0144000e+03   1.0202000e+03   1.0080111e+03   1.0078000e+03   1.0038333e+03   1.0157334e+03   1.0162000e+03   1.0165000e+03
  -5.4900000e+02   1.0194000e+03   1.0158000e+03   1.0148000e+03   1.0142000e+03   1.0105000e+03   1.0162000e+03   1.0149000e+03   1.0207000e+03   1.0080667e+03   1.0075000e+03   1.0036000e+03   1.0164000e+03   1.0156000e+03   1.0171000e+03
  -5.4800000e+02   1.0197000e+03   1.0160000e+03   1.0146000e+03   1.0142000e+03   1.0100000e+03   1.0155000e+03   1.0156000e+03   1.0206000e+03   1.0081222e+03   1.0081333e+03   1.0030500e+03   1.0165000e+03   1.0156000e+03   1.0177000e+03
  -5.4700000e+02   1.0197000e+03   1.0164000e+03   1.0148000e+03   1.0141000e+03   1.0101000e+03   1.0144000e+03   1.0158000e+03   1.0203000e+03   1.0081778e+03   1.0087667e+03   1.0025000e+03   1.0166000e+03   1.0159000e+03   1.0181000e+03
  -5.4600000e+02   1.0199000e+03   1.0159000e+03   1.0150000e+03   1.0141000e+03   1.0096000e+03   1.0139000e+03   1.0163000e+03   1.0198000e+03   1.0082334e+03   1.0094000e+03   1.0019500e+03   1.0167000e+03   1.0163000e+03   1.0184000e+03
  -5.4500000e+02   1.0199000e+03   1.0147000e+03   1.0151000e+03   1.0141000e+03   1.0096000e+03   1.0140000e+03   1.0165000e+03   1.0194000e+03   1.0082889e+03   1.0099000e+03   1.0014000e+03   1.0165000e+03   1.0172000e+03   1.0189000e+03
  -5.4400000e+02   1.0195000e+03   1.0142000e+03   1.0152000e+03   1.0146000e+03   1.0103000e+03   1.0141000e+03   1.0163000e+03   1.0188000e+03   1.0083445e+03   1.0104000e+03   1.0008500e+03   1.0163000e+03   1.0175000e+03   1.0188000e+03
  -5.4300000e+02   1.0195000e+03   1.0136000e+03   1.0152000e+03   1.0145000e+03   1.0105000e+03   1.0150500e+03   1.0156000e+03   1.0184000e+03   1.0084000e+03   1.0109000e+03   1.0003000e+03   1.0161000e+03   1.0175000e+03   1.0185000e+03
  -5.4200000e+02   1.0190000e+03   1.0133000e+03   1.0146000e+03   1.0151000e+03   1.0103000e+03   1.0160000e+03   1.0148000e+03   1.0184000e+03   1.0090667e+03   1.0107334e+03   1.0012667e+03   1.0162000e+03   1.0175000e+03   1.0183000e+03
  -5.4100000e+02   1.0183000e+03   1.0129000e+03   1.0139000e+03   1.0149000e+03   1.0106000e+03   1.0163000e+03   1.0140000e+03   1.0186000e+03   1.0097334e+03   1.0105667e+03   1.0022333e+03   1.0163000e+03   1.0171000e+03   1.0176000e+03
  -5.4000000e+02   1.0180000e+03   1.0135000e+03   1.0134000e+03   1.0149000e+03   1.0112000e+03   1.0162000e+03   1.0154000e+03   1.0187000e+03   1.0104000e+03   1.0104000e+03   1.0032000e+03   1.0164000e+03   1.0166000e+03   1.0169000e+03
  -5.3900000e+02   1.0177000e+03   1.0143000e+03   1.0134000e+03   1.0144000e+03   1.0097000e+03   1.0158000e+03   1.0151500e+03   1.0191000e+03   1.0105333e+03   1.0104000e+03   1.0028333e+03   1.0165333e+03   1.0164000e+03   1.0167000e+03
  -5.3800000e+02   1.0178000e+03   1.0147000e+03   1.0136000e+03   1.0141000e+03   1.0089000e+03   1.0155000e+03   1.0149000e+03   1.0193000e+03   1.0106667e+03   1.0104000e+03   1.0024667e+03   1.0166667e+03   1.0164000e+03   1.0169000e+03
  -5.3700000e+02   1.0189000e+03   1.0148000e+03   1.0141000e+03   1.0141000e+03   1.0086000e+03   1.0152000e+03   1.0148000e+03   1.0196000e+03   1.0108000e+03   1.0104000e+03   1.0021000e+03   1.0168000e+03   1.0169000e+03   1.0168000e+03
  -5.3600000e+02   1.0190000e+03   1.0152000e+03   1.0146000e+03   1.0147000e+03   1.0087000e+03   1.0151000e+03   1.0158000e+03   1.0198000e+03   1.0097667e+03   1.0110667e+03   1.0014667e+03   1.0166333e+03   1.0170000e+03   1.0169000e+03
  -5.3500000e+02   1.0195000e+03   1.0149000e+03   1.0149000e+03   1.0152000e+03   1.0082000e+03   1.0151000e+03   1.0164000e+03   1.0195000e+03   1.0087333e+03   1.0117334e+03   1.0008333e+03   1.0164667e+03   1.0175000e+03   1.0173000e+03
  -5.3400000e+02   1.0199000e+03   1.0143000e+03   1.0151000e+03   1.0159000e+03   1.0074000e+03   1.0155000e+03   1.0168000e+03   1.0188000e+03   1.0077000e+03   1.0124000e+03   1.0002000e+03   1.0163000e+03   1.0178000e+03   1.0173000e+03
  -5.3300000e+02   1.0199000e+03   1.0148000e+03   1.0148000e+03   1.0163000e+03   1.0066000e+03   1.0164000e+03   1.0170000e+03   1.0181000e+03   1.0075333e+03   1.0124333e+03   1.0001667e+03   1.0158333e+03   1.0181000e+03   1.0185000e+03
  -5.3200000e+02   1.0199000e+03   1.0140000e+03   1.0146000e+03   1.0166000e+03   1.0063000e+03   1.0169000e+03   1.0169000e+03   1.0175000e+03   1.0073667e+03   1.0124667e+03   1.0001333e+03   1.0153667e+03   1.0183000e+03   1.0185000e+03
  -5.3100000e+02   1.0190000e+03   1.0146000e+03   1.0143000e+03   1.0171000e+03   1.0057000e+03   1.0173000e+03   1.0171000e+03   1.0173000e+03   1.0072000e+03   1.0125000e+03   1.0001000e+03   1.0149000e+03   1.0184000e+03   1.0182000e+03
  -5.3000000e+02   1.0185000e+03   1.0137000e+03   1.0139000e+03   1.0173000e+03   1.0064000e+03   1.0176000e+03   1.0169000e+03   1.0173000e+03   1.0079667e+03   1.0116000e+03   1.0010333e+03   1.0151667e+03   1.0182000e+03   1.0176000e+03
  -5.2900000e+02   1.0183000e+03   1.0138000e+03   1.0131000e+03   1.0170000e+03   1.0061000e+03   1.0176000e+03   1.0165000e+03   1.0177000e+03   1.0087333e+03   1.0107000e+03   1.0019667e+03   1.0154333e+03   1.0179000e+03   1.0174000e+03
  -5.2800000e+02   1.0178000e+03   1.0140000e+03   1.0125000e+03   1.0165000e+03   1.0054000e+03   1.0175000e+03   1.0164000e+03   1.0182000e+03   1.0095000e+03   1.0098000e+03   1.0029000e+03   1.0157000e+03   1.0174000e+03   1.0173000e+03
  -5.2700000e+02   1.0183000e+03   1.0139000e+03   1.0119000e+03   1.0162000e+03   1.0044000e+03   1.0172000e+03   1.0166000e+03   1.0186000e+03   1.0095222e+03   1.0094000e+03   1.0028334e+03   1.0166000e+03   1.0167000e+03   1.0174000e+03
  -5.2600000e+02   1.0185000e+03   1.0146000e+03   1.0117000e+03   1.0159000e+03   1.0043000e+03   1.0166000e+03   1.0171000e+03   1.0191000e+03   1.0095444e+03   1.0090000e+03   1.0027667e+03   1.0175000e+03   1.0164000e+03   1.0178000e+03
  -5.2500000e+02   1.0185000e+03   1.0148000e+03   1.0118000e+03   1.0161000e+03   1.0039000e+03   1.0156000e+03   1.0178000e+03   1.0192000e+03   1.0095667e+03   1.0086000e+03   1.0027000e+03   1.0175000e+03   1.0164000e+03   1.0181000e+03
  -5.2400000e+02   1.0190000e+03   1.0147000e+03   1.0123000e+03   1.0164000e+03   1.0030000e+03   1.0144000e+03   1.0185000e+03   1.0198000e+03   1.0095889e+03   1.0090333e+03   1.0022667e+03   1.0173667e+03   1.0165000e+03   1.0186000e+03
  -5.2300000e+02   1.0192000e+03   1.0143000e+03   1.0129000e+03   1.0166000e+03   1.0032000e+03   1.0142000e+03   1.0192000e+03   1.0190000e+03   1.0096111e+03   1.0094667e+03   1.0018333e+03   1.0172333e+03   1.0164000e+03   1.0192000e+03
  -5.2200000e+02   1.0194000e+03   1.0138000e+03   1.0134000e+03   1.0170000e+03   1.0025000e+03   1.0142000e+03   1.0194000e+03   1.0189000e+03   1.0096333e+03   1.0099000e+03   1.0014000e+03   1.0171000e+03   1.0164000e+03   1.0194000e+03
  -5.2100000e+02   1.0194000e+03   1.0131000e+03   1.0137000e+03   1.0175000e+03   1.0029000e+03   1.0144000e+03   1.0196000e+03   1.0194000e+03   1.0096556e+03   1.0102334e+03   1.0009667e+03   1.0167333e+03   1.0164000e+03   1.0196000e+03
  -5.2000000e+02   1.0192000e+03   1.0123000e+03   1.0139000e+03   1.0178000e+03   1.0029000e+03   1.0145000e+03   1.0196000e+03   1.0199000e+03   1.0096778e+03   1.0105667e+03   1.0005333e+03   1.0163667e+03   1.0174000e+03   1.0199000e+03
  -5.1900000e+02   1.0187000e+03   1.0119000e+03   1.0136000e+03   1.0183000e+03   1.0027000e+03   1.0151000e+03   1.0189000e+03   1.0204000e+03   1.0097000e+03   1.0109000e+03   1.0001000e+03   1.0160000e+03   1.0171000e+03   1.0196000e+03
  -5.1800000e+02   1.0183000e+03   1.0119000e+03   1.0132000e+03   1.0184000e+03   1.0020000e+03   1.0158000e+03   1.0182000e+03   1.0193000e+03   1.0098333e+03   1.0107334e+03   1.0009667e+03   1.0161333e+03   1.0169000e+03   1.0191000e+03
  -5.1700000e+02   1.0182000e+03   1.0123000e+03   1.0126000e+03   1.0182000e+03   1.0017000e+03   1.0157000e+03   1.0178000e+03   1.0169000e+03   1.0099667e+03   1.0105667e+03   1.0018333e+03   1.0162667e+03   1.0168000e+03   1.0182000e+03
  -5.1600000e+02   1.0177000e+03   1.0127000e+03   1.0123000e+03   1.0175000e+03   1.0008000e+03   1.0157000e+03   1.0173000e+03   1.0174000e+03   1.0101000e+03   1.0104000e+03   1.0027000e+03   1.0164000e+03   1.0164000e+03   1.0177000e+03
  -5.1500000e+02   1.0172000e+03   1.0130000e+03   1.0122000e+03   1.0170000e+03   1.0000000e+03   1.0152000e+03   1.0171000e+03   1.0180000e+03   1.0097333e+03   1.0103667e+03   1.0029000e+03   1.0165333e+03   1.0161000e+03   1.0174000e+03
  -5.1400000e+02   1.0167000e+03   1.0135000e+03   1.0125000e+03   1.0167000e+03   9.9990002e+02   1.0151000e+03   1.0171000e+03   1.0187000e+03   1.0093667e+03   1.0103333e+03   1.0031000e+03   1.0166667e+03   1.0159000e+03   1.0171000e+03
  -5.1300000e+02   1.0172000e+03   1.0138000e+03   1.0132000e+03   1.0163000e+03   9.9800000e+02   1.0148000e+03   1.0172000e+03   1.0191000e+03   1.0090000e+03   1.0103000e+03   1.0033000e+03   1.0168000e+03   1.0160000e+03   1.0173000e+03
  -5.1200000e+02   1.0183000e+03   1.0140000e+03   1.0136000e+03   1.0166000e+03   9.9700000e+02   1.0150000e+03   1.0174000e+03   1.0195000e+03   1.0086333e+03   1.0109333e+03   1.0031500e+03   1.0167667e+03   1.0162000e+03   1.0178000e+03
  -5.1100000e+02   1.0190000e+03   1.0141000e+03   1.0140000e+03   1.0174000e+03   9.9670001e+02   1.0151000e+03   1.0178000e+03   1.0195000e+03   1.0082667e+03   1.0115667e+03   1.0030000e+03   1.0167333e+03   1.0168000e+03   1.0181000e+03
  -5.1000000e+02   1.0194000e+03   1.0141000e+03   1.0141000e+03   1.0182000e+03   9.9679999e+02   1.0155000e+03   1.0182000e+03   1.0190000e+03   1.0079000e+03   1.0122000e+03   1.0028500e+03   1.0167000e+03   1.0174000e+03   1.0179000e+03
  -5.0900000e+02   1.0187000e+03   1.0134000e+03   1.0140000e+03   1.0187000e+03   9.9700000e+02   1.0158000e+03   1.0185000e+03   1.0182000e+03   1.0079000e+03   1.0120333e+03   1.0027000e+03   1.0162667e+03   1.0179000e+03   1.0181000e+03
  -5.0800000e+02   1.0190000e+03   1.0131000e+03   1.0140000e+03   1.0191000e+03   9.9679999e+02   1.0166000e+03   1.0185000e+03   1.0178000e+03   1.0079000e+03   1.0118667e+03   1.0025500e+03   1.0158334e+03   1.0182000e+03   1.0185000e+03
  -5.0700000e+02   1.0183000e+03   1.0128000e+03   1.0138000e+03   1.0194000e+03   9.9700000e+02   1.0168000e+03   1.0186000e+03   1.0177000e+03   1.0079000e+03   1.0117000e+03   1.0024000e+03   1.0154000e+03   1.0183000e+03   1.0185000e+03
  -5.0600000e+02   1.0183000e+03   1.0127000e+03   1.0135000e+03   1.0196000e+03   9.9670001e+02   1.0168000e+03   1.0186000e+03   1.0178000e+03   1.0081333e+03   1.0107667e+03   1.0026334e+03   1.0155000e+03   1.0181000e+03   1.0188000e+03
  -5.0500000e+02   1.0173000e+03   1.0127000e+03   1.0131000e+03   1.0191000e+03   9.9650000e+02   1.0169000e+03   1.0185000e+03   1.0178000e+03   1.0083667e+03   1.0098334e+03   1.0028667e+03   1.0156000e+03   1.0177000e+03   1.0187000e+03
  -5.0400000e+02   1.0168000e+03   1.0128000e+03   1.0123000e+03   1.0176000e+03   9.9609998e+02   1.0167000e+03   1.0187000e+03   1.0180000e+03   1.0086000e+03   1.0089000e+03   1.0031000e+03   1.0157000e+03   1.0172000e+03   1.0184000e+03
  -5.0300000e+02   1.0168000e+03   1.0126000e+03   1.0120000e+03   1.0175000e+03   9.9519998e+02   1.0163000e+03   1.0186000e+03   1.0181000e+03   1.0090333e+03   1.0089000e+03   1.0033333e+03   1.0161667e+03   1.0167500e+03   1.0179000e+03
  -5.0200000e+02   1.0168000e+03   1.0130000e+03   1.0116000e+03   1.0174000e+03   9.9429999e+02   1.0155000e+03   1.0190000e+03   1.0186000e+03   1.0094667e+03   1.0089000e+03   1.0035667e+03   1.0166333e+03   1.0163000e+03   1.0180000e+03
  -5.0100000e+02   1.0172000e+03   1.0138000e+03   1.0114000e+03   1.0171000e+03   9.9450000e+02   1.0150000e+03   1.0194000e+03   1.0191000e+03   1.0099000e+03   1.0089000e+03   1.0038000e+03   1.0171000e+03   1.0162000e+03   1.0188000e+03
  -5.0000000e+02   1.0178000e+03   1.0140000e+03   1.0119000e+03   1.0170000e+03   9.9450000e+02   1.0142000e+03   1.0199000e+03   1.0192000e+03   1.0095333e+03   1.0093334e+03   1.0032333e+03   1.0167666e+03   1.0160000e+03   1.0190000e+03
  -4.9900000e+02   1.0185000e+03   1.0137000e+03   1.0124000e+03   1.0176000e+03   9.9500000e+02   1.0137000e+03   1.0200000e+03   1.0193000e+03   1.0091667e+03   1.0097667e+03   1.0026666e+03   1.0164333e+03   1.0161000e+03   1.0197000e+03
  -4.9800000e+02   1.0185000e+03   1.0137000e+03   1.0137000e+03   1.0182000e+03   9.9570001e+02   1.0139000e+03   1.0206000e+03   1.0193000e+03   1.0088000e+03   1.0102000e+03   1.0021000e+03   1.0161000e+03   1.0166500e+03   1.0200000e+03
  -4.9700000e+02   1.0183000e+03   1.0135000e+03   1.0143000e+03   1.0186000e+03   9.9650000e+02   1.0141000e+03   1.0208000e+03   1.0188000e+03   1.0089167e+03   1.0105333e+03   1.0021000e+03   1.0156000e+03   1.0172000e+03   1.0204000e+03
  -4.9600000e+02   1.0178000e+03   1.0129000e+03   1.0142000e+03   1.0190000e+03   9.9779999e+02   1.0144000e+03   1.0205000e+03   1.0181000e+03   1.0090333e+03   1.0108667e+03   1.0021000e+03   1.0151000e+03   1.0176000e+03   1.0203000e+03
  -4.9500000e+02   1.0178000e+03   1.0124000e+03   1.0143000e+03   1.0195000e+03   9.9829999e+02   1.0150000e+03   1.0201000e+03   1.0177000e+03   1.0091500e+03   1.0112000e+03   1.0021000e+03   1.0146000e+03   1.0175000e+03   1.0198000e+03
  -4.9400000e+02   1.0178000e+03   1.0123000e+03   1.0141000e+03   1.0195000e+03   9.9900000e+02   1.0157000e+03   1.0194000e+03   1.0170000e+03   1.0092667e+03   1.0110333e+03   1.0029667e+03   1.0146666e+03   1.0172000e+03   1.0190000e+03
  -4.9300000e+02   1.0172000e+03   1.0123000e+03   1.0143000e+03   1.0193000e+03   1.0003000e+03   1.0160000e+03   1.0184000e+03   1.0170000e+03   1.0093833e+03   1.0108667e+03   1.0038333e+03   1.0147333e+03   1.0174000e+03   1.0184000e+03
  -4.9200000e+02   1.0167000e+03   1.0126000e+03   1.0139000e+03   1.0193000e+03   1.0006000e+03   1.0160000e+03   1.0175000e+03   1.0170000e+03   1.0095000e+03   1.0107000e+03   1.0047000e+03   1.0148000e+03   1.0171000e+03   1.0176000e+03
  -4.9100000e+02   1.0167000e+03   1.0134000e+03   1.0137000e+03   1.0182000e+03   1.0009000e+03   1.0157000e+03   1.0169000e+03   1.0171000e+03   1.0096667e+03   1.0106667e+03   1.0049667e+03   1.0150000e+03   1.0168000e+03   1.0171000e+03
  -4.9000000e+02   1.0170000e+03   1.0137000e+03   1.0141000e+03   1.0183000e+03   1.0012000e+03   1.0152000e+03   1.0165000e+03   1.0170000e+03   1.0098333e+03   1.0106333e+03   1.0052333e+03   1.0152000e+03   1.0169000e+03   1.0173000e+03
  -4.8900000e+02   1.0172000e+03   1.0140000e+03   1.0145000e+03   1.0180000e+03   1.0014000e+03   1.0152000e+03   1.0164000e+03   1.0176000e+03   1.0100000e+03   1.0106000e+03   1.0055000e+03   1.0154000e+03   1.0172000e+03   1.0176000e+03
  -4.8800000e+02   1.0172000e+03   1.0144000e+03   1.0150000e+03   1.0182000e+03   1.0020000e+03   1.0154000e+03   1.0167000e+03   1.0182000e+03   1.0091000e+03   1.0110667e+03   1.0053000e+03   1.0149333e+03   1.0179000e+03   1.0178000e+03
  -4.8700000e+02   1.0175000e+03   1.0145000e+03   1.0158000e+03   1.0185000e+03   1.0029000e+03   1.0155000e+03   1.0170000e+03   1.0180000e+03   1.0082000e+03   1.0115333e+03   1.0051000e+03   1.0144667e+03   1.0182000e+03   1.0181000e+03
  -4.8600000e+02   1.0182000e+03   1.0140000e+03   1.0158000e+03   1.0178000e+03   1.0035000e+03   1.0159000e+03   1.0175000e+03   1.0179000e+03   1.0073000e+03   1.0120000e+03   1.0049000e+03   1.0140000e+03   1.0182000e+03   1.0186000e+03
  -4.8500000e+02   1.0180000e+03   1.0133000e+03   1.0157000e+03   1.0185000e+03   1.0037000e+03   1.0162000e+03   1.0177000e+03   1.0173000e+03   1.0073000e+03   1.0116333e+03   1.0049667e+03   1.0137333e+03   1.0190000e+03   1.0191000e+03
  -4.8400000e+02   1.0178000e+03   1.0128000e+03   1.0158000e+03   1.0191000e+03   1.0044000e+03   1.0165000e+03   1.0180000e+03   1.0170000e+03   1.0073000e+03   1.0112667e+03   1.0050333e+03   1.0134667e+03   1.0193000e+03   1.0193000e+03
  -4.8300000e+02   1.0173000e+03   1.0118000e+03   1.0158000e+03   1.0197000e+03   1.0052000e+03   1.0167000e+03   1.0183000e+03   1.0167000e+03   1.0073000e+03   1.0109000e+03   1.0051000e+03   1.0132000e+03   1.0192000e+03   1.0189000e+03
  -4.8200000e+02   1.0168000e+03   1.0120000e+03   1.0155000e+03   1.0198000e+03   1.0063000e+03   1.0171000e+03   1.0181000e+03   1.0166000e+03   1.0074000e+03   1.0100667e+03   1.0054000e+03   1.0133333e+03   1.0188000e+03   1.0188000e+03
  -4.8100000e+02   1.0167000e+03   1.0120000e+03   1.0151000e+03   1.0194000e+03   1.0068000e+03   1.0172000e+03   1.0180000e+03   1.0169000e+03   1.0075000e+03   1.0092334e+03   1.0057000e+03   1.0134667e+03   1.0183000e+03   1.0183000e+03
  -4.8000000e+02   1.0163000e+03   1.0123000e+03   1.0143000e+03   1.0192000e+03   1.0068000e+03   1.0171000e+03   1.0177000e+03   1.0173000e+03   1.0076000e+03   1.0084000e+03   1.0060000e+03   1.0136000e+03   1.0178000e+03   1.0180000e+03
  -4.7900000e+02   1.0165000e+03   1.0123000e+03   1.0137000e+03   1.0188000e+03   1.0072000e+03   1.0166000e+03   1.0176000e+03   1.0173000e+03   1.0077000e+03   1.0083000e+03   1.0063000e+03   1.0140667e+03   1.0169000e+03   1.0178000e+03
  -4.7800000e+02   1.0168000e+03   1.0130000e+03   1.0133000e+03   1.0187000e+03   1.0076000e+03   1.0160000e+03   1.0180000e+03   1.0176000e+03   1.0078000e+03   1.0082000e+03   1.0066000e+03   1.0145333e+03   1.0165000e+03   1.0180000e+03
  -4.7700000e+02   1.0173000e+03   1.0133000e+03   1.0133000e+03   1.0184000e+03   1.0075000e+03   1.0152000e+03   1.0186000e+03   1.0181000e+03   1.0079000e+03   1.0081000e+03   1.0069000e+03   1.0150000e+03   1.0168000e+03   1.0188000e+03
  -4.7600000e+02   1.0178000e+03   1.0133000e+03   1.0146000e+03   1.0184000e+03   1.0072000e+03   1.0146000e+03   1.0188000e+03   1.0178000e+03   1.0080000e+03   1.0085333e+03   1.0060667e+03   1.0147667e+03   1.0166000e+03   1.0193000e+03
  -4.7500000e+02   1.0183000e+03   1.0134000e+03   1.0154000e+03   1.0188000e+03   1.0072000e+03   1.0144000e+03   1.0188000e+03   1.0174000e+03   1.0081000e+03   1.0089667e+03   1.0052334e+03   1.0145333e+03   1.0170000e+03   1.0197000e+03
  -4.7400000e+02   1.0183000e+03   1.0130000e+03   1.0166000e+03   1.0196000e+03   1.0078000e+03   1.0140000e+03   1.0194000e+03   1.0170000e+03   1.0082000e+03   1.0094000e+03   1.0044000e+03   1.0143000e+03   1.0173000e+03   1.0199000e+03
  -4.7300000e+02   1.0178000e+03   1.0127000e+03   1.0166000e+03   1.0199000e+03   1.0085000e+03   1.0145000e+03   1.0195000e+03   1.0164000e+03   1.0083000e+03   1.0099000e+03   1.0044667e+03   1.0140333e+03   1.0179000e+03   1.0201000e+03
  -4.7200000e+02   1.0175000e+03   1.0122000e+03   1.0165000e+03   1.0201000e+03   1.0093000e+03   1.0148000e+03   1.0193000e+03   1.0161000e+03   1.0084000e+03   1.0104000e+03   1.0045333e+03   1.0137667e+03   1.0185000e+03   1.0199000e+03
  -4.7100000e+02   1.0172000e+03   1.0115000e+03   1.0164000e+03   1.0202000e+03   1.0101000e+03   1.0148000e+03   1.0187000e+03   1.0155000e+03   1.0085000e+03   1.0109000e+03   1.0046000e+03   1.0135000e+03   1.0187000e+03   1.0195000e+03
  -4.7000000e+02   1.0165000e+03   1.0114000e+03   1.0156000e+03   1.0200000e+03   1.0107000e+03   1.0150000e+03   1.0182000e+03   1.0155000e+03   1.0087667e+03   1.0106333e+03   1.0057333e+03   1.0136333e+03   1.0186000e+03   1.0190000e+03
  -4.6900000e+02   1.0163000e+03   1.0117000e+03   1.0153000e+03   1.0197000e+03   1.0110000e+03   1.0153000e+03   1.0174000e+03   1.0151000e+03   1.0090333e+03   1.0103667e+03   1.0068667e+03   1.0137667e+03   1.0185000e+03   1.0183000e+03
  -4.6800000e+02   1.0165000e+03   1.0123000e+03   1.0153000e+03   1.0193000e+03   1.0114000e+03   1.0155000e+03   1.0166000e+03   1.0152000e+03   1.0093000e+03   1.0101000e+03   1.0080000e+03   1.0139000e+03   1.0183000e+03   1.0175000e+03
  -4.6700000e+02   1.0167000e+03   1.0126000e+03   1.0152000e+03   1.0190000e+03   1.0112000e+03   1.0158000e+03   1.0161000e+03   1.0157000e+03   1.0094333e+03   1.0104667e+03   1.0079333e+03   1.0140667e+03   1.0182000e+03   1.0169000e+03
  -4.6600000e+02   1.0172000e+03   1.0132000e+03   1.0155000e+03   1.0184000e+03   1.0108000e+03   1.0153000e+03   1.0160000e+03   1.0156000e+03   1.0095667e+03   1.0108333e+03   1.0078667e+03   1.0142334e+03   1.0180000e+03   1.0165000e+03
  -4.6500000e+02   1.0178000e+03   1.0135000e+03   1.0161000e+03   1.0180000e+03   1.0104000e+03   1.0154000e+03   1.0159000e+03   1.0157000e+03   1.0097000e+03   1.0112000e+03   1.0078000e+03   1.0144000e+03   1.0180000e+03   1.0167000e+03
  -4.6400000e+02   1.0180000e+03   1.0136000e+03   1.0168000e+03   1.0185000e+03   1.0101000e+03   1.0156000e+03   1.0161000e+03   1.0159000e+03   1.0090667e+03   1.0118333e+03   1.0072000e+03   1.0141667e+03   1.0184000e+03   1.0176000e+03
  -4.6300000e+02   1.0182000e+03   1.0135000e+03   1.0174000e+03   1.0186000e+03   1.0100000e+03   1.0161000e+03   1.0166000e+03   1.0161000e+03   1.0084333e+03   1.0124667e+03   1.0066000e+03   1.0139333e+03   1.0187000e+03   1.0175000e+03
  -4.6200000e+02   1.0189000e+03   1.0128000e+03   1.0176000e+03   1.0192000e+03   1.0103000e+03   1.0161000e+03   1.0172000e+03   1.0159000e+03   1.0078000e+03   1.0131000e+03   1.0060000e+03   1.0137000e+03   1.0190000e+03   1.0178000e+03
  -4.6100000e+02   1.0190000e+03   1.0123000e+03   1.0178000e+03   1.0196000e+03   1.0105000e+03   1.0167000e+03   1.0178000e+03   1.0157000e+03   1.0075667e+03   1.0126666e+03   1.0059667e+03   1.0133000e+03   1.0189000e+03   1.0175000e+03
  -4.6000000e+02   1.0189000e+03   1.0121000e+03   1.0174000e+03   1.0206000e+03   1.0111000e+03   1.0170000e+03   1.0181000e+03   1.0156000e+03   1.0073333e+03   1.0122333e+03   1.0059333e+03   1.0129000e+03   1.0196000e+03   1.0174000e+03
  -4.5900000e+02   1.0183000e+03   1.0117000e+03   1.0173000e+03   1.0208000e+03   1.0116000e+03   1.0171000e+03   1.0180000e+03   1.0156000e+03   1.0071000e+03   1.0118000e+03   1.0059000e+03   1.0125000e+03   1.0196000e+03   1.0170000e+03
  -4.5800000e+02   1.0173000e+03   1.0113000e+03   1.0168000e+03   1.0206000e+03   1.0118000e+03   1.0176000e+03   1.0178000e+03   1.0152000e+03   1.0076000e+03   1.0112333e+03   1.0065000e+03   1.0125667e+03   1.0192000e+03   1.0166000e+03
  -4.5700000e+02   1.0168000e+03   1.0117000e+03   1.0169000e+03   1.0198000e+03   1.0124000e+03   1.0175000e+03   1.0177000e+03   1.0151000e+03   1.0081000e+03   1.0106666e+03   1.0071000e+03   1.0126333e+03   1.0186000e+03   1.0162000e+03
  -4.5600000e+02   1.0168000e+03   1.0111000e+03   1.0161000e+03   1.0188000e+03   1.0121000e+03   1.0173000e+03   1.0176000e+03   1.0154000e+03   1.0086000e+03   1.0101000e+03   1.0077000e+03   1.0127000e+03   1.0182000e+03   1.0163000e+03
  -4.5500000e+02   1.0173000e+03   1.0111000e+03   1.0164000e+03   1.0185000e+03   1.0120000e+03   1.0169000e+03   1.0174000e+03   1.0153000e+03   1.0085444e+03   1.0100667e+03   1.0075333e+03   1.0132000e+03   1.0177000e+03   1.0160000e+03
  -4.5400000e+02   1.0173000e+03   1.0115000e+03   1.0167000e+03   1.0179000e+03   1.0116000e+03   1.0163000e+03   1.0176000e+03   1.0151000e+03   1.0084889e+03   1.0100333e+03   1.0073667e+03   1.0137000e+03   1.0173000e+03   1.0162000e+03
  -4.5300000e+02   1.0183000e+03   1.0118000e+03   1.0164000e+03   1.0179000e+03   1.0115000e+03   1.0154000e+03   1.0179000e+03   1.0153000e+03   1.0084333e+03   1.0100000e+03   1.0072000e+03   1.0142000e+03   1.0173000e+03   1.0168000e+03
  -4.5200000e+02   1.0185000e+03   1.0119000e+03   1.0160000e+03   1.0178000e+03   1.0109000e+03   1.0148000e+03   1.0183000e+03   1.0153000e+03   1.0083778e+03   1.0101667e+03   1.0065000e+03   1.0140000e+03   1.0179000e+03   1.0170000e+03
  -4.5100000e+02   1.0194000e+03   1.0112000e+03   1.0164000e+03   1.0181000e+03   1.0106000e+03   1.0147000e+03   1.0186000e+03   1.0151000e+03   1.0083222e+03   1.0103333e+03   1.0058000e+03   1.0138000e+03   1.0176000e+03   1.0172000e+03
  -4.5000000e+02   1.0199000e+03   1.0109000e+03   1.0171000e+03   1.0183000e+03   1.0109000e+03   1.0149000e+03   1.0192000e+03   1.0146000e+03   1.0082666e+03   1.0105000e+03   1.0051000e+03   1.0136000e+03   1.0177000e+03   1.0168000e+03
  -4.4900000e+02   1.0200000e+03   1.0105000e+03   1.0175000e+03   1.0187000e+03   1.0117000e+03   1.0153000e+03   1.0194000e+03   1.0142000e+03   1.0082111e+03   1.0107333e+03   1.0051333e+03   1.0133333e+03   1.0183000e+03   1.0166000e+03
  -4.4800000e+02   1.0200000e+03   1.0106000e+03   1.0172000e+03   1.0189000e+03   1.0121000e+03   1.0154000e+03   1.0192000e+03   1.0136000e+03   1.0081555e+03   1.0109667e+03   1.0051667e+03   1.0130667e+03   1.0187000e+03   1.0162000e+03
  -4.4700000e+02   1.0200000e+03   1.0106000e+03   1.0171000e+03   1.0191000e+03   1.0126000e+03   1.0163000e+03   1.0189000e+03   1.0136000e+03   1.0081000e+03   1.0112000e+03   1.0052000e+03   1.0128000e+03   1.0187000e+03   1.0161000e+03
  -4.4600000e+02   1.0190000e+03   1.0107000e+03   1.0166500e+03   1.0188000e+03   1.0128000e+03   1.0164000e+03   1.0185000e+03   1.0135000e+03   1.0083667e+03   1.0108333e+03   1.0057000e+03   1.0129333e+03   1.0186000e+03   1.0156000e+03
  -4.4500000e+02   1.0185000e+03   1.0109000e+03   1.0162000e+03   1.0184000e+03   1.0135000e+03   1.0166000e+03   1.0179000e+03   1.0135000e+03   1.0086333e+03   1.0104667e+03   1.0062000e+03   1.0130667e+03   1.0178000e+03   1.0144000e+03
  -4.4400000e+02   1.0182000e+03   1.0110000e+03   1.0161000e+03   1.0177000e+03   1.0135000e+03   1.0166000e+03   1.0176000e+03   1.0138000e+03   1.0089000e+03   1.0101000e+03   1.0067000e+03   1.0132000e+03   1.0172000e+03   1.0135000e+03
  -4.4300000e+02   1.0189000e+03   1.0114000e+03   1.0161000e+03   1.0175000e+03   1.0133000e+03   1.0165000e+03   1.0173000e+03   1.0140000e+03   1.0089333e+03   1.0101000e+03   1.0068000e+03   1.0135000e+03   1.0168000e+03   1.0132000e+03
  -4.4200000e+02   1.0189000e+03   1.0121000e+03   1.0165000e+03   1.0171000e+03   1.0128000e+03   1.0161000e+03   1.0171000e+03   1.0145000e+03   1.0089667e+03   1.0101000e+03   1.0069000e+03   1.0138000e+03   1.0163000e+03   1.0133000e+03
  -4.4100000e+02   1.0183000e+03   1.0123000e+03   1.0168000e+03   1.0169000e+03   1.0133000e+03   1.0156000e+03   1.0180000e+03   1.0149000e+03   1.0090000e+03   1.0101000e+03   1.0070000e+03   1.0141000e+03   1.0163000e+03   1.0132000e+03
  -4.4000000e+02   1.0189000e+03   1.0122000e+03   1.0173500e+03   1.0166000e+03   1.0124000e+03   1.0154000e+03   1.0186000e+03   1.0149000e+03   1.0081667e+03   1.0102333e+03   1.0070000e+03   1.0138667e+03   1.0162000e+03   1.0132000e+03
  -4.3900000e+02   1.0194000e+03   1.0115000e+03   1.0179000e+03   1.0163000e+03   1.0119000e+03   1.0157000e+03   1.0188000e+03   1.0147000e+03   1.0073333e+03   1.0103667e+03   1.0070000e+03   1.0136333e+03   1.0166000e+03   1.0139000e+03
  -4.3800000e+02   1.0195000e+03   1.0109000e+03   1.0181000e+03   1.0167000e+03   1.0119000e+03   1.0164000e+03   1.0192000e+03   1.0143000e+03   1.0065000e+03   1.0105000e+03   1.0070000e+03   1.0134000e+03   1.0169000e+03   1.0150000e+03
  -4.3700000e+02   1.0194000e+03   1.0106000e+03   1.0183000e+03   1.0174000e+03   1.0119000e+03   1.0170000e+03   1.0195000e+03   1.0143000e+03   1.0063667e+03   1.0104000e+03   1.0070000e+03   1.0130667e+03   1.0173000e+03   1.0155000e+03
  -4.3600000e+02   1.0190000e+03   1.0099000e+03   1.0180000e+03   1.0182000e+03   1.0123000e+03   1.0176000e+03   1.0195000e+03   1.0140000e+03   1.0062333e+03   1.0103000e+03   1.0070000e+03   1.0127334e+03   1.0176000e+03   1.0154000e+03
  -4.3500000e+02   1.0189000e+03   1.0092000e+03   1.0176000e+03   1.0184000e+03   1.0126000e+03   1.0181000e+03   1.0194000e+03   1.0138000e+03   1.0061000e+03   1.0102000e+03   1.0070000e+03   1.0124000e+03   1.0175000e+03   1.0141000e+03
  -4.3400000e+02   1.0180000e+03   1.0090000e+03   1.0169000e+03   1.0183000e+03   1.0130000e+03   1.0183000e+03   1.0195000e+03   1.0139000e+03   1.0066000e+03   1.0091333e+03   1.0077000e+03   1.0125000e+03   1.0172000e+03   1.0133000e+03
  -4.3300000e+02   1.0173000e+03   1.0091000e+03   1.0163000e+03   1.0179000e+03   1.0135000e+03   1.0185000e+03   1.0193000e+03   1.0146000e+03   1.0071000e+03   1.0080667e+03   1.0084000e+03   1.0126000e+03   1.0166000e+03   1.0129000e+03
  -4.3200000e+02   1.0173000e+03   1.0089000e+03   1.0162000e+03   1.0175000e+03   1.0135000e+03   1.0182000e+03   1.0190000e+03   1.0151000e+03   1.0076000e+03   1.0070000e+03   1.0091000e+03   1.0127000e+03   1.0160000e+03   1.0128000e+03
  -4.3100000e+02   1.0178000e+03   1.0091000e+03   1.0157000e+03   1.0168000e+03   1.0132000e+03   1.0180000e+03   1.0189000e+03   1.0152000e+03   1.0073833e+03   1.0076000e+03   1.0091333e+03   1.0130667e+03   1.0154000e+03   1.0131000e+03
  -4.3000000e+02   1.0183000e+03   1.0098000e+03   1.0152000e+03   1.0163000e+03   1.0128000e+03   1.0173000e+03   1.0195000e+03   1.0154000e+03   1.0071666e+03   1.0082000e+03   1.0091667e+03   1.0134333e+03   1.0147000e+03   1.0131000e+03
  -4.2900000e+02   1.0185000e+03   1.0100000e+03   1.0157000e+03   1.0161000e+03   1.0121000e+03   1.0164000e+03   1.0199000e+03   1.0154000e+03   1.0069500e+03   1.0088000e+03   1.0092000e+03   1.0138000e+03   1.0146000e+03   1.0134000e+03
  -4.2800000e+02   1.0190000e+03   1.0099000e+03   1.0162000e+03   1.0163000e+03   1.0120000e+03   1.0160000e+03   1.0204000e+03   1.0153000e+03   1.0067333e+03   1.0095000e+03   1.0081667e+03   1.0136333e+03   1.0144000e+03   1.0138000e+03
  -4.2700000e+02   1.0197000e+03   1.0094000e+03   1.0167500e+03   1.0167000e+03   1.0121000e+03   1.0155000e+03   1.0206000e+03   1.0151000e+03   1.0065167e+03   1.0102000e+03   1.0071333e+03   1.0134667e+03   1.0145000e+03   1.0143000e+03
  -4.2600000e+02   1.0204000e+03   1.0091000e+03   1.0173000e+03   1.0175000e+03   1.0124000e+03   1.0156000e+03   1.0211000e+03   1.0144000e+03   1.0063000e+03   1.0109000e+03   1.0061000e+03   1.0133000e+03   1.0147000e+03   1.0147000e+03
  -4.2500000e+02   1.0209000e+03   1.0086000e+03   1.0175000e+03   1.0179000e+03   1.0130000e+03   1.0157000e+03   1.0217000e+03   1.0143000e+03   1.0063167e+03   1.0107334e+03   1.0061333e+03   1.0127333e+03   1.0151000e+03   1.0146000e+03
  -4.2400000e+02   1.0199000e+03   1.0080000e+03   1.0177000e+03   1.0182000e+03   1.0133000e+03   1.0156000e+03   1.0213000e+03   1.0139000e+03   1.0063333e+03   1.0105667e+03   1.0061667e+03   1.0121666e+03   1.0154000e+03   1.0148000e+03
  -4.2300000e+02   1.0194000e+03   1.0077000e+03   1.0165000e+03   1.0184000e+03   1.0139000e+03   1.0157000e+03   1.0207000e+03   1.0138000e+03   1.0063500e+03   1.0104000e+03   1.0062000e+03   1.0116000e+03   1.0153000e+03   1.0144000e+03
  -4.2200000e+02   1.0194000e+03   1.0072000e+03   1.0163000e+03   1.0186000e+03   1.0146000e+03   1.0159000e+03   1.0201000e+03   1.0134000e+03   1.0063667e+03   1.0097000e+03   1.0068667e+03   1.0115333e+03   1.0146000e+03   1.0142000e+03
  -4.2100000e+02   1.0183000e+03   1.0073000e+03   1.0157000e+03   1.0181000e+03   1.0146000e+03   1.0159000e+03   1.0192000e+03   1.0132000e+03   1.0063834e+03   1.0090000e+03   1.0075333e+03   1.0114667e+03   1.0141000e+03   1.0134000e+03
  -4.2000000e+02   1.0183000e+03   1.0078000e+03   1.0152000e+03   1.0177000e+03   1.0146000e+03   1.0161000e+03   1.0187000e+03   1.0137000e+03   1.0064000e+03   1.0083000e+03   1.0082000e+03   1.0114000e+03   1.0136000e+03   1.0124000e+03
  -4.1900000e+02   1.0189000e+03   1.0079000e+03   1.0155000e+03   1.0172000e+03   1.0144000e+03   1.0164000e+03   1.0183000e+03   1.0145000e+03   1.0064333e+03   1.0082333e+03   1.0082667e+03   1.0114000e+03   1.0131000e+03   1.0122000e+03
  -4.1800000e+02   1.0189000e+03   1.0084000e+03   1.0156000e+03   1.0168000e+03   1.0140000e+03   1.0162000e+03   1.0184000e+03   1.0154000e+03   1.0064667e+03   1.0081666e+03   1.0083334e+03   1.0114000e+03   1.0130000e+03   1.0125000e+03
  -4.1700000e+02   1.0189000e+03   1.0088000e+03   1.0159000e+03   1.0164000e+03   1.0131000e+03   1.0159000e+03   1.0187000e+03   1.0156000e+03   1.0065000e+03   1.0081000e+03   1.0084000e+03   1.0114000e+03   1.0131000e+03   1.0124000e+03
  -4.1600000e+02   1.0189000e+03   1.0088000e+03   1.0162000e+03   1.0170000e+03   1.0127000e+03   1.0161000e+03   1.0191000e+03   1.0158000e+03   1.0056333e+03   1.0085667e+03   1.0083334e+03   1.0110000e+03   1.0134000e+03   1.0127000e+03
  -4.1500000e+02   1.0202000e+03   1.0092000e+03   1.0168000e+03   1.0171000e+03   1.0122000e+03   1.0163000e+03   1.0197000e+03   1.0162000e+03   1.0047667e+03   1.0090333e+03   1.0082667e+03   1.0106000e+03   1.0136000e+03   1.0129000e+03
  -4.1400000e+02   1.0202000e+03   1.0086000e+03   1.0171000e+03   1.0174000e+03   1.0126000e+03   1.0167000e+03   1.0204000e+03   1.0155000e+03   1.0039000e+03   1.0095000e+03   1.0082000e+03   1.0102000e+03   1.0139000e+03   1.0139000e+03
  -4.1300000e+02   1.0195000e+03   1.0083000e+03   1.0168000e+03   1.0176000e+03   1.0129000e+03   1.0172000e+03   1.0207000e+03   1.0150000e+03   1.0042334e+03   1.0092667e+03   1.0084000e+03   1.0099667e+03   1.0139000e+03   1.0139000e+03
  -4.1200000e+02   1.0189000e+03   1.0072000e+03   1.0167000e+03   1.0183000e+03   1.0136000e+03   1.0177000e+03   1.0208000e+03   1.0149000e+03   1.0045667e+03   1.0090333e+03   1.0086000e+03   1.0097333e+03   1.0140000e+03   1.0136000e+03
  -4.1100000e+02   1.0183000e+03   1.0071000e+03   1.0162000e+03   1.0194000e+03   1.0141000e+03   1.0181000e+03   1.0206000e+03   1.0148000e+03   1.0049000e+03   1.0088000e+03   1.0088000e+03   1.0095000e+03   1.0137000e+03   1.0135000e+03
  -4.1000000e+02   1.0177000e+03   1.0067000e+03   1.0157000e+03   1.0196000e+03   1.0146000e+03   1.0182000e+03   1.0201000e+03   1.0148000e+03   1.0052334e+03   1.0080667e+03   1.0094333e+03   1.0094333e+03   1.0132000e+03   1.0135000e+03
  -4.0900000e+02   1.0168000e+03   1.0063000e+03   1.0148000e+03   1.0190000e+03   1.0152000e+03   1.0185000e+03   1.0197000e+03   1.0155000e+03   1.0055667e+03   1.0073333e+03   1.0100667e+03   1.0093667e+03   1.0122000e+03   1.0137000e+03
  -4.0800000e+02   1.0172000e+03   1.0058000e+03   1.0143000e+03   1.0188000e+03   1.0151000e+03   1.0180000e+03   1.0196000e+03   1.0158000e+03   1.0059000e+03   1.0066000e+03   1.0107000e+03   1.0093000e+03   1.0114500e+03   1.0135000e+03
  -4.0700000e+02   1.0173000e+03   1.0061000e+03   1.0142500e+03   1.0181000e+03   1.0148000e+03   1.0176000e+03   1.0199000e+03   1.0162000e+03   1.0061000e+03   1.0066000e+03   1.0105000e+03   1.0097000e+03   1.0107000e+03   1.0138000e+03
  -4.0600000e+02   1.0175000e+03   1.0069000e+03   1.0142000e+03   1.0177000e+03   1.0144000e+03   1.0175000e+03   1.0197000e+03   1.0167000e+03   1.0063000e+03   1.0066000e+03   1.0103000e+03   1.0101000e+03   1.0102000e+03   1.0141000e+03
  -4.0500000e+02   1.0182000e+03   1.0081000e+03   1.0150000e+03   1.0181000e+03   1.0143000e+03   1.0172000e+03   1.0201000e+03   1.0169000e+03   1.0065000e+03   1.0066000e+03   1.0101000e+03   1.0105000e+03   1.0101000e+03   1.0144000e+03
  -4.0400000e+02   1.0185000e+03   1.0083000e+03   1.0158000e+03   1.0185000e+03   1.0138000e+03   1.0160000e+03   1.0202000e+03   1.0169000e+03   1.0062167e+03   1.0068333e+03   1.0091666e+03   1.0102000e+03   1.0109000e+03   1.0147000e+03
  -4.0300000e+02   1.0189000e+03   1.0082000e+03   1.0158000e+03   1.0190000e+03   1.0138000e+03   1.0158000e+03   1.0205000e+03   1.0167000e+03   1.0059333e+03   1.0070667e+03   1.0082333e+03   1.0099000e+03   1.0118000e+03   1.0150000e+03
  -4.0200000e+02   1.0194000e+03   1.0082000e+03   1.0166000e+03   1.0195000e+03   1.0141000e+03   1.0152000e+03   1.0208000e+03   1.0162000e+03   1.0056500e+03   1.0073000e+03   1.0073000e+03   1.0096000e+03   1.0134000e+03   1.0152000e+03
  -4.0100000e+02   1.0192000e+03   1.0080000e+03   1.0164000e+03   1.0201000e+03   1.0145000e+03   1.0153000e+03   1.0207000e+03   1.0158000e+03   1.0053667e+03   1.0076333e+03   1.0072333e+03   1.0092666e+03   1.0122000e+03   1.0158000e+03
  -4.0000000e+02   1.0185000e+03   1.0072000e+03   1.0159000e+03   1.0203000e+03   1.0151000e+03   1.0155000e+03   1.0206000e+03   1.0151000e+03   1.0050833e+03   1.0079667e+03   1.0071666e+03   1.0089333e+03   1.0106000e+03   1.0158000e+03
  -3.9900000e+02   1.0189000e+03   1.0072000e+03   1.0152000e+03   1.0207000e+03   1.0155000e+03   1.0157000e+03   1.0199000e+03   1.0148000e+03   1.0048000e+03   1.0083000e+03   1.0071000e+03   1.0086000e+03   1.0116000e+03   1.0153000e+03
  -3.9800000e+02   1.0189000e+03   1.0074000e+03   1.0148000e+03   1.0206000e+03   1.0157000e+03   1.0160000e+03   1.0195000e+03   1.0143000e+03   1.0054667e+03   1.0081333e+03   1.0079333e+03   1.0086666e+03   1.0119000e+03   1.0153000e+03
  -3.9700000e+02   1.0182000e+03   1.0076000e+03   1.0143000e+03   1.0204000e+03   1.0159000e+03   1.0160000e+03   1.0184000e+03   1.0146000e+03   1.0061333e+03   1.0079667e+03   1.0087666e+03   1.0087333e+03   1.0120000e+03   1.0157000e+03
  -3.9600000e+02   1.0183000e+03   1.0083000e+03   1.0139000e+03   1.0201000e+03   1.0158000e+03   1.0162000e+03   1.0181000e+03   1.0150000e+03   1.0068000e+03   1.0078000e+03   1.0096000e+03   1.0088000e+03   1.0120000e+03   1.0163000e+03
  -3.9500000e+02   1.0183000e+03   1.0087000e+03   1.0138000e+03   1.0194000e+03   1.0154000e+03   1.0163000e+03   1.0179000e+03   1.0165000e+03   1.0063667e+03   1.0076333e+03   1.0098667e+03   1.0090333e+03   1.0119000e+03   1.0162000e+03
  -3.9400000e+02   1.0189000e+03   1.0091000e+03   1.0140000e+03   1.0194000e+03   1.0151000e+03   1.0157000e+03   1.0175000e+03   1.0170000e+03   1.0059333e+03   1.0074667e+03   1.0101333e+03   1.0092667e+03   1.0117000e+03   1.0158000e+03
  -3.9300000e+02   1.0173000e+03   1.0098000e+03   1.0146000e+03   1.0196000e+03   1.0144000e+03   1.0158000e+03   1.0177000e+03   1.0169000e+03   1.0055000e+03   1.0073000e+03   1.0104000e+03   1.0095000e+03   1.0122000e+03   1.0154000e+03
  -3.9200000e+02   1.0183000e+03   1.0099000e+03   1.0148000e+03   1.0192000e+03   1.0140000e+03   1.0159000e+03   1.0178000e+03   1.0162000e+03   1.0046333e+03   1.0080333e+03   1.0101333e+03   1.0092667e+03   1.0127000e+03   1.0158000e+03
  -3.9100000e+02   1.0192000e+03   1.0100000e+03   1.0150000e+03   1.0193000e+03   1.0137000e+03   1.0158000e+03   1.0183000e+03   1.0159000e+03   1.0037667e+03   1.0087667e+03   1.0098667e+03   1.0090333e+03   1.0133000e+03   1.0159000e+03
  -3.9000000e+02   1.0200000e+03   1.0098000e+03   1.0153000e+03   1.0192000e+03   1.0139000e+03   1.0159000e+03   1.0188000e+03   1.0153000e+03   1.0029000e+03   1.0095000e+03   1.0096000e+03   1.0088000e+03   1.0141000e+03   1.0170000e+03
  -3.8900000e+02   1.0204000e+03   1.0098000e+03   1.0153000e+03   1.0194000e+03   1.0139000e+03   1.0163000e+03   1.0189000e+03   1.0148000e+03   1.0029667e+03   1.0095000e+03   1.0096666e+03   1.0083000e+03   1.0143000e+03   1.0178000e+03
  -3.8800000e+02   1.0204000e+03   1.0090000e+03   1.0150000e+03   1.0204000e+03   1.0146000e+03   1.0168000e+03   1.0191000e+03   1.0147000e+03   1.0030333e+03   1.0095000e+03   1.0097333e+03   1.0078000e+03   1.0145000e+03   1.0179000e+03
  -3.8700000e+02   1.0199000e+03   1.0086000e+03   1.0145000e+03   1.0204000e+03   1.0157000e+03   1.0170000e+03   1.0191000e+03   1.0146000e+03   1.0031000e+03   1.0095000e+03   1.0098000e+03   1.0073000e+03   1.0145000e+03   1.0178000e+03
  -3.8600000e+02   1.0192000e+03   1.0084000e+03   1.0138000e+03   1.0203000e+03   1.0163000e+03   1.0172000e+03   1.0188000e+03   1.0145000e+03   1.0037333e+03   1.0089333e+03   1.0109000e+03   1.0072333e+03   1.0141000e+03   1.0178000e+03
  -3.8500000e+02   1.0185000e+03   1.0088000e+03   1.0133000e+03   1.0199000e+03   1.0165000e+03   1.0170000e+03   1.0184000e+03   1.0150000e+03   1.0043667e+03   1.0083667e+03   1.0120000e+03   1.0071666e+03   1.0133000e+03   1.0172000e+03
  -3.8400000e+02   1.0185000e+03   1.0092000e+03   1.0131000e+03   1.0194000e+03   1.0169000e+03   1.0168000e+03   1.0180000e+03   1.0157000e+03   1.0050000e+03   1.0078000e+03   1.0131000e+03   1.0071000e+03   1.0126000e+03   1.0170000e+03
  -3.8300000e+02   1.0187000e+03   1.0100000e+03   1.0134000e+03   1.0191000e+03   1.0165000e+03   1.0167000e+03   1.0183000e+03   1.0160000e+03   1.0053333e+03   1.0076667e+03   1.0124667e+03   1.0076000e+03   1.0120000e+03   1.0171000e+03
  -3.8200000e+02   1.0190000e+03   1.0106000e+03   1.0131000e+03   1.0192000e+03   1.0159000e+03   1.0159000e+03   1.0189000e+03   1.0162000e+03   1.0056667e+03   1.0075333e+03   1.0118333e+03   1.0081000e+03   1.0112000e+03   1.0173000e+03
  -3.8100000e+02   1.0194000e+03   1.0113000e+03   1.0128000e+03   1.0195000e+03   1.0149000e+03   1.0152000e+03   1.0193000e+03   1.0166000e+03   1.0060000e+03   1.0074000e+03   1.0112000e+03   1.0086000e+03   1.0111000e+03   1.0177000e+03
  -3.8000000e+02   1.0199000e+03   1.0116000e+03   1.0129000e+03   1.0195000e+03   1.0142000e+03   1.0145000e+03   1.0195000e+03   1.0165000e+03   1.0060556e+03   1.0081000e+03   1.0104000e+03   1.0090000e+03   1.0114500e+03   1.0180000e+03
  -3.7900000e+02   1.0204000e+03   1.0116000e+03   1.0135000e+03   1.0204000e+03   1.0146000e+03   1.0146000e+03   1.0199000e+03   1.0158000e+03   1.0061111e+03   1.0088000e+03   1.0096000e+03   1.0094000e+03   1.0118000e+03   1.0185000e+03
  -3.7800000e+02   1.0211000e+03   1.0115000e+03   1.0137000e+03   1.0207000e+03   1.0148000e+03   1.0145000e+03   1.0197000e+03   1.0154000e+03   1.0061667e+03   1.0095000e+03   1.0088000e+03   1.0098000e+03   1.0123000e+03   1.0189000e+03
  -3.7700000e+02   1.0217000e+03   1.0113000e+03   1.0136000e+03   1.0210000e+03   1.0151000e+03   1.0142000e+03   1.0194000e+03   1.0157000e+03   1.0062222e+03   1.0098333e+03   1.0087667e+03   1.0098333e+03   1.0130000e+03   1.0192000e+03
  -3.7600000e+02   1.0211000e+03   1.0112000e+03   1.0136000e+03   1.0213000e+03   1.0155000e+03   1.0143000e+03   1.0191000e+03   1.0148000e+03   1.0062778e+03   1.0101667e+03   1.0087333e+03   1.0098667e+03   1.0134000e+03   1.0192000e+03
  -3.7500000e+02   1.0209000e+03   1.0112000e+03   1.0135000e+03   1.0217000e+03   1.0161000e+03   1.0148000e+03   1.0187000e+03   1.0153000e+03   1.0063333e+03   1.0105000e+03   1.0087000e+03   1.0099000e+03   1.0135000e+03   1.0191000e+03
  -3.7400000e+02   1.0204000e+03   1.0112000e+03   1.0130000e+03   1.0214000e+03   1.0165000e+03   1.0157000e+03   1.0181000e+03   1.0154000e+03   1.0063889e+03   1.0103667e+03   1.0095667e+03   1.0103000e+03   1.0133000e+03   1.0187000e+03
  -3.7300000e+02   1.0199000e+03   1.0114000e+03   1.0126000e+03   1.0210000e+03   1.0167000e+03   1.0160000e+03   1.0172000e+03   1.0141000e+03   1.0064444e+03   1.0102333e+03   1.0104333e+03   1.0107000e+03   1.0131000e+03   1.0186000e+03
  -3.7200000e+02   1.0190000e+03   1.0119000e+03   1.0121000e+03   1.0204000e+03   1.0166000e+03   1.0164000e+03   1.0166000e+03   1.0140000e+03   1.0065000e+03   1.0101000e+03   1.0113000e+03   1.0111000e+03   1.0129000e+03   1.0179000e+03
  -3.7100000e+02   1.0190000e+03   1.0123000e+03   1.0118000e+03   1.0197000e+03   1.0164000e+03   1.0161000e+03   1.0164000e+03   1.0142000e+03   1.0065667e+03   1.0102000e+03   1.0114000e+03   1.0116000e+03   1.0125000e+03   1.0177000e+03
  -3.7000000e+02   1.0189000e+03   1.0126000e+03   1.0116000e+03   1.0194000e+03   1.0160000e+03   1.0159000e+03   1.0163000e+03   1.0146000e+03   1.0066333e+03   1.0103000e+03   1.0115000e+03   1.0121000e+03   1.0127000e+03   1.0179000e+03
  -3.6900000e+02   1.0194000e+03   1.0131000e+03   1.0123000e+03   1.0191000e+03   1.0154000e+03   1.0158000e+03   1.0163000e+03   1.0149000e+03   1.0067000e+03   1.0104000e+03   1.0116000e+03   1.0126000e+03   1.0130000e+03   1.0178000e+03
  -3.6800000e+02   1.0205000e+03   1.0131000e+03   1.0127000e+03   1.0186000e+03   1.0148000e+03   1.0157000e+03   1.0164000e+03   1.0149000e+03   1.0059000e+03   1.0109667e+03   1.0112666e+03   1.0124333e+03   1.0136000e+03   1.0181000e+03
  -3.6700000e+02   1.0207000e+03   1.0128000e+03   1.0131000e+03   1.0186000e+03   1.0145000e+03   1.0158000e+03   1.0169000e+03   1.0143000e+03   1.0051000e+03   1.0115333e+03   1.0109333e+03   1.0122666e+03   1.0143000e+03   1.0184000e+03
  -3.6600000e+02   1.0209000e+03   1.0126000e+03   1.0131500e+03   1.0188000e+03   1.0145000e+03   1.0160000e+03   1.0174000e+03   1.0142000e+03   1.0043000e+03   1.0121000e+03   1.0106000e+03   1.0121000e+03   1.0149000e+03   1.0185000e+03
  -3.6500000e+02   1.0207000e+03   1.0122000e+03   1.0132000e+03   1.0188000e+03   1.0145000e+03   1.0163000e+03   1.0176000e+03   1.0135000e+03   1.0044667e+03   1.0118000e+03   1.0107000e+03   1.0117666e+03   1.0155000e+03   1.0192000e+03
  -3.6400000e+02   1.0207000e+03   1.0117000e+03   1.0134000e+03   1.0191000e+03   1.0150000e+03   1.0170000e+03   1.0176000e+03   1.0134000e+03   1.0046333e+03   1.0115000e+03   1.0108000e+03   1.0114333e+03   1.0156000e+03   1.0190000e+03
  -3.6300000e+02   1.0199000e+03   1.0114000e+03   1.0131000e+03   1.0196000e+03   1.0151000e+03   1.0174000e+03   1.0172000e+03   1.0134000e+03   1.0048000e+03   1.0112000e+03   1.0109000e+03   1.0111000e+03   1.0157000e+03   1.0190000e+03
  -3.6200000e+02   1.0194000e+03   1.0113000e+03   1.0121000e+03   1.0195000e+03   1.0156000e+03   1.0175000e+03   1.0172000e+03   1.0141000e+03   1.0049867e+03   1.0103333e+03   1.0115000e+03   1.0114000e+03   1.0157000e+03   1.0188000e+03
  -3.6100000e+02   1.0185000e+03   1.0117000e+03   1.0118500e+03   1.0196000e+03   1.0158000e+03   1.0178000e+03   1.0169000e+03   1.0146000e+03   1.0051733e+03   1.0094667e+03   1.0121000e+03   1.0117000e+03   1.0149000e+03   1.0186000e+03
  -3.6000000e+02   1.0183000e+03   1.0123000e+03   1.0116000e+03   1.0189000e+03   1.0156000e+03   1.0177000e+03   1.0169000e+03   1.0148000e+03   1.0053600e+03   1.0086000e+03   1.0127000e+03   1.0120000e+03   1.0144000e+03   1.0184000e+03
  -3.5900000e+02   1.0189000e+03   1.0133000e+03   1.0119000e+03   1.0185000e+03   1.0152000e+03   1.0170000e+03   1.0168000e+03   1.0151000e+03   1.0055467e+03   1.0082000e+03   1.0126667e+03   1.0126667e+03   1.0138000e+03   1.0182000e+03
  -3.5800000e+02   1.0190000e+03   1.0134000e+03   1.0113000e+03   1.0182000e+03   1.0146000e+03   1.0170000e+03   1.0174000e+03   1.0152000e+03   1.0057333e+03   1.0078000e+03   1.0126333e+03   1.0133333e+03   1.0136000e+03   1.0180000e+03
  -3.5700000e+02   1.0194000e+03   1.0136000e+03   1.0114000e+03   1.0180000e+03   1.0139000e+03   1.0169000e+03   1.0175000e+03   1.0151000e+03   1.0059200e+03   1.0074000e+03   1.0126000e+03   1.0140000e+03   1.0135000e+03   1.0186000e+03
  -3.5600000e+02   1.0200000e+03   1.0135000e+03   1.0118000e+03   1.0184000e+03   1.0137000e+03   1.0166000e+03   1.0180000e+03   1.0151000e+03   1.0061066e+03   1.0081000e+03   1.0118333e+03   1.0141333e+03   1.0134000e+03   1.0195000e+03
  -3.5500000e+02   1.0204000e+03   1.0137000e+03   1.0121000e+03   1.0185000e+03   1.0134000e+03   1.0162000e+03   1.0182000e+03   1.0152000e+03   1.0062933e+03   1.0088000e+03   1.0110667e+03   1.0142667e+03   1.0139000e+03   1.0198000e+03
  -3.5400000e+02   1.0205000e+03   1.0137000e+03   1.0124000e+03   1.0187000e+03   1.0136000e+03   1.0160000e+03   1.0185000e+03   1.0147000e+03   1.0064800e+03   1.0095000e+03   1.0103000e+03   1.0144000e+03   1.0145000e+03   1.0200000e+03
  -3.5300000e+02   1.0207000e+03   1.0135000e+03   1.0132000e+03   1.0192000e+03   1.0142000e+03   1.0164000e+03   1.0184000e+03   1.0144000e+03   1.0066666e+03   1.0099333e+03   1.0104333e+03   1.0145000e+03   1.0151000e+03   1.0198000e+03
  -3.5200000e+02   1.0204000e+03   1.0129000e+03   1.0133000e+03   1.0191000e+03   1.0143000e+03   1.0176000e+03   1.0179000e+03   1.0138000e+03   1.0068533e+03   1.0103667e+03   1.0105667e+03   1.0146000e+03   1.0155000e+03   1.0197000e+03
  -3.5100000e+02   1.0204000e+03   1.0126000e+03   1.0131000e+03   1.0193000e+03   1.0146000e+03   1.0176000e+03   1.0174000e+03   1.0134000e+03   1.0070400e+03   1.0108000e+03   1.0107000e+03   1.0147000e+03   1.0157000e+03   1.0193000e+03
  -3.5000000e+02   1.0189000e+03   1.0129000e+03   1.0125000e+03   1.0191000e+03   1.0150000e+03   1.0183000e+03   1.0168000e+03   1.0138000e+03   1.0072266e+03   1.0106333e+03   1.0111000e+03   1.0151000e+03   1.0153000e+03   1.0188000e+03
  -3.4900000e+02   1.0173000e+03   1.0132000e+03   1.0121000e+03   1.0180000e+03   1.0155000e+03   1.0183000e+03   1.0162000e+03   1.0140000e+03   1.0074133e+03   1.0104667e+03   1.0115000e+03   1.0155000e+03   1.0151000e+03   1.0181000e+03
  -3.4800000e+02   1.0183000e+03   1.0137000e+03   1.0119000e+03   1.0175000e+03   1.0154000e+03   1.0180000e+03   1.0157000e+03   1.0146000e+03   1.0076000e+03   1.0103000e+03   1.0119000e+03   1.0159000e+03   1.0148000e+03   1.0174000e+03
  -3.4700000e+02   1.0183000e+03   1.0144000e+03   1.0117000e+03   1.0168000e+03   1.0148000e+03   1.0172000e+03   1.0154000e+03   1.0146000e+03   1.0076333e+03   1.0100000e+03   1.0119333e+03   1.0161333e+03   1.0147000e+03   1.0168000e+03
  -3.4600000e+02   1.0178000e+03   1.0145000e+03   1.0118000e+03   1.0164000e+03   1.0142000e+03   1.0171000e+03   1.0154000e+03   1.0145000e+03   1.0076667e+03   1.0097000e+03   1.0119667e+03   1.0163667e+03   1.0146000e+03   1.0165000e+03
  -3.4500000e+02   1.0178000e+03   1.0147000e+03   1.0120000e+03   1.0158000e+03   1.0138000e+03   1.0174000e+03   1.0155000e+03   1.0151000e+03   1.0077000e+03   1.0094000e+03   1.0120000e+03   1.0166000e+03   1.0155000e+03   1.0163000e+03
  -3.4400000e+02   1.0182000e+03   1.0153000e+03   1.0124000e+03   1.0160000e+03   1.0133000e+03   1.0176000e+03   1.0157000e+03   1.0154000e+03   1.0068000e+03   1.0100667e+03   1.0116000e+03   1.0165333e+03   1.0160000e+03   1.0164000e+03
  -3.4300000e+02   1.0185000e+03   1.0154000e+03   1.0129000e+03   1.0169000e+03   1.0129000e+03   1.0180000e+03   1.0159000e+03   1.0151000e+03   1.0059000e+03   1.0107334e+03   1.0112000e+03   1.0164667e+03   1.0163000e+03   1.0168000e+03
  -3.4200000e+02   1.0194000e+03   1.0149000e+03   1.0131000e+03   1.0173000e+03   1.0130000e+03   1.0186000e+03   1.0161000e+03   1.0146000e+03   1.0050000e+03   1.0114000e+03   1.0108000e+03   1.0164000e+03   1.0164000e+03   1.0173000e+03
  -3.4100000e+02   1.0189000e+03   1.0143000e+03   1.0131000e+03   1.0181000e+03   1.0131000e+03   1.0190000e+03   1.0164000e+03   1.0145000e+03   1.0048667e+03   1.0113667e+03   1.0108000e+03   1.0164667e+03   1.0165000e+03   1.0176000e+03
  -3.4000000e+02   1.0189000e+03   1.0142000e+03   1.0133000e+03   1.0182000e+03   1.0135000e+03   1.0197000e+03   1.0166000e+03   1.0142000e+03   1.0047333e+03   1.0113333e+03   1.0108000e+03   1.0165333e+03   1.0166000e+03   1.0175000e+03
  -3.3900000e+02   1.0178000e+03   1.0143000e+03   1.0129000e+03   1.0176000e+03   1.0141000e+03   1.0200000e+03   1.0165000e+03   1.0143000e+03   1.0046000e+03   1.0113000e+03   1.0108000e+03   1.0166000e+03   1.0166000e+03   1.0172000e+03
  -3.3800000e+02   1.0173000e+03   1.0157000e+03   1.0123000e+03   1.0175000e+03   1.0143000e+03   1.0201000e+03   1.0164000e+03   1.0145000e+03   1.0047083e+03   1.0104667e+03   1.0117333e+03   1.0168000e+03   1.0166000e+03   1.0168000e+03
  -3.3700000e+02   1.0168000e+03   1.0158000e+03   1.0115000e+03   1.0176000e+03   1.0142000e+03   1.0206000e+03   1.0164000e+03   1.0149000e+03   1.0048167e+03   1.0096333e+03   1.0126666e+03   1.0170000e+03   1.0162000e+03   1.0166000e+03
  -3.3600000e+02   1.0168000e+03   1.0149000e+03   1.0110000e+03   1.0173000e+03   1.0140000e+03   1.0203000e+03   1.0165000e+03   1.0155000e+03   1.0049250e+03   1.0088000e+03   1.0136000e+03   1.0172000e+03   1.0157000e+03   1.0162000e+03
  -3.3500000e+02   1.0161000e+03   1.0148000e+03   1.0112000e+03   1.0167000e+03   1.0136000e+03   1.0198000e+03   1.0166000e+03   1.0158000e+03   1.0050333e+03   1.0086000e+03   1.0135000e+03   1.0176667e+03   1.0153000e+03   1.0162000e+03
  -3.3400000e+02   1.0163000e+03   1.0150000e+03   1.0112000e+03   1.0164000e+03   1.0128000e+03   1.0192000e+03   1.0168000e+03   1.0162000e+03   1.0051417e+03   1.0084000e+03   1.0134000e+03   1.0181333e+03   1.0151000e+03   1.0162000e+03
  -3.3300000e+02   1.0165000e+03   1.0155000e+03   1.0124000e+03   1.0160000e+03   1.0123000e+03   1.0188000e+03   1.0172000e+03   1.0162000e+03   1.0052500e+03   1.0082000e+03   1.0133000e+03   1.0186000e+03   1.0151000e+03   1.0165000e+03
  -3.3200000e+02   1.0168000e+03   1.0160000e+03   1.0118000e+03   1.0158000e+03   1.0123000e+03   1.0180000e+03   1.0177000e+03   1.0162000e+03   1.0053583e+03   1.0089000e+03   1.0128500e+03   1.0187000e+03   1.0155000e+03   1.0168000e+03
  -3.3100000e+02   1.0170000e+03   1.0157000e+03   1.0129000e+03   1.0166000e+03   1.0121000e+03   1.0181000e+03   1.0180000e+03   1.0157000e+03   1.0054667e+03   1.0096000e+03   1.0124000e+03   1.0188000e+03   1.0156000e+03   1.0172000e+03
  -3.3000000e+02   1.0173000e+03   1.0158000e+03   1.0135000e+03   1.0171000e+03   1.0123000e+03   1.0180000e+03   1.0183000e+03   1.0156000e+03   1.0055750e+03   1.0103000e+03   1.0119500e+03   1.0189000e+03   1.0158000e+03   1.0174000e+03
  -3.2900000e+02   1.0175000e+03   1.0154000e+03   1.0141000e+03   1.0172000e+03   1.0128000e+03   1.0182000e+03   1.0183000e+03   1.0153000e+03   1.0056833e+03   1.0106000e+03   1.0115000e+03   1.0189000e+03   1.0165000e+03   1.0178000e+03
  -3.2800000e+02   1.0173000e+03   1.0149000e+03   1.0139000e+03   1.0175000e+03   1.0133000e+03   1.0191000e+03   1.0183000e+03   1.0145000e+03   1.0057917e+03   1.0109000e+03   1.0110500e+03   1.0189000e+03   1.0171000e+03   1.0177000e+03
  -3.2700000e+02   1.0170000e+03   1.0149000e+03   1.0140000e+03   1.0177000e+03   1.0140000e+03   1.0197000e+03   1.0178000e+03   1.0149000e+03   1.0059000e+03   1.0112000e+03   1.0106000e+03   1.0189000e+03   1.0169000e+03   1.0173000e+03
  -3.2600000e+02   1.0163000e+03   1.0148000e+03   1.0134000e+03   1.0178000e+03   1.0144000e+03   1.0199000e+03   1.0174000e+03   1.0146000e+03   1.0063000e+03   1.0108333e+03   1.0110000e+03   1.0190667e+03   1.0163000e+03   1.0170000e+03
  -3.2500000e+02   1.0160000e+03   1.0148000e+03   1.0135000e+03   1.0172000e+03   1.0151000e+03   1.0199000e+03   1.0166000e+03   1.0150000e+03   1.0067000e+03   1.0104667e+03   1.0114000e+03   1.0192334e+03   1.0162000e+03   1.0166000e+03
  -3.2400000e+02   1.0153000e+03   1.0156000e+03   1.0126000e+03   1.0169000e+03   1.0149000e+03   1.0199000e+03   1.0162000e+03   1.0149000e+03   1.0071000e+03   1.0101000e+03   1.0118000e+03   1.0194000e+03   1.0162000e+03   1.0161000e+03
  -3.2300000e+02   1.0151000e+03   1.0163000e+03   1.0128000e+03   1.0165000e+03   1.0147000e+03   1.0189000e+03   1.0158000e+03   1.0151000e+03   1.0070667e+03   1.0100333e+03   1.0117000e+03   1.0195000e+03   1.0161000e+03   1.0151000e+03
  -3.2200000e+02   1.0156000e+03   1.0167000e+03   1.0128000e+03   1.0163000e+03   1.0141000e+03   1.0183000e+03   1.0164000e+03   1.0156000e+03   1.0070333e+03   1.0099667e+03   1.0116000e+03   1.0196000e+03   1.0159000e+03   1.0150000e+03
  -3.2100000e+02   1.0158000e+03   1.0171000e+03   1.0132000e+03   1.0158000e+03   1.0133000e+03   1.0185000e+03   1.0167000e+03   1.0161000e+03   1.0070000e+03   1.0099000e+03   1.0115000e+03   1.0197000e+03   1.0157000e+03   1.0149000e+03
  -3.2000000e+02   1.0163000e+03   1.0171000e+03   1.0137000e+03   1.0162000e+03   1.0124000e+03   1.0184000e+03   1.0166000e+03   1.0163000e+03   1.0062333e+03   1.0105333e+03   1.0112333e+03   1.0196000e+03   1.0160000e+03   1.0152000e+03
  -3.1900000e+02   1.0170000e+03   1.0167000e+03   1.0142000e+03   1.0159000e+03   1.0123000e+03   1.0183000e+03   1.0171000e+03   1.0163000e+03   1.0054667e+03   1.0111667e+03   1.0109667e+03   1.0195000e+03   1.0164000e+03   1.0152000e+03
  -3.1800000e+02   1.0170000e+03   1.0164000e+03   1.0140000e+03   1.0163000e+03   1.0121000e+03   1.0184000e+03   1.0172000e+03   1.0159000e+03   1.0047000e+03   1.0118000e+03   1.0107000e+03   1.0194000e+03   1.0167000e+03   1.0159000e+03
  -3.1700000e+02   1.0170000e+03   1.0159000e+03   1.0144000e+03   1.0167000e+03   1.0122000e+03   1.0187000e+03   1.0176000e+03   1.0155000e+03   1.0048333e+03   1.0116000e+03   1.0110667e+03   1.0191667e+03   1.0168000e+03   1.0164000e+03
  -3.1600000e+02   1.0163000e+03   1.0162000e+03   1.0144000e+03   1.0173000e+03   1.0129000e+03   1.0191000e+03   1.0178000e+03   1.0152000e+03   1.0049667e+03   1.0114000e+03   1.0114333e+03   1.0189333e+03   1.0173000e+03   1.0169000e+03
  -3.1500000e+02   1.0156000e+03   1.0154000e+03   1.0144000e+03   1.0175000e+03   1.0137000e+03   1.0197000e+03   1.0180000e+03   1.0149000e+03   1.0051000e+03   1.0112000e+03   1.0118000e+03   1.0187000e+03   1.0175000e+03   1.0165000e+03
  -3.1400000e+02   1.0153000e+03   1.0147000e+03   1.0140000e+03   1.0179000e+03   1.0144000e+03   1.0199000e+03   1.0183000e+03   1.0151000e+03   1.0058667e+03   1.0102333e+03   1.0124667e+03   1.0188333e+03   1.0170000e+03   1.0160000e+03
  -3.1300000e+02   1.0150000e+03   1.0151000e+03   1.0139000e+03   1.0172000e+03   1.0146000e+03   1.0200000e+03   1.0183000e+03   1.0155000e+03   1.0066333e+03   1.0092667e+03   1.0131333e+03   1.0189667e+03   1.0163000e+03   1.0156000e+03
  -3.1200000e+02   1.0150000e+03   1.0162000e+03   1.0131000e+03   1.0163000e+03   1.0141000e+03   1.0198000e+03   1.0183000e+03   1.0160000e+03   1.0074000e+03   1.0083000e+03   1.0138000e+03   1.0191000e+03   1.0155000e+03   1.0154000e+03
  -3.1100000e+02   1.0153000e+03   1.0156000e+03   1.0134000e+03   1.0156000e+03   1.0139000e+03   1.0194000e+03   1.0182000e+03   1.0164000e+03   1.0072500e+03   1.0082333e+03   1.0134000e+03   1.0196000e+03   1.0147000e+03   1.0157000e+03
  -3.1000000e+02   1.0155000e+03   1.0163000e+03   1.0138500e+03   1.0156000e+03   1.0132000e+03   1.0188000e+03   1.0185000e+03   1.0170000e+03   1.0071000e+03   1.0081666e+03   1.0130000e+03   1.0201000e+03   1.0140000e+03   1.0158000e+03
  -3.0900000e+02   1.0160000e+03   1.0169000e+03   1.0143000e+03   1.0155000e+03   1.0129000e+03   1.0183000e+03   1.0192000e+03   1.0169000e+03   1.0069500e+03   1.0081000e+03   1.0126000e+03   1.0206000e+03   1.0136000e+03   1.0159000e+03
  -3.0800000e+02   1.0165000e+03   1.0175000e+03   1.0147000e+03   1.0155000e+03   1.0126000e+03   1.0172000e+03   1.0197000e+03   1.0171000e+03   1.0068000e+03   1.0086666e+03   1.0119833e+03   1.0204667e+03   1.0136000e+03   1.0164000e+03
  -3.0700000e+02   1.0172000e+03   1.0174000e+03   1.0153000e+03   1.0158000e+03   1.0123000e+03   1.0168000e+03   1.0202000e+03   1.0169000e+03   1.0066500e+03   1.0092333e+03   1.0113667e+03   1.0203333e+03   1.0139000e+03   1.0169000e+03
  -3.0600000e+02   1.0173000e+03   1.0168000e+03   1.0158000e+03   1.0166000e+03   1.0123000e+03   1.0166000e+03   1.0204000e+03   1.0167000e+03   1.0065000e+03   1.0098000e+03   1.0107500e+03   1.0202000e+03   1.0148000e+03   1.0170000e+03
  -3.0500000e+02   1.0173000e+03   1.0157000e+03   1.0165000e+03   1.0170000e+03   1.0128000e+03   1.0167000e+03   1.0205000e+03   1.0161000e+03   1.0066833e+03   1.0101333e+03   1.0101333e+03   1.0200000e+03   1.0152000e+03   1.0173000e+03
  -3.0400000e+02   1.0175000e+03   1.0149000e+03   1.0160000e+03   1.0172000e+03   1.0134000e+03   1.0173000e+03   1.0205000e+03   1.0156000e+03   1.0068667e+03   1.0104667e+03   1.0095167e+03   1.0198000e+03   1.0152000e+03   1.0175000e+03
  -3.0300000e+02   1.0172000e+03   1.0144000e+03   1.0157000e+03   1.0173000e+03   1.0138000e+03   1.0178000e+03   1.0200000e+03   1.0150000e+03   1.0070500e+03   1.0108000e+03   1.0089000e+03   1.0196000e+03   1.0150000e+03   1.0170000e+03
  -3.0200000e+02   1.0165000e+03   1.0141000e+03   1.0160000e+03   1.0169000e+03   1.0144000e+03   1.0182000e+03   1.0198000e+03   1.0148000e+03   1.0072333e+03   1.0105667e+03   1.0094333e+03   1.0197333e+03   1.0147000e+03   1.0165000e+03
  -3.0100000e+02   1.0165000e+03   1.0142000e+03   1.0156000e+03   1.0170000e+03   1.0149000e+03   1.0181000e+03   1.0192000e+03   1.0157000e+03   1.0074166e+03   1.0103333e+03   1.0099667e+03   1.0198667e+03   1.0146000e+03   1.0164000e+03
  -3.0000000e+02   1.0161000e+03   1.0143000e+03   1.0151000e+03   1.0164000e+03   1.0151000e+03   1.0179000e+03   1.0186000e+03   1.0160000e+03   1.0076000e+03   1.0101000e+03   1.0105000e+03   1.0200000e+03   1.0141000e+03   1.0164000e+03
  -2.9900000e+02   1.0163000e+03   1.0151000e+03   1.0152000e+03   1.0155000e+03   1.0146000e+03   1.0173000e+03   1.0180000e+03   1.0165000e+03   1.0077666e+03   1.0100333e+03   1.0105667e+03   1.0200333e+03   1.0141000e+03   1.0160000e+03
  -2.9800000e+02   1.0163000e+03   1.0155000e+03   1.0154000e+03   1.0155000e+03   1.0136000e+03   1.0166000e+03   1.0181000e+03   1.0168000e+03   1.0079333e+03   1.0099667e+03   1.0106333e+03   1.0200667e+03   1.0139000e+03   1.0160000e+03
  -2.9700000e+02   1.0163000e+03   1.0156000e+03   1.0157000e+03   1.0150000e+03   1.0132000e+03   1.0161000e+03   1.0183000e+03   1.0167000e+03   1.0081000e+03   1.0099000e+03   1.0107000e+03   1.0201000e+03   1.0137000e+03   1.0157000e+03
  -2.9600000e+02   1.0168000e+03   1.0154000e+03   1.0161000e+03   1.0146000e+03   1.0125000e+03   1.0158000e+03   1.0183000e+03   1.0165000e+03   1.0070333e+03   1.0102667e+03   1.0105333e+03   1.0199000e+03   1.0138000e+03   1.0160000e+03
  -2.9500000e+02   1.0178000e+03   1.0152000e+03   1.0166000e+03   1.0153000e+03   1.0120000e+03   1.0160000e+03   1.0184000e+03   1.0163000e+03   1.0059667e+03   1.0106333e+03   1.0103667e+03   1.0197000e+03   1.0143000e+03   1.0162000e+03
  -2.9400000e+02   1.0180000e+03   1.0150000e+03   1.0170000e+03   1.0158000e+03   1.0118000e+03   1.0163000e+03   1.0190000e+03   1.0157000e+03   1.0049000e+03   1.0110000e+03   1.0102000e+03   1.0195000e+03   1.0148000e+03   1.0166000e+03
  -2.9300000e+02   1.0183000e+03   1.0146000e+03   1.0172000e+03   1.0165000e+03   1.0117000e+03   1.0165000e+03   1.0191000e+03   1.0150000e+03   1.0047000e+03   1.0109667e+03   1.0103667e+03   1.0189333e+03   1.0154000e+03   1.0168000e+03
  -2.9200000e+02   1.0173000e+03   1.0140000e+03   1.0178000e+03   1.0167000e+03   1.0126000e+03   1.0164000e+03   1.0193000e+03   1.0148000e+03   1.0045000e+03   1.0109333e+03   1.0105333e+03   1.0183667e+03   1.0158000e+03   1.0166000e+03
  -2.9100000e+02   1.0170000e+03   1.0132000e+03   1.0168000e+03   1.0170000e+03   1.0129500e+03   1.0167000e+03   1.0192000e+03   1.0147000e+03   1.0043000e+03   1.0109000e+03   1.0107000e+03   1.0178000e+03   1.0155000e+03   1.0165000e+03
  -2.9000000e+02   1.0168000e+03   1.0127000e+03   1.0168000e+03   1.0171000e+03   1.0133000e+03   1.0169000e+03   1.0196000e+03   1.0148000e+03   1.0057000e+03   1.0100000e+03   1.0108667e+03   1.0175667e+03   1.0154000e+03   1.0160000e+03
  -2.8900000e+02   1.0168000e+03   1.0126000e+03   1.0171000e+03   1.0168000e+03   1.0136000e+03   1.0174000e+03   1.0196000e+03   1.0153000e+03   1.0071000e+03   1.0091000e+03   1.0110333e+03   1.0173333e+03   1.0147000e+03   1.0155000e+03
  -2.8800000e+02   1.0168000e+03   1.0127000e+03   1.0172000e+03   1.0164000e+03   1.0134000e+03   1.0168000e+03   1.0196000e+03   1.0155000e+03   1.0085000e+03   1.0082000e+03   1.0112000e+03   1.0171000e+03   1.0143000e+03   1.0154000e+03
  -2.8700000e+02   1.0168000e+03   1.0125000e+03   1.0173000e+03   1.0160000e+03   1.0136000e+03   1.0162000e+03   1.0192000e+03   1.0160000e+03   1.0087333e+03   1.0080000e+03   1.0113667e+03   1.0172666e+03   1.0138000e+03   1.0156000e+03
  -2.8600000e+02   1.0170000e+03   1.0135000e+03   1.0165000e+03   1.0157000e+03   1.0131000e+03   1.0156000e+03   1.0192000e+03   1.0165000e+03   1.0089667e+03   1.0078000e+03   1.0115333e+03   1.0174333e+03   1.0139000e+03   1.0159000e+03
  -2.8500000e+02   1.0177000e+03   1.0139000e+03   1.0169000e+03   1.0153000e+03   1.0128000e+03   1.0154000e+03   1.0194000e+03   1.0168000e+03   1.0092000e+03   1.0076000e+03   1.0117000e+03   1.0176000e+03   1.0143000e+03   1.0164000e+03
  -2.8400000e+02   1.0178000e+03   1.0140000e+03   1.0168000e+03   1.0157000e+03   1.0123000e+03   1.0145000e+03   1.0198000e+03   1.0166000e+03   1.0091556e+03   1.0088667e+03   1.0108333e+03   1.0174000e+03   1.0148000e+03   1.0169000e+03
  -2.8300000e+02   1.0182000e+03   1.0138000e+03   1.0163000e+03   1.0164000e+03   1.0120000e+03   1.0144000e+03   1.0202000e+03   1.0164000e+03   1.0091111e+03   1.0101333e+03   1.0099667e+03   1.0172000e+03   1.0151000e+03   1.0172000e+03
  -2.8200000e+02   1.0187000e+03   1.0133000e+03   1.0168000e+03   1.0168000e+03   1.0118000e+03   1.0142000e+03   1.0204000e+03   1.0161000e+03   1.0090667e+03   1.0114000e+03   1.0091000e+03   1.0170000e+03   1.0153000e+03   1.0174000e+03
  -2.8100000e+02   1.0189000e+03   1.0128000e+03   1.0157000e+03   1.0173000e+03   1.0126000e+03   1.0143000e+03   1.0206000e+03   1.0157000e+03   1.0090222e+03   1.0116000e+03   1.0090000e+03   1.0166667e+03   1.0157000e+03   1.0176000e+03
  -2.8000000e+02   1.0189000e+03   1.0121000e+03   1.0158000e+03   1.0177000e+03   1.0129000e+03   1.0144000e+03   1.0202000e+03   1.0142000e+03   1.0089778e+03   1.0118000e+03   1.0089000e+03   1.0163333e+03   1.0160000e+03   1.0176000e+03
  -2.7900000e+02   1.0183000e+03   1.0120000e+03   1.0159000e+03   1.0180000e+03   1.0133000e+03   1.0151000e+03   1.0194000e+03   1.0143000e+03   1.0089333e+03   1.0120000e+03   1.0088000e+03   1.0160000e+03   1.0162000e+03   1.0175000e+03
  -2.7800000e+02   1.0183000e+03   1.0121000e+03   1.0161000e+03   1.0176000e+03   1.0140000e+03   1.0155000e+03   1.0186000e+03   1.0146000e+03   1.0088889e+03   1.0117000e+03   1.0093333e+03   1.0159000e+03   1.0159000e+03   1.0170000e+03
  -2.7700000e+02   1.0177000e+03   1.0123000e+03   1.0150000e+03   1.0171000e+03   1.0142000e+03   1.0155000e+03   1.0180000e+03   1.0145000e+03   1.0088444e+03   1.0114000e+03   1.0098667e+03   1.0158000e+03   1.0152000e+03   1.0162000e+03
  -2.7600000e+02   1.0173000e+03   1.0125000e+03   1.0146000e+03   1.0167000e+03   1.0138000e+03   1.0150000e+03   1.0174000e+03   1.0150000e+03   1.0088000e+03   1.0111000e+03   1.0104000e+03   1.0157000e+03   1.0149000e+03   1.0152000e+03
  -2.7500000e+02   1.0178000e+03   1.0130000e+03   1.0146000e+03   1.0167000e+03   1.0139000e+03   1.0150000e+03   1.0169000e+03   1.0155000e+03   1.0084667e+03   1.0106666e+03   1.0106333e+03   1.0157667e+03   1.0146000e+03   1.0147000e+03
  -2.7400000e+02   1.0182000e+03   1.0134000e+03   1.0144000e+03   1.0166000e+03   1.0136000e+03   1.0150000e+03   1.0170000e+03   1.0157000e+03   1.0081333e+03   1.0102333e+03   1.0108667e+03   1.0158334e+03   1.0143000e+03   1.0149000e+03
  -2.7300000e+02   1.0183000e+03   1.0138000e+03   1.0140000e+03   1.0166000e+03   1.0130000e+03   1.0151000e+03   1.0169000e+03   1.0156000e+03   1.0078000e+03   1.0098000e+03   1.0111000e+03   1.0159000e+03   1.0144000e+03   1.0149000e+03
  -2.7200000e+02   1.0189000e+03   1.0137000e+03   1.0143000e+03   1.0165500e+03   1.0122000e+03   1.0152000e+03   1.0173000e+03   1.0154000e+03   1.0074667e+03   1.0102667e+03   1.0108000e+03   1.0156000e+03   1.0147000e+03   1.0147000e+03
  -2.7100000e+02   1.0195000e+03   1.0136000e+03   1.0146000e+03   1.0165000e+03   1.0122000e+03   1.0150000e+03   1.0177000e+03   1.0153000e+03   1.0071333e+03   1.0107333e+03   1.0105000e+03   1.0153000e+03   1.0150000e+03   1.0148000e+03
  -2.7000000e+02   1.0199000e+03   1.0130000e+03   1.0146000e+03   1.0167000e+03   1.0123000e+03   1.0153000e+03   1.0182000e+03   1.0150000e+03   1.0068000e+03   1.0112000e+03   1.0102000e+03   1.0150000e+03   1.0155000e+03   1.0151000e+03
  -2.6900000e+02   1.0204000e+03   1.0126000e+03   1.0148500e+03   1.0169000e+03   1.0124000e+03   1.0155000e+03   1.0182000e+03   1.0141000e+03   1.0065667e+03   1.0110667e+03   1.0104000e+03   1.0144000e+03   1.0161000e+03   1.0152000e+03
  -2.6800000e+02   1.0200000e+03   1.0121000e+03   1.0151000e+03   1.0174000e+03   1.0128000e+03   1.0161000e+03   1.0177000e+03   1.0139000e+03   1.0063333e+03   1.0109333e+03   1.0106000e+03   1.0138000e+03   1.0167000e+03   1.0149000e+03
  -2.6700000e+02   1.0194000e+03   1.0112000e+03   1.0148000e+03   1.0178000e+03   1.0129000e+03   1.0164000e+03   1.0174000e+03   1.0136000e+03   1.0061000e+03   1.0108000e+03   1.0108000e+03   1.0132000e+03   1.0165000e+03   1.0145000e+03
  -2.6600000e+02   1.0189000e+03   1.0107000e+03   1.0146000e+03   1.0177000e+03   1.0134000e+03   1.0167000e+03   1.0171000e+03   1.0136000e+03   1.0067333e+03   1.0108000e+03   1.0113333e+03   1.0132000e+03   1.0162000e+03   1.0141000e+03
  -2.6500000e+02   1.0187000e+03   1.0106000e+03   1.0135000e+03   1.0174000e+03   1.0135000e+03   1.0168000e+03   1.0169000e+03   1.0138000e+03   1.0073667e+03   1.0108000e+03   1.0118667e+03   1.0132000e+03   1.0155000e+03   1.0138000e+03
  -2.6400000e+02   1.0185000e+03   1.0108000e+03   1.0127000e+03   1.0169000e+03   1.0138000e+03   1.0165000e+03   1.0167000e+03   1.0146000e+03   1.0080000e+03   1.0108000e+03   1.0124000e+03   1.0132000e+03   1.0155000e+03   1.0136000e+03
  -2.6300000e+02   1.0187000e+03   1.0111000e+03   1.0125000e+03   1.0164000e+03   1.0139000e+03   1.0162000e+03   1.0166000e+03   1.0151000e+03   1.0083000e+03   1.0100000e+03   1.0119333e+03   1.0135333e+03   1.0150000e+03   1.0134000e+03
  -2.6200000e+02   1.0189000e+03   1.0115000e+03   1.0127000e+03   1.0163000e+03   1.0138000e+03   1.0159000e+03   1.0165000e+03   1.0152000e+03   1.0086000e+03   1.0092000e+03   1.0114667e+03   1.0138667e+03   1.0145000e+03   1.0136000e+03
  -2.6100000e+02   1.0190000e+03   1.0124000e+03   1.0128000e+03   1.0166000e+03   1.0135000e+03   1.0155000e+03   1.0167000e+03   1.0156000e+03   1.0089000e+03   1.0084000e+03   1.0110000e+03   1.0142000e+03   1.0143000e+03   1.0141000e+03
  -2.6000000e+02   1.0194000e+03   1.0127000e+03   1.0128000e+03   1.0166000e+03   1.0134000e+03   1.0153000e+03   1.0174000e+03   1.0160000e+03   1.0086667e+03   1.0089000e+03   1.0102667e+03   1.0138000e+03   1.0145000e+03   1.0148000e+03
  -2.5900000e+02   1.0195000e+03   1.0126000e+03   1.0136000e+03   1.0170000e+03   1.0132000e+03   1.0150000e+03   1.0176000e+03   1.0156000e+03   1.0084333e+03   1.0094000e+03   1.0095333e+03   1.0134000e+03   1.0148000e+03   1.0148000e+03
  -2.5800000e+02   1.0200000e+03   1.0124000e+03   1.0141000e+03   1.0177000e+03   1.0133000e+03   1.0148000e+03   1.0177000e+03   1.0151000e+03   1.0082000e+03   1.0099000e+03   1.0088000e+03   1.0130000e+03   1.0151000e+03   1.0149000e+03
  -2.5700000e+02   1.0204000e+03   1.0118000e+03   1.0143000e+03   1.0178000e+03   1.0134000e+03   1.0149000e+03   1.0178000e+03   1.0147000e+03   1.0080333e+03   1.0100667e+03   1.0088000e+03   1.0126333e+03   1.0160000e+03   1.0148000e+03
  -2.5600000e+02   1.0197000e+03   1.0117000e+03   1.0142000e+03   1.0179000e+03   1.0137000e+03   1.0154000e+03   1.0174000e+03   1.0146000e+03   1.0078667e+03   1.0102334e+03   1.0088000e+03   1.0122667e+03   1.0163500e+03   1.0143000e+03
  -2.5500000e+02   1.0195000e+03   1.0114000e+03   1.0133000e+03   1.0183000e+03   1.0144000e+03   1.0157000e+03   1.0168000e+03   1.0144000e+03   1.0077000e+03   1.0104000e+03   1.0088000e+03   1.0119000e+03   1.0167000e+03   1.0139000e+03
  -2.5400000e+02   1.0187000e+03   1.0114000e+03   1.0128000e+03   1.0184000e+03   1.0151000e+03   1.0160000e+03   1.0161000e+03   1.0147000e+03   1.0085000e+03   1.0099667e+03   1.0092000e+03   1.0121333e+03   1.0162000e+03   1.0130000e+03
  -2.5300000e+02   1.0180000e+03   1.0114000e+03   1.0129000e+03   1.0179000e+03   1.0154000e+03   1.0163000e+03   1.0154000e+03   1.0149000e+03   1.0093000e+03   1.0095333e+03   1.0096000e+03   1.0123667e+03   1.0160000e+03   1.0121000e+03
  -2.5200000e+02   1.0178000e+03   1.0120000e+03   1.0127000e+03   1.0174000e+03   1.0156000e+03   1.0162000e+03   1.0150000e+03   1.0149000e+03   1.0101000e+03   1.0091000e+03   1.0100000e+03   1.0126000e+03   1.0156000e+03   1.0110000e+03
  -2.5100000e+02   1.0177000e+03   1.0128000e+03   1.0128000e+03   1.0175000e+03   1.0154000e+03   1.0163000e+03   1.0152000e+03   1.0155000e+03   1.0103000e+03   1.0091000e+03   1.0101667e+03   1.0128667e+03   1.0156000e+03   1.0107000e+03
  -2.5000000e+02   1.0183000e+03   1.0135000e+03   1.0129000e+03   1.0176000e+03   1.0149000e+03   1.0162000e+03   1.0151000e+03   1.0153000e+03   1.0105000e+03   1.0091000e+03   1.0103333e+03   1.0131333e+03   1.0154000e+03   1.0103000e+03
  -2.4900000e+02   1.0183000e+03   1.0138000e+03   1.0133000e+03   1.0175000e+03   1.0144000e+03   1.0158000e+03   1.0150000e+03   1.0153000e+03   1.0107000e+03   1.0091000e+03   1.0105000e+03   1.0134000e+03   1.0154000e+03   1.0104000e+03
  -2.4800000e+02   1.0189000e+03   1.0140000e+03   1.0139000e+03   1.0170000e+03   1.0138000e+03   1.0156000e+03   1.0150000e+03   1.0152000e+03   1.0098000e+03   1.0094667e+03   1.0104333e+03   1.0130333e+03   1.0158000e+03   1.0105000e+03
  -2.4700000e+02   1.0199000e+03   1.0139000e+03   1.0139500e+03   1.0166000e+03   1.0140000e+03   1.0161000e+03   1.0152000e+03   1.0149000e+03   1.0089000e+03   1.0098333e+03   1.0103667e+03   1.0126667e+03   1.0162000e+03   1.0108000e+03
  -2.4600000e+02   1.0204000e+03   1.0135000e+03   1.0140000e+03   1.0173000e+03   1.0139000e+03   1.0168000e+03   1.0153000e+03   1.0145000e+03   1.0080000e+03   1.0102000e+03   1.0103000e+03   1.0123000e+03   1.0163000e+03   1.0108000e+03
  -2.4500000e+02   1.0204000e+03   1.0131000e+03   1.0145000e+03   1.0180000e+03   1.0144000e+03   1.0175000e+03   1.0156000e+03   1.0146000e+03   1.0081333e+03   1.0099000e+03   1.0102667e+03   1.0120000e+03   1.0168000e+03   1.0106000e+03
  -2.4400000e+02   1.0204000e+03   1.0126000e+03   1.0143000e+03   1.0190000e+03   1.0144000e+03   1.0180000e+03   1.0156000e+03   1.0150000e+03   1.0082667e+03   1.0096000e+03   1.0102333e+03   1.0117000e+03   1.0167000e+03   1.0103000e+03
  -2.4300000e+02   1.0195000e+03   1.0120000e+03   1.0139000e+03   1.0193000e+03   1.0147000e+03   1.0187000e+03   1.0156000e+03   1.0145000e+03   1.0084000e+03   1.0093000e+03   1.0102000e+03   1.0114000e+03   1.0168000e+03   1.0101000e+03
  -2.4200000e+02   1.0190000e+03   1.0116000e+03   1.0146000e+03   1.0189000e+03   1.0155000e+03   1.0190000e+03   1.0152000e+03   1.0138000e+03   1.0089667e+03   1.0084000e+03   1.0108667e+03   1.0115000e+03   1.0165000e+03   1.0094000e+03
  -2.4100000e+02   1.0183000e+03   1.0115000e+03   1.0139500e+03   1.0182000e+03   1.0158000e+03   1.0191000e+03   1.0154000e+03   1.0143000e+03   1.0095333e+03   1.0075000e+03   1.0115333e+03   1.0116000e+03   1.0159000e+03   1.0088000e+03
  -2.4000000e+02   1.0183000e+03   1.0115000e+03   1.0133000e+03   1.0179000e+03   1.0158000e+03   1.0190000e+03   1.0154000e+03   1.0149000e+03   1.0101000e+03   1.0066000e+03   1.0122000e+03   1.0117000e+03   1.0151000e+03   1.0085000e+03
  -2.3900000e+02   1.0189000e+03   1.0118000e+03   1.0131000e+03   1.0174000e+03   1.0156000e+03   1.0186000e+03   1.0155000e+03   1.0156000e+03   1.0101500e+03   1.0065000e+03   1.0117667e+03   1.0122333e+03   1.0145000e+03   1.0083000e+03
  -2.3800000e+02   1.0189000e+03   1.0124000e+03   1.0135000e+03   1.0172000e+03   1.0152000e+03   1.0183000e+03   1.0156000e+03   1.0163500e+03   1.0102000e+03   1.0064000e+03   1.0113334e+03   1.0127667e+03   1.0142000e+03   1.0080000e+03
  -2.3700000e+02   1.0190000e+03   1.0135000e+03   1.0136000e+03   1.0170000e+03   1.0146000e+03   1.0179000e+03   1.0161000e+03   1.0171000e+03   1.0102500e+03   1.0063000e+03   1.0109000e+03   1.0133000e+03   1.0142000e+03   1.0082000e+03
  -2.3600000e+02   1.0195000e+03   1.0140000e+03   1.0137000e+03   1.0177000e+03   1.0144000e+03   1.0171000e+03   1.0164000e+03   1.0174000e+03   1.0103000e+03   1.0068000e+03   1.0101333e+03   1.0134000e+03   1.0146000e+03   1.0080000e+03
  -2.3500000e+02   1.0197000e+03   1.0144000e+03   1.0141500e+03   1.0181000e+03   1.0142000e+03   1.0169000e+03   1.0169000e+03   1.0169000e+03   1.0103500e+03   1.0073000e+03   1.0093667e+03   1.0135000e+03   1.0150000e+03   1.0080000e+03
  -2.3400000e+02   1.0204000e+03   1.0145000e+03   1.0146000e+03   1.0189000e+03   1.0143000e+03   1.0167000e+03   1.0169000e+03   1.0162000e+03   1.0104000e+03   1.0078000e+03   1.0086000e+03   1.0136000e+03   1.0157000e+03   1.0078000e+03
  -2.3300000e+02   1.0202000e+03   1.0142000e+03   1.0148000e+03   1.0195000e+03   1.0145000e+03   1.0166000e+03   1.0172000e+03   1.0159000e+03   1.0102667e+03   1.0080333e+03   1.0085000e+03   1.0135000e+03   1.0163000e+03   1.0075000e+03
  -2.3200000e+02   1.0197000e+03   1.0140000e+03   1.0147000e+03   1.0193000e+03   1.0150000e+03   1.0171000e+03   1.0168000e+03   1.0156000e+03   1.0101333e+03   1.0082667e+03   1.0084000e+03   1.0134000e+03   1.0165000e+03   1.0070000e+03
  -2.3100000e+02   1.0190000e+03   1.0138000e+03   1.0145000e+03   1.0193000e+03   1.0156000e+03   1.0175000e+03   1.0162000e+03   1.0157000e+03   1.0100000e+03   1.0085000e+03   1.0083000e+03   1.0133000e+03   1.0164000e+03   1.0067000e+03
  -2.3000000e+02   1.0183000e+03   1.0137000e+03   1.0140000e+03   1.0191000e+03   1.0161000e+03   1.0182000e+03   1.0156000e+03   1.0155000e+03   1.0103667e+03   1.0081333e+03   1.0088667e+03   1.0135667e+03   1.0162000e+03   1.0060000e+03
  -2.2900000e+02   1.0180000e+03   1.0141000e+03   1.0131000e+03   1.0184000e+03   1.0164000e+03   1.0181000e+03   1.0150000e+03   1.0161000e+03   1.0107333e+03   1.0077667e+03   1.0094333e+03   1.0138333e+03   1.0157000e+03   1.0053000e+03
  -2.2800000e+02   1.0178000e+03   1.0143000e+03   1.0128000e+03   1.0180000e+03   1.0166000e+03   1.0181000e+03   1.0144000e+03   1.0165000e+03   1.0111000e+03   1.0074000e+03   1.0100000e+03   1.0141000e+03   1.0155000e+03   1.0050000e+03
  -2.2700000e+02   1.0180000e+03   1.0148000e+03   1.0129000e+03   1.0175000e+03   1.0162000e+03   1.0179000e+03   1.0146000e+03   1.0168000e+03   1.0111333e+03   1.0073000e+03   1.0100667e+03   1.0143000e+03   1.0152000e+03   1.0046000e+03
  -2.2600000e+02   1.0178000e+03   1.0152000e+03   1.0134000e+03   1.0168000e+03   1.0156000e+03   1.0176000e+03   1.0147000e+03   1.0175000e+03   1.0111667e+03   1.0072000e+03   1.0101333e+03   1.0145000e+03   1.0149000e+03   1.0044000e+03
  -2.2500000e+02   1.0182000e+03   1.0154000e+03   1.0140000e+03   1.0165000e+03   1.0148000e+03   1.0175000e+03   1.0148000e+03   1.0180000e+03   1.0112000e+03   1.0071000e+03   1.0102000e+03   1.0147000e+03   1.0148000e+03   1.0045000e+03
  -2.2400000e+02   1.0190000e+03   1.0159000e+03   1.0146000e+03   1.0167000e+03   1.0142000e+03   1.0180000e+03   1.0147000e+03   1.0176000e+03   1.0106000e+03   1.0075667e+03   1.0098000e+03   1.0143667e+03   1.0151000e+03   1.0044000e+03
  -2.2300000e+02   1.0194000e+03   1.0159000e+03   1.0151000e+03   1.0173000e+03   1.0140000e+03   1.0184000e+03   1.0150000e+03   1.0174000e+03   1.0100000e+03   1.0080333e+03   1.0094000e+03   1.0140333e+03   1.0152000e+03   1.0044000e+03
  -2.2200000e+02   1.0199000e+03   1.0155000e+03   1.0152000e+03   1.0179000e+03   1.0140000e+03   1.0190000e+03   1.0155000e+03   1.0168000e+03   1.0094000e+03   1.0085000e+03   1.0090000e+03   1.0137000e+03   1.0161000e+03   1.0047000e+03
  -2.2100000e+02   1.0204000e+03   1.0149000e+03   1.0151000e+03   1.0186000e+03   1.0139000e+03   1.0199000e+03   1.0160000e+03   1.0169000e+03   1.0095667e+03   1.0083667e+03   1.0090333e+03   1.0133667e+03   1.0161000e+03   1.0048000e+03
  -2.2000000e+02   1.0199000e+03   1.0143000e+03   1.0150000e+03   1.0190000e+03   1.0143000e+03   1.0204000e+03   1.0163000e+03   1.0164000e+03   1.0097334e+03   1.0082333e+03   1.0090667e+03   1.0130333e+03   1.0159000e+03   1.0046000e+03
  -2.1900000e+02   1.0194000e+03   1.0136000e+03   1.0148000e+03   1.0190000e+03   1.0147000e+03   1.0209000e+03   1.0162000e+03   1.0166000e+03   1.0099000e+03   1.0081000e+03   1.0091000e+03   1.0127000e+03   1.0158000e+03   1.0042000e+03
  -2.1800000e+02   1.0190000e+03   1.0134000e+03   1.0143000e+03   1.0192000e+03   1.0152000e+03   1.0209000e+03   1.0161000e+03   1.0164000e+03   1.0102000e+03   1.0072333e+03   1.0096666e+03   1.0129000e+03   1.0154000e+03   1.0039000e+03
  -2.1700000e+02   1.0185000e+03   1.0132000e+03   1.0139000e+03   1.0191000e+03   1.0154000e+03   1.0209000e+03   1.0161000e+03   1.0174000e+03   1.0105000e+03   1.0063667e+03   1.0102333e+03   1.0131000e+03   1.0147000e+03   1.0039000e+03
  -2.1600000e+02   1.0170000e+03   1.0131000e+03   1.0139000e+03   1.0189000e+03   1.0153000e+03   1.0204000e+03   1.0161000e+03   1.0179000e+03   1.0108000e+03   1.0055000e+03   1.0108000e+03   1.0133000e+03   1.0142000e+03   1.0033000e+03
  -2.1500000e+02   1.0168000e+03   1.0138000e+03   1.0141500e+03   1.0181000e+03   1.0149000e+03   1.0197000e+03   1.0160000e+03   1.0186000e+03   1.0107222e+03   1.0052000e+03   1.0107000e+03   1.0136667e+03   1.0129000e+03   1.0034000e+03
  -2.1400000e+02   1.0178000e+03   1.0145000e+03   1.0144000e+03   1.0175000e+03   1.0147000e+03   1.0191000e+03   1.0163000e+03   1.0193000e+03   1.0106444e+03   1.0049000e+03   1.0106000e+03   1.0140333e+03   1.0125000e+03   1.0037000e+03
  -2.1300000e+02   1.0177000e+03   1.0154000e+03   1.0145000e+03   1.0177000e+03   1.0141000e+03   1.0185000e+03   1.0166000e+03   1.0194000e+03   1.0105667e+03   1.0046000e+03   1.0105000e+03   1.0144000e+03   1.0125000e+03   1.0041000e+03
  -2.1200000e+02   1.0177000e+03   1.0158000e+03   1.0150000e+03   1.0177000e+03   1.0135000e+03   1.0176000e+03   1.0172000e+03   1.0195000e+03   1.0104889e+03   1.0057666e+03   1.0096000e+03   1.0141667e+03   1.0126000e+03   1.0046000e+03
  -2.1100000e+02   1.0182000e+03   1.0160000e+03   1.0154500e+03   1.0179000e+03   1.0135000e+03   1.0171000e+03   1.0174000e+03   1.0194000e+03   1.0104111e+03   1.0069333e+03   1.0087000e+03   1.0139333e+03   1.0126000e+03   1.0051000e+03
  -2.1000000e+02   1.0183000e+03   1.0156000e+03   1.0159000e+03   1.0183000e+03   1.0138000e+03   1.0169000e+03   1.0178000e+03   1.0189000e+03   1.0103333e+03   1.0081000e+03   1.0078000e+03   1.0137000e+03   1.0126000e+03   1.0054000e+03
  -2.0900000e+02   1.0183000e+03   1.0150000e+03   1.0156000e+03   1.0183000e+03   1.0144000e+03   1.0167000e+03   1.0179000e+03   1.0182000e+03   1.0102555e+03   1.0083000e+03   1.0078000e+03   1.0136333e+03   1.0129000e+03   1.0059000e+03
  -2.0800000e+02   1.0182000e+03   1.0144000e+03   1.0150000e+03   1.0186000e+03   1.0148000e+03   1.0174000e+03   1.0177000e+03   1.0179000e+03   1.0101778e+03   1.0085000e+03   1.0078000e+03   1.0135667e+03   1.0134000e+03   1.0062000e+03
  -2.0700000e+02   1.0178000e+03   1.0142000e+03   1.0149000e+03   1.0189000e+03   1.0152000e+03   1.0179000e+03   1.0169000e+03   1.0177000e+03   1.0101000e+03   1.0087000e+03   1.0078000e+03   1.0135000e+03   1.0136000e+03   1.0063000e+03
  -2.0600000e+02   1.0173000e+03   1.0139000e+03   1.0141000e+03   1.0190000e+03   1.0155000e+03   1.0181000e+03   1.0166000e+03   1.0181000e+03   1.0104000e+03   1.0083000e+03   1.0082333e+03   1.0134667e+03   1.0131000e+03   1.0061000e+03
  -2.0500000e+02   1.0170000e+03   1.0143000e+03   1.0132000e+03   1.0187000e+03   1.0157000e+03   1.0186000e+03   1.0161000e+03   1.0185000e+03   1.0107000e+03   1.0079000e+03   1.0086667e+03   1.0134333e+03   1.0123000e+03   1.0060000e+03
  -2.0400000e+02   1.0168000e+03   1.0149000e+03   1.0129000e+03   1.0179000e+03   1.0156000e+03   1.0186000e+03   1.0157000e+03   1.0183000e+03   1.0110000e+03   1.0075000e+03   1.0091000e+03   1.0134000e+03   1.0122000e+03   1.0053000e+03
  -2.0300000e+02   1.0167000e+03   1.0148000e+03   1.0127500e+03   1.0168000e+03   1.0151000e+03   1.0183000e+03   1.0154000e+03   1.0189000e+03   1.0109667e+03   1.0074667e+03   1.0095333e+03   1.0132667e+03   1.0120000e+03   1.0052000e+03
  -2.0200000e+02   1.0167000e+03   1.0155000e+03   1.0126000e+03   1.0165000e+03   1.0145000e+03   1.0183000e+03   1.0153000e+03   1.0195000e+03   1.0109333e+03   1.0074333e+03   1.0099667e+03   1.0131333e+03   1.0117000e+03   1.0052000e+03
  -2.0100000e+02   1.0175000e+03   1.0158000e+03   1.0131000e+03   1.0167000e+03   1.0138000e+03   1.0177000e+03   1.0159000e+03   1.0198000e+03   1.0109000e+03   1.0074000e+03   1.0104000e+03   1.0130000e+03   1.0121000e+03   1.0057000e+03
  -2.0000000e+02   1.0177000e+03   1.0157000e+03   1.0137000e+03   1.0162000e+03   1.0131000e+03   1.0176000e+03   1.0164000e+03   1.0201000e+03   1.0104000e+03   1.0079333e+03   1.0099667e+03   1.0125000e+03   1.0123000e+03   1.0068000e+03
  -1.9900000e+02   1.0183000e+03   1.0151000e+03   1.0139000e+03   1.0162000e+03   1.0127000e+03   1.0173000e+03   1.0170000e+03   1.0197000e+03   1.0099000e+03   1.0084667e+03   1.0095333e+03   1.0120000e+03   1.0125000e+03   1.0075000e+03
  -1.9800000e+02   1.0183000e+03   1.0143000e+03   1.0140000e+03   1.0164000e+03   1.0130000e+03   1.0175000e+03   1.0169000e+03   1.0189000e+03   1.0094000e+03   1.0090000e+03   1.0091000e+03   1.0115000e+03   1.0131000e+03   1.0081000e+03
  -1.9700000e+02   1.0180000e+03   1.0138000e+03   1.0141000e+03   1.0171000e+03   1.0133000e+03   1.0181000e+03   1.0174000e+03   1.0186000e+03   1.0089000e+03   1.0090333e+03   1.0091666e+03   1.0110667e+03   1.0133000e+03   1.0111000e+03
  -1.9600000e+02   1.0177000e+03   1.0141000e+03   1.0138000e+03   1.0179000e+03   1.0137000e+03   1.0184000e+03   1.0178000e+03   1.0186000e+03   1.0084000e+03   1.0090667e+03   1.0092333e+03   1.0106333e+03   1.0134000e+03   1.0090000e+03
  -1.9500000e+02   1.0173000e+03   1.0135000e+03   1.0137000e+03   1.0183000e+03   1.0144000e+03   1.0184000e+03   1.0180000e+03   1.0183000e+03   1.0079000e+03   1.0091000e+03   1.0093000e+03   1.0102000e+03   1.0136000e+03   1.0088000e+03
  -1.9400000e+02   1.0168000e+03   1.0136000e+03   1.0132000e+03   1.0169000e+03   1.0147000e+03   1.0185000e+03   1.0179000e+03   1.0187000e+03   1.0079667e+03   1.0083333e+03   1.0100000e+03   1.0101667e+03   1.0136000e+03   1.0090000e+03
  -1.9300000e+02   1.0168000e+03   1.0134000e+03   1.0130000e+03   1.0164000e+03   1.0147000e+03   1.0183000e+03   1.0179000e+03   1.0191000e+03   1.0080334e+03   1.0075667e+03   1.0107000e+03   1.0101333e+03   1.0132000e+03   1.0090000e+03
  -1.9200000e+02   1.0165000e+03   1.0137000e+03   1.0130000e+03   1.0160000e+03   1.0145000e+03   1.0183000e+03   1.0177000e+03   1.0198000e+03   1.0081000e+03   1.0068000e+03   1.0114000e+03   1.0101000e+03   1.0122000e+03   1.0089000e+03
  -1.9100000e+02   1.0168000e+03   1.0139000e+03   1.0121000e+03   1.0155000e+03   1.0145000e+03   1.0176000e+03   1.0181000e+03   1.0199000e+03   1.0081667e+03   1.0066000e+03   1.0111333e+03   1.0104333e+03   1.0116000e+03   1.0092000e+03
  -1.9000000e+02   1.0172000e+03   1.0146000e+03   1.0120000e+03   1.0151000e+03   1.0141000e+03   1.0165000e+03   1.0180000e+03   1.0205000e+03   1.0082334e+03   1.0064000e+03   1.0108667e+03   1.0107666e+03   1.0111000e+03   1.0095000e+03
  -1.8900000e+02   1.0173000e+03   1.0150000e+03   1.0124000e+03   1.0153000e+03   1.0135000e+03   1.0149000e+03   1.0186000e+03   1.0209000e+03   1.0083000e+03   1.0062000e+03   1.0106000e+03   1.0111000e+03   1.0111000e+03   1.0104000e+03
  -1.8800000e+02   1.0173000e+03   1.0147000e+03   1.0123000e+03   1.0152000e+03   1.0131000e+03   1.0154000e+03   1.0191000e+03   1.0211000e+03   1.0083667e+03   1.0070667e+03   1.0096333e+03   1.0109000e+03   1.0112000e+03   1.0111000e+03
  -1.8700000e+02   1.0177000e+03   1.0143000e+03   1.0124000e+03   1.0153000e+03   1.0128000e+03   1.0164000e+03   1.0193000e+03   1.0208000e+03   1.0084334e+03   1.0079333e+03   1.0086667e+03   1.0107000e+03   1.0114000e+03   1.0116000e+03
  -1.8600000e+02   1.0178000e+03   1.0143000e+03   1.0123000e+03   1.0155000e+03   1.0132000e+03   1.0157000e+03   1.0198000e+03   1.0203000e+03   1.0085000e+03   1.0088000e+03   1.0077000e+03   1.0105000e+03   1.0118000e+03   1.0121000e+03
  -1.8500000e+02   1.0178000e+03   1.0141000e+03   1.0120000e+03   1.0159000e+03   1.0132000e+03   1.0169000e+03   1.0200000e+03   1.0201000e+03   1.0085667e+03   1.0090000e+03   1.0078333e+03   1.0103333e+03   1.0125000e+03   1.0125000e+03
  -1.8400000e+02   1.0182000e+03   1.0134000e+03   1.0121000e+03   1.0162000e+03   1.0136000e+03   1.0156000e+03   1.0196000e+03   1.0191000e+03   1.0086334e+03   1.0092000e+03   1.0079667e+03   1.0101667e+03   1.0129000e+03   1.0125000e+03
  -1.8300000e+02   1.0177000e+03   1.0136000e+03   1.0118000e+03   1.0161000e+03   1.0138000e+03   1.0151000e+03   1.0190000e+03   1.0187000e+03   1.0087000e+03   1.0094000e+03   1.0081000e+03   1.0100000e+03   1.0131000e+03   1.0123000e+03
  -1.8200000e+02   1.0173000e+03   1.0129000e+03   1.0113000e+03   1.0158000e+03   1.0141000e+03   1.0154000e+03   1.0178000e+03   1.0187000e+03   1.0087667e+03   1.0093000e+03   1.0088333e+03   1.0098333e+03   1.0130000e+03   1.0119000e+03
  -1.8100000e+02   1.0172000e+03   1.0122000e+03   1.0105000e+03   1.0151000e+03   1.0141000e+03   1.0157000e+03   1.0172000e+03   1.0186000e+03   1.0088333e+03   1.0092000e+03   1.0095667e+03   1.0096667e+03   1.0130000e+03   1.0113000e+03
  -1.8000000e+02   1.0178000e+03   1.0129000e+03   1.0103000e+03   1.0145000e+03   1.0138000e+03   1.0160000e+03   1.0167000e+03   1.0185000e+03   1.0089000e+03   1.0091000e+03   1.0103000e+03   1.0095000e+03   1.0131000e+03   1.0105000e+03
  -1.7900000e+02   1.0172000e+03   1.0136000e+03   1.0102000e+03   1.0140500e+03   1.0131000e+03   1.0158000e+03   1.0159000e+03   1.0189000e+03   1.0089667e+03   1.0091000e+03   1.0103333e+03   1.0094000e+03   1.0130000e+03   1.0101000e+03
  -1.7800000e+02   1.0168000e+03   1.0140000e+03   1.0101000e+03   1.0136000e+03   1.0126000e+03   1.0148000e+03   1.0162000e+03   1.0193000e+03   1.0090333e+03   1.0091000e+03   1.0103667e+03   1.0093000e+03   1.0129000e+03   1.0101000e+03
  -1.7700000e+02   1.0175000e+03   1.0147500e+03   1.0105000e+03   1.0135000e+03   1.0121000e+03   1.0142000e+03   1.0167000e+03   1.0190000e+03   1.0091000e+03   1.0091000e+03   1.0104000e+03   1.0092000e+03   1.0128000e+03   1.0105000e+03
  -1.7600000e+02   1.0180000e+03   1.0155000e+03   1.0107000e+03   1.0127000e+03   1.0121000e+03   1.0137000e+03   1.0172000e+03   1.0190000e+03   1.0091667e+03   1.0097333e+03   1.0103167e+03   1.0090000e+03   1.0137000e+03   1.0110000e+03
  -1.7500000e+02   1.0185000e+03   1.0151000e+03   1.0112000e+03   1.0128000e+03   1.0118000e+03   1.0137000e+03   1.0174000e+03   1.0186000e+03   1.0092333e+03   1.0103667e+03   1.0102334e+03   1.0088000e+03   1.0145000e+03   1.0117000e+03
  -1.7400000e+02   1.0190000e+03   1.0146000e+03   1.0115000e+03   1.0131000e+03   1.0123000e+03   1.0136000e+03   1.0173000e+03   1.0182000e+03   1.0093000e+03   1.0110000e+03   1.0101500e+03   1.0086000e+03   1.0149000e+03   1.0128000e+03
  -1.7300000e+02   1.0189000e+03   1.0140000e+03   1.0112000e+03   1.0140000e+03   1.0120000e+03   1.0143000e+03   1.0173000e+03   1.0182000e+03   1.0093667e+03   1.0110000e+03   1.0100667e+03   1.0082000e+03   1.0153000e+03   1.0134000e+03
  -1.7200000e+02   1.0183000e+03   1.0128000e+03   1.0110000e+03   1.0143000e+03   1.0123000e+03   1.0148000e+03   1.0171000e+03   1.0177000e+03   1.0094333e+03   1.0110000e+03   1.0099834e+03   1.0078000e+03   1.0156000e+03   1.0136000e+03
  -1.7100000e+02   1.0173000e+03   1.0117000e+03   1.0111000e+03   1.0149000e+03   1.0131000e+03   1.0149000e+03   1.0171000e+03   1.0174000e+03   1.0095000e+03   1.0110000e+03   1.0099000e+03   1.0074000e+03   1.0157000e+03   1.0137000e+03
  -1.7000000e+02   1.0173000e+03   1.0120000e+03   1.0108000e+03   1.0148000e+03   1.0130000e+03   1.0152000e+03   1.0173000e+03   1.0174000e+03   1.0095667e+03   1.0103667e+03   1.0105333e+03   1.0077334e+03   1.0153000e+03   1.0137000e+03
  -1.6900000e+02   1.0168000e+03   1.0119000e+03   1.0102000e+03   1.0140000e+03   1.0132000e+03   1.0151000e+03   1.0169000e+03   1.0176000e+03   1.0096333e+03   1.0097333e+03   1.0111667e+03   1.0080667e+03   1.0147000e+03   1.0134000e+03
  -1.6800000e+02   1.0168000e+03   1.0126000e+03   1.0098000e+03   1.0139000e+03   1.0132000e+03   1.0146000e+03   1.0165000e+03   1.0180000e+03   1.0097000e+03   1.0091000e+03   1.0118000e+03   1.0084000e+03   1.0140000e+03   1.0134000e+03
  -1.6700000e+02   1.0173000e+03   1.0129000e+03   1.0091000e+03   1.0140000e+03   1.0127000e+03   1.0141000e+03   1.0167000e+03   1.0184000e+03   1.0097667e+03   1.0091000e+03   1.0115333e+03   1.0092334e+03   1.0137000e+03   1.0133000e+03
  -1.6600000e+02   1.0175000e+03   1.0133000e+03   1.0090000e+03   1.0135000e+03   1.0123000e+03   1.0136000e+03   1.0169500e+03   1.0184000e+03   1.0098333e+03   1.0091000e+03   1.0112667e+03   1.0100667e+03   1.0134000e+03   1.0135000e+03
  -1.6500000e+02   1.0178000e+03   1.0134000e+03   1.0091000e+03   1.0133000e+03   1.0120000e+03   1.0127000e+03   1.0172000e+03   1.0185000e+03   1.0099000e+03   1.0091000e+03   1.0110000e+03   1.0109000e+03   1.0133000e+03   1.0140000e+03
  -1.6400000e+02   1.0182000e+03   1.0141000e+03   1.0094000e+03   1.0138000e+03   1.0116000e+03   1.0114000e+03   1.0179000e+03   1.0184000e+03   1.0099667e+03   1.0096666e+03   1.0100667e+03   1.0105667e+03   1.0136000e+03   1.0147000e+03
  -1.6300000e+02   1.0187000e+03   1.0136000e+03   1.0101000e+03   1.0138000e+03   1.0118000e+03   1.0108000e+03   1.0181000e+03   1.0180000e+03   1.0100333e+03   1.0102333e+03   1.0091333e+03   1.0102334e+03   1.0138000e+03   1.0154000e+03
  -1.6200000e+02   1.0190000e+03   1.0130000e+03   1.0101000e+03   1.0146000e+03   1.0117000e+03   1.0107000e+03   1.0183000e+03   1.0180000e+03   1.0101000e+03   1.0108000e+03   1.0082000e+03   1.0099000e+03   1.0142000e+03   1.0159000e+03
  -1.6100000e+02   1.0190000e+03   1.0123000e+03   1.0108000e+03   1.0148000e+03   1.0123000e+03   1.0107000e+03   1.0182000e+03   1.0167000e+03   1.0101667e+03   1.0110000e+03   1.0085000e+03   1.0097000e+03   1.0147000e+03   1.0164000e+03
  -1.6000000e+02   1.0185000e+03   1.0112000e+03   1.0106000e+03   1.0153000e+03   1.0127000e+03   1.0113000e+03   1.0180000e+03   1.0163000e+03   1.0102333e+03   1.0112000e+03   1.0088000e+03   1.0095000e+03   1.0151000e+03   1.0165000e+03
  -1.5900000e+02   1.0182000e+03   1.0108000e+03   1.0103000e+03   1.0154000e+03   1.0131000e+03   1.0117000e+03   1.0175000e+03   1.0156000e+03   1.0103000e+03   1.0114000e+03   1.0091000e+03   1.0093000e+03   1.0155000e+03   1.0164000e+03
  -1.5800000e+02   1.0177000e+03   1.0111000e+03   1.0101000e+03   1.0152000e+03   1.0129000e+03   1.0123000e+03   1.0165000e+03   1.0153000e+03   1.0103667e+03   1.0111000e+03   1.0096000e+03   1.0096000e+03   1.0155000e+03   1.0158000e+03
  -1.5700000e+02   1.0170000e+03   1.0108000e+03   1.0097000e+03   1.0150000e+03   1.0134000e+03   1.0124000e+03   1.0156000e+03   1.0162000e+03   1.0104333e+03   1.0108000e+03   1.0101000e+03   1.0099000e+03   1.0154000e+03   1.0154000e+03
  -1.5600000e+02   1.0168000e+03   1.0113000e+03   1.0098000e+03   1.0146000e+03   1.0132000e+03   1.0135000e+03   1.0147000e+03   1.0161000e+03   1.0105000e+03   1.0105000e+03   1.0106000e+03   1.0102000e+03   1.0155000e+03   1.0148000e+03
  -1.5500000e+02   1.0168000e+03   1.0120000e+03   1.0094000e+03   1.0141000e+03   1.0131000e+03   1.0139000e+03   1.0144000e+03   1.0172000e+03   1.0105667e+03   1.0103667e+03   1.0107666e+03   1.0106333e+03   1.0152000e+03   1.0143000e+03
  -1.5400000e+02   1.0170000e+03   1.0126000e+03   1.0100000e+03   1.0130000e+03   1.0126000e+03   1.0127000e+03   1.0144000e+03   1.0174000e+03   1.0106333e+03   1.0102333e+03   1.0109333e+03   1.0110667e+03   1.0152000e+03   1.0143000e+03
  -1.5300000e+02   1.0178000e+03   1.0129000e+03   1.0101000e+03   1.0129000e+03   1.0119000e+03   1.0121000e+03   1.0146000e+03   1.0171000e+03   1.0107000e+03   1.0101000e+03   1.0111000e+03   1.0115000e+03   1.0152000e+03   1.0143000e+03
  -1.5200000e+02   1.0183000e+03   1.0129000e+03   1.0106000e+03   1.0133000e+03   1.0118000e+03   1.0116000e+03   1.0145000e+03   1.0170000e+03   1.0107667e+03   1.0105667e+03   1.0107000e+03   1.0112667e+03   1.0153000e+03   1.0147000e+03
  -1.5100000e+02   1.0192000e+03   1.0125000e+03   1.0110000e+03   1.0133000e+03   1.0114000e+03   1.0115000e+03   1.0150000e+03   1.0165000e+03   1.0108333e+03   1.0110333e+03   1.0103000e+03   1.0110333e+03   1.0154000e+03   1.0156000e+03
  -1.5000000e+02   1.0197000e+03   1.0127000e+03   1.0115000e+03   1.0138000e+03   1.0112000e+03   1.0116000e+03   1.0152000e+03   1.0160000e+03   1.0109000e+03   1.0115000e+03   1.0099000e+03   1.0108000e+03   1.0159000e+03   1.0162000e+03
  -1.4900000e+02   1.0199000e+03   1.0117000e+03   1.0120000e+03   1.0148000e+03   1.0114000e+03   1.0122000e+03   1.0155000e+03   1.0158000e+03   1.0109667e+03   1.0118000e+03   1.0100000e+03   1.0109667e+03   1.0162000e+03   1.0168000e+03
  -1.4800000e+02   1.0197000e+03   1.0112000e+03   1.0123000e+03   1.0155000e+03   1.0115000e+03   1.0128000e+03   1.0157000e+03   1.0155000e+03   1.0110333e+03   1.0119000e+03   1.0101000e+03   1.0111333e+03   1.0161000e+03   1.0171000e+03
  -1.4700000e+02   1.0192000e+03   1.0102000e+03   1.0120000e+03   1.0160000e+03   1.0119000e+03   1.0132000e+03   1.0162000e+03   1.0154000e+03   1.0111000e+03   1.0115000e+03   1.0102000e+03   1.0113000e+03   1.0158000e+03   1.0170000e+03
  -1.4600000e+02   1.0189000e+03   1.0106000e+03   1.0123000e+03   1.0162000e+03   1.0123000e+03   1.0132000e+03   1.0162000e+03   1.0152000e+03   1.0111667e+03   1.0110000e+03   1.0110333e+03   1.0116000e+03   1.0158000e+03   1.0167000e+03
  -1.4500000e+02   1.0185000e+03   1.0101000e+03   1.0119000e+03   1.0163000e+03   1.0126000e+03   1.0135000e+03   1.0163000e+03   1.0155000e+03   1.0112333e+03   1.0099000e+03   1.0118667e+03   1.0119000e+03   1.0158000e+03   1.0165000e+03
  -1.4400000e+02   1.0183000e+03   1.0103000e+03   1.0114000e+03   1.0155000e+03   1.0123000e+03   1.0135000e+03   1.0162000e+03   1.0160000e+03   1.0113000e+03   1.0092000e+03   1.0127000e+03   1.0122000e+03   1.0143000e+03   1.0164000e+03
  -1.4300000e+02   1.0185000e+03   1.0110000e+03   1.0119000e+03   1.0153000e+03   1.0123000e+03   1.0132000e+03   1.0163000e+03   1.0164000e+03   1.0113667e+03   1.0086000e+03   1.0120667e+03   1.0127333e+03   1.0138000e+03   1.0165000e+03
  -1.4200000e+02   1.0185000e+03   1.0107000e+03   1.0116000e+03   1.0151000e+03   1.0117000e+03   1.0128000e+03   1.0163000e+03   1.0166000e+03   1.0114333e+03   1.0082000e+03   1.0114333e+03   1.0132667e+03   1.0138000e+03   1.0167000e+03
  -1.4100000e+02   1.0194000e+03   1.0117000e+03   1.0118000e+03   1.0149000e+03   1.0110000e+03   1.0121000e+03   1.0167000e+03   1.0169000e+03   1.0115000e+03   1.0085000e+03   1.0108000e+03   1.0138000e+03   1.0140000e+03   1.0170000e+03
  -1.4000000e+02   1.0195000e+03   1.0120000e+03   1.0122000e+03   1.0152000e+03   1.0108000e+03   1.0117000e+03   1.0170000e+03   1.0166000e+03   1.0115667e+03   1.0090000e+03   1.0100000e+03   1.0137333e+03   1.0138000e+03   1.0177000e+03
  -1.3900000e+02   1.0199000e+03   1.0118000e+03   1.0133000e+03   1.0157000e+03   1.0105000e+03   1.0113000e+03   1.0173000e+03   1.0166000e+03   1.0116333e+03   1.0099500e+03   1.0092000e+03   1.0136666e+03   1.0138000e+03   1.0180000e+03
  -1.3800000e+02   1.0199000e+03   1.0114000e+03   1.0136000e+03   1.0164000e+03   1.0109000e+03   1.0111000e+03   1.0176000e+03   1.0162000e+03   1.0117000e+03   1.0109000e+03   1.0084000e+03   1.0136000e+03   1.0143000e+03   1.0183000e+03
  -1.3700000e+02   1.0200000e+03   1.0107000e+03   1.0140000e+03   1.0169000e+03   1.0115000e+03   1.0116000e+03   1.0180000e+03   1.0155000e+03   1.0117667e+03   1.0110500e+03   1.0083000e+03   1.0135833e+03   1.0147000e+03   1.0188000e+03
  -1.3600000e+02   1.0197000e+03   1.0102000e+03   1.0141000e+03   1.0172000e+03   1.0115000e+03   1.0118000e+03   1.0177000e+03   1.0150000e+03   1.0118333e+03   1.0112000e+03   1.0082000e+03   1.0135667e+03   1.0151000e+03   1.0188000e+03
  -1.3500000e+02   1.0195000e+03   1.0099000e+03   1.0141000e+03   1.0176000e+03   1.0121000e+03   1.0122000e+03   1.0174000e+03   1.0152000e+03   1.0119000e+03   1.0111000e+03   1.0081000e+03   1.0135500e+03   1.0154000e+03   1.0188000e+03
  -1.3400000e+02   1.0194000e+03   1.0097000e+03   1.0140000e+03   1.0176000e+03   1.0122000e+03   1.0124000e+03   1.0167000e+03   1.0149000e+03   1.0119667e+03   1.0109000e+03   1.0087333e+03   1.0135333e+03   1.0151000e+03   1.0180000e+03
  -1.3300000e+02   1.0189000e+03   1.0096000e+03   1.0137000e+03   1.0174000e+03   1.0122000e+03   1.0123000e+03   1.0166000e+03   1.0149000e+03   1.0120333e+03   1.0106000e+03   1.0093667e+03   1.0135167e+03   1.0149000e+03   1.0173000e+03
  -1.3200000e+02   1.0187000e+03   1.0097000e+03   1.0135000e+03   1.0169000e+03   1.0117000e+03   1.0126000e+03   1.0159000e+03   1.0149000e+03   1.0121000e+03   1.0100000e+03   1.0100000e+03   1.0135000e+03   1.0148000e+03   1.0163000e+03
  -1.3100000e+02   1.0183000e+03   1.0101000e+03   1.0138000e+03   1.0161000e+03   1.0115000e+03   1.0130000e+03   1.0159000e+03   1.0148000e+03   1.0121667e+03   1.0099000e+03   1.0101000e+03   1.0138333e+03   1.0144000e+03   1.0160000e+03
  -1.3000000e+02   1.0182000e+03   1.0101000e+03   1.0142000e+03   1.0157000e+03   1.0110000e+03   1.0129000e+03   1.0162000e+03   1.0153000e+03   1.0122333e+03   1.0095000e+03   1.0102000e+03   1.0141667e+03   1.0144000e+03   1.0158000e+03
  -1.2900000e+02   1.0183000e+03   1.0105000e+03   1.0146000e+03   1.0156000e+03   1.0101000e+03   1.0125000e+03   1.0164000e+03   1.0158000e+03   1.0123000e+03   1.0095000e+03   1.0103000e+03   1.0145000e+03   1.0146000e+03   1.0160000e+03
  -1.2800000e+02   1.0189000e+03   1.0110000e+03   1.0153000e+03   1.0158000e+03   1.0095000e+03   1.0120000e+03   1.0168000e+03   1.0157000e+03   1.0115667e+03   1.0098667e+03   1.0100167e+03   1.0143333e+03   1.0146000e+03   1.0164000e+03
  -1.2700000e+02   1.0194000e+03   1.0107000e+03   1.0160000e+03   1.0164000e+03   1.0096000e+03   1.0120000e+03   1.0173000e+03   1.0158000e+03   1.0108333e+03   1.0102333e+03   1.0097333e+03   1.0141667e+03   1.0153000e+03   1.0168000e+03
  -1.2600000e+02   1.0204000e+03   1.0103000e+03   1.0168000e+03   1.0164000e+03   1.0097000e+03   1.0129000e+03   1.0179000e+03   1.0156000e+03   1.0101000e+03   1.0106000e+03   1.0094500e+03   1.0140000e+03   1.0159000e+03   1.0174000e+03
  -1.2500000e+02   1.0205000e+03   1.0096000e+03   1.0172000e+03   1.0170000e+03   1.0098000e+03   1.0135000e+03   1.0180000e+03   1.0153000e+03   1.0104000e+03   1.0105333e+03   1.0091666e+03   1.0136667e+03   1.0163000e+03   1.0180000e+03
  -1.2400000e+02   1.0199000e+03   1.0095000e+03   1.0174000e+03   1.0178000e+03   1.0103000e+03   1.0140000e+03   1.0182000e+03   1.0151000e+03   1.0107000e+03   1.0104667e+03   1.0088833e+03   1.0133333e+03   1.0165000e+03   1.0181000e+03
  -1.2300000e+02   1.0199000e+03   1.0084000e+03   1.0172000e+03   1.0186000e+03   1.0110000e+03   1.0143000e+03   1.0182000e+03   1.0152000e+03   1.0110000e+03   1.0104000e+03   1.0086000e+03   1.0130000e+03   1.0164000e+03   1.0179000e+03
  -1.2200000e+02   1.0194000e+03   1.0081000e+03   1.0169000e+03   1.0189000e+03   1.0109000e+03   1.0144000e+03   1.0181000e+03   1.0149000e+03   1.0112333e+03   1.0094667e+03   1.0092666e+03   1.0132000e+03   1.0160000e+03   1.0176000e+03
  -1.2100000e+02   1.0183000e+03   1.0081000e+03   1.0165000e+03   1.0188000e+03   1.0109000e+03   1.0145000e+03   1.0182000e+03   1.0151000e+03   1.0114667e+03   1.0085333e+03   1.0099333e+03   1.0134000e+03   1.0154000e+03   1.0173000e+03
  -1.2000000e+02   1.0177000e+03   1.0080000e+03   1.0163000e+03   1.0183000e+03   1.0103000e+03   1.0148000e+03   1.0184000e+03   1.0156000e+03   1.0117000e+03   1.0076000e+03   1.0106000e+03   1.0136000e+03   1.0148000e+03   1.0169000e+03
  -1.1900000e+02   1.0178000e+03   1.0086000e+03   1.0159000e+03   1.0179000e+03   1.0102000e+03   1.0143000e+03   1.0186000e+03   1.0160000e+03   1.0118667e+03   1.0076000e+03   1.0104000e+03   1.0137666e+03   1.0142000e+03   1.0168000e+03
  -1.1800000e+02   1.0183000e+03   1.0092000e+03   1.0164000e+03   1.0173000e+03   1.0101000e+03   1.0150000e+03   1.0190000e+03   1.0161000e+03   1.0120333e+03   1.0076000e+03   1.0102000e+03   1.0139333e+03   1.0137000e+03   1.0169000e+03
  -1.1700000e+02   1.0189000e+03   1.0096000e+03   1.0168000e+03   1.0172000e+03   1.0103000e+03   1.0140000e+03   1.0198000e+03   1.0164000e+03   1.0122000e+03   1.0076000e+03   1.0100000e+03   1.0141000e+03   1.0137000e+03   1.0172000e+03
  -1.1600000e+02   1.0190000e+03   1.0100000e+03   1.0173000e+03   1.0170000e+03   1.0102000e+03   1.0137000e+03   1.0205000e+03   1.0161000e+03   1.0120333e+03   1.0080333e+03   1.0089667e+03   1.0135667e+03   1.0134000e+03   1.0174000e+03
  -1.1500000e+02   1.0194000e+03   1.0098000e+03   1.0177000e+03   1.0175000e+03   1.0101000e+03   1.0135000e+03   1.0209000e+03   1.0153000e+03   1.0118667e+03   1.0084667e+03   1.0079333e+03   1.0130333e+03   1.0133000e+03   1.0178000e+03
  -1.1400000e+02   1.0194000e+03   1.0097000e+03   1.0182000e+03   1.0181000e+03   1.0108000e+03   1.0138000e+03   1.0211000e+03   1.0149000e+03   1.0117000e+03   1.0089000e+03   1.0069000e+03   1.0125000e+03   1.0140000e+03   1.0181000e+03
  -1.1300000e+02   1.0190000e+03   1.0097000e+03   1.0186000e+03   1.0184000e+03   1.0116000e+03   1.0138000e+03   1.0212000e+03   1.0150500e+03   1.0117000e+03   1.0092334e+03   1.0067334e+03   1.0123000e+03   1.0146000e+03   1.0184000e+03
  -1.1200000e+02   1.0189000e+03   1.0088000e+03   1.0184000e+03   1.0185000e+03   1.0122000e+03   1.0143000e+03   1.0210000e+03   1.0152000e+03   1.0117000e+03   1.0095667e+03   1.0065667e+03   1.0121000e+03   1.0149000e+03   1.0186000e+03
  -1.1100000e+02   1.0183000e+03   1.0084000e+03   1.0181000e+03   1.0188000e+03   1.0129000e+03   1.0149000e+03   1.0205000e+03   1.0146000e+03   1.0117000e+03   1.0099000e+03   1.0064000e+03   1.0119000e+03   1.0147000e+03   1.0181000e+03
  -1.1000000e+02   1.0185000e+03   1.0084000e+03   1.0178000e+03   1.0188000e+03   1.0132000e+03   1.0155000e+03   1.0198000e+03   1.0155000e+03   1.0122667e+03   1.0097000e+03   1.0073667e+03   1.0119333e+03   1.0146000e+03   1.0177000e+03
  -1.0900000e+02   1.0178000e+03   1.0083000e+03   1.0171000e+03   1.0185000e+03   1.0135000e+03   1.0159000e+03   1.0191000e+03   1.0155000e+03   1.0128334e+03   1.0095000e+03   1.0083333e+03   1.0119667e+03   1.0146000e+03   1.0169000e+03
  -1.0800000e+02   1.0172000e+03   1.0086000e+03   1.0169000e+03   1.0183000e+03   1.0133000e+03   1.0156000e+03   1.0186000e+03   1.0156000e+03   1.0134000e+03   1.0093000e+03   1.0093000e+03   1.0120000e+03   1.0142000e+03   1.0162000e+03
  -1.0700000e+02   1.0163000e+03   1.0090000e+03   1.0169000e+03   1.0174000e+03   1.0131000e+03   1.0154000e+03   1.0185000e+03   1.0164000e+03   1.0132334e+03   1.0092333e+03   1.0093667e+03   1.0122000e+03   1.0138000e+03   1.0156000e+03
  -1.0600000e+02   1.0165000e+03   1.0096000e+03   1.0172000e+03   1.0171000e+03   1.0126000e+03   1.0149000e+03   1.0187000e+03   1.0167000e+03   1.0130667e+03   1.0091666e+03   1.0094333e+03   1.0124000e+03   1.0139000e+03   1.0156000e+03
  -1.0500000e+02   1.0170000e+03   1.0098000e+03   1.0177000e+03   1.0166000e+03   1.0124000e+03   1.0150000e+03   1.0189000e+03   1.0162000e+03   1.0129000e+03   1.0091000e+03   1.0095000e+03   1.0126000e+03   1.0141000e+03   1.0155000e+03
  -1.0400000e+02   1.0177000e+03   1.0103000e+03   1.0182000e+03   1.0168000e+03   1.0120000e+03   1.0149000e+03   1.0193000e+03   1.0160000e+03   1.0123000e+03   1.0095000e+03   1.0088000e+03   1.0122666e+03   1.0145000e+03   1.0161000e+03
  -1.0300000e+02   1.0185000e+03   1.0104000e+03   1.0186000e+03   1.0170000e+03   1.0123000e+03   1.0150000e+03   1.0199000e+03   1.0161000e+03   1.0117000e+03   1.0099000e+03   1.0081000e+03   1.0119333e+03   1.0148000e+03   1.0165000e+03
  -1.0200000e+02   1.0189000e+03   1.0099000e+03   1.0191000e+03   1.0175000e+03   1.0122000e+03   1.0156000e+03   1.0201000e+03   1.0160000e+03   1.0111000e+03   1.0103000e+03   1.0074000e+03   1.0116000e+03   1.0151000e+03   1.0171000e+03
  -1.0100000e+02   1.0189000e+03   1.0093000e+03   1.0196000e+03   1.0181000e+03   1.0127000e+03   1.0161000e+03   1.0201000e+03   1.0156000e+03   1.0107666e+03   1.0101333e+03   1.0077000e+03   1.0115000e+03   1.0153000e+03   1.0170000e+03
  -1.0000000e+02   1.0183000e+03   1.0087000e+03   1.0194000e+03   1.0183000e+03   1.0131000e+03   1.0168000e+03   1.0201000e+03   1.0154000e+03   1.0104333e+03   1.0099667e+03   1.0080000e+03   1.0114000e+03   1.0160000e+03   1.0174000e+03
  -9.9000000e+01   1.0178000e+03   1.0088000e+03   1.0189000e+03   1.0189000e+03   1.0138000e+03   1.0170000e+03   1.0200000e+03   1.0150000e+03   1.0101000e+03   1.0098000e+03   1.0083000e+03   1.0113000e+03   1.0163000e+03   1.0172000e+03
  -9.8000000e+01   1.0170000e+03   1.0090000e+03   1.0184000e+03   1.0188000e+03   1.0143000e+03   1.0172000e+03   1.0199000e+03   1.0148000e+03   1.0104333e+03   1.0086333e+03   1.0089333e+03   1.0114333e+03   1.0162000e+03   1.0168000e+03
  -9.7000000e+01   1.0170000e+03   1.0092000e+03   1.0176000e+03   1.0188000e+03   1.0145000e+03   1.0175000e+03   1.0198000e+03   1.0148000e+03   1.0107666e+03   1.0074667e+03   1.0095667e+03   1.0115667e+03   1.0157000e+03   1.0165000e+03
  -9.6000000e+01   1.0168000e+03   1.0088000e+03   1.0173000e+03   1.0180000e+03   1.0145000e+03   1.0176000e+03   1.0194000e+03   1.0154000e+03   1.0111000e+03   1.0063000e+03   1.0102000e+03   1.0117000e+03   1.0149000e+03   1.0163000e+03
  -9.5000000e+01   1.0168000e+03   1.0092000e+03   1.0171000e+03   1.0179000e+03   1.0146000e+03   1.0168000e+03   1.0197000e+03   1.0155000e+03   1.0115000e+03   1.0062333e+03   1.0101000e+03   1.0126500e+03   1.0146000e+03   1.0161000e+03
  -9.4000000e+01   1.0168000e+03   1.0103000e+03   1.0169000e+03   1.0170000e+03   1.0145000e+03   1.0162000e+03   1.0202000e+03   1.0159000e+03   1.0119000e+03   1.0061666e+03   1.0100000e+03   1.0136000e+03   1.0140000e+03   1.0163000e+03
  -9.3000000e+01   1.0172000e+03   1.0110000e+03   1.0169000e+03   1.0173000e+03   1.0142000e+03   1.0157000e+03   1.0210000e+03   1.0163000e+03   1.0123000e+03   1.0061000e+03   1.0099000e+03   1.0136000e+03   1.0138000e+03   1.0163000e+03
  -9.2000000e+01   1.0173000e+03   1.0113000e+03   1.0177000e+03   1.0167000e+03   1.0142000e+03   1.0154000e+03   1.0216000e+03   1.0161000e+03   1.0122333e+03   1.0065667e+03   1.0088667e+03   1.0135667e+03   1.0142000e+03   1.0169000e+03
  -9.1000000e+01   1.0180000e+03   1.0107000e+03   1.0188000e+03   1.0168000e+03   1.0137000e+03   1.0148000e+03   1.0220000e+03   1.0161000e+03   1.0121666e+03   1.0070333e+03   1.0078333e+03   1.0135333e+03   1.0138000e+03   1.0172000e+03
  -9.0000000e+01   1.0182000e+03   1.0105000e+03   1.0191000e+03   1.0170000e+03   1.0144000e+03   1.0150000e+03   1.0222000e+03   1.0164000e+03   1.0121000e+03   1.0075000e+03   1.0068000e+03   1.0135000e+03   1.0143000e+03   1.0177000e+03
  -8.9000000e+01   1.0182000e+03   1.0107000e+03   1.0192000e+03   1.0171000e+03   1.0148000e+03   1.0150000e+03   1.0220000e+03   1.0153000e+03   1.0122666e+03   1.0080333e+03   1.0069333e+03   1.0134000e+03   1.0149000e+03   1.0178000e+03
  -8.8000000e+01   1.0178000e+03   1.0101000e+03   1.0186000e+03   1.0176000e+03   1.0151000e+03   1.0157000e+03   1.0214000e+03   1.0149000e+03   1.0124333e+03   1.0085667e+03   1.0070667e+03   1.0133000e+03   1.0149000e+03   1.0181000e+03
  -8.7000000e+01   1.0177000e+03   1.0098000e+03   1.0178000e+03   1.0180000e+03   1.0158000e+03   1.0156000e+03   1.0208000e+03   1.0147000e+03   1.0126000e+03   1.0091000e+03   1.0072000e+03   1.0132000e+03   1.0147000e+03   1.0176000e+03
  -8.6000000e+01   1.0168000e+03   1.0097000e+03   1.0173000e+03   1.0177000e+03   1.0164000e+03   1.0159000e+03   1.0197000e+03   1.0148000e+03   1.0127666e+03   1.0088333e+03   1.0079667e+03   1.0134667e+03   1.0143000e+03   1.0170000e+03
  -8.5000000e+01   1.0163000e+03   1.0103000e+03   1.0167000e+03   1.0174000e+03   1.0170000e+03   1.0157000e+03   1.0186000e+03   1.0149000e+03   1.0129333e+03   1.0085667e+03   1.0087333e+03   1.0137333e+03   1.0144000e+03   1.0165000e+03
  -8.4000000e+01   1.0168000e+03   1.0109000e+03   1.0165000e+03   1.0166000e+03   1.0170000e+03   1.0154000e+03   1.0179000e+03   1.0154000e+03   1.0131000e+03   1.0083000e+03   1.0095000e+03   1.0140000e+03   1.0142000e+03   1.0158000e+03
  -8.3000000e+01   1.0165000e+03   1.0114000e+03   1.0167000e+03   1.0158000e+03   1.0171000e+03   1.0150000e+03   1.0173000e+03   1.0161000e+03   1.0131666e+03   1.0084000e+03   1.0095000e+03   1.0144333e+03   1.0138000e+03   1.0152000e+03
  -8.2000000e+01   1.0161000e+03   1.0121000e+03   1.0170000e+03   1.0154000e+03   1.0165000e+03   1.0145000e+03   1.0171000e+03   1.0166000e+03   1.0132333e+03   1.0085000e+03   1.0095000e+03   1.0148667e+03   1.0138000e+03   1.0150000e+03
  -8.1000000e+01   1.0170000e+03   1.0123000e+03   1.0172000e+03   1.0148000e+03   1.0158000e+03   1.0144000e+03   1.0170000e+03   1.0167000e+03   1.0133000e+03   1.0086000e+03   1.0095000e+03   1.0153000e+03   1.0140000e+03   1.0149000e+03
  -8.0000000e+01   1.0178000e+03   1.0127000e+03   1.0175000e+03   1.0149000e+03   1.0157000e+03   1.0141000e+03   1.0169000e+03   1.0168000e+03   1.0127000e+03   1.0091333e+03   1.0089667e+03   1.0150667e+03   1.0142000e+03   1.0154000e+03
  -7.9000000e+01   1.0182000e+03   1.0126000e+03   1.0179000e+03   1.0155000e+03   1.0154000e+03   1.0141000e+03   1.0176000e+03   1.0163000e+03   1.0121000e+03   1.0096667e+03   1.0084333e+03   1.0148333e+03   1.0146000e+03   1.0157000e+03
  -7.8000000e+01   1.0185000e+03   1.0122000e+03   1.0180000e+03   1.0157000e+03   1.0153000e+03   1.0146000e+03   1.0181000e+03   1.0156000e+03   1.0115000e+03   1.0102000e+03   1.0079000e+03   1.0146000e+03   1.0150000e+03   1.0165000e+03
  -7.7000000e+01   1.0183000e+03   1.0119000e+03   1.0182000e+03   1.0159000e+03   1.0152000e+03   1.0148000e+03   1.0180000e+03   1.0152000e+03   1.0115000e+03   1.0100667e+03   1.0081333e+03   1.0141333e+03   1.0157000e+03   1.0173000e+03
  -7.6000000e+01   1.0180000e+03   1.0115000e+03   1.0180000e+03   1.0162000e+03   1.0154000e+03   1.0153000e+03   1.0177000e+03   1.0148000e+03   1.0115000e+03   1.0099333e+03   1.0083667e+03   1.0136667e+03   1.0157000e+03   1.0171000e+03
  -7.5000000e+01   1.0178000e+03   1.0108000e+03   1.0174000e+03   1.0158000e+03   1.0160000e+03   1.0148000e+03   1.0174000e+03   1.0145000e+03   1.0115000e+03   1.0098000e+03   1.0086000e+03   1.0132000e+03   1.0159000e+03   1.0167000e+03
  -7.4000000e+01   1.0173000e+03   1.0107000e+03   1.0166000e+03   1.0155000e+03   1.0164000e+03   1.0151000e+03   1.0170000e+03   1.0143000e+03   1.0119333e+03   1.0089000e+03   1.0092000e+03   1.0133667e+03   1.0156000e+03   1.0171000e+03
  -7.3000000e+01   1.0177000e+03   1.0111000e+03   1.0161000e+03   1.0147000e+03   1.0164000e+03   1.0153000e+03   1.0166000e+03   1.0146000e+03   1.0123667e+03   1.0080000e+03   1.0098000e+03   1.0135333e+03   1.0155000e+03   1.0167000e+03
  -7.2000000e+01   1.0175000e+03   1.0119000e+03   1.0164000e+03   1.0144000e+03   1.0160000e+03   1.0148000e+03   1.0165000e+03   1.0150000e+03   1.0128000e+03   1.0071000e+03   1.0104000e+03   1.0137000e+03   1.0144000e+03   1.0160000e+03
  -7.1000000e+01   1.0178000e+03   1.0121000e+03   1.0159000e+03   1.0138000e+03   1.0154000e+03   1.0139000e+03   1.0162000e+03   1.0154000e+03   1.0131333e+03   1.0070333e+03   1.0099333e+03   1.0142000e+03   1.0138000e+03   1.0157000e+03
  -7.0000000e+01   1.0183000e+03   1.0129000e+03   1.0157000e+03   1.0132000e+03   1.0151000e+03   1.0131000e+03   1.0165000e+03   1.0161000e+03   1.0134667e+03   1.0069667e+03   1.0094667e+03   1.0147000e+03   1.0135000e+03   1.0154000e+03
  -6.9000000e+01   1.0189000e+03   1.0133000e+03   1.0160000e+03   1.0129000e+03   1.0148000e+03   1.0124000e+03   1.0164000e+03   1.0164000e+03   1.0138000e+03   1.0069000e+03   1.0090000e+03   1.0152000e+03   1.0133000e+03   1.0154000e+03
  -6.8000000e+01   1.0194000e+03   1.0135000e+03   1.0159000e+03   1.0131000e+03   1.0144000e+03   1.0116000e+03   1.0166000e+03   1.0164000e+03   1.0134000e+03   1.0078000e+03   1.0079667e+03   1.0147333e+03   1.0131000e+03   1.0159000e+03
  -6.7000000e+01   1.0195000e+03   1.0133000e+03   1.0161000e+03   1.0134000e+03   1.0144000e+03   1.0111000e+03   1.0169000e+03   1.0162000e+03   1.0130000e+03   1.0087000e+03   1.0069333e+03   1.0142667e+03   1.0134000e+03   1.0163000e+03
  -6.6000000e+01   1.0204000e+03   1.0126000e+03   1.0164000e+03   1.0138000e+03   1.0148000e+03   1.0110000e+03   1.0170000e+03   1.0158000e+03   1.0126000e+03   1.0096000e+03   1.0059000e+03   1.0138000e+03   1.0132000e+03   1.0165000e+03
  -6.5000000e+01   1.0200000e+03   1.0123000e+03   1.0171000e+03   1.0143000e+03   1.0149000e+03   1.0109000e+03   1.0171000e+03   1.0152000e+03   1.0124333e+03   1.0098667e+03   1.0059333e+03   1.0134000e+03   1.0142000e+03   1.0172000e+03
  -6.4000000e+01   1.0199000e+03   1.0119000e+03   1.0170000e+03   1.0143000e+03   1.0153000e+03   1.0107000e+03   1.0168000e+03   1.0146000e+03   1.0122666e+03   1.0101333e+03   1.0059667e+03   1.0130000e+03   1.0144000e+03   1.0171000e+03
  -6.3000000e+01   1.0197000e+03   1.0116000e+03   1.0167000e+03   1.0143000e+03   1.0156000e+03   1.0111000e+03   1.0158000e+03   1.0141000e+03   1.0121000e+03   1.0104000e+03   1.0060000e+03   1.0126000e+03   1.0142000e+03   1.0169000e+03
  -6.2000000e+01   1.0194000e+03   1.0116000e+03   1.0160000e+03   1.0142000e+03   1.0161000e+03   1.0113000e+03   1.0148000e+03   1.0145000e+03   1.0135000e+03   1.0102334e+03   1.0063667e+03   1.0124333e+03   1.0142000e+03   1.0163000e+03
  -6.1000000e+01   1.0190000e+03   1.0119000e+03   1.0156000e+03   1.0142000e+03   1.0165000e+03   1.0112000e+03   1.0139000e+03   1.0145000e+03   1.0149000e+03   1.0100667e+03   1.0067333e+03   1.0122666e+03   1.0137000e+03   1.0158000e+03
  -6.0000000e+01   1.0178000e+03   1.0125000e+03   1.0153000e+03   1.0136000e+03   1.0167000e+03   1.0111000e+03   1.0134000e+03   1.0144000e+03   1.0163000e+03   1.0099000e+03   1.0071000e+03   1.0121000e+03   1.0130000e+03   1.0153000e+03
  -5.9000000e+01   1.0172000e+03   1.0131000e+03   1.0153000e+03   1.0128000e+03   1.0161000e+03   1.0105000e+03   1.0128000e+03   1.0150000e+03   1.0138000e+03   1.0095667e+03   1.0072000e+03   1.0124000e+03   1.0129000e+03   1.0157000e+03
  -5.8000000e+01   1.0173000e+03   1.0134000e+03   1.0153000e+03   1.0122000e+03   1.0154000e+03   1.0105000e+03   1.0126000e+03   1.0157000e+03   1.0139000e+03   1.0092334e+03   1.0073000e+03   1.0127000e+03   1.0128000e+03   1.0152000e+03
  -5.7000000e+01   1.0177000e+03   1.0136000e+03   1.0156000e+03   1.0118000e+03   1.0150000e+03   1.0100000e+03   1.0127000e+03   1.0158000e+03   1.0133000e+03   1.0089000e+03   1.0074000e+03   1.0130000e+03   1.0123000e+03   1.0150000e+03
  -5.6000000e+01   1.0180000e+03   1.0140000e+03   1.0158000e+03   1.0118000e+03   1.0142000e+03   1.0096000e+03   1.0129000e+03   1.0156000e+03   1.0120667e+03   1.0094333e+03   1.0065667e+03   1.0125667e+03   1.0129000e+03   1.0150000e+03
  -5.5000000e+01   1.0194000e+03   1.0142000e+03   1.0158000e+03   1.0115000e+03   1.0141000e+03   1.0096000e+03   1.0132000e+03   1.0152000e+03   1.0108333e+03   1.0099667e+03   1.0057334e+03   1.0121333e+03   1.0132000e+03   1.0151000e+03
  -5.4000000e+01   1.0199000e+03   1.0139000e+03   1.0163000e+03   1.0117000e+03   1.0140000e+03   1.0100000e+03   1.0136000e+03   1.0149000e+03   1.0096000e+03   1.0105000e+03   1.0049000e+03   1.0117000e+03   1.0131000e+03   1.0159000e+03
  -5.3000000e+01   1.0200000e+03   1.0132000e+03   1.0165000e+03   1.0118000e+03   1.0140000e+03   1.0102000e+03   1.0137000e+03   1.0145000e+03   1.0091500e+03   1.0104333e+03   1.0049000e+03   1.0131333e+03   1.0131000e+03   1.0156000e+03
  -5.2000000e+01   1.0199000e+03   1.0126000e+03   1.0165000e+03   1.0125000e+03   1.0143000e+03   1.0108000e+03   1.0132000e+03   1.0141000e+03   1.0087000e+03   1.0103667e+03   1.0049000e+03   1.0145667e+03   1.0134000e+03   1.0158000e+03
  -5.1000000e+01   1.0194000e+03   1.0119000e+03   1.0161000e+03   1.0122000e+03   1.0147000e+03   1.0111000e+03   1.0131000e+03   1.0140000e+03   1.0091500e+03   1.0103000e+03   1.0049000e+03   1.0160000e+03   1.0133000e+03   1.0154000e+03
  -5.0000000e+01   1.0190000e+03   1.0119000e+03   1.0157000e+03   1.0122000e+03   1.0151000e+03   1.0113000e+03   1.0129000e+03   1.0144000e+03   1.0096000e+03   1.0097500e+03   1.0055000e+03   1.0141333e+03   1.0130000e+03   1.0152000e+03
  -4.9000000e+01   1.0183000e+03   1.0117000e+03   1.0151000e+03   1.0115000e+03   1.0150000e+03   1.0113000e+03   1.0125000e+03   1.0149000e+03   1.0106000e+03   1.0092000e+03   1.0061000e+03   1.0122667e+03   1.0126000e+03   1.0151000e+03
  -4.8000000e+01   1.0189000e+03   1.0119000e+03   1.0148000e+03   1.0108000e+03   1.0148000e+03   1.0110000e+03   1.0120000e+03   1.0153000e+03   1.0112000e+03   1.0086500e+03   1.0067000e+03   1.0104000e+03   1.0120000e+03   1.0148000e+03
  -4.7000000e+01   1.0189000e+03   1.0118000e+03   1.0144000e+03   1.0105000e+03   1.0141000e+03   1.0106000e+03   1.0122000e+03   1.0157000e+03   1.0113500e+03   1.0081000e+03   1.0061667e+03   1.0105000e+03   1.0114000e+03   1.0149000e+03
  -4.6000000e+01   1.0190000e+03   1.0126000e+03   1.0149000e+03   1.0100000e+03   1.0134000e+03   1.0100000e+03   1.0121000e+03   1.0159000e+03   1.0115000e+03   1.0075500e+03   1.0056333e+03   1.0106000e+03   1.0104000e+03   1.0150000e+03
  -4.5000000e+01   1.0199000e+03   1.0128000e+03   1.0157000e+03   1.0101000e+03   1.0129000e+03   1.0088000e+03   1.0126000e+03   1.0159000e+03   1.0109200e+03   1.0070000e+03   1.0051000e+03   1.0107000e+03   1.0099000e+03   1.0151000e+03
  -4.4000000e+01   1.0195000e+03   1.0129000e+03   1.0154000e+03   1.0096000e+03   1.0122000e+03   1.0079000e+03   1.0128000e+03   1.0154000e+03   1.0103400e+03   1.0077000e+03   1.0042666e+03   1.0103333e+03   1.0096000e+03   1.0156000e+03
  -4.3000000e+01   1.0195000e+03   1.0123000e+03   1.0156000e+03   1.0096000e+03   1.0119000e+03   1.0078000e+03   1.0128000e+03   1.0149000e+03   1.0097600e+03   1.0084000e+03   1.0034333e+03   1.0099667e+03   1.0100000e+03   1.0163000e+03
  -4.2000000e+01   1.0200000e+03   1.0120000e+03   1.0163000e+03   1.0103000e+03   1.0122000e+03   1.0075000e+03   1.0129000e+03   1.0145000e+03   1.0091800e+03   1.0091000e+03   1.0026000e+03   1.0096000e+03   1.0100000e+03   1.0164000e+03
  -4.1000000e+01   1.0197000e+03   1.0113000e+03   1.0166000e+03   1.0105000e+03   1.0125000e+03   1.0073000e+03   1.0125000e+03   1.0141000e+03   1.0086000e+03   1.0092000e+03   1.0024000e+03   1.0092666e+03   1.0113000e+03   1.0165000e+03
  -4.0000000e+01   1.0190000e+03   1.0109000e+03   1.0164000e+03   1.0103000e+03   1.0127000e+03   1.0079000e+03   1.0120000e+03   1.0136000e+03   1.0083000e+03   1.0093000e+03   1.0022000e+03   1.0089333e+03   1.0108333e+03   1.0165000e+03
  -3.9000000e+01   1.0189000e+03   1.0109000e+03   1.0161000e+03   1.0106000e+03   1.0130000e+03   1.0083000e+03   1.0112000e+03   1.0133000e+03   1.0080000e+03   1.0094000e+03   1.0020000e+03   1.0086000e+03   1.0103667e+03   1.0163000e+03
  -3.8000000e+01   1.0180000e+03   1.0106000e+03   1.0156000e+03   1.0112000e+03   1.0130000e+03   1.0088000e+03   1.0101000e+03   1.0131000e+03   1.0080000e+03   1.0090667e+03   1.0027333e+03   1.0084333e+03   1.0099000e+03   1.0159000e+03
  -3.7000000e+01   1.0173000e+03   1.0106000e+03   1.0147000e+03   1.0097000e+03   1.0131000e+03   1.0088000e+03   1.0089000e+03   1.0129000e+03   1.0082500e+03   1.0087334e+03   1.0034667e+03   1.0082666e+03   1.0094333e+03   1.0154000e+03
  -3.6000000e+01   1.0173000e+03   1.0107000e+03   1.0140000e+03   1.0089000e+03   1.0126000e+03   1.0082000e+03   1.0084000e+03   1.0133000e+03   1.0085000e+03   1.0084000e+03   1.0042000e+03   1.0081000e+03   1.0089666e+03   1.0145000e+03
  -3.5000000e+01   1.0173000e+03   1.0109000e+03   1.0134000e+03   1.0086000e+03   1.0122000e+03   1.0077000e+03   1.0080000e+03   1.0136000e+03   1.0081000e+03   1.0082000e+03   1.0036667e+03   1.0082333e+03   1.0085000e+03   1.0136000e+03
  -3.4000000e+01   1.0175000e+03   1.0109000e+03   1.0135000e+03   1.0087000e+03   1.0116000e+03   1.0067000e+03   1.0080000e+03   1.0141000e+03   1.0083000e+03   1.0083000e+03   1.0031333e+03   1.0083667e+03   1.0080333e+03   1.0133000e+03
  -3.3000000e+01   1.0182000e+03   1.0110000e+03   1.0134000e+03   1.0082000e+03   1.0108000e+03   1.0063000e+03   1.0080000e+03   1.0143000e+03   1.0081000e+03   1.0084000e+03   1.0026000e+03   1.0085000e+03   1.0075666e+03   1.0130000e+03
  -3.2000000e+01   1.0182000e+03   1.0110000e+03   1.0142000e+03   1.0074000e+03   1.0102000e+03   1.0062000e+03   1.0086000e+03   1.0142000e+03   1.0063000e+03   1.0085000e+03   1.0018000e+03   1.0083667e+03   1.0071000e+03   1.0128000e+03
  -3.1000000e+01   1.0185000e+03   1.0108000e+03   1.0146000e+03   1.0066000e+03   1.0100000e+03   1.0061000e+03   1.0092000e+03   1.0141000e+03   1.0049500e+03   1.0090000e+03   1.0010000e+03   1.0082333e+03   1.0068000e+03   1.0126000e+03
  -3.0000000e+01   1.0190000e+03   1.0102000e+03   1.0147000e+03   1.0063000e+03   1.0099000e+03   1.0061000e+03   1.0097000e+03   1.0138000e+03   1.0036000e+03   1.0095000e+03   1.0002000e+03   1.0081000e+03   1.0065000e+03   1.0130000e+03
  -2.9000000e+01   1.0189000e+03   1.0093000e+03   1.0147000e+03   1.0057000e+03   1.0102000e+03   1.0061000e+03   1.0092000e+03   1.0133000e+03   1.0037000e+03   1.0096000e+03   1.0001667e+03   1.0074500e+03   1.0064000e+03   1.0130000e+03
  -2.8000000e+01   1.0183000e+03   1.0088000e+03   1.0145000e+03   1.0064000e+03   1.0105000e+03   1.0060000e+03   1.0094000e+03   1.0126000e+03   1.0034000e+03   1.0094000e+03   1.0001333e+03   1.0068000e+03   1.0067000e+03   1.0132000e+03
  -2.7000000e+01   1.0177000e+03   1.0078000e+03   1.0144000e+03   1.0061000e+03   1.0109000e+03   1.0060000e+03   1.0086000e+03   1.0123000e+03   1.0031000e+03   1.0088000e+03   1.0001000e+03   1.0068000e+03   1.0062000e+03   1.0129000e+03
  -2.6000000e+01   1.0173000e+03   1.0077000e+03   1.0139000e+03   1.0054000e+03   1.0110000e+03   1.0064000e+03   1.0087000e+03   1.0125000e+03   1.0025000e+03   1.0080000e+03   1.0004333e+03   1.0067333e+03   1.0060000e+03   1.0119000e+03
  -2.5000000e+01   1.0172000e+03   1.0077000e+03   1.0135000e+03   1.0044000e+03   1.0107000e+03   1.0064000e+03   1.0082000e+03   1.0126000e+03   1.0026000e+03   1.0071000e+03   1.0007666e+03   1.0066666e+03   1.0054000e+03   1.0111000e+03
  -2.4000000e+01   1.0168000e+03   1.0075000e+03   1.0132000e+03   1.0043000e+03   1.0101000e+03   1.0059000e+03   1.0073000e+03   1.0130000e+03   1.0027000e+03   1.0059000e+03   1.0011000e+03   1.0066000e+03   1.0044000e+03   1.0104000e+03
  -2.3000000e+01   1.0170000e+03   1.0072000e+03   1.0134000e+03   1.0039000e+03   1.0091000e+03   1.0052000e+03   1.0070000e+03   1.0133000e+03   1.0029000e+03   1.0053000e+03   1.0007333e+03   1.0067666e+03   1.0034000e+03   1.0101000e+03
  -2.2000000e+01   1.0172000e+03   1.0078000e+03   1.0135000e+03   1.0030000e+03   1.0082000e+03   1.0044000e+03   1.0068000e+03   1.0134000e+03   1.0023000e+03   1.0052000e+03   1.0003667e+03   1.0069333e+03   1.0032000e+03   1.0099000e+03
  -2.1000000e+01   1.0178000e+03   1.0077000e+03   1.0139000e+03   1.0032000e+03   1.0071000e+03   1.0035000e+03   1.0066000e+03   1.0136000e+03   1.0017000e+03   1.0058000e+03   1.0000000e+03   1.0071000e+03   1.0033000e+03   1.0097000e+03
  -2.0000000e+01   1.0182000e+03   1.0073000e+03   1.0143000e+03   1.0025000e+03   1.0063000e+03   1.0028000e+03   1.0063000e+03   1.0128000e+03   1.0010333e+03   1.0061000e+03   9.9948334e+02   1.0066333e+03   1.0035000e+03   1.0100000e+03
  -1.9000000e+01   1.0183000e+03   1.0067000e+03   1.0144000e+03   1.0029000e+03   1.0063000e+03   1.0027000e+03   1.0063000e+03   1.0129000e+03   1.0003667e+03   1.0059000e+03   9.9896667e+02   1.0061667e+03   1.0039000e+03   1.0099000e+03
  -1.8000000e+01   1.0185000e+03   1.0057000e+03   1.0146000e+03   1.0029000e+03   1.0062000e+03   1.0031000e+03   1.0065000e+03   1.0123000e+03   9.9970001e+02   1.0058000e+03   9.9845001e+02   1.0057000e+03   1.0036000e+03   1.0097000e+03
  -1.7000000e+01   1.0185000e+03   1.0046000e+03   1.0146000e+03   1.0027000e+03   1.0062000e+03   1.0025000e+03   1.0059000e+03   1.0120000e+03   9.9903335e+02   1.0058000e+03   9.9793335e+02   1.0050667e+03   1.0040000e+03   1.0095000e+03
  -1.6000000e+01   1.0178000e+03   1.0038000e+03   1.0147000e+03   1.0020000e+03   1.0063000e+03   1.0023000e+03   1.0049000e+03   1.0105000e+03   9.9836668e+02   1.0053000e+03   9.9741669e+02   1.0044333e+03   1.0041000e+03   1.0093000e+03
  -1.5000000e+01   1.0173000e+03   1.0031000e+03   1.0149000e+03   1.0017000e+03   1.0062000e+03   1.0012000e+03   1.0045000e+03   1.0103000e+03   9.9770001e+02   1.0044000e+03   9.9690002e+02   1.0038000e+03   1.0036666e+03   1.0086000e+03
  -1.4000000e+01   1.0163000e+03   1.0022000e+03   1.0150000e+03   1.0008000e+03   1.0061000e+03   1.0003000e+03   1.0027667e+03   1.0097000e+03   9.9703335e+02   1.0038000e+03   9.9760002e+02   1.0035667e+03   1.0032333e+03   1.0076000e+03
  -1.3000000e+01   1.0160000e+03   1.0016000e+03   1.0161000e+03   1.0000000e+03   1.0051000e+03   9.9909998e+02   1.0010333e+03   1.0097000e+03   9.9636668e+02   1.0024500e+03   9.9830001e+02   1.0033333e+03   1.0028000e+03   1.0062000e+03
  -1.2000000e+01   1.0156000e+03   1.0012000e+03   1.0145500e+03   9.9990002e+02   1.0049000e+03   9.9745382e+02   9.9929999e+02   1.0086000e+03   9.9570001e+02   1.0011000e+03   9.9900000e+02   1.0031000e+03   1.0007000e+03   1.0049000e+03
  -1.1000000e+01   1.0153000e+03   1.0010000e+03   1.0130000e+03   9.9800000e+02   1.0036000e+03   9.9580767e+02   9.9729999e+02   1.0091000e+03   9.9503335e+02   1.0001000e+03   9.9796667e+02   1.0029000e+03   1.0005000e+03   1.0035000e+03
  -1.0000000e+01   1.0150000e+03   1.0007000e+03   1.0130000e+03   9.9700000e+02   1.0021000e+03   9.9416152e+02   9.9539999e+02   1.0093000e+03   9.9436668e+02   9.9909998e+02   9.9693335e+02   1.0027000e+03   9.9879999e+02   1.0017000e+03
  -9.0000000e+00   1.0161000e+03   1.0003000e+03   1.0128000e+03   9.9670001e+02   1.0009000e+03   9.9251537e+02   9.9350000e+02   1.0086000e+03   9.9370001e+02   9.9869998e+02   9.9590002e+02   1.0025000e+03   9.9940002e+02   1.0004000e+03
  -8.0000000e+00   1.0153000e+03   1.0003000e+03   1.0132000e+03   9.9679999e+02   1.0000000e+03   9.9086922e+02   9.9164999e+02   1.0083000e+03   9.9303335e+02   9.9829999e+02   9.9453336e+02   1.0013667e+03   9.9909998e+02   9.9850000e+02
  -7.0000000e+00   1.0150000e+03   9.9970001e+02   1.0132000e+03   9.9700000e+02   9.9920001e+02   9.8922307e+02   9.8979999e+02   1.0076000e+03   9.9236668e+02   9.9789999e+02   9.9316669e+02   1.0002333e+03   9.9779999e+02   9.9720001e+02
  -6.0000000e+00   1.0143000e+03   9.9940002e+02   1.0132000e+03   9.9679999e+02   9.9829999e+02   9.8757692e+02   9.8950000e+02   1.0067000e+03   9.9170001e+02   9.9750000e+02   9.9180002e+02   9.9909998e+02   9.9729999e+02   9.9459998e+02
  -5.0000000e+00   1.0131000e+03   9.9790002e+02   1.0137000e+03   9.9700000e+02   9.9759998e+02   9.8593077e+02   9.8620001e+02   1.0062500e+03   9.9103335e+02   9.9486666e+02   9.9043335e+02   9.9709998e+02   9.9579999e+02   9.9240002e+02
  -4.0000000e+00   1.0123000e+03   9.9720001e+02   1.0124000e+03   9.9670001e+02   9.9740002e+02   9.8428462e+02   9.8290002e+02   1.0058000e+03   9.9036668e+02   9.9223332e+02   9.8906668e+02   9.9500000e+02   9.9490002e+02   9.8890002e+02
  -3.0000000e+00   1.0104000e+03   9.9629999e+02   1.0106000e+03   9.9650000e+02   9.9659998e+02   9.8263847e+02   9.7863334e+02   1.0055000e+03   9.8970001e+02   9.8959998e+02   9.8770001e+02   9.9329999e+02   9.9359998e+02   9.8500000e+02
  -2.0000000e+00   1.0068000e+03   9.9629999e+02   1.0090000e+03   9.9609998e+02   9.9659998e+02   9.8099231e+02   9.7436666e+02   1.0054000e+03   9.8903335e+02   9.8490002e+02   9.8523334e+02   9.9009998e+02   9.9109998e+02   9.7800000e+02
  -1.0000000e+00   1.0004000e+03   9.9609998e+02   1.0035500e+03   9.9519998e+02   9.9709998e+02   9.7934616e+02   9.7009998e+02   1.0050000e+03   9.8836668e+02   9.8125000e+02   9.8276666e+02   9.8479999e+02   9.8679999e+02   9.7229999e+02
   0.0000000e+00   9.9409998e+02   9.9579999e+02   9.9809998e+02   9.9429999e+02   9.9650000e+02   9.7770001e+02   9.6970001e+02   1.0046000e+03   9.8770001e+02   9.7759998e+02   9.8029999e+02   9.8020001e+02   9.8250000e+02   9.6600000e+02
   1.0000000e+00   9.9629999e+02   9.9640002e+02   1.0038000e+03   9.9450000e+02   9.9670001e+02   9.8279999e+02   9.7350000e+02   1.0054000e+03   9.8903335e+02   9.8183331e+02   9.8058888e+02   9.8020001e+02   9.8587500e+02   9.6690002e+02
   2.0000000e+00   1.0034000e+03   9.9700000e+02   1.0044190e+03   9.9450000e+02   9.9709998e+02   9.8790002e+02   9.7660000e+02   1.0065000e+03   9.9036668e+02   9.8606665e+02   9.8087777e+02   9.8020001e+02   9.8925000e+02   9.7409998e+02
   3.0000000e+00   1.0092000e+03   9.9709998e+02   1.0050381e+03   9.9500000e+02   9.9709998e+02   9.9159998e+02   9.7969999e+02   1.0079000e+03   9.9170001e+02   9.9029999e+02   9.8116667e+02   9.8020001e+02   9.9262500e+02   9.7990002e+02
   4.0000000e+00   1.0106000e+03   9.9720001e+02   1.0056571e+03   9.9570001e+02   9.9729999e+02   9.9400000e+02   9.8279999e+02   1.0088000e+03   9.9176667e+02   9.9209998e+02   9.8145556e+02   9.8020001e+02   9.9600000e+02   9.8520001e+02
   5.0000000e+00   1.0107000e+03   9.9700000e+02   1.0062762e+03   9.9650000e+02   9.9750000e+02   9.9570001e+02   9.8589998e+02   1.0091000e+03   9.9183333e+02   9.9370001e+02   9.8174445e+02   9.8750000e+02   9.9700000e+02   9.8940002e+02
   6.0000000e+00   1.0155000e+03   9.9720001e+02   1.0068952e+03   9.9779999e+02   9.9850000e+02   9.9770001e+02   9.8899998e+02   1.0096000e+03   9.9189999e+02   9.9490002e+02   9.8203335e+02   9.9050000e+02   9.9433333e+02   9.9235001e+02
   7.0000000e+00   1.0156000e+03   9.9740002e+02   1.0075143e+03   9.9829999e+02   9.9929999e+02   9.9909998e+02   9.9209998e+02   1.0095000e+03   9.9196665e+02   9.9529999e+02   9.8232224e+02   9.9379999e+02   9.9166667e+02   9.9529999e+02
   8.0000000e+00   1.0158000e+03   9.9720001e+02   1.0081333e+03   9.9900000e+02   1.0003000e+03   9.9970001e+02   9.9450000e+02   1.0097000e+03   9.9203332e+02   9.9659998e+02   9.8261113e+02   9.9629999e+02   9.8900000e+02   9.9800000e+02
   9.0000000e+00   1.0163000e+03   9.9720001e+02   1.0087524e+03   1.0003000e+03   1.0016000e+03   1.0011000e+03   9.9609998e+02   1.0097000e+03   9.9209998e+02   9.9679999e+02   9.8290002e+02   9.9779999e+02   9.9240002e+02   1.0000000e+03
   1.0000000e+01   1.0160000e+03   9.9779999e+02   1.0093714e+03   1.0006000e+03   1.0028000e+03   1.0024000e+03   9.9890002e+02   1.0097000e+03   9.9134998e+02   9.9679999e+02   9.8330727e+02   9.9876666e+02   9.9479999e+02   1.0013000e+03
   1.1000000e+01   1.0160000e+03   9.9840002e+02   1.0099905e+03   1.0009000e+03   1.0032000e+03   1.0035000e+03   1.0002000e+03   1.0099000e+03   9.9059998e+02   9.9679999e+02   9.8371452e+02   9.9973334e+02   9.9659998e+02   1.0016000e+03
   1.2000000e+01   1.0155000e+03   9.9959998e+02   1.0106095e+03   1.0012000e+03   1.0042000e+03   1.0038000e+03   1.0002000e+03   1.0099000e+03   9.8984998e+02   9.9659998e+02   9.8412176e+02   1.0007000e+03   9.9829999e+02   1.0022000e+03
   1.3000000e+01   1.0163000e+03   1.0003000e+03   1.0112286e+03   1.0014000e+03   1.0042000e+03   1.0041500e+03   1.0012000e+03   1.0111000e+03   9.8909998e+02   9.9659998e+02   9.8452901e+02   1.0023000e+03   9.9940002e+02   1.0032000e+03
   1.4000000e+01   1.0163000e+03   1.0013000e+03   1.0118476e+03   1.0020000e+03   1.0042000e+03   1.0045000e+03   1.0019000e+03   1.0117000e+03   9.8977998e+02   9.9700000e+02   9.8493625e+02   1.0039000e+03   1.0002000e+03   1.0041000e+03
   1.5000000e+01   1.0163000e+03   1.0018000e+03   1.0124667e+03   1.0029000e+03   1.0041000e+03   1.0048000e+03   1.0022000e+03   1.0118000e+03   9.9045999e+02   9.9740002e+02   9.8534350e+02   1.0055000e+03   1.0012000e+03   1.0052000e+03
   1.6000000e+01   1.0175000e+03   1.0024000e+03   1.0130857e+03   1.0035000e+03   1.0040000e+03   1.0055000e+03   1.0029000e+03   1.0118000e+03   9.9113999e+02   9.9836668e+02   9.8575075e+02   1.0062000e+03   1.0025000e+03   1.0058000e+03
   1.7000000e+01   1.0178000e+03   1.0027000e+03   1.0137047e+03   1.0037000e+03   1.0044000e+03   1.0058000e+03   1.0043000e+03   1.0114000e+03   9.9182000e+02   9.9933333e+02   9.8615799e+02   1.0069000e+03   1.0034000e+03   1.0068000e+03
   1.8000000e+01   1.0180000e+03   1.0027000e+03   1.0143238e+03   1.0044000e+03   1.0051000e+03   1.0065000e+03   1.0056000e+03   1.0111000e+03   9.9250000e+02   1.0003000e+03   9.8656524e+02   1.0076000e+03   1.0046000e+03   1.0076000e+03
   1.9000000e+01   1.0183000e+03   1.0024000e+03   1.0149428e+03   1.0052000e+03   1.0062000e+03   1.0072000e+03   1.0066000e+03   1.0107000e+03   9.9229999e+02   1.0005667e+03   9.8697248e+02   1.0076666e+03   1.0056000e+03   1.0081000e+03
   2.0000000e+01   1.0178000e+03   1.0018000e+03   1.0155619e+03   1.0063000e+03   1.0067000e+03   1.0082000e+03   1.0070000e+03   1.0109000e+03   9.9369998e+02   1.0008333e+03   9.8737973e+02   1.0077333e+03   1.0065000e+03   1.0095000e+03
   2.1000000e+01   1.0177000e+03   1.0022000e+03   1.0161809e+03   1.0068000e+03   1.0081000e+03   1.0089000e+03   1.0075000e+03   1.0114000e+03   9.9509998e+02   1.0011000e+03   9.8778698e+02   1.0078000e+03   1.0071000e+03   1.0099000e+03
   2.2000000e+01   1.0173000e+03   1.0024000e+03   1.0168000e+03   1.0068000e+03   1.0090000e+03   1.0092000e+03   1.0080000e+03   1.0115000e+03   9.9590002e+02   1.0007000e+03   9.8819422e+02   1.0085000e+03   1.0072000e+03   1.0101000e+03
   2.3000000e+01   1.0172000e+03   1.0034000e+03   1.0163000e+03   1.0072000e+03   1.0098000e+03   1.0096000e+03   1.0083000e+03   1.0122000e+03   9.9745001e+02   1.0003000e+03   9.8860147e+02   1.0092000e+03   1.0067000e+03   1.0100000e+03
   2.4000000e+01   1.0173000e+03   1.0046000e+03   1.0161000e+03   1.0076000e+03   1.0100000e+03   1.0092000e+03   1.0087000e+03   1.0123000e+03   9.9900000e+02   9.9990002e+02   9.8900871e+02   1.0099000e+03   1.0062000e+03   1.0101000e+03
   2.5000000e+01   1.0178000e+03   1.0056000e+03   1.0164500e+03   1.0075000e+03   1.0100000e+03   1.0089000e+03   1.0093000e+03   1.0129000e+03   9.9932000e+02   9.9980001e+02   9.8941596e+02   1.0107000e+03   1.0059000e+03   1.0103000e+03
   2.6000000e+01   1.0183000e+03   1.0069000e+03   1.0168000e+03   1.0072000e+03   1.0095000e+03   1.0085000e+03   1.0097000e+03   1.0135000e+03   9.9963999e+02   9.9969999e+02   9.8982321e+02   1.0115000e+03   1.0062000e+03   1.0108000e+03
   2.7000000e+01   1.0185000e+03   1.0078000e+03   1.0172000e+03   1.0072000e+03   1.0096000e+03   1.0079000e+03   1.0104000e+03   1.0136000e+03   9.9995999e+02   9.9959998e+02   9.9023045e+02   1.0123000e+03   1.0065000e+03   1.0117000e+03
   2.8000000e+01   1.0189000e+03   1.0080000e+03   1.0183000e+03   1.0078000e+03   1.0093000e+03   1.0075000e+03   1.0110000e+03   1.0136000e+03   1.0002800e+03   1.0003667e+03   9.9063770e+02   1.0126333e+03   1.0069000e+03   1.0126000e+03
   2.9000000e+01   1.0194000e+03   1.0079000e+03   1.0185000e+03   1.0085000e+03   1.0096000e+03   1.0075000e+03   1.0117000e+03   1.0130000e+03   1.0006000e+03   1.0011333e+03   9.9104494e+02   1.0129667e+03   1.0078000e+03   1.0131000e+03
   3.0000000e+01   1.0195000e+03   1.0082000e+03   1.0182000e+03   1.0093000e+03   1.0104000e+03   1.0075000e+03   1.0124000e+03   1.0132000e+03   1.0007000e+03   1.0019000e+03   9.9145219e+02   1.0133000e+03   1.0084000e+03   1.0136000e+03
   3.1000000e+01   1.0200000e+03   1.0080000e+03   1.0183000e+03   1.0101000e+03   1.0113000e+03   1.0082000e+03   1.0127000e+03   1.0127000e+03   1.0008333e+03   1.0022000e+03   9.9185944e+02   1.0135333e+03   1.0090000e+03   1.0141000e+03
   3.2000000e+01   1.0199000e+03   1.0083000e+03   1.0186000e+03   1.0107000e+03   1.0118000e+03   1.0085000e+03   1.0131000e+03   1.0116000e+03   1.0009667e+03   1.0025000e+03   9.9226668e+02   1.0137667e+03   1.0096000e+03   1.0142000e+03
   3.3000000e+01   1.0194000e+03   1.0085000e+03   1.0185000e+03   1.0110000e+03   1.0126000e+03   1.0089000e+03   1.0131000e+03   1.0117000e+03   1.0011000e+03   1.0028000e+03   9.9267393e+02   1.0140000e+03   1.0100000e+03   1.0140000e+03
   3.4000000e+01   1.0190000e+03   1.0088000e+03   1.0185000e+03   1.0114000e+03   1.0131000e+03   1.0096000e+03   1.0127000e+03   1.0122000e+03   1.0016833e+03   1.0023000e+03   9.9308117e+02   1.0144667e+03   1.0099000e+03   1.0137000e+03
   3.5000000e+01   1.0185000e+03   1.0092000e+03   1.0181000e+03   1.0112000e+03   1.0133000e+03   1.0099000e+03   1.0121000e+03   1.0121000e+03   1.0022666e+03   1.0018000e+03   9.9348842e+02   1.0149333e+03   1.0097000e+03   1.0132000e+03
   3.6000000e+01   1.0183000e+03   1.0099000e+03   1.0175000e+03   1.0108000e+03   1.0137000e+03   1.0099000e+03   1.0117000e+03   1.0127000e+03   1.0028500e+03   1.0013000e+03   9.9389567e+02   1.0154000e+03   1.0099000e+03   1.0125000e+03
   3.7000000e+01   1.0183000e+03   1.0106000e+03   1.0170000e+03   1.0104000e+03   1.0133000e+03   1.0099000e+03   1.0114000e+03   1.0135000e+03   1.0034333e+03   1.0010667e+03   9.9430291e+02   1.0157667e+03   1.0098000e+03   1.0123000e+03
   3.8000000e+01   1.0183000e+03   1.0113000e+03   1.0169000e+03   1.0101000e+03   1.0126000e+03   1.0099000e+03   1.0117000e+03   1.0141000e+03   1.0040166e+03   1.0008333e+03   9.9471016e+02   1.0161333e+03   1.0097000e+03   1.0125000e+03
   3.9000000e+01   1.0187000e+03   1.0118000e+03   1.0177000e+03   1.0100000e+03   1.0123000e+03   1.0099000e+03   1.0117000e+03   1.0136000e+03   1.0046000e+03   1.0006000e+03   9.9511741e+02   1.0165000e+03   1.0097000e+03   1.0129000e+03
   4.0000000e+01   1.0189000e+03   1.0121000e+03   1.0182000e+03   1.0103000e+03   1.0121000e+03   1.0099000e+03   1.0120000e+03   1.0131000e+03   1.0050333e+03   1.0013000e+03   9.9552465e+02   1.0165667e+03   1.0097000e+03   1.0132000e+03
   4.1000000e+01   1.0195000e+03   1.0120000e+03   1.0190000e+03   1.0105000e+03   1.0125000e+03   1.0102000e+03   1.0124000e+03   1.0135000e+03   1.0054667e+03   1.0020000e+03   9.9593190e+02   1.0166333e+03   1.0099000e+03   1.0136000e+03
   4.2000000e+01   1.0199000e+03   1.0119000e+03   1.0193000e+03   1.0111000e+03   1.0125000e+03   1.0109000e+03   1.0127000e+03   1.0135000e+03   1.0059000e+03   1.0027000e+03   9.9633914e+02   1.0167000e+03   1.0104000e+03   1.0144000e+03
   4.3000000e+01   1.0195000e+03   1.0113000e+03   1.0196000e+03   1.0116000e+03   1.0129000e+03   1.0113000e+03   1.0128500e+03   1.0135000e+03   1.0062667e+03   1.0023333e+03   9.9674639e+02   1.0165333e+03   1.0112000e+03   1.0150000e+03
   4.4000000e+01   1.0195000e+03   1.0114000e+03   1.0193000e+03   1.0118000e+03   1.0136000e+03   1.0119000e+03   1.0130000e+03   1.0133000e+03   1.0066333e+03   1.0019667e+03   9.9715364e+02   1.0163667e+03   1.0115000e+03   1.0152000e+03
   4.5000000e+01   1.0194000e+03   1.0110000e+03   1.0191000e+03   1.0124000e+03   1.0144000e+03   1.0119000e+03   1.0130000e+03   1.0131000e+03   1.0070000e+03   1.0016000e+03   9.9756088e+02   1.0162000e+03   1.0114000e+03   1.0152000e+03
   4.6000000e+01   1.0189000e+03   1.0108000e+03   1.0189000e+03   1.0121000e+03   1.0148000e+03   1.0123000e+03   1.0132000e+03   1.0134000e+03   1.0062000e+03   1.0013000e+03   9.9796813e+02   1.0166000e+03   1.0111000e+03   1.0149000e+03
   4.7000000e+01   1.0183000e+03   1.0110000e+03   1.0181000e+03   1.0120000e+03   1.0155000e+03   1.0124000e+03   1.0133000e+03   1.0141000e+03   1.0054000e+03   1.0010000e+03   9.9837537e+02   1.0170000e+03   1.0106000e+03   1.0148000e+03
   4.8000000e+01   1.0183000e+03   1.0117000e+03   1.0180000e+03   1.0116000e+03   1.0156000e+03   1.0126000e+03   1.0134000e+03   1.0143000e+03   1.0046000e+03   1.0007000e+03   9.9878262e+02   1.0174000e+03   1.0099000e+03   1.0147000e+03
   4.9000000e+01   1.0183000e+03   1.0122000e+03   1.0178000e+03   1.0115000e+03   1.0153000e+03   1.0121000e+03   1.0135000e+03   1.0145000e+03   1.0049667e+03   1.0005000e+03   9.9918987e+02   1.0178334e+03   1.0090000e+03   1.0145000e+03
   5.0000000e+01   1.0189000e+03   1.0126000e+03   1.0175000e+03   1.0109000e+03   1.0150000e+03   1.0119000e+03   1.0141000e+03   1.0147000e+03   1.0053333e+03   1.0003000e+03   9.9959711e+02   1.0182667e+03   1.0088000e+03   1.0148000e+03
   5.1000000e+01   1.0195000e+03   1.0137000e+03   1.0188000e+03   1.0106000e+03   1.0145000e+03   1.0109000e+03   1.0145000e+03   1.0148000e+03   1.0057000e+03   1.0001000e+03   1.0000044e+03   1.0187000e+03   1.0087000e+03   1.0152000e+03
   5.2000000e+01   1.0199000e+03   1.0140000e+03   1.0185000e+03   1.0109000e+03   1.0141000e+03   1.0103000e+03   1.0149000e+03   1.0146000e+03   1.0058556e+03   1.0007000e+03   1.0004116e+03   1.0185667e+03   1.0095000e+03   1.0159000e+03
   5.3000000e+01   1.0202000e+03   1.0135000e+03   1.0179000e+03   1.0117000e+03   1.0144000e+03   1.0101000e+03   1.0153000e+03   1.0140000e+03   1.0060111e+03   1.0013000e+03   1.0008188e+03   1.0184333e+03   1.0102000e+03   1.0163000e+03
   5.4000000e+01   1.0204000e+03   1.0134000e+03   1.0182000e+03   1.0121000e+03   1.0151000e+03   1.0101000e+03   1.0155000e+03   1.0134000e+03   1.0061667e+03   1.0019000e+03   1.0012261e+03   1.0183000e+03   1.0108000e+03   1.0167000e+03
   5.5000000e+01   1.0205000e+03   1.0130000e+03   1.0192000e+03   1.0126000e+03   1.0156000e+03   1.0104000e+03   1.0159000e+03   1.0131000e+03   1.0063222e+03   1.0019000e+03   1.0016333e+03   1.0181000e+03   1.0114000e+03   1.0169000e+03
   5.6000000e+01   1.0202000e+03   1.0127000e+03   1.0198000e+03   1.0128000e+03   1.0161000e+03   1.0114000e+03   1.0156000e+03   1.0128000e+03   1.0064778e+03   1.0019000e+03   1.0020406e+03   1.0179000e+03   1.0120500e+03   1.0171000e+03
   5.7000000e+01   1.0199000e+03   1.0120000e+03   1.0199000e+03   1.0135000e+03   1.0160000e+03   1.0121000e+03   1.0150000e+03   1.0124000e+03   1.0066333e+03   1.0019000e+03   1.0024478e+03   1.0177000e+03   1.0127000e+03   1.0169000e+03
   5.8000000e+01   1.0194000e+03   1.0119000e+03   1.0195000e+03   1.0135000e+03   1.0162000e+03   1.0126000e+03   1.0144000e+03   1.0134000e+03   1.0067889e+03   1.0015333e+03   1.0028551e+03   1.0179333e+03   1.0129000e+03   1.0164000e+03
   5.9000000e+01   1.0189000e+03   1.0124000e+03   1.0193000e+03   1.0133000e+03   1.0162000e+03   1.0131000e+03   1.0139000e+03   1.0138500e+03   1.0069444e+03   1.0011667e+03   1.0032623e+03   1.0181667e+03   1.0131000e+03   1.0158000e+03
   6.0000000e+01   1.0185000e+03   1.0132000e+03   1.0189000e+03   1.0128000e+03   1.0162000e+03   1.0131000e+03   1.0134000e+03   1.0143000e+03   1.0071000e+03   1.0008000e+03   1.0036696e+03   1.0184000e+03   1.0132000e+03   1.0152000e+03
   6.1000000e+01   1.0183000e+03   1.0136000e+03   1.0186000e+03   1.0133000e+03   1.0162000e+03   1.0131000e+03   1.0134000e+03   1.0146000e+03   1.0065833e+03   1.0005667e+03   1.0040768e+03   1.0187000e+03   1.0133000e+03   1.0147000e+03
   6.2000000e+01   1.0182000e+03   1.0142000e+03   1.0186000e+03   1.0124000e+03   1.0154000e+03   1.0130000e+03   1.0134000e+03   1.0148000e+03   1.0060667e+03   1.0003333e+03   1.0044841e+03   1.0190000e+03   1.0134000e+03   1.0146000e+03
   6.3000000e+01   1.0190000e+03   1.0144000e+03   1.0188000e+03   1.0119000e+03   1.0151000e+03   1.0130000e+03   1.0135000e+03   1.0152000e+03   1.0055500e+03   1.0001000e+03   1.0048913e+03   1.0193000e+03   1.0137000e+03   1.0147000e+03
   6.4000000e+01   1.0197000e+03   1.0147000e+03   1.0193000e+03   1.0119000e+03   1.0148000e+03   1.0132000e+03   1.0141000e+03   1.0145000e+03   1.0050333e+03   1.0005667e+03   1.0052986e+03   1.0190000e+03   1.0142000e+03   1.0149000e+03
   6.5000000e+01   1.0200000e+03   1.0147000e+03   1.0196000e+03   1.0119000e+03   1.0150000e+03   1.0135000e+03   1.0144000e+03   1.0142000e+03   1.0045167e+03   1.0010333e+03   1.0057058e+03   1.0187000e+03   1.0145000e+03   1.0154000e+03
   6.6000000e+01   1.0204000e+03   1.0143000e+03   1.0199000e+03   1.0123000e+03   1.0148000e+03   1.0140000e+03   1.0147000e+03   1.0132000e+03   1.0040000e+03   1.0015000e+03   1.0061130e+03   1.0184000e+03   1.0153000e+03   1.0159000e+03
   6.7000000e+01   1.0204000e+03   1.0135000e+03   1.0203000e+03   1.0126000e+03   1.0147000e+03   1.0146000e+03   1.0146000e+03   1.0131000e+03   1.0043667e+03   1.0016000e+03   1.0065203e+03   1.0183334e+03   1.0156000e+03   1.0163000e+03
   6.8000000e+01   1.0195000e+03   1.0132000e+03   1.0203000e+03   1.0130000e+03   1.0148000e+03   1.0152000e+03   1.0144000e+03   1.0128000e+03   1.0047333e+03   1.0017000e+03   1.0069275e+03   1.0182667e+03   1.0162000e+03   1.0165000e+03
   6.9000000e+01   1.0194000e+03   1.0124000e+03   1.0199000e+03   1.0135000e+03   1.0153000e+03   1.0155000e+03   1.0143000e+03   1.0133000e+03   1.0051000e+03   1.0018000e+03   1.0073348e+03   1.0182000e+03   1.0159000e+03   1.0161000e+03
   7.0000000e+01   1.0189000e+03   1.0128000e+03   1.0192000e+03   1.0135000e+03   1.0154000e+03   1.0161000e+03   1.0142000e+03   1.0138000e+03   1.0054667e+03   1.0010333e+03   1.0077420e+03   1.0182000e+03   1.0156000e+03   1.0158000e+03
   7.1000000e+01   1.0183000e+03   1.0130000e+03   1.0186000e+03   1.0132000e+03   1.0157000e+03   1.0164000e+03   1.0141000e+03   1.0146000e+03   1.0058333e+03   1.0002667e+03   1.0081493e+03   1.0182000e+03   1.0153000e+03   1.0159000e+03
   7.2000000e+01   1.0183000e+03   1.0133000e+03   1.0180000e+03   1.0128000e+03   1.0158000e+03   1.0159000e+03   1.0143000e+03   1.0148000e+03   1.0062000e+03   9.9950000e+02   1.0085565e+03   1.0182000e+03   1.0147000e+03   1.0160000e+03
   7.3000000e+01   1.0185000e+03   1.0137000e+03   1.0176000e+03   1.0121000e+03   1.0158000e+03   1.0158000e+03   1.0145000e+03   1.0151000e+03   1.0065667e+03   9.9950000e+02   1.0089638e+03   1.0185333e+03   1.0142000e+03   1.0159000e+03
   7.4000000e+01   1.0189000e+03   1.0143000e+03   1.0180000e+03   1.0120000e+03   1.0153000e+03   1.0157000e+03   1.0149000e+03   1.0154000e+03   1.0069333e+03   9.9950000e+02   1.0093710e+03   1.0188667e+03   1.0142000e+03   1.0161000e+03
   7.5000000e+01   1.0190000e+03   1.0148000e+03   1.0180000e+03   1.0121000e+03   1.0148000e+03   1.0153000e+03   1.0152000e+03   1.0157000e+03   1.0073000e+03   9.9950000e+02   1.0097783e+03   1.0192000e+03   1.0141000e+03   1.0166000e+03
   7.6000000e+01   1.0194000e+03   1.0148000e+03   1.0189000e+03   1.0124000e+03   1.0143000e+03   1.0149000e+03   1.0156000e+03   1.0155000e+03   1.0070000e+03   9.9996667e+02   1.0101855e+03   1.0190000e+03   1.0144000e+03   1.0172000e+03
   7.7000000e+01   1.0197000e+03   1.0144000e+03   1.0207000e+03   1.0130000e+03   1.0142000e+03   1.0143000e+03   1.0162000e+03   1.0155000e+03   1.0067000e+03   1.0004333e+03   1.0105928e+03   1.0188000e+03   1.0146000e+03   1.0175000e+03
   7.8000000e+01   1.0200000e+03   1.0143000e+03   1.0209000e+03   1.0133000e+03   1.0143000e+03   1.0147000e+03   1.0167000e+03   1.0170000e+03   1.0064000e+03   1.0009000e+03   1.0110000e+03   1.0186000e+03   1.0152000e+03   1.0176000e+03
   7.9000000e+01   1.0199000e+03   1.0140000e+03   1.0205000e+03   1.0139000e+03   1.0149000e+03   1.0151000e+03   1.0167000e+03   1.0159000e+03   1.0066667e+03   1.0012000e+03   1.0108667e+03   1.0186000e+03   1.0156500e+03   1.0178000e+03
   8.0000000e+01   1.0194000e+03   1.0133000e+03   1.0200000e+03   1.0146000e+03   1.0152000e+03   1.0152000e+03   1.0163000e+03   1.0144000e+03   1.0069333e+03   1.0015000e+03   1.0107333e+03   1.0186000e+03   1.0161000e+03   1.0177000e+03
   8.1000000e+01   1.0187000e+03   1.0136000e+03   1.0196000e+03   1.0146000e+03   1.0156000e+03   1.0158000e+03   1.0157000e+03   1.0147000e+03   1.0072000e+03   1.0018000e+03   1.0106000e+03   1.0186000e+03   1.0165000e+03   1.0175000e+03
   8.2000000e+01   1.0178000e+03   1.0134000e+03   1.0197000e+03   1.0146000e+03   1.0159000e+03   1.0167000e+03   1.0149000e+03   1.0149000e+03   1.0074667e+03   1.0016333e+03   1.0114000e+03   1.0182666e+03   1.0162000e+03   1.0170000e+03
   8.3000000e+01   1.0173000e+03   1.0135000e+03   1.0190000e+03   1.0144000e+03   1.0162000e+03   1.0168000e+03   1.0141000e+03   1.0151000e+03   1.0077333e+03   1.0014667e+03   1.0122000e+03   1.0179333e+03   1.0160000e+03   1.0165000e+03
   8.4000000e+01   1.0172000e+03   1.0139000e+03   1.0182000e+03   1.0140000e+03   1.0161000e+03   1.0167000e+03   1.0136000e+03   1.0155000e+03   1.0080000e+03   1.0013000e+03   1.0130000e+03   1.0176000e+03   1.0159000e+03   1.0159000e+03
   8.5000000e+01   1.0168000e+03   1.0142000e+03   1.0179000e+03   1.0131000e+03   1.0153000e+03   1.0166000e+03   1.0132000e+03   1.0161000e+03   1.0080333e+03   1.0012333e+03   1.0129000e+03   1.0178667e+03   1.0158000e+03   1.0154000e+03
   8.6000000e+01   1.0170000e+03   1.0145000e+03   1.0180000e+03   1.0127000e+03   1.0148000e+03   1.0164000e+03   1.0132000e+03   1.0163500e+03   1.0080667e+03   1.0011666e+03   1.0128000e+03   1.0181333e+03   1.0154000e+03   1.0152000e+03
   8.7000000e+01   1.0172000e+03   1.0148000e+03   1.0181000e+03   1.0122000e+03   1.0138000e+03   1.0164000e+03   1.0132000e+03   1.0166000e+03   1.0081000e+03   1.0011000e+03   1.0127000e+03   1.0184000e+03   1.0153000e+03   1.0155000e+03
   8.8000000e+01   1.0182000e+03   1.0147000e+03   1.0188000e+03   1.0126000e+03   1.0140000e+03   1.0162000e+03   1.0137000e+03   1.0161000e+03   1.0077000e+03   1.0019333e+03   1.0123333e+03   1.0180333e+03   1.0158000e+03   1.0157000e+03
   8.9000000e+01   1.0190000e+03   1.0145000e+03   1.0189000e+03   1.0129000e+03   1.0136000e+03   1.0162000e+03   1.0136000e+03   1.0159000e+03   1.0073000e+03   1.0027666e+03   1.0119667e+03   1.0176667e+03   1.0163000e+03   1.0163000e+03
   9.0000000e+01   1.0190000e+03   1.0138000e+03   1.0188000e+03   1.0136000e+03   1.0137000e+03   1.0166000e+03   1.0141000e+03   1.0153000e+03   1.0069000e+03   1.0036000e+03   1.0116000e+03   1.0173000e+03   1.0170000e+03   1.0169000e+03
   9.1000000e+01   1.0194000e+03   1.0129000e+03   1.0191000e+03   1.0141000e+03   1.0143000e+03   1.0174000e+03   1.0139000e+03   1.0144000e+03   1.0066333e+03   1.0037000e+03   1.0117666e+03   1.0168333e+03   1.0171000e+03   1.0173000e+03
   9.2000000e+01   1.0187000e+03   1.0126000e+03   1.0190000e+03   1.0146000e+03   1.0152000e+03   1.0178000e+03   1.0135000e+03   1.0142000e+03   1.0063667e+03   1.0038000e+03   1.0119333e+03   1.0163667e+03   1.0171000e+03   1.0176000e+03
   9.3000000e+01   1.0180000e+03   1.0128000e+03   1.0185000e+03   1.0152000e+03   1.0154000e+03   1.0183000e+03   1.0131000e+03   1.0145000e+03   1.0061000e+03   1.0039000e+03   1.0121000e+03   1.0159000e+03   1.0169000e+03   1.0174000e+03
   9.4000000e+01   1.0175000e+03   1.0129000e+03   1.0178000e+03   1.0151000e+03   1.0156000e+03   1.0188000e+03   1.0131000e+03   1.0147000e+03   1.0069000e+03   1.0033000e+03   1.0125333e+03   1.0158667e+03   1.0163000e+03   1.0171000e+03
   9.5000000e+01   1.0175000e+03   1.0128000e+03   1.0169000e+03   1.0148000e+03   1.0157000e+03   1.0191000e+03   1.0131000e+03   1.0154000e+03   1.0077000e+03   1.0027000e+03   1.0129667e+03   1.0158333e+03   1.0156000e+03   1.0170000e+03
   9.6000000e+01   1.0177000e+03   1.0125000e+03   1.0170333e+03   1.0144000e+03   1.0157000e+03   1.0189000e+03   1.0129000e+03   1.0161000e+03   1.0085000e+03   1.0021000e+03   1.0134000e+03   1.0158000e+03   1.0145000e+03   1.0170000e+03
   9.7000000e+01   1.0177000e+03   1.0127000e+03   1.0171667e+03   1.0143000e+03   1.0154000e+03   1.0187000e+03   1.0129000e+03   1.0164000e+03   1.0087667e+03   1.0021666e+03   1.0133000e+03   1.0163333e+03   1.0139000e+03   1.0174000e+03
   9.8000000e+01   1.0178000e+03   1.0133000e+03   1.0173000e+03   1.0138000e+03   1.0151000e+03   1.0181000e+03   1.0130000e+03   1.0167000e+03   1.0090333e+03   1.0022333e+03   1.0132000e+03   1.0168667e+03   1.0135000e+03   1.0177000e+03
   9.9000000e+01   1.0183000e+03   1.0136000e+03   1.0166000e+03   1.0138000e+03   1.0147000e+03   1.0177000e+03   1.0132000e+03   1.0166000e+03   1.0093000e+03   1.0023000e+03   1.0131000e+03   1.0174000e+03   1.0136000e+03   1.0181000e+03
   1.0000000e+02   1.0185000e+03   1.0139000e+03   1.0173000e+03   1.0141000e+03   1.0143000e+03   1.0169000e+03   1.0136000e+03   1.0165000e+03   1.0091333e+03   1.0028333e+03   1.0123333e+03   1.0171000e+03   1.0137000e+03   1.0188000e+03
   1.0100000e+02   1.0189000e+03   1.0138000e+03   1.0170000e+03   1.0145000e+03   1.0145000e+03   1.0165000e+03   1.0142000e+03   1.0163000e+03   1.0089667e+03   1.0033667e+03   1.0115667e+03   1.0168000e+03   1.0139000e+03   1.0192000e+03
   1.0200000e+02   1.0190000e+03   1.0146000e+03   1.0180000e+03   1.0151000e+03   1.0148000e+03   1.0163000e+03   1.0144000e+03   1.0165000e+03   1.0088000e+03   1.0039000e+03   1.0108000e+03   1.0165000e+03   1.0142000e+03   1.0200000e+03
   1.0300000e+02   1.0189000e+03   1.0142000e+03   1.0185000e+03   1.0155000e+03   1.0151000e+03   1.0166000e+03   1.0145000e+03   1.0160000e+03   1.0086333e+03   1.0042000e+03   1.0108333e+03   1.0162333e+03   1.0147000e+03   1.0202000e+03
   1.0400000e+02   1.0185000e+03   1.0136000e+03   1.0183000e+03   1.0157000e+03   1.0156000e+03   1.0171000e+03   1.0144000e+03   1.0156000e+03   1.0084667e+03   1.0045000e+03   1.0108667e+03   1.0159667e+03   1.0152000e+03   1.0201000e+03
   1.0500000e+02   1.0183000e+03   1.0127000e+03   1.0179000e+03   1.0159000e+03   1.0161000e+03   1.0175000e+03   1.0138000e+03   1.0158000e+03   1.0083000e+03   1.0048000e+03   1.0109000e+03   1.0157000e+03   1.0154000e+03   1.0199000e+03
   1.0600000e+02   1.0173000e+03   1.0127000e+03   1.0172000e+03   1.0158000e+03   1.0164000e+03   1.0178000e+03   1.0136000e+03   1.0158000e+03   1.0089667e+03   1.0046667e+03   1.0116000e+03   1.0156333e+03   1.0154000e+03   1.0193000e+03
   1.0700000e+02   1.0163000e+03   1.0123000e+03   1.0169000e+03   1.0154000e+03   1.0168000e+03   1.0180000e+03   1.0128000e+03   1.0161000e+03   1.0096333e+03   1.0045333e+03   1.0123000e+03   1.0155667e+03   1.0153000e+03   1.0185000e+03
   1.0800000e+02   1.0160000e+03   1.0130000e+03   1.0167000e+03   1.0151000e+03   1.0166000e+03   1.0181000e+03   1.0122000e+03   1.0162000e+03   1.0103000e+03   1.0044000e+03   1.0130000e+03   1.0155000e+03   1.0153000e+03   1.0180000e+03
   1.0900000e+02   1.0160000e+03   1.0135000e+03   1.0164000e+03   1.0144000e+03   1.0163000e+03   1.0177000e+03   1.0122000e+03   1.0164000e+03   1.0104000e+03   1.0044000e+03   1.0131333e+03   1.0154000e+03   1.0150000e+03   1.0175000e+03
   1.1000000e+02   1.0160000e+03   1.0140000e+03   1.0163000e+03   1.0140000e+03   1.0155000e+03   1.0175000e+03   1.0120000e+03   1.0164000e+03   1.0105000e+03   1.0044000e+03   1.0132667e+03   1.0153000e+03   1.0147000e+03   1.0173000e+03
   1.1100000e+02   1.0163000e+03   1.0146000e+03   1.0167000e+03   1.0137000e+03   1.0151000e+03   1.0175000e+03   1.0122000e+03   1.0168000e+03   1.0106000e+03   1.0044000e+03   1.0134000e+03   1.0152000e+03   1.0149000e+03   1.0173000e+03
   1.1200000e+02   1.0173000e+03   1.0148000e+03   1.0171000e+03   1.0139000e+03   1.0147000e+03   1.0175000e+03   1.0125000e+03   1.0171000e+03   1.0101666e+03   1.0049667e+03   1.0127667e+03   1.0149667e+03   1.0152000e+03   1.0177000e+03
   1.1300000e+02   1.0183000e+03   1.0146000e+03   1.0177000e+03   1.0139000e+03   1.0147000e+03   1.0175000e+03   1.0128000e+03   1.0167000e+03   1.0097333e+03   1.0055333e+03   1.0121333e+03   1.0147333e+03   1.0158000e+03   1.0182000e+03
   1.1400000e+02   1.0190000e+03   1.0140000e+03   1.0181000e+03   1.0146000e+03   1.0149000e+03   1.0180000e+03   1.0136000e+03   1.0163000e+03   1.0093000e+03   1.0061000e+03   1.0115000e+03   1.0145000e+03   1.0162000e+03   1.0190000e+03
   1.1500000e+02   1.0189000e+03   1.0132000e+03   1.0184000e+03   1.0157000e+03   1.0149000e+03   1.0185000e+03   1.0141000e+03   1.0156000e+03   1.0094333e+03   1.0061333e+03   1.0115667e+03   1.0140667e+03   1.0167000e+03   1.0197000e+03
   1.1600000e+02   1.0183000e+03   1.0122000e+03   1.0182000e+03   1.0163000e+03   1.0155000e+03   1.0191000e+03   1.0146000e+03   1.0152000e+03   1.0095667e+03   1.0061667e+03   1.0116333e+03   1.0136333e+03   1.0167000e+03   1.0198000e+03
   1.1700000e+02   1.0182000e+03   1.0117000e+03   1.0177000e+03   1.0165000e+03   1.0161000e+03   1.0190000e+03   1.0147000e+03   1.0145000e+03   1.0097000e+03   1.0062000e+03   1.0117000e+03   1.0132000e+03   1.0166000e+03   1.0196000e+03
   1.1800000e+02   1.0178000e+03   1.0115000e+03   1.0172000e+03   1.0169000e+03   1.0169000e+03   1.0194000e+03   1.0150000e+03   1.0148000e+03   1.0101667e+03   1.0054000e+03   1.0123333e+03   1.0134000e+03   1.0162000e+03   1.0195000e+03
   1.1900000e+02   1.0173000e+03   1.0120000e+03   1.0168000e+03   1.0165000e+03   1.0172000e+03   1.0196000e+03   1.0153000e+03   1.0155000e+03   1.0106333e+03   1.0046000e+03   1.0129667e+03   1.0136000e+03   1.0152000e+03   1.0194000e+03
   1.2000000e+02   1.0177000e+03   1.0122000e+03   1.0161000e+03   1.0159000e+03   1.0173000e+03   1.0191000e+03   1.0141000e+03   1.0163000e+03   1.0111000e+03   1.0038000e+03   1.0136000e+03   1.0138000e+03   1.0144000e+03   1.0193000e+03
