  -1.2000000e+03   0.0000000e+00   2.5999999e+00   6.1999998e+00   0.0000000e+00   3.0999999e+00   9.3000002e+00   1.5000000e+00   4.5999999e+00   0.0000000e+00   1.0000000e+00   2.0999999e+00   1.5000000e+00   2.5999999e+00   3.5999999e+00
  -1.1990000e+03   0.0000000e+00   2.0999999e+00   3.5999999e+00   0.0000000e+00   3.0999999e+00   7.6999998e+00   0.0000000e+00   5.0999999e+00   0.0000000e+00   6.6666667e-01   1.8999999e+00   1.7000000e+00   4.0999999e+00   2.5999999e+00
  -1.1980000e+03   1.0000000e+00   3.0999999e+00   5.0999999e+00   2.0999999e+00   2.5999999e+00   7.6999998e+00   1.5000000e+00   6.0999999e+00   0.0000000e+00   3.3333333e-01   1.7000000e+00   1.8999999e+00   4.0999999e+00   2.5999999e+00
  -1.1970000e+03   2.0999999e+00   1.5000000e+00   4.5999999e+00   1.5000000e+00   2.0999999e+00   9.3000002e+00   2.0999999e+00   7.1999998e+00   0.0000000e+00   0.0000000e+00   1.5000000e+00   2.0999999e+00   4.5999999e+00   2.5999999e+00
  -1.1960000e+03   1.5000000e+00   0.0000000e+00   5.6999998e+00   1.5000000e+00   2.5999999e+00   1.1300000e+01   3.0999999e+00   3.0999999e+00   0.0000000e+00   0.0000000e+00   1.7000000e+00   2.0999999e+00   3.0999999e+00   2.5999999e+00
  -1.1950000e+03   2.5999999e+00   2.0999999e+00   2.5999999e+00   2.5999999e+00   3.0999999e+00   1.0800000e+01   2.5999999e+00   4.5999999e+00   0.0000000e+00   0.0000000e+00   1.8999999e+00   2.0999999e+00   2.0999999e+00   2.0999999e+00
  -1.1940000e+03   1.5000000e+00   0.0000000e+00   2.0999999e+00   2.0999999e+00   2.5999999e+00   1.0300000e+01   2.5999999e+00   6.1999998e+00   0.0000000e+00   0.0000000e+00   2.0999999e+00   2.0999999e+00   2.0999999e+00   2.0999999e+00
  -1.1930000e+03   5.0000000e-01   0.0000000e+00   2.5999999e+00   3.0999999e+00   2.5999999e+00   9.8000002e+00   3.5999999e+00   6.5999999e+00   6.6666667e-01   0.0000000e+00   2.2666666e+00   1.9999999e+00   2.5999999e+00   1.5000000e+00
  -1.1920000e+03   1.5000000e+00   0.0000000e+00   2.0999999e+00   4.5999999e+00   2.0999999e+00   8.8000002e+00   2.5999999e+00   8.1999998e+00   1.3333333e+00   0.0000000e+00   2.4333332e+00   1.8999999e+00   3.0999999e+00   4.1909516e-09
  -1.1910000e+03   1.5000000e+00   0.0000000e+00   3.5999999e+00   3.5999999e+00   4.0999999e+00   8.1999998e+00   3.5999999e+00   7.1999998e+00   2.0000000e+00   0.0000000e+00   2.5999999e+00   1.8000000e+00   3.0999999e+00   1.5000000e+00
  -1.1900000e+03   5.1999998e+00   2.0999999e+00   1.5000000e+00   2.5999999e+00   2.5999999e+00   8.8000002e+00   3.5999999e+00   5.0999999e+00   2.0000000e+00   0.0000000e+00   2.2333333e+00   1.7000000e+00   2.0999999e+00   2.5999999e+00
  -1.1890000e+03   5.1999998e+00   4.1909516e-09   2.0999999e+00   5.1999998e+00   3.0999999e+00   7.1999998e+00   3.5999999e+00   4.0999999e+00   2.0000000e+00   0.0000000e+00   1.8666666e+00   1.6000000e+00   1.5000000e+00   2.5999999e+00
  -1.1880000e+03   4.0999999e+00   1.5000000e+00   2.5999999e+00   3.0999999e+00   3.0999999e+00   5.6999998e+00   4.0999999e+00   4.0999999e+00   2.0000000e+00   0.0000000e+00   1.5000000e+00   1.5000000e+00   1.5000000e+00   4.0999999e+00
  -1.1870000e+03   2.5999999e+00   0.0000000e+00   2.0999999e+00   5.6999998e+00   3.0999999e+00   6.1999998e+00   3.0999999e+00   5.5999999e+00   2.0000000e+00   0.0000000e+00   1.0000000e+00   1.8666666e+00   2.0999999e+00   2.5999999e+00
  -1.1860000e+03   3.5999999e+00   2.0999999e+00   2.0999999e+00   5.1999998e+00   5.1999998e+00   5.0999999e+00   3.5999999e+00   3.0999999e+00   2.0000000e+00   0.0000000e+00   5.0000000e-01   2.2333333e+00   1.5000000e+00   2.5999999e+00
  -1.1850000e+03   2.0999999e+00   2.5999999e+00   1.5000000e+00   7.1999998e+00   4.5999999e+00   6.1999998e+00   3.0999999e+00   2.0999999e+00   2.0000000e+00   0.0000000e+00   0.0000000e+00   2.5999999e+00   2.0999999e+00   2.0999999e+00
  -1.1840000e+03   1.0300000e+01   1.5000000e+00   2.0999999e+00   4.5999999e+00   8.1999998e+00   5.0999999e+00   2.0999999e+00   3.5999999e+00   2.0000000e+00   3.3333333e-01   0.0000000e+00   3.2666666e+00   2.0999999e+00   2.0999999e+00
  -1.1830000e+03   2.5999999e+00   2.5999999e+00   2.5999999e+00   4.0999999e+00   4.5999999e+00   5.0999999e+00   1.5000000e+00   3.0999999e+00   2.0000000e+00   6.6666667e-01   0.0000000e+00   3.9333332e+00   2.5999999e+00   0.0000000e+00
  -1.1820000e+03   2.0999999e+00   2.5999999e+00   3.0999999e+00   3.5999999e+00   4.0999999e+00   5.6999998e+00   2.0999999e+00   6.6999998e+00   2.0000000e+00   1.0000000e+00   0.0000000e+00   4.5999999e+00   2.5999999e+00   0.0000000e+00
  -1.1810000e+03   0.0000000e+00   2.5999999e+00   2.5999999e+00   3.0999999e+00   3.0999999e+00   4.5999999e+00   1.5000000e+00   6.0999999e+00   3.0000000e+00   1.0000000e+00   5.0000000e-01   4.4333332e+00   3.0999999e+00   0.0000000e+00
  -1.1800000e+03   0.0000000e+00   2.5999999e+00   5.8673319e-09   3.0999999e+00   2.5999999e+00   5.0999999e+00   0.0000000e+00   4.5999999e+00   4.0000000e+00   1.0000000e+00   1.0000000e+00   4.2666666e+00   3.0999999e+00   1.0058284e-08
  -1.1790000e+03   0.0000000e+00   6.1999998e+00   2.0999999e+00   2.0999999e+00   2.5999999e+00   4.5999999e+00   0.0000000e+00   4.0999999e+00   5.0000000e+00   1.0000000e+00   1.5000000e+00   4.0999999e+00   2.5999999e+00   3.5999999e+00
  -1.1780000e+03   0.0000000e+00   4.5999999e+00   3.5999999e+00   2.5999999e+00   1.5000000e+00   5.6999998e+00   0.0000000e+00   4.5999999e+00   3.3333333e+00   1.0000000e+00   1.3333333e+00   3.0666666e+00   2.5999999e+00   2.0999999e+00
  -1.1770000e+03   0.0000000e+00   3.0999999e+00   2.5999999e+00   3.0999999e+00   0.0000000e+00   5.6999998e+00   2.0999999e+00   5.5999999e+00   1.6666667e+00   1.0000000e+00   1.1666667e+00   2.0333333e+00   3.5999999e+00   3.0999999e+00
  -1.1760000e+03   6.1999998e+00   2.0999999e+00   1.5000000e+00   2.0999999e+00   2.0999999e+00   4.5999999e+00   2.0999999e+00   5.0999999e+00   0.0000000e+00   1.0000000e+00   1.0000000e+00   1.0000000e+00   4.0999999e+00   2.0999999e+00
  -1.1750000e+03   5.0000000e-01   2.5999999e+00   5.0999999e+00   2.5999999e+00   2.5999999e+00   2.0999999e+00   2.0999999e+00   5.0999999e+00   0.0000000e+00   1.3333333e+00   1.1666667e+00   1.1666667e+00   3.0999999e+00   1.5000000e+00
  -1.1740000e+03   0.0000000e+00   2.5999999e+00   3.0999999e+00   3.0999999e+00   0.0000000e+00   5.0999999e+00   1.5000000e+00   3.5999999e+00   0.0000000e+00   1.6666667e+00   1.3333333e+00   1.3333333e+00   2.5999999e+00   0.0000000e+00
  -1.1730000e+03   1.0000000e+00   2.5999999e+00   6.1999998e+00   3.5999999e+00   0.0000000e+00   3.5999999e+00   0.0000000e+00   7.6999998e+00   0.0000000e+00   2.0000000e+00   1.5000000e+00   1.5000000e+00   4.0999999e+00   0.0000000e+00
  -1.1720000e+03   2.5999999e+00   0.0000000e+00   3.0999999e+00   2.5999999e+00   2.5999999e+00   2.0999999e+00   3.5999999e+00   4.0999999e+00   0.0000000e+00   1.3333333e+00   2.0333333e+00   1.7000000e+00   1.6000000e+01   1.5000000e+00
  -1.1710000e+03   3.5999999e+00   0.0000000e+00   2.0999999e+00   2.0999999e+00   0.0000000e+00   2.5999999e+00   3.0999999e+00   6.5999999e+00   0.0000000e+00   6.6666667e-01   2.5666666e+00   1.8999999e+00   1.5000000e+00   2.0999999e+00
  -1.1700000e+03   2.5999999e+00   0.0000000e+00   3.5999999e+00   2.0999999e+00   0.0000000e+00   5.0999999e+00   3.0999999e+00   8.1999998e+00   0.0000000e+00   0.0000000e+00   3.0999999e+00   2.0999999e+00   5.1999998e+00   2.0999999e+00
  -1.1690000e+03   2.5999999e+00   0.0000000e+00   1.5000000e+00   5.1999998e+00   1.5000000e+00   6.1999998e+00   4.5999999e+00   6.5999999e+00   0.0000000e+00   0.0000000e+00   2.5666666e+00   2.2666666e+00   4.5999999e+00   0.0000000e+00
  -1.1680000e+03   4.5999999e+00   1.5000000e+00   1.5000000e+00   6.1999998e+00   2.5999999e+00   6.1999998e+00   2.5999999e+00   3.5999999e+00   0.0000000e+00   0.0000000e+00   2.0333333e+00   2.4333332e+00   5.1999998e+00   4.1909516e-09
  -1.1670000e+03   2.5999999e+00   0.0000000e+00   2.0999999e+00   5.1999998e+00   3.5999999e+00   4.5999999e+00   5.0999999e+00   3.0999999e+00   0.0000000e+00   0.0000000e+00   1.5000000e+00   2.5999999e+00   2.0999999e+00   1.5000000e+00
  -1.1660000e+03   2.0999999e+00   0.0000000e+00   1.5000000e+00   5.6999998e+00   3.5999999e+00   4.0999999e+00   4.0999999e+00   3.0999999e+00   6.6666667e-01   0.0000000e+00   1.7000000e+00   2.5999999e+00   1.5000000e+00   2.0999999e+00
  -1.1650000e+03   5.6999998e+00   2.0999999e+00   1.5000000e+00   5.1999998e+00   3.5999999e+00   3.0999999e+00   4.5999999e+00   2.5999999e+00   1.3333333e+00   0.0000000e+00   1.8999999e+00   2.5999999e+00   0.0000000e+00   1.5000000e+00
  -1.1640000e+03   3.0999999e+00   1.5000000e+00   0.0000000e+00   6.6999998e+00   3.0999999e+00   3.5999999e+00   3.5999999e+00   0.0000000e+00   2.0000000e+00   0.0000000e+00   2.0999999e+00   2.5999999e+00   0.0000000e+00   2.5999999e+00
  -1.1630000e+03   5.1999998e+00   1.5000000e+00   1.5000000e+00   5.6999998e+00   8.6612997e-09   3.0999999e+00   3.5999999e+00   1.5000000e+00   2.0000000e+00   0.0000000e+00   2.0999999e+00   2.9333332e+00   0.0000000e+00   3.5999999e+00
  -1.1620000e+03   3.0999999e+00   2.0999999e+00   0.0000000e+00   8.8000002e+00   0.0000000e+00   3.0999999e+00   3.0999999e+00   2.0000000e+00   2.0000000e+00   0.0000000e+00   2.0999999e+00   3.2666666e+00   0.0000000e+00   2.5999999e+00
  -1.1610000e+03   3.0999999e+00   2.0999999e+00   0.0000000e+00   6.1999998e+00   4.0999999e+00   3.0999999e+00   2.5999999e+00   0.0000000e+00   2.0000000e+00   0.0000000e+00   2.0999999e+00   3.5999999e+00   0.0000000e+00   2.5999999e+00
  -1.1600000e+03   3.0999999e+00   2.0999999e+00   1.5000000e+00   3.0999999e+00   1.1455267e-08   2.5999999e+00   2.0999999e+00   2.0000000e+00   1.3333333e+00   3.3333333e-01   1.8999999e+00   4.0999999e+00   0.0000000e+00   0.0000000e+00
  -1.1590000e+03   1.5000000e+00   3.0999999e+00   3.0999999e+00   4.0999999e+00   1.5000000e+00   1.5000000e+00   0.0000000e+00   2.0000000e+00   6.6666667e-01   6.6666667e-01   1.7000000e+00   4.5999999e+00   0.0000000e+00   2.0999999e+00
  -1.1580000e+03   1.5000000e+00   3.0999999e+00   4.0999999e+00   5.6999998e+00   0.0000000e+00   3.0999999e+00   0.0000000e+00   2.0999999e+00   0.0000000e+00   1.0000000e+00   1.5000000e+00   5.0999999e+00   0.0000000e+00   2.0999999e+00
  -1.1570000e+03   0.0000000e+00   2.0999999e+00   3.0999999e+00   3.5999999e+00   1.5000000e+00   3.0999999e+00   0.0000000e+00   2.0000000e+00   0.0000000e+00   1.3333333e+00   1.5000000e+00   5.4666665e+00   0.0000000e+00   2.5999999e+00
  -1.1560000e+03   0.0000000e+00   2.5999999e+00   3.0999999e+00   3.5999999e+00   2.0999999e+00   3.5999999e+00   0.0000000e+00   1.5000000e+00   0.0000000e+00   1.6666667e+00   1.5000000e+00   5.8333332e+00   2.5999999e+00   3.0999999e+00
  -1.1550000e+03   0.0000000e+00   5.6999998e+00   2.0999999e+00   2.5999999e+00   4.5999999e+00   4.0999999e+00   0.0000000e+00   2.5999999e+00   0.0000000e+00   2.0000000e+00   1.5000000e+00   6.1999998e+00   2.5999999e+00   2.0999999e+00
  -1.1540000e+03   0.0000000e+00   4.0999999e+00   2.5999999e+00   3.0999999e+00   1.2852251e-08   3.5999999e+00   0.0000000e+00   2.0000000e+00   0.0000000e+00   2.0000000e+00   1.0000000e+00   5.6666665e+00   2.5999999e+00   0.0000000e+00
  -1.1530000e+03   0.0000000e+00   3.5999999e+00   4.0999999e+00   2.5999999e+00   0.0000000e+00   3.5999999e+00   2.0999999e+00   0.0000000e+00   0.0000000e+00   2.0000000e+00   5.0000000e-01   5.1333332e+00   4.5999999e+00   0.0000000e+00
  -1.1520000e+03   0.0000000e+00   2.5999999e+00   2.0999999e+00   3.0999999e+00   0.0000000e+00   4.0999999e+00   0.0000000e+00   0.0000000e+00   0.0000000e+00   2.0000000e+00   0.0000000e+00   4.5999999e+00   3.5999999e+00   0.0000000e+00
  -1.1510000e+03   0.0000000e+00   2.5999999e+00   4.5999999e+00   3.0999999e+00   0.0000000e+00   3.0999999e+00   0.0000000e+00   0.0000000e+00   0.0000000e+00   1.3333333e+00   1.0333333e+00   4.4333332e+00   3.5999999e+00   2.5999999e+00
  -1.1500000e+03   0.0000000e+00   3.5999999e+00   2.5999999e+00   3.0999999e+00   0.0000000e+00   5.6999998e+00   0.0000000e+00   2.5999999e+00   0.0000000e+00   6.6666667e-01   2.0666666e+00   4.2666666e+00   4.5999999e+00   1.5000000e+00
  -1.1490000e+03   1.5000000e+00   2.5999999e+00   2.5999999e+00   3.0999999e+00   0.0000000e+00   5.6999998e+00   0.0000000e+00   3.5999999e+00   0.0000000e+00   0.0000000e+00   3.0999999e+00   4.0999999e+00   4.0999999e+00   2.0999999e+00
  -1.1480000e+03   0.0000000e+00   0.0000000e+00   1.5000000e+00   3.0999999e+00   0.0000000e+00   5.0999999e+00   0.0000000e+00   3.0999999e+00   0.0000000e+00   0.0000000e+00   3.0999999e+00   3.7666666e+00   4.5999999e+00   1.5000000e+00
  -1.1470000e+03   3.0999999e+00   2.0999999e+00   0.0000000e+00   2.0999999e+00   0.0000000e+00   8.1999998e+00   2.0999999e+00   3.5999999e+00   0.0000000e+00   0.0000000e+00   3.0999999e+00   3.4333332e+00   3.5999999e+00   4.0999999e+00
  -1.1460000e+03   2.0999999e+00   3.0999999e+00   0.0000000e+00   2.5999999e+00   0.0000000e+00   3.0999999e+00   3.0999999e+00   4.0999999e+00   0.0000000e+00   0.0000000e+00   3.0999999e+00   3.0999999e+00   2.0999999e+00   0.0000000e+00
  -1.1450000e+03   2.0999999e+00   2.5999999e+00   0.0000000e+00   4.5999999e+00   0.0000000e+00   2.5999999e+00   2.5999999e+00   3.5999999e+00   0.0000000e+00   0.0000000e+00   2.0666666e+00   3.2666666e+00   5.8673320e-09   1.5000000e+00
  -1.1440000e+03   5.1999998e+00   3.0999999e+00   2.5999999e+00   4.5999999e+00   0.0000000e+00   4.0999999e+00   0.0000000e+00   5.5999999e+00   0.0000000e+00   0.0000000e+00   1.0333333e+00   3.4333332e+00   5.1999998e+00   2.0999999e+00
  -1.1430000e+03   4.0999999e+00   3.0999999e+00   2.0999999e+00   5.1999998e+00   0.0000000e+00   4.0999999e+00   2.0999999e+00   4.5999999e+00   0.0000000e+00   0.0000000e+00   0.0000000e+00   3.5999999e+00   0.0000000e+00   3.5999999e+00
  -1.1420000e+03   3.0999999e+00   2.0999999e+00   2.0999999e+00   4.0999999e+00   2.5999999e+00   3.0999999e+00   1.5000000e+00   3.5999999e+00   6.6666667e-01   0.0000000e+00   5.0000000e-01   3.4333332e+00   0.0000000e+00   5.1999998e+00
  -1.1410000e+03   2.5999999e+00   3.0999999e+00   1.5000000e+00   3.5999999e+00   4.5999999e+00   3.0999999e+00   2.5999999e+00   4.5999999e+00   1.3333333e+00   0.0000000e+00   1.0000000e+00   3.2666666e+00   0.0000000e+00   4.0999999e+00
  -1.1400000e+03   1.5000000e+00   2.5999999e+00   2.0999999e+00   6.1999998e+00   3.5999999e+00   4.0999999e+00   1.5000000e+00   2.5999999e+00   2.0000000e+00   0.0000000e+00   1.5000000e+00   3.0999999e+00   2.0999999e+00   2.0999999e+00
  -1.1390000e+03   1.5000000e+00   2.0999999e+00   2.5999999e+00   3.0999999e+00   3.5999999e+00   3.0999999e+00   3.0999999e+00   2.5999999e+00   1.3333333e+00   0.0000000e+00   1.5000000e+00   3.9666665e+00   5.8673320e-09   2.5999999e+00
  -1.1380000e+03   2.5999999e+00   3.5999999e+00   3.5999999e+00   3.5999999e+00   2.5999999e+00   2.0999999e+00   0.0000000e+00   2.0000000e+00   6.6666667e-01   0.0000000e+00   1.5000000e+00   4.8333332e+00   0.0000000e+00   2.5999999e+00
  -1.1370000e+03   2.5999999e+00   4.0999999e+00   2.5999999e+00   2.0999999e+00   4.0999999e+00   0.0000000e+00   3.0999999e+00   3.0999999e+00   0.0000000e+00   0.0000000e+00   1.5000000e+00   5.6999998e+00   0.0000000e+00   3.5999999e+00
  -1.1360000e+03   1.5000000e+00   3.5999999e+00   2.0999999e+00   1.5000000e+00   4.0999999e+00   0.0000000e+00   2.5999999e+00   1.5000000e+00   0.0000000e+00   0.0000000e+00   1.3333333e+00   6.0333331e+00   0.0000000e+00   4.5999999e+00
  -1.1350000e+03   2.5999999e+00   3.5999999e+00   3.0999999e+00   0.0000000e+00   3.5999999e+00   4.1909516e-09   1.5000000e+00   1.5000000e+00   0.0000000e+00   0.0000000e+00   1.1666667e+00   6.3666665e+00   2.0999999e+00   2.0999999e+00
  -1.1340000e+03   2.0999999e+00   4.0999999e+00   3.5999999e+00   1.5000000e+00   3.5999999e+00   1.5000000e+00   1.5000000e+00   5.0999999e+00   0.0000000e+00   0.0000000e+00   1.0000000e+00   6.6999998e+00   0.0000000e+00   4.0999999e+00
  -1.1330000e+03   2.5999999e+00   3.5999999e+00   3.5999999e+00   0.0000000e+00   3.5999999e+00   3.0999999e+00   3.0999999e+00   3.5999999e+00   0.0000000e+00   6.6666667e-01   1.3666666e+00   5.8333332e+00   3.5999999e+00   3.5999999e+00
  -1.1320000e+03   2.5999999e+00   4.0999999e+00   4.5999999e+00   1.5000000e+00   3.5999999e+00   2.5999999e+00   0.0000000e+00   3.5999999e+00   0.0000000e+00   1.3333333e+00   1.7333333e+00   4.9666665e+00   3.0999999e+00   2.0999999e+00
  -1.1310000e+03   2.0999999e+00   3.5999999e+00   3.0999999e+00   2.0999999e+00   3.0999999e+00   3.0999999e+00   0.0000000e+00   2.5999999e+00   0.0000000e+00   2.0000000e+00   2.0999999e+00   4.0999999e+00   1.5000000e+00   2.5999999e+00
  -1.1300000e+03   2.5999999e+00   3.0999999e+00   3.5999999e+00   2.5999999e+00   1.5000000e+00   4.5999999e+00   0.0000000e+00   4.0999999e+00   0.0000000e+00   1.3333333e+00   2.2666666e+00   3.2333333e+00   3.0999999e+00   2.5999999e+00
  -1.1290000e+03   2.5999999e+00   4.5999999e+00   3.5999999e+00   0.0000000e+00   0.0000000e+00   2.0999999e+00   0.0000000e+00   4.5999999e+00   0.0000000e+00   6.6666667e-01   2.4333332e+00   2.3666666e+00   3.0999999e+00   1.5000000e+00
  -1.1280000e+03   3.0999999e+00   5.1999998e+00   3.5999999e+00   0.0000000e+00   2.0999999e+00   3.5999999e+00   0.0000000e+00   5.0999999e+00   0.0000000e+00   0.0000000e+00   2.5999999e+00   1.5000000e+00   4.0999999e+00   2.0999999e+00
  -1.1270000e+03   3.0999999e+00   4.5999999e+00   1.5000000e+00   0.0000000e+00   2.0999999e+00   4.5999999e+00   0.0000000e+00   5.0999999e+00   0.0000000e+00   3.3333333e-01   2.5999999e+00   1.5000000e+00   4.0999999e+00   0.0000000e+00
  -1.1260000e+03   2.0999999e+00   5.1999998e+00   5.6999998e+00   0.0000000e+00   1.5000000e+00   1.5000000e+00   0.0000000e+00   8.1999998e+00   0.0000000e+00   6.6666667e-01   2.5999999e+00   1.5000000e+00   4.0999999e+00   5.8673319e-09
  -1.1250000e+03   3.0999999e+00   4.0999999e+00   7.6999998e+00   1.5000000e+00   0.0000000e+00   2.0999999e+00   0.0000000e+00   6.1999998e+00   0.0000000e+00   1.0000000e+00   2.5999999e+00   1.5000000e+00   3.5999999e+00   2.0999999e+00
  -1.1240000e+03   3.0999999e+00   4.5999999e+00   4.5999999e+00   0.0000000e+00   0.0000000e+00   4.0999999e+00   0.0000000e+00   5.0999999e+00   0.0000000e+00   6.6666667e-01   3.7999999e+00   2.3666666e+00   3.5999999e+00   2.0999999e+00
  -1.1230000e+03   4.0999999e+00   3.0999999e+00   2.0999999e+00   2.0999999e+00   0.0000000e+00   3.5999999e+00   2.0999999e+00   5.0999999e+00   0.0000000e+00   3.3333333e-01   4.9999998e+00   3.2333333e+00   3.5999999e+00   2.0999999e+00
  -1.1220000e+03   4.0999999e+00   3.5999999e+00   0.0000000e+00   4.5999999e+00   0.0000000e+00   4.0999999e+00   3.5999999e+00   6.1999998e+00   0.0000000e+00   0.0000000e+00   6.1999998e+00   4.0999999e+00   1.5000000e+00   3.0999999e+00
  -1.1210000e+03   2.0999999e+00   3.0999999e+00   8.6666663e-01   1.5000000e+00   0.0000000e+00   3.5999999e+00   0.0000000e+00   6.5999999e+00   0.0000000e+00   0.0000000e+00   4.6333332e+00   3.9333332e+00   4.1909516e-09   4.5999999e+00
  -1.1200000e+03   2.0999999e+00   3.0999999e+00   1.7333333e+00   2.0999999e+00   0.0000000e+00   3.5999999e+00   0.0000000e+00   7.0999999e+00   0.0000000e+00   0.0000000e+00   3.0666666e+00   3.7666666e+00   2.0999999e+00   3.5999999e+00
  -1.1190000e+03   2.0999999e+00   2.0999999e+00   2.5999999e+00   2.5999999e+00   0.0000000e+00   3.0999999e+00   2.0999999e+00   6.6999998e+00   0.0000000e+00   0.0000000e+00   1.5000000e+00   3.5999999e+00   2.0999999e+00   4.0999999e+00
  -1.1180000e+03   2.5999999e+00   2.0999999e+00   0.0000000e+00   2.0999999e+00   3.0999999e+00   4.0999999e+00   2.0999999e+00   6.5999999e+00   1.6666667e+00   0.0000000e+00   1.0000000e+00   3.5999999e+00   1.5000000e+00   7.1999998e+00
  -1.1170000e+03   2.5999999e+00   2.0999999e+00   4.1909516e-09   2.5999999e+00   2.0999999e+00   3.5999999e+00   3.5999999e+00   5.0999999e+00   3.3333333e+00   0.0000000e+00   5.0000000e-01   3.5999999e+00   1.5000000e+00   5.1999998e+00
  -1.1160000e+03   4.5999999e+00   2.0999999e+00   1.5000000e+00   0.0000000e+00   3.0999999e+00   3.0999999e+00   3.0999999e+00   7.6999998e+00   5.0000000e+00   0.0000000e+00   0.0000000e+00   3.5999999e+00   0.0000000e+00   3.5999999e+00
  -1.1150000e+03   3.0999999e+00   1.5000000e+00   3.0999999e+00   3.0999999e+00   2.0999999e+00   3.0999999e+00   3.0999999e+00   6.0999999e+00   4.3333333e+00   0.0000000e+00   0.0000000e+00   3.9333332e+00   0.0000000e+00   2.5999999e+00
  -1.1140000e+03   3.0999999e+00   3.0999999e+00   1.5000000e+00   0.0000000e+00   4.0999999e+00   2.0999999e+00   2.0999999e+00   7.0999999e+00   3.6666667e+00   0.0000000e+00   0.0000000e+00   4.2666666e+00   2.0999999e+00   2.5999999e+00
  -1.1130000e+03   4.0999999e+00   3.0999999e+00   2.5999999e+00   2.5999999e+00   5.1999998e+00   2.5999999e+00   1.5000000e+00   5.6999998e+00   3.0000000e+00   0.0000000e+00   0.0000000e+00   4.5999999e+00   0.0000000e+00   2.0999999e+00
  -1.1120000e+03   2.5999999e+00   3.5999999e+00   2.5999999e+00   1.5000000e+00   4.5999999e+00   3.0999999e+00   2.0999999e+00   5.0999999e+00   2.3333333e+00   0.0000000e+00   0.0000000e+00   4.9666665e+00   1.5000000e+00   3.5999999e+00
  -1.1110000e+03   2.5999999e+00   3.5999999e+00   2.5999999e+00   1.5000000e+00   4.5999999e+00   2.5999999e+00   2.0999999e+00   4.5999999e+00   1.6666667e+00   0.0000000e+00   0.0000000e+00   5.3333332e+00   1.5000000e+00   1.5000000e+00
  -1.1100000e+03   3.5999999e+00   4.0999999e+00   2.0999999e+00   0.0000000e+00   3.5999999e+00   2.0999999e+00   0.0000000e+00   4.5999999e+00   1.0000000e+00   0.0000000e+00   0.0000000e+00   5.6999998e+00   0.0000000e+00   2.5999999e+00
  -1.1090000e+03   4.5999999e+00   3.5999999e+00   2.5999999e+00   1.5000000e+00   3.5999999e+00   3.0999999e+00   0.0000000e+00   5.0999999e+00   1.3333333e+00   3.3333333e-01   0.0000000e+00   5.8666665e+00   3.0999999e+00   0.0000000e+00
  -1.1080000e+03   4.0999999e+00   3.0999999e+00   2.5999999e+00   2.5999999e+00   4.0999999e+00   3.0999999e+00   1.5000000e+00   4.0999999e+00   1.6666667e+00   6.6666667e-01   0.0000000e+00   6.0333331e+00   3.0999999e+00   1.5000000e+00
  -1.1070000e+03   3.5999999e+00   3.5999999e+00   0.0000000e+00   0.0000000e+00   4.5999999e+00   5.6999998e+00   0.0000000e+00   3.5999999e+00   2.0000000e+00   1.0000000e+00   0.0000000e+00   6.1999998e+00   3.0999999e+00   0.0000000e+00
  -1.1060000e+03   4.0999999e+00   4.5999999e+00   1.5000000e+00   1.5000000e+00   3.5999999e+00   5.0999999e+00   1.5000000e+00   2.5999999e+00   1.8888889e+00   1.0000000e+00   0.0000000e+00   6.6999998e+00   8.6612997e-09   2.0999999e+00
  -1.1050000e+03   2.5999999e+00   3.5999999e+00   2.0999999e+00   1.5000000e+00   4.5999999e+00   4.0999999e+00   0.0000000e+00   3.0999999e+00   1.7777778e+00   1.0000000e+00   0.0000000e+00   7.1999998e+00   6.1999998e+00   2.5999999e+00
  -1.1040000e+03   2.5999999e+00   6.1999998e+00   5.6999998e+00   0.0000000e+00   3.5999999e+00   4.0999999e+00   0.0000000e+00   2.5999999e+00   1.6666667e+00   1.0000000e+00   0.0000000e+00   7.6999998e+00   4.5999999e+00   1.5000000e+00
  -1.1030000e+03   2.5999999e+00   3.5999999e+00   3.5999999e+00   0.0000000e+00   3.0999999e+00   5.0999999e+00   0.0000000e+00   5.5999999e+00   1.5555556e+00   6.6666667e-01   1.0333333e+00   6.6666665e+00   5.6999998e+00   1.5000000e+00
  -1.1020000e+03   2.0999999e+00   4.0999999e+00   3.0999999e+00   0.0000000e+00   3.0999999e+00   4.0999999e+00   0.0000000e+00   4.0999999e+00   1.4444444e+00   3.3333333e-01   2.0666666e+00   5.6333332e+00   5.6999998e+00   4.1909516e-09
  -1.1010000e+03   3.0999999e+00   3.0999999e+00   3.5999999e+00   0.0000000e+00   2.0999999e+00   3.5999999e+00   0.0000000e+00   5.6999998e+00   1.3333333e+00   0.0000000e+00   3.0999999e+00   4.5999999e+00   3.5999999e+00   1.5000000e+00
  -1.1000000e+03   2.5999999e+00   3.0999999e+00   2.5999999e+00   1.5000000e+00   2.5999999e+00   5.6999998e+00   0.0000000e+00   5.0999999e+00   1.2222222e+00   0.0000000e+00   2.7666666e+00   5.1333332e+00   1.0058284e-08   2.0999999e+00
  -1.0990000e+03   3.0999999e+00   3.0999999e+00   0.0000000e+00   2.0999999e+00   2.0999999e+00   4.0999999e+00   0.0000000e+00   6.0999999e+00   1.1111111e+00   0.0000000e+00   2.4333332e+00   5.6666665e+00   0.0000000e+00   1.5000000e+00
  -1.0980000e+03   5.1999998e+00   3.0999999e+00   0.0000000e+00   2.0999999e+00   0.0000000e+00   3.5999999e+00   0.0000000e+00   6.6999998e+00   1.0000000e+00   0.0000000e+00   2.0999999e+00   6.1999998e+00   0.0000000e+00   2.0999999e+00
  -1.0970000e+03   4.0999999e+00   1.5000000e+00   2.0999999e+00   0.0000000e+00   1.5000000e+00   2.5999999e+00   2.0999999e+00   5.5999999e+00   1.6666667e+00   0.0000000e+00   2.4333332e+00   5.4999998e+00   1.5000000e+00   2.5999999e+00
  -1.0960000e+03   5.1999998e+00   1.5000000e+00   0.0000000e+00   2.0999999e+00   2.5999999e+00   5.8673319e-09   2.0999999e+00   5.0999999e+00   2.3333333e+00   0.0000000e+00   2.7666666e+00   4.7999999e+00   0.0000000e+00   1.5000000e+00
  -1.0950000e+03   5.1999998e+00   1.5000000e+00   0.0000000e+00   2.5999999e+00   0.0000000e+00   2.0999999e+00   0.0000000e+00   5.0999999e+00   3.0000000e+00   0.0000000e+00   3.0999999e+00   4.0999999e+00   2.0999999e+00   1.5000000e+00
  -1.0940000e+03   4.0999999e+00   1.5000000e+00   1.5000000e+00   2.5999999e+00   4.5999999e+00   1.5000000e+00   2.5999999e+00   5.5999999e+00   3.6666667e+00   0.0000000e+00   3.4333332e+00   3.5999999e+00   8.1999998e+00   2.0999999e+00
  -1.0930000e+03   3.5999999e+00   4.1909516e-09   2.0999999e+00   0.0000000e+00   4.0999999e+00   2.0999999e+00   1.5000000e+00   6.0999999e+00   4.3333333e+00   0.0000000e+00   3.7666666e+00   3.0999999e+00   6.1999998e+00   3.5999999e+00
  -1.0920000e+03   5.6999998e+00   1.5000000e+00   2.5999999e+00   4.0999999e+00   5.6999998e+00   2.5999999e+00   3.5999999e+00   6.1999998e+00   5.0000000e+00   0.0000000e+00   4.0999999e+00   2.5999999e+00   5.1999998e+00   3.0999999e+00
  -1.0910000e+03   5.1999998e+00   2.0999999e+00   2.5999999e+00   3.5999999e+00   4.0999999e+00   2.5999999e+00   4.0999999e+00   5.5999999e+00   3.6666667e+00   0.0000000e+00   4.0999999e+00   2.9333332e+00   3.5999999e+00   0.0000000e+00
  -1.0900000e+03   5.1999998e+00   7.2643158e-09   2.0999999e+00   3.5999999e+00   5.1999998e+00   1.5000000e+00   3.0999999e+00   4.5999999e+00   2.3333333e+00   0.0000000e+00   4.0999999e+00   3.2666666e+00   3.0999999e+00   4.0999999e+00
  -1.0890000e+03   4.0999999e+00   2.5999999e+00   2.0999999e+00   3.0999999e+00   4.0999999e+00   3.0999999e+00   3.0999999e+00   4.0999999e+00   1.0000000e+00   0.0000000e+00   4.0999999e+00   3.5999999e+00   3.0999999e+00   3.5999999e+00
  -1.0880000e+03   4.5999999e+00   3.5999999e+00   2.0999999e+00   1.5000000e+00   5.1999998e+00   2.0999999e+00   4.0999999e+00   3.0999999e+00   6.6666667e-01   3.3333333e-01   3.4333332e+00   3.9333332e+00   8.6612997e-09   2.5999999e+00
  -1.0870000e+03   4.0999999e+00   3.0999999e+00   3.5999999e+00   0.0000000e+00   6.1999998e+00   7.2643158e-09   1.5000000e+00   3.5999999e+00   3.3333333e-01   6.6666667e-01   2.7666666e+00   4.2666666e+00   1.5000000e+00   0.0000000e+00
  -1.0860000e+03   4.0999999e+00   3.5999999e+00   3.5999999e+00   1.5000000e+00   5.1999998e+00   2.5999999e+00   0.0000000e+00   2.0999999e+00   0.0000000e+00   1.0000000e+00   2.0999999e+00   4.5999999e+00   3.5999999e+00   0.0000000e+00
  -1.0850000e+03   5.6999998e+00   3.5999999e+00   3.0999999e+00   0.0000000e+00   2.5999999e+00   2.5999999e+00   0.0000000e+00   1.5000000e+00   1.6666667e-01   1.0000000e+00   2.7666666e+00   3.9333332e+00   4.5999999e+00   0.0000000e+00
  -1.0840000e+03   5.6999998e+00   1.5000000e+00   2.0999999e+00   1.5000000e+00   4.0999999e+00   2.0999999e+00   1.5000000e+00   1.5000000e+00   3.3333333e-01   1.0000000e+00   3.4333332e+00   3.2666666e+00   3.5999999e+00   0.0000000e+00
  -1.0830000e+03   4.5999999e+00   4.5999999e+00   3.0999999e+00   0.0000000e+00   5.1999998e+00   2.0999999e+00   1.5000000e+00   1.5000000e+00   5.0000000e-01   1.0000000e+00   4.0999999e+00   2.5999999e+00   4.5999999e+00   0.0000000e+00
  -1.0820000e+03   3.0999999e+00   1.5000000e+00   1.5000000e+00   0.0000000e+00   4.0999999e+00   4.0999999e+00   0.0000000e+00   0.0000000e+00   6.6666667e-01   1.0000000e+00   4.0999999e+00   3.7999999e+00   3.5999999e+00   2.0999999e+00
  -1.0810000e+03   3.5999999e+00   3.5999999e+00   6.6999998e+00   1.5000000e+00   4.0999999e+00   4.5999999e+00   2.0999999e+00   0.0000000e+00   8.3333333e-01   1.0000000e+00   4.0999999e+00   4.9999998e+00   4.5999999e+00   2.5999999e+00
  -1.0800000e+03   3.0999999e+00   3.5999999e+00   0.0000000e+00   0.0000000e+00   4.5999999e+00   8.1999998e+00   1.5000000e+00   1.5000000e+00   1.0000000e+00   1.0000000e+00   4.0999999e+00   6.1999998e+00   4.0999999e+00   2.5999999e+00
  -1.0790000e+03   2.5999999e+00   3.0999999e+00   4.0999999e+00   0.0000000e+00   5.6999998e+00   2.0999999e+00   1.5000000e+00   2.5999999e+00   6.6666667e-01   6.6666667e-01   4.4333332e+00   5.8333332e+00   4.0999999e+00   1.5000000e+00
  -1.0780000e+03   3.5999999e+00   2.0999999e+00   3.0999999e+00   1.5000000e+00   5.6999998e+00   3.0999999e+00   0.0000000e+00   2.5999999e+00   3.3333333e-01   3.3333333e-01   4.7666666e+00   5.4666665e+00   3.5999999e+00   1.5000000e+00
  -1.0770000e+03   2.0999999e+00   4.0999999e+00   2.5999999e+00   0.0000000e+00   3.5999999e+00   2.0999999e+00   2.0999999e+00   2.5999999e+00   0.0000000e+00   0.0000000e+00   5.0999999e+00   5.0999999e+00   2.5999999e+00   1.5000000e+00
  -1.0760000e+03   3.5999999e+00   0.0000000e+00   3.0999999e+00   0.0000000e+00   4.0999999e+00   2.0999999e+00   0.0000000e+00   3.5999999e+00   0.0000000e+00   0.0000000e+00   4.4333332e+00   4.7999999e+00   2.0999999e+00   1.5000000e+00
  -1.0750000e+03   3.5999999e+00   0.0000000e+00   2.5999999e+00   0.0000000e+00   3.5999999e+00   1.0058284e-08   0.0000000e+00   4.5999999e+00   0.0000000e+00   0.0000000e+00   3.7666666e+00   4.4999999e+00   2.5999999e+00   2.5999999e+00
  -1.0740000e+03   3.0999999e+00   0.0000000e+00   2.5999999e+00   1.5000000e+00   3.5999999e+00   3.5999999e+00   0.0000000e+00   5.6999998e+00   0.0000000e+00   0.0000000e+00   3.0999999e+00   4.1999999e+00   2.5999999e+00   2.0999999e+00
  -1.0730000e+03   2.5999999e+00   0.0000000e+00   2.5999999e+00   2.0999999e+00   3.5999999e+00   4.0999999e+00   0.0000000e+00   4.5999999e+00   3.3333333e-01   0.0000000e+00   3.0999999e+00   3.8999999e+00   7.2643158e-09   4.5999999e+00
  -1.0720000e+03   2.5999999e+00   0.0000000e+00   3.0999999e+00   2.5999999e+00   3.0999999e+00   3.0999999e+00   2.5999999e+00   3.5999999e+00   6.6666667e-01   0.0000000e+00   3.0999999e+00   3.5999999e+00   0.0000000e+00   4.5999999e+00
  -1.0710000e+03   5.1999998e+00   0.0000000e+00   3.0999999e+00   3.0999999e+00   5.1999998e+00   1.5000000e+00   1.5000000e+00   5.6999998e+00   1.0000000e+00   0.0000000e+00   3.0999999e+00   3.3000000e+00   0.0000000e+00   5.1999998e+00
  -1.0700000e+03   6.1999998e+00   1.5000000e+00   2.0999999e+00   4.0999999e+00   7.1999998e+00   0.0000000e+00   2.5999999e+00   5.0999999e+00   1.3333333e+00   0.0000000e+00   2.9333332e+00   3.0000000e+00   0.0000000e+00   4.0999999e+00
  -1.0690000e+03   6.1999998e+00   2.5999999e+00   2.0999999e+00   4.0999999e+00   6.6999998e+00   4.1909516e-09   2.0999999e+00   5.0999999e+00   1.6666667e+00   0.0000000e+00   2.7666666e+00   2.7000000e+00   0.0000000e+00   4.0999999e+00
  -1.0680000e+03   6.6999998e+00   0.0000000e+00   1.5000000e+00   5.6999998e+00   7.1999998e+00   1.5000000e+00   2.5999999e+00   5.0999999e+00   2.0000000e+00   0.0000000e+00   2.5999999e+00   2.4000000e+00   0.0000000e+00   2.0999999e+00
  -1.0670000e+03   5.1999998e+00   0.0000000e+00   0.0000000e+00   6.6999998e+00   4.0999999e+00   0.0000000e+00   2.0999999e+00   4.5999999e+00   2.3333333e+00   0.0000000e+00   2.4333332e+00   2.1000000e+00   0.0000000e+00   2.5999999e+00
  -1.0660000e+03   4.5999999e+00   2.0999999e+00   5.8673319e-09   5.6999998e+00   3.5999999e+00   1.5000000e+00   2.5999999e+00   4.5999999e+00   2.6666667e+00   0.0000000e+00   2.2666666e+00   1.8000000e+00   0.0000000e+00   2.0999999e+00
  -1.0650000e+03   3.5999999e+00   3.0999999e+00   2.0999999e+00   6.1999998e+00   5.6999998e+00   2.0999999e+00   1.5000000e+00   4.5999999e+00   3.0000000e+00   0.0000000e+00   2.0999999e+00   1.5000000e+00   1.5000000e+00   3.5999999e+00
  -1.0640000e+03   4.5999999e+00   2.5999999e+00   2.5999999e+00   5.1999998e+00   3.5999999e+00   2.5999999e+00   2.0999999e+00   3.5999999e+00   2.6666667e+00   0.0000000e+00   2.7666666e+00   2.5333333e+00   4.1909516e-09   2.0999999e+00
  -1.0630000e+03   2.0999999e+00   1.5000000e+00   2.0999999e+00   4.5999999e+00   5.1999998e+00   2.0999999e+00   0.0000000e+00   3.0999999e+00   2.3333333e+00   0.0000000e+00   3.4333332e+00   3.5666666e+00   0.0000000e+00   2.0999999e+00
  -1.0620000e+03   3.5999999e+00   3.5999999e+00   2.5999999e+00   4.5999999e+00   4.5999999e+00   2.5999999e+00   0.0000000e+00   3.0999999e+00   2.0000000e+00   0.0000000e+00   4.0999999e+00   4.5999999e+00   0.0000000e+00   2.0999999e+00
  -1.0610000e+03   3.5999999e+00   3.0999999e+00   4.5999999e+00   4.5999999e+00   4.5999999e+00   1.5000000e+00   0.0000000e+00   3.0999999e+00   2.6666667e+00   3.3333333e-01   3.4333332e+00   4.4333332e+00   0.0000000e+00   2.5999999e+00
  -1.0600000e+03   4.5999999e+00   2.5999999e+00   4.0999999e+00   3.0999999e+00   3.0999999e+00   1.5000000e+00   0.0000000e+00   0.0000000e+00   3.3333333e+00   6.6666667e-01   2.7666666e+00   4.2666666e+00   0.0000000e+00   1.5000000e+00
  -1.0590000e+03   4.5999999e+00   5.1999998e+00   2.0999999e+00   2.0999999e+00   4.0999999e+00   4.5999999e+00   0.0000000e+00   0.0000000e+00   4.0000000e+00   1.0000000e+00   2.0999999e+00   4.0999999e+00   2.5999999e+00   0.0000000e+00
  -1.0580000e+03   3.5999999e+00   7.1999998e+00   2.5999999e+00   1.5000000e+00   4.0999999e+00   4.0999999e+00   0.0000000e+00   2.0000000e+00   3.3333333e+00   1.0000000e+00   2.2666666e+00   3.5999999e+00   2.0999999e+00   2.0999999e+00
  -1.0570000e+03   3.0999999e+00   4.5999999e+00   3.5999999e+00   1.5000000e+00   2.0999999e+00   4.5999999e+00   0.0000000e+00   0.0000000e+00   2.6666667e+00   1.0000000e+00   2.4333332e+00   3.0999999e+00   5.1999998e+00   0.0000000e+00
  -1.0560000e+03   3.0999999e+00   3.5999999e+00   4.0999999e+00   1.5000000e+00   2.5999999e+00   5.6999998e+00   0.0000000e+00   0.0000000e+00   2.0000000e+00   1.0000000e+00   2.5999999e+00   2.5999999e+00   4.0999999e+00   0.0000000e+00
  -1.0550000e+03   1.5000000e+00   2.0999999e+00   2.5999999e+00   2.0999999e+00   8.1999998e+00   5.0999999e+00   0.0000000e+00   3.0999999e+00   1.3333333e+00   6.6666667e-01   3.0999999e+00   1.8999999e+00   4.5999999e+00   2.0999999e+00
  -1.0540000e+03   1.0000000e+00   2.5999999e+00   5.8673319e-09   1.5000000e+00   5.6999998e+00   6.1999998e+00   0.0000000e+00   2.5999999e+00   6.6666667e-01   3.3333333e-01   3.5999999e+00   1.2000000e+00   3.5999999e+00   5.8673319e-09
  -1.0530000e+03   3.5999999e+00   1.5000000e+00   2.0999999e+00   0.0000000e+00   0.0000000e+00   6.6999998e+00   0.0000000e+00   3.0999999e+00   0.0000000e+00   0.0000000e+00   4.0999999e+00   5.0000000e-01   1.5000000e+00   2.0999999e+00
  -1.0520000e+03   2.0999999e+00   3.5999999e+00   0.0000000e+00   1.5000000e+00   2.0999999e+00   4.0999999e+00   0.0000000e+00   4.0999999e+00   0.0000000e+00   0.0000000e+00   3.7666666e+00   1.0333333e+00   1.5000000e+00   0.0000000e+00
  -1.0510000e+03   4.0999999e+00   1.5000000e+00   2.0999999e+00   1.5000000e+00   3.5999999e+00   4.0999999e+00   1.5000000e+00   5.0999999e+00   0.0000000e+00   0.0000000e+00   3.4333332e+00   1.5666666e+00   0.0000000e+00   3.0999999e+00
  -1.0500000e+03   5.1999998e+00   0.0000000e+00   0.0000000e+00   0.0000000e+00   2.5999999e+00   2.0999999e+00   2.5999999e+00   3.5999999e+00   0.0000000e+00   0.0000000e+00   3.0999999e+00   2.0999999e+00   1.5000000e+00   3.0999999e+00
  -1.0490000e+03   4.0999999e+00   0.0000000e+00   0.0000000e+00   3.5999999e+00   4.5999999e+00   4.0999999e+00   0.0000000e+00   4.5999999e+00   0.0000000e+00   0.0000000e+00   3.0999999e+00   1.3999999e+00   2.0999999e+00   2.5999999e+00
  -1.0480000e+03   5.1999998e+00   2.0999999e+00   0.0000000e+00   2.5999999e+00   7.1999998e+00   2.0999999e+00   2.0999999e+00   5.5999999e+00   0.0000000e+00   0.0000000e+00   3.0999999e+00   6.9999997e-01   2.0999999e+00   2.5999999e+00
  -1.0470000e+03   7.1999998e+00   0.0000000e+00   0.0000000e+00   3.5999999e+00   6.1999998e+00   5.0999999e+00   1.5000000e+00   2.5999999e+00   0.0000000e+00   0.0000000e+00   3.0999999e+00   0.0000000e+00   1.5000000e+00   3.0999999e+00
  -1.0460000e+03   7.6999998e+00   1.5000000e+00   0.0000000e+00   2.0999999e+00   7.6999998e+00   0.0000000e+00   2.5999999e+00   0.0000000e+00   1.3333333e+00   0.0000000e+00   2.0666666e+00   8.6666663e-01   1.5000000e+00   4.5999999e+00
  -1.0450000e+03   5.1999998e+00   4.1909516e-09   1.5000000e+00   4.5999999e+00   9.8000002e+00   0.0000000e+00   2.5999999e+00   1.5000000e+00   2.6666667e+00   0.0000000e+00   1.0333333e+00   1.7333333e+00   1.5000000e+00   2.5999999e+00
  -1.0440000e+03   5.1999998e+00   1.5000000e+00   2.0999999e+00   6.1999998e+00   1.0300000e+01   0.0000000e+00   3.0999999e+00   3.0999999e+00   4.0000000e+00   0.0000000e+00   0.0000000e+00   2.5999999e+00   3.0999999e+00   1.5000000e+00
  -1.0430000e+03   6.1999998e+00   1.5000000e+00   2.0999999e+00   3.0999999e+00   1.2900000e+01   1.5000000e+00   2.5999999e+00   3.5999999e+00   3.3333333e+00   0.0000000e+00   6.9999997e-01   2.4333332e+00   2.5999999e+00   2.5999999e+00
  -1.0420000e+03   7.1999998e+00   2.5999999e+00   4.1909516e-09   5.6999998e+00   9.3000002e+00   2.0999999e+00   4.0999999e+00   2.5999999e+00   2.6666667e+00   0.0000000e+00   1.3999999e+00   2.2666666e+00   4.0999999e+00   1.5000000e+00
  -1.0410000e+03   4.0999999e+00   2.5999999e+00   1.5000000e+00   5.6999998e+00   9.8000002e+00   1.5000000e+00   3.5999999e+00   2.0999999e+00   2.0000000e+00   0.0000000e+00   2.0999999e+00   2.0999999e+00   2.5999999e+00   3.5999999e+00
  -1.0400000e+03   4.0999999e+00   3.0999999e+00   2.5999999e+00   5.1999998e+00   9.3000002e+00   2.0999999e+00   1.5000000e+00   2.0000000e+00   1.3333333e+00   1.0000000e+00   1.8999999e+00   2.7666666e+00   2.0999999e+00   2.0999999e+00
  -1.0390000e+03   5.6999998e+00   3.0999999e+00   3.0999999e+00   3.5999999e+00   7.6999998e+00   1.5000000e+00   0.0000000e+00   2.5999999e+00   6.6666667e-01   2.0000000e+00   1.7000000e+00   3.4333332e+00   3.0999999e+00   3.0999999e+00
  -1.0380000e+03   3.5999999e+00   3.0999999e+00   3.5999999e+00   4.0999999e+00   8.1999998e+00   1.5000000e+00   0.0000000e+00   2.0999999e+00   0.0000000e+00   3.0000000e+00   1.5000000e+00   4.0999999e+00   2.5999999e+00   3.0999999e+00
  -1.0370000e+03   4.5999999e+00   2.5999999e+00   3.0999999e+00   5.6999998e+00   7.1999998e+00   2.0999999e+00   0.0000000e+00   0.0000000e+00   2.3333333e+00   2.3333333e+00   1.8666666e+00   3.7666666e+00   4.5999999e+00   1.5000000e+00
  -1.0360000e+03   8.1999998e+00   2.0999999e+00   2.5999999e+00   3.5999999e+00   5.6999998e+00   2.0999999e+00   0.0000000e+00   0.0000000e+00   4.6666667e+00   1.6666667e+00   2.2333333e+00   3.4333332e+00   5.1999998e+00   0.0000000e+00
  -1.0350000e+03   5.6999998e+00   4.0999999e+00   2.5999999e+00   4.5999999e+00   4.0999999e+00   3.0999999e+00   0.0000000e+00   0.0000000e+00   7.0000000e+00   1.0000000e+00   2.5999999e+00   3.0999999e+00   4.0999999e+00   0.0000000e+00
  -1.0340000e+03   7.1999998e+00   6.1999998e+00   3.0999999e+00   4.0999999e+00   3.0999999e+00   3.5999999e+00   0.0000000e+00   0.0000000e+00   4.6666667e+00   1.0000000e+00   2.4333332e+00   2.7666666e+00   3.0999999e+00   0.0000000e+00
  -1.0330000e+03   3.5999999e+00   3.0999999e+00   2.0999999e+00   3.0999999e+00   3.0999999e+00   3.0999999e+00   0.0000000e+00   0.0000000e+00   2.3333333e+00   1.0000000e+00   2.2666666e+00   2.4333332e+00   2.5999999e+00   0.0000000e+00
  -1.0320000e+03   2.5999999e+00   2.0999999e+00   0.0000000e+00   3.0999999e+00   4.0999999e+00   5.0999999e+00   0.0000000e+00   0.0000000e+00   0.0000000e+00   1.0000000e+00   2.0999999e+00   2.0999999e+00   3.5999999e+00   0.0000000e+00
  -1.0310000e+03   2.5999999e+00   2.0999999e+00   3.0999999e+00   2.0999999e+00   3.0999999e+00   4.0999999e+00   0.0000000e+00   1.5000000e+00   0.0000000e+00   6.6666667e-01   2.4333332e+00   2.4333332e+00   3.5999999e+00   0.0000000e+00
  -1.0300000e+03   4.5999999e+00   2.5999999e+00   3.5999999e+00   2.5999999e+00   3.5999999e+00   2.5999999e+00   0.0000000e+00   0.0000000e+00   0.0000000e+00   3.3333333e-01   2.7666666e+00   2.7666666e+00   3.0999999e+00   0.0000000e+00
  -1.0290000e+03   3.5999999e+00   0.0000000e+00   3.5999999e+00   0.0000000e+00   3.5999999e+00   1.5000000e+00   0.0000000e+00   0.0000000e+00   0.0000000e+00   0.0000000e+00   3.0999999e+00   3.0999999e+00   3.5999999e+00   0.0000000e+00
  -1.0280000e+03   6.1999998e+00   1.5000000e+00   3.0999999e+00   0.0000000e+00   3.0999999e+00   3.0999999e+00   0.0000000e+00   2.5999999e+00   0.0000000e+00   3.3333333e-01   3.0999999e+00   3.0999999e+00   3.5999999e+00   0.0000000e+00
  -1.0270000e+03   6.1999998e+00   5.8673319e-09   2.0999999e+00   0.0000000e+00   3.5999999e+00   2.5999999e+00   0.0000000e+00   3.0999999e+00   0.0000000e+00   6.6666667e-01   3.0999999e+00   3.0999999e+00   2.0999999e+00   2.0999999e+00
  -1.0260000e+03   6.1999998e+00   2.0999999e+00   1.5000000e+00   0.0000000e+00   3.5999999e+00   2.5999999e+00   0.0000000e+00   3.5999999e+00   0.0000000e+00   1.0000000e+00   3.0999999e+00   3.0999999e+00   1.5000000e+00   2.0999999e+00
  -1.0250000e+03   5.6999998e+00   0.0000000e+00   1.5000000e+00   1.5000000e+00   3.0999999e+00   3.0999999e+00   0.0000000e+00   4.0999999e+00   3.3333333e-01   6.6666667e-01   3.4333332e+00   2.7666666e+00   4.1909516e-09   0.0000000e+00
  -1.0240000e+03   4.0999999e+00   0.0000000e+00   0.0000000e+00   2.0999999e+00   3.5999999e+00   1.5000000e+00   1.5000000e+00   2.0000000e+00   6.6666667e-01   3.3333333e-01   3.7666666e+00   2.4333332e+00   1.5000000e+00   1.5000000e+00
  -1.0230000e+03   8.1999998e+00   0.0000000e+00   0.0000000e+00   2.0999999e+00   6.1999998e+00   0.0000000e+00   2.5999999e+00   0.0000000e+00   1.0000000e+00   0.0000000e+00   4.0999999e+00   2.0999999e+00   1.5000000e+00   0.0000000e+00
  -1.0220000e+03   6.1999998e+00   1.5000000e+00   0.0000000e+00   3.5999999e+00   6.1999998e+00   2.5999999e+00   2.5999999e+00   1.5000000e+00   1.3333333e+00   0.0000000e+00   3.2333333e+00   2.4333332e+00   4.1909516e-09   0.0000000e+00
  -1.0210000e+03   7.1999998e+00   1.5000000e+00   0.0000000e+00   4.5999999e+00   7.1999998e+00   2.0999999e+00   3.5999999e+00   2.0000000e+00   1.6666667e+00   0.0000000e+00   2.3666666e+00   2.7666666e+00   0.0000000e+00   2.0999999e+00
  -1.0200000e+03   6.1999998e+00   2.0999999e+00   0.0000000e+00   5.6999998e+00   4.5999999e+00   0.0000000e+00   3.0999999e+00   2.0999999e+00   2.0000000e+00   0.0000000e+00   1.5000000e+00   3.0999999e+00   1.5000000e+00   4.0999999e+00
  -1.0190000e+03   7.1999998e+00   2.0999999e+00   1.5000000e+00   4.5999999e+00   5.1999998e+00   1.5000000e+00   4.0999999e+00   1.5000000e+00   2.3333333e+00   0.0000000e+00   2.0333333e+00   3.0999999e+00   3.0999999e+00   6.6999998e+00
  -1.0180000e+03   5.1999998e+00   2.5999999e+00   2.0999999e+00   5.1999998e+00   5.6999998e+00   2.0999999e+00   4.0999999e+00   2.0000000e+00   2.6666667e+00   0.0000000e+00   2.5666666e+00   3.0999999e+00   2.0999999e+00   3.5999999e+00
  -1.0170000e+03   6.1999998e+00   2.5999999e+00   0.0000000e+00   6.1999998e+00   6.1999998e+00   1.5000000e+00   4.0999999e+00   2.0999999e+00   3.0000000e+00   0.0000000e+00   3.0999999e+00   3.0999999e+00   2.0999999e+00   3.5999999e+00
  -1.0160000e+03   7.1999998e+00   1.5000000e+00   2.5999999e+00   5.6999998e+00   6.1999998e+00   2.0999999e+00   2.0999999e+00   0.0000000e+00   2.6666667e+00   6.6666667e-01   3.4333332e+00   3.5999999e+00   2.0999999e+00   3.0999999e+00
  -1.0150000e+03   4.5999999e+00   2.5999999e+00   3.0999999e+00   6.1999998e+00   5.1999998e+00   2.0999999e+00   1.5000000e+00   0.0000000e+00   2.3333333e+00   1.3333333e+00   3.7666666e+00   4.0999999e+00   3.0999999e+00   2.5999999e+00
  -1.0140000e+03   4.5999999e+00   2.5999999e+00   3.0999999e+00   5.1999998e+00   4.5999999e+00   1.5000000e+00   1.5000000e+00   0.0000000e+00   2.0000000e+00   2.0000000e+00   4.0999999e+00   4.5999999e+00   3.0999999e+00   2.0999999e+00
  -1.0130000e+03   2.5999999e+00   3.5999999e+00   3.0999999e+00   3.0999999e+00   3.0999999e+00   2.0999999e+00   1.5000000e+00   0.0000000e+00   2.3333333e+00   2.0000000e+00   3.7666666e+00   3.9333332e+00   3.5999999e+00   0.0000000e+00
  -1.0120000e+03   3.0999999e+00   1.5000000e+00   2.5999999e+00   0.0000000e+00   3.0999999e+00   1.5000000e+00   1.5000000e+00   0.0000000e+00   2.6666667e+00   2.0000000e+00   3.4333332e+00   3.2666666e+00   2.5999999e+00   2.0999999e+00
  -1.0110000e+03   3.0999999e+00   4.5999999e+00   2.5999999e+00   2.5999999e+00   2.5999999e+00   3.0999999e+00   0.0000000e+00   0.0000000e+00   3.0000000e+00   2.0000000e+00   3.0999999e+00   2.5999999e+00   4.5999999e+00   1.5000000e+00
  -1.0100000e+03   3.5999999e+00   5.1999998e+00   3.0999999e+00   0.0000000e+00   2.5999999e+00   2.5999999e+00   0.0000000e+00   0.0000000e+00   3.3333333e+00   1.3333333e+00   2.7666666e+00   2.7666666e+00   4.5999999e+00   2.0999999e+00
  -1.0090000e+03   4.5999999e+00   6.1999998e+00   2.0999999e+00   1.5000000e+00   2.0999999e+00   3.0999999e+00   1.5000000e+00   0.0000000e+00   3.6666667e+00   6.6666667e-01   2.4333332e+00   2.9333332e+00   4.0999999e+00   4.1909516e-09
  -1.0080000e+03   4.5999999e+00   5.1999998e+00   2.0999999e+00   1.5000000e+00   0.0000000e+00   4.0999999e+00   1.5000000e+00   0.0000000e+00   4.0000000e+00   0.0000000e+00   2.0999999e+00   3.0999999e+00   4.0999999e+00   1.5000000e+00
  -1.0070000e+03   4.5999999e+00   0.0000000e+00   4.0999999e+00   1.5000000e+00   3.0999999e+00   4.5999999e+00   0.0000000e+00   2.5999999e+00   2.6666667e+00   1.0000000e+00   2.9333332e+00   3.0999999e+00   4.0999999e+00   2.0999999e+00
  -1.0060000e+03   4.5999999e+00   0.0000000e+00   5.6999998e+00   1.5000000e+00   3.0999999e+00   4.5999999e+00   0.0000000e+00   2.5999999e+00   1.3333333e+00   2.0000000e+00   3.7666666e+00   3.0999999e+00   5.6999998e+00   2.0999999e+00
  -1.0050000e+03   4.5999999e+00   0.0000000e+00   5.1999998e+00   0.0000000e+00   2.5999999e+00   4.5999999e+00   0.0000000e+00   4.0999999e+00   0.0000000e+00   3.0000000e+00   4.5999999e+00   3.0999999e+00   4.0999999e+00   1.5000000e+00
  -1.0040000e+03   4.0999999e+00   0.0000000e+00   5.1999998e+00   2.0999999e+00   2.0999999e+00   4.5999999e+00   1.5000000e+00   3.0999999e+00   3.3333333e-01   2.6666667e+00   4.0999999e+00   3.4333332e+00   5.1999998e+00   2.0999999e+00
  -1.0030000e+03   2.5999999e+00   2.5999999e+00   4.5999999e+00   1.5000000e+00   2.5999999e+00   5.0999999e+00   2.0999999e+00   5.0999999e+00   6.6666667e-01   2.3333333e+00   3.5999999e+00   3.7666666e+00   3.5999999e+00   1.5000000e+00
  -1.0020000e+03   4.0999999e+00   2.0999999e+00   2.5999999e+00   0.0000000e+00   0.0000000e+00   3.0999999e+00   2.0999999e+00   5.6999998e+00   1.0000000e+00   2.0000000e+00   3.0999999e+00   4.0999999e+00   1.5000000e+00   2.0999999e+00
  -1.0010000e+03   2.5999999e+00   0.0000000e+00   1.5000000e+00   2.5999999e+00   1.5000000e+00   4.5999999e+00   2.5999999e+00   5.0999999e+00   1.3333333e+00   1.3333333e+00   3.0999999e+00   4.7999999e+00   2.0999999e+00   3.0999999e+00
  -1.0000000e+03   4.0999999e+00   1.5000000e+00   2.5999999e+00   4.0999999e+00   1.5000000e+00   3.0999999e+00   2.5999999e+00   3.5999999e+00   1.6666667e+00   6.6666667e-01   3.0999999e+00   5.4999998e+00   1.5000000e+00   3.5999999e+00
  -9.9900000e+02   4.0999999e+00   0.0000000e+00   2.0999999e+00   4.5999999e+00   0.0000000e+00   2.5999999e+00   3.5999999e+00   2.5999999e+00   2.0000000e+00   0.0000000e+00   3.0999999e+00   6.1999998e+00   1.5000000e+00   4.5999999e+00
  -9.9800000e+02   3.5999999e+00   1.5000000e+00   1.5000000e+00   3.5999999e+00   4.0999999e+00   0.0000000e+00   3.5999999e+00   2.5999999e+00   2.0000000e+00   0.0000000e+00   2.7666666e+00   6.3666665e+00   1.5000000e+00   3.0999999e+00
  -9.9700000e+02   6.1999998e+00   0.0000000e+00   4.1909516e-09   6.1999998e+00   3.5999999e+00   2.0999999e+00   3.0999999e+00   1.5000000e+00   2.0000000e+00   0.0000000e+00   2.4333332e+00   6.5333331e+00   2.5999999e+00   4.5999999e+00
  -9.9600000e+02   2.0999999e+00   0.0000000e+00   1.5000000e+00   1.5000000e+00   5.1999998e+00   2.5999999e+00   2.5999999e+00   1.5000000e+00   2.0000000e+00   0.0000000e+00   2.0999999e+00   6.6999998e+00   3.5999999e+00   4.0999999e+00
  -9.9500000e+02   5.6999998e+00   0.0000000e+00   0.0000000e+00   4.0999999e+00   4.5999999e+00   2.0999999e+00   3.5999999e+00   0.0000000e+00   2.6666667e+00   0.0000000e+00   2.4333332e+00   7.0333331e+00   4.0999999e+00   3.5999999e+00
  -9.9400000e+02   5.1999998e+00   2.5999999e+00   1.5000000e+00   2.5999999e+00   4.0999999e+00   1.5000000e+00   3.0999999e+00   1.5000000e+00   3.3333333e+00   0.0000000e+00   2.7666666e+00   7.3666665e+00   4.5999999e+00   3.0999999e+00
  -9.9300000e+02   4.0999999e+00   0.0000000e+00   0.0000000e+00   2.0999999e+00   4.0999999e+00   2.0999999e+00   3.0999999e+00   0.0000000e+00   4.0000000e+00   0.0000000e+00   3.0999999e+00   7.6999998e+00   4.5999999e+00   2.0999999e+00
  -9.9200000e+02   4.0999999e+00   1.5000000e+00   0.0000000e+00   3.0999999e+00   1.5000000e+00   2.0999999e+00   2.0999999e+00   2.0000000e+00   2.6666667e+00   3.3333333e-01   2.9333332e+00   8.5666666e+00   5.1999998e+00   1.5000000e+00
  -9.9100000e+02   3.5999999e+00   2.5999999e+00   2.0999999e+00   3.5999999e+00   4.5999999e+00   2.0999999e+00   1.5000000e+00   0.0000000e+00   1.3333333e+00   6.6666667e-01   2.7666666e+00   9.4333334e+00   5.1999998e+00   2.0999999e+00
  -9.9000000e+02   3.0999999e+00   5.6999998e+00   2.0999999e+00   2.0999999e+00   4.5999999e+00   3.0999999e+00   2.5999999e+00   3.0999999e+00   0.0000000e+00   1.0000000e+00   2.5999999e+00   1.0300000e+01   4.0999999e+00   1.5000000e+00
  -9.8900000e+02   3.5999999e+00   0.0000000e+00   2.0999999e+00   1.5000000e+00   3.5999999e+00   2.5999999e+00   2.5999999e+00   1.5000000e+00   6.6666667e-01   1.3333333e+00   2.5999999e+00   8.9333334e+00   4.5999999e+00   1.5000000e+00
  -9.8800000e+02   1.5000000e+00   2.0999999e+00   3.0999999e+00   1.5000000e+00   4.0999999e+00   3.0999999e+00   2.0999999e+00   0.0000000e+00   1.3333333e+00   1.6666667e+00   2.5999999e+00   7.5666666e+00   4.5999999e+00   2.0999999e+00
  -9.8700000e+02   1.5000000e+00   3.5999999e+00   3.0999999e+00   0.0000000e+00   3.5999999e+00   2.5999999e+00   2.0999999e+00   0.0000000e+00   2.0000000e+00   2.0000000e+00   2.5999999e+00   6.1999998e+00   4.5999999e+00   0.0000000e+00
  -9.8600000e+02   3.5999999e+00   2.5999999e+00   2.5999999e+00   0.0000000e+00   4.5999999e+00   3.0999999e+00   2.5999999e+00   6.0999999e+00   1.8333333e+00   1.6666667e+00   2.7666666e+00   7.2333333e+00   4.5999999e+00   2.0999999e+00
  -9.8500000e+02   0.0000000e+00   4.0999999e+00   2.0999999e+00   2.0999999e+00   3.5999999e+00   4.5999999e+00   2.0999999e+00   2.5999999e+00   1.6666667e+00   1.3333333e+00   2.9333332e+00   8.2666667e+00   5.1999998e+00   2.0999999e+00
  -9.8400000e+02   0.0000000e+00   4.5999999e+00   5.1999998e+00   0.0000000e+00   4.0999999e+00   4.5999999e+00   1.5000000e+00   4.5999999e+00   1.5000000e+00   1.0000000e+00   3.0999999e+00   9.3000002e+00   4.5999999e+00   5.1999998e+00
  -9.8300000e+02   2.0999999e+00   3.5999999e+00   5.1999998e+00   1.5000000e+00   2.0999999e+00   5.0999999e+00   2.0999999e+00   4.0999999e+00   1.3333333e+00   6.6666667e-01   3.0999999e+00   1.0300000e+01   6.6999998e+00   5.1999998e+00
  -9.8200000e+02   3.0999999e+00   2.5999999e+00   7.1999998e+00   0.0000000e+00   2.5999999e+00   6.6999998e+00   1.5000000e+00   6.5999999e+00   1.1666667e+00   3.3333333e-01   3.0999999e+00   8.6999998e+00   7.1999998e+00   5.1999998e+00
  -9.8100000e+02   3.5999999e+00   2.5999999e+00   3.5999999e+00   0.0000000e+00   0.0000000e+00   4.5999999e+00   0.0000000e+00   5.0999999e+00   1.0000000e+00   0.0000000e+00   3.0999999e+00   8.6999998e+00   5.1999998e+00   3.5999999e+00
  -9.8000000e+02   3.5999999e+00   2.5999999e+00   0.0000000e+00   0.0000000e+00   0.0000000e+00   4.0999999e+00   2.0999999e+00   5.5999999e+00   8.3333333e-01   0.0000000e+00   3.0999999e+00   1.0300000e+01   4.0999999e+00   4.5999999e+00
  -9.7900000e+02   3.5999999e+00   2.5999999e+00   2.0999999e+00   1.5000000e+00   0.0000000e+00   5.6999998e+00   1.5000000e+00   4.5999999e+00   6.6666667e-01   0.0000000e+00   3.0999999e+00   7.1999998e+00   3.0999999e+00   3.5999999e+00
  -9.7800000e+02   3.5999999e+00   1.5000000e+00   1.5000000e+00   1.5000000e+00   1.5000000e+00   3.5999999e+00   0.0000000e+00   5.6999998e+00   5.0000000e-01   0.0000000e+00   3.0999999e+00   4.0999999e+00   4.0999999e+00   4.0999999e+00
  -9.7700000e+02   4.5999999e+00   2.5999999e+00   0.0000000e+00   0.0000000e+00   1.5000000e+00   4.5999999e+00   3.0999999e+00   7.0999999e+00   3.3333333e-01   0.0000000e+00   3.0999999e+00   3.5999999e+00   3.0999999e+00   3.5999999e+00
  -9.7600000e+02   5.1999998e+00   2.0999999e+00   2.0999999e+00   2.0999999e+00   0.0000000e+00   4.5999999e+00   4.5999999e+00   5.5999999e+00   1.6666667e-01   0.0000000e+00   3.0999999e+00   4.5999999e+00   5.1999998e+00   4.0999999e+00
  -9.7500000e+02   7.1999998e+00   0.0000000e+00   2.5999999e+00   1.5000000e+00   3.0999999e+00   3.5999999e+00   3.0999999e+00   3.5999999e+00   0.0000000e+00   0.0000000e+00   3.0999999e+00   5.0999999e+00   3.0999999e+00   4.0999999e+00
  -9.7400000e+02   6.1999998e+00   0.0000000e+00   0.0000000e+00   0.0000000e+00   3.5999999e+00   3.0999999e+00   4.5999999e+00   3.5999999e+00   1.6666667e+00   0.0000000e+00   2.9333332e+00   6.6999998e+00   4.5999999e+00   4.0999999e+00
  -9.7300000e+02   8.1999998e+00   4.1909516e-09   1.5000000e+00   3.5999999e+00   1.5000000e+00   2.5999999e+00   4.5999999e+00   3.0999999e+00   3.3333333e+00   0.0000000e+00   2.7666666e+00   8.1999998e+00   2.5999999e+00   5.1999998e+00
  -9.7200000e+02   8.1999998e+00   1.5000000e+00   0.0000000e+00   4.0999999e+00   1.5000000e+00   2.0999999e+00   5.0999999e+00   2.0999999e+00   5.0000000e+00   0.0000000e+00   2.5999999e+00   6.6999998e+00   3.5999999e+00   5.6999998e+00
  -9.7100000e+02   7.1999998e+00   3.5999999e+00   1.5000000e+00   4.0999999e+00   4.5999999e+00   3.0999999e+00   3.5999999e+00   6.5999999e+00   4.6666667e+00   0.0000000e+00   2.5999999e+00   7.1999998e+00   3.5999999e+00   6.1999998e+00
  -9.7000000e+02   7.1999998e+00   2.0999999e+00   1.5000000e+00   5.1999998e+00   3.5999999e+00   3.5999999e+00   9.3000002e+00   3.0999999e+00   4.3333333e+00   0.0000000e+00   2.5999999e+00   9.3000002e+00   4.0999999e+00   5.6999998e+00
  -9.6900000e+02   7.1999998e+00   3.5999999e+00   0.0000000e+00   4.5999999e+00   4.5999999e+00   2.5999999e+00   8.1999998e+00   4.5999999e+00   4.0000000e+00   0.0000000e+00   2.5999999e+00   7.6999998e+00   3.0999999e+00   4.5999999e+00
  -9.6800000e+02   4.0999999e+00   4.5999999e+00   2.5999999e+00   3.0999999e+00   3.5999999e+00   2.0999999e+00   3.0999999e+00   4.5999999e+00   2.6666667e+00   0.0000000e+00   2.4333332e+00   7.1999998e+00   2.0999999e+00   4.0999999e+00
  -9.6700000e+02   4.0999999e+00   4.5999999e+00   3.0999999e+00   3.5999999e+00   5.6999998e+00   2.0999999e+00   1.5000000e+00   5.0999999e+00   1.3333333e+00   0.0000000e+00   2.2666666e+00   6.9499998e+00   2.5999999e+00   3.5999999e+00
  -9.6600000e+02   3.0999999e+00   3.5999999e+00   1.5000000e+00   2.5999999e+00   3.5999999e+00   2.5999999e+00   2.0999999e+00   4.0999999e+00   0.0000000e+00   0.0000000e+00   2.0999999e+00   6.6999998e+00   3.0999999e+00   2.5999999e+00
  -9.6500000e+02   3.5999999e+00   3.0999999e+00   2.0999999e+00   2.5999999e+00   4.0999999e+00   2.0999999e+00   4.0999999e+00   4.0999999e+00   1.6666667e-01   0.0000000e+00   2.0999999e+00   5.8333332e+00   3.5999999e+00   3.5999999e+00
  -9.6400000e+02   3.5999999e+00   2.5999999e+00   1.5000000e+00   2.0999999e+00   3.0999999e+00   2.0999999e+00   2.0999999e+00   4.5999999e+00   3.3333333e-01   0.0000000e+00   2.0999999e+00   4.9666665e+00   4.0999999e+00   4.0999999e+00
  -9.6300000e+02   3.5999999e+00   5.1999998e+00   2.5999999e+00   1.5000000e+00   3.5999999e+00   2.5999999e+00   2.0999999e+00   4.5999999e+00   5.0000000e-01   0.0000000e+00   2.0999999e+00   4.0999999e+00   3.0999999e+00   4.5999999e+00
  -9.6200000e+02   4.5999999e+00   6.6999998e+00   4.0999999e+00   2.0999999e+00   2.0999999e+00   3.5999999e+00   0.0000000e+00   3.0999999e+00   6.6666667e-01   3.3333333e-01   2.0999999e+00   4.4333332e+00   3.0999999e+00   4.0999999e+00
  -9.6100000e+02   3.5999999e+00   2.0999999e+00   3.5999999e+00   2.0999999e+00   2.0999999e+00   2.5999999e+00   2.5999999e+00   1.5000000e+00   8.3333333e-01   6.6666667e-01   2.0999999e+00   4.7666666e+00   5.1999998e+00   4.0999999e+00
  -9.6000000e+02   3.5999999e+00   1.5000000e+00   3.0999999e+00   0.0000000e+00   2.5999999e+00   4.5999999e+00   2.0999999e+00   2.0999999e+00   1.0000000e+00   1.0000000e+00   2.0999999e+00   5.0999999e+00   3.5999999e+00   3.5999999e+00
  -9.5900000e+02   4.5999999e+00   2.0999999e+00   2.0999999e+00   2.0999999e+00   3.5999999e+00   3.5999999e+00   2.0999999e+00   2.0000000e+00   6.6666667e-01   6.6666667e-01   2.7666666e+00   4.9333332e+00   5.1999998e+00   4.0999999e+00
  -9.5800000e+02   5.1999998e+00   1.5000000e+00   2.5999999e+00   1.5000000e+00   3.5999999e+00   4.5999999e+00   3.0999999e+00   1.5000000e+00   3.3333333e-01   3.3333333e-01   3.4333332e+00   4.7666666e+00   4.0999999e+00   4.0999999e+00
  -9.5700000e+02   3.5999999e+00   1.5000000e+00   2.5999999e+00   0.0000000e+00   3.5999999e+00   3.5999999e+00   0.0000000e+00   1.5000000e+00   0.0000000e+00   0.0000000e+00   4.0999999e+00   4.5999999e+00   5.6999998e+00   4.0999999e+00
  -9.5600000e+02   5.1999998e+00   0.0000000e+00   2.5999999e+00   1.5000000e+00   2.0999999e+00   5.6999998e+00   0.0000000e+00   6.5999999e+00   0.0000000e+00   0.0000000e+00   4.0999999e+00   4.2666666e+00   3.5999999e+00   5.1999998e+00
  -9.5500000e+02   6.6999998e+00   2.0999999e+00   2.0999999e+00   0.0000000e+00   0.0000000e+00   3.5999999e+00   0.0000000e+00   4.5999999e+00   0.0000000e+00   0.0000000e+00   4.0999999e+00   3.9333332e+00   2.5999999e+00   4.5999999e+00
  -9.5400000e+02   7.1999998e+00   2.5999999e+00   2.5999999e+00   1.5000000e+00   1.5000000e+00   5.6999998e+00   2.0999999e+00   0.0000000e+00   0.0000000e+00   0.0000000e+00   4.0999999e+00   3.5999999e+00   2.5999999e+00   5.1999998e+00
  -9.5300000e+02   5.6999998e+00   1.5000000e+00   1.5000000e+00   1.5000000e+00   2.0999999e+00   3.5999999e+00   0.0000000e+00   1.5000000e+00   0.0000000e+00   0.0000000e+00   3.7666666e+00   3.8499999e+00   3.0999999e+00   5.6999998e+00
  -9.5200000e+02   7.6999998e+00   2.0999999e+00   2.0999999e+00   1.5000000e+00   2.5999999e+00   3.0999999e+00   4.0999999e+00   0.0000000e+00   0.0000000e+00   0.0000000e+00   3.4333332e+00   4.0999999e+00   2.0999999e+00   6.6999998e+00
  -9.5100000e+02   7.1999998e+00   1.5000000e+00   2.0999999e+00   2.0999999e+00   2.0999999e+00   2.0999999e+00   3.5999999e+00   2.5999999e+00   0.0000000e+00   0.0000000e+00   3.0999999e+00   4.3499999e+00   2.0999999e+00   6.1999998e+00
  -9.5000000e+02   8.1999998e+00   1.5000000e+00   0.0000000e+00   3.0999999e+00   1.5000000e+00   1.5000000e+00   6.6999998e+00   3.0999999e+00   0.0000000e+00   0.0000000e+00   3.0999999e+00   4.5999999e+00   2.5999999e+00   5.6999998e+00
  -9.4900000e+02   8.1999998e+00   1.5000000e+00   4.1909516e-09   4.0999999e+00   3.5999999e+00   2.0999999e+00   3.0999999e+00   3.0999999e+00   0.0000000e+00   0.0000000e+00   3.0999999e+00   4.8499999e+00   2.0999999e+00   2.0999999e+00
  -9.4800000e+02   6.1999998e+00   1.5000000e+00   1.5000000e+00   3.5999999e+00   4.5999999e+00   0.0000000e+00   2.5999999e+00   1.5000000e+00   0.0000000e+00   0.0000000e+00   3.0999999e+00   5.0999999e+00   2.0999999e+00   2.0999999e+00
  -9.4700000e+02   8.1999998e+00   2.0999999e+00   0.0000000e+00   2.5999999e+00   5.6999998e+00   0.0000000e+00   1.5000000e+00   2.0000000e+00   1.6666667e-01   0.0000000e+00   2.7666666e+00   4.9333332e+00   2.0999999e+00   4.0999999e+00
  -9.4600000e+02   6.1999998e+00   2.5999999e+00   1.5000000e+00   3.5999999e+00   5.1999998e+00   0.0000000e+00   2.0999999e+00   2.5999999e+00   3.3333333e-01   0.0000000e+00   2.4333332e+00   4.7666666e+00   2.0999999e+00   4.0999999e+00
  -9.4500000e+02   6.1999998e+00   3.0999999e+00   1.5000000e+00   5.6999998e+00   4.5999999e+00   0.0000000e+00   3.0999999e+00   2.0999999e+00   5.0000000e-01   0.0000000e+00   2.0999999e+00   4.5999999e+00   2.0999999e+00   4.5999999e+00
  -9.4400000e+02   6.1999998e+00   3.5999999e+00   0.0000000e+00   5.1999998e+00   4.0999999e+00   0.0000000e+00   1.5000000e+00   2.0000000e+00   6.6666667e-01   3.3333333e-01   2.2666666e+00   4.9666665e+00   1.5000000e+00   2.5999999e+00
  -9.4300000e+02   4.0999999e+00   5.1999998e+00   3.0999999e+00   5.6999998e+00   0.0000000e+00   0.0000000e+00   2.5999999e+00   0.0000000e+00   8.3333333e-01   6.6666667e-01   2.4333332e+00   5.3333332e+00   2.0999999e+00   2.0999999e+00
  -9.4200000e+02   4.0999999e+00   6.6999998e+00   2.0999999e+00   3.0999999e+00   0.0000000e+00   0.0000000e+00   2.5999999e+00   0.0000000e+00   1.0000000e+00   1.0000000e+00   2.5999999e+00   5.6999998e+00   2.0999999e+00   3.0999999e+00
  -9.4100000e+02   4.0999999e+00   4.5999999e+00   3.5999999e+00   5.1999998e+00   2.5999999e+00   0.0000000e+00   1.5000000e+00   0.0000000e+00   8.3333333e-01   2.0000000e+00   2.4333332e+00   5.1666665e+00   3.0999999e+00   3.0999999e+00
  -9.4000000e+02   3.5999999e+00   3.0999999e+00   4.1909516e-09   2.0999999e+00   2.5999999e+00   0.0000000e+00   2.0999999e+00   0.0000000e+00   6.6666667e-01   3.0000000e+00   2.2666666e+00   4.6333332e+00   2.5999999e+00   3.0999999e+00
  -9.3900000e+02   3.5999999e+00   2.0999999e+00   1.5000000e+00   3.0999999e+00   3.5999999e+00   0.0000000e+00   2.0999999e+00   0.0000000e+00   5.0000000e-01   4.0000000e+00   2.0999999e+00   4.0999999e+00   3.0999999e+00   3.5999999e+00
  -9.3800000e+02   3.5999999e+00   3.5999999e+00   2.0999999e+00   2.5999999e+00   4.0999999e+00   2.0999999e+00   1.5000000e+00   1.5000000e+00   3.3333333e-01   3.3333333e+00   2.7666666e+00   3.7666666e+00   4.0999999e+00   3.0999999e+00
  -9.3700000e+02   4.0999999e+00   4.5999999e+00   3.5999999e+00   0.0000000e+00   2.0999999e+00   3.0999999e+00   1.5000000e+00   0.0000000e+00   1.6666667e-01   2.6666667e+00   3.4333332e+00   3.4333332e+00   4.0999999e+00   4.0999999e+00
  -9.3600000e+02   3.5999999e+00   2.5999999e+00   4.5999999e+00   2.0999999e+00   0.0000000e+00   4.0999999e+00   0.0000000e+00   3.0999999e+00   0.0000000e+00   2.0000000e+00   4.0999999e+00   3.0999999e+00   2.5999999e+00   3.5999999e+00
  -9.3500000e+02   3.0999999e+00   0.0000000e+00   4.5999999e+00   1.5000000e+00   2.0999999e+00   3.5999999e+00   2.0999999e+00   3.0999999e+00   0.0000000e+00   1.6666667e+00   4.0999999e+00   3.7666666e+00   3.0999999e+00   2.5999999e+00
  -9.3400000e+02   5.1999998e+00   0.0000000e+00   3.5999999e+00   1.5000000e+00   3.5999999e+00   2.0999999e+00   1.5000000e+00   2.5999999e+00   0.0000000e+00   1.3333333e+00   4.0999999e+00   4.4333332e+00   3.5999999e+00   4.0999999e+00
  -9.3300000e+02   5.6999998e+00   0.0000000e+00   4.5999999e+00   2.0999999e+00   2.0999999e+00   2.5999999e+00   2.0999999e+00   1.5000000e+00   0.0000000e+00   1.0000000e+00   4.0999999e+00   5.0999999e+00   3.5999999e+00   3.5999999e+00
  -9.3200000e+02   5.1999998e+00   0.0000000e+00   4.0999999e+00   1.5000000e+00   5.8673320e-09   2.0999999e+00   2.0999999e+00   4.0999999e+00   5.5555556e-02   6.6666667e-01   3.7666666e+00   4.7666666e+00   2.0999999e+00   4.5999999e+00
  -9.3100000e+02   5.1999998e+00   2.5999999e+00   2.5999999e+00   0.0000000e+00   0.0000000e+00   4.0999999e+00   3.0999999e+00   6.5999999e+00   1.1111111e-01   3.3333333e-01   3.4333332e+00   4.4333332e+00   2.0999999e+00   4.0999999e+00
  -9.3000000e+02   6.6999998e+00   2.0999999e+00   2.0999999e+00   0.0000000e+00   0.0000000e+00   3.0999999e+00   2.5999999e+00   3.5999999e+00   1.6666667e-01   0.0000000e+00   3.0999999e+00   4.0999999e+00   0.0000000e+00   5.6999998e+00
  -9.2900000e+02   6.1999998e+00   1.5000000e+00   1.5000000e+00   0.0000000e+00   1.5000000e+00   2.0999999e+00   2.0999999e+00   5.5999999e+00   2.2222222e-01   0.0000000e+00   2.7666666e+00   3.5999999e+00   1.5000000e+00   5.6999998e+00
  -9.2800000e+02   7.1999998e+00   0.0000000e+00   5.8673319e-09   0.0000000e+00   0.0000000e+00   1.0300000e+01   1.5000000e+00   5.5999999e+00   2.7777778e-01   0.0000000e+00   2.4333332e+00   3.0999999e+00   1.5000000e+00   5.6999998e+00
  -9.2700000e+02   7.1999998e+00   0.0000000e+00   2.0999999e+00   2.5999999e+00   0.0000000e+00   5.6999998e+00   2.0999999e+00   2.0999999e+00   3.3333333e-01   0.0000000e+00   2.0999999e+00   2.5999999e+00   2.0999999e+00   7.1999998e+00
  -9.2600000e+02   6.6999998e+00   0.0000000e+00   0.0000000e+00   2.5999999e+00   3.0999999e+00   1.5000000e+00   3.0999999e+00   3.0999999e+00   3.8888889e-01   0.0000000e+00   2.4333332e+00   2.4333332e+00   1.5000000e+00   3.5999999e+00
  -9.2500000e+02   8.8000002e+00   1.5000000e+00   1.5000000e+00   3.0999999e+00   5.1999998e+00   0.0000000e+00   4.5999999e+00   2.0000000e+00   4.4444444e-01   0.0000000e+00   2.7666666e+00   2.2666666e+00   2.0999999e+00   5.1999998e+00
  -9.2400000e+02   7.6999998e+00   1.5000000e+00   0.0000000e+00   3.5999999e+00   4.5999999e+00   0.0000000e+00   0.0000000e+00   2.0999999e+00   5.0000000e-01   0.0000000e+00   3.0999999e+00   2.0999999e+00   1.5000000e+00   4.5999999e+00
  -9.2300000e+02   9.8000002e+00   0.0000000e+00   1.5000000e+00   6.1999998e+00   3.5999999e+00   3.0999999e+00   2.0999999e+00   3.5999999e+00   5.5555556e-01   0.0000000e+00   2.0666666e+00   2.7666666e+00   1.5000000e+00   3.5999999e+00
  -9.2200000e+02   5.6999998e+00   1.5000000e+00   1.5000000e+00   1.5000000e+00   3.0999999e+00   2.0999999e+00   2.0999999e+00   2.5999999e+00   6.1111111e-01   0.0000000e+00   1.0333333e+00   3.4333332e+00   2.0999999e+00   3.5999999e+00
  -9.2100000e+02   5.6999998e+00   2.0999999e+00   2.0999999e+00   2.0999999e+00   3.0999999e+00   2.0999999e+00   1.5000000e+00   2.5999999e+00   6.6666667e-01   0.0000000e+00   0.0000000e+00   4.0999999e+00   1.5000000e+00   3.5999999e+00
  -9.2000000e+02   5.1999998e+00   2.0999999e+00   1.5000000e+00   0.0000000e+00   2.5999999e+00   1.5000000e+00   1.5000000e+00   1.5000000e+00   7.2222222e-01   3.3333333e-01   0.0000000e+00   4.4333332e+00   1.5000000e+00   3.0999999e+00
  -9.1900000e+02   6.6999998e+00   4.0999999e+00   2.0999999e+00   1.5000000e+00   4.5999999e+00   0.0000000e+00   0.0000000e+00   0.0000000e+00   7.7777778e-01   6.6666667e-01   0.0000000e+00   4.7666666e+00   2.0999999e+00   5.1999998e+00
  -9.1800000e+02   6.1999998e+00   3.5999999e+00   3.0999999e+00   0.0000000e+00   3.0999999e+00   0.0000000e+00   0.0000000e+00   1.5000000e+00   8.3333333e-01   1.0000000e+00   0.0000000e+00   5.0999999e+00   2.5999999e+00   3.0999999e+00
  -9.1700000e+02   4.0999999e+00   4.5999999e+00   3.5999999e+00   0.0000000e+00   3.5999999e+00   2.0999999e+00   0.0000000e+00   2.0000000e+00   8.8888889e-01   1.0000000e+00   1.0333333e+00   4.9333332e+00   2.0999999e+00   3.5999999e+00
  -9.1600000e+02   6.1999998e+00   5.6999998e+00   3.0999999e+00   4.0999999e+00   3.0999999e+00   2.0999999e+00   0.0000000e+00   1.5000000e+00   9.4444444e-01   1.0000000e+00   2.0666666e+00   4.7666666e+00   3.5999999e+00   5.1999998e+00
  -9.1500000e+02   3.5999999e+00   5.6999998e+00   3.0999999e+00   2.0999999e+00   2.5999999e+00   3.0999999e+00   0.0000000e+00   0.0000000e+00   1.0000000e+00   1.0000000e+00   3.0999999e+00   4.5999999e+00   4.0999999e+00   3.0999999e+00
  -9.1400000e+02   3.5999999e+00   3.5999999e+00   4.5999999e+00   2.5999999e+00   1.5000000e+00   2.0999999e+00   0.0000000e+00   1.5000000e+00   1.0555556e+00   1.0000000e+00   2.7666666e+00   4.4333332e+00   4.5999999e+00   5.1999998e+00
  -9.1300000e+02   4.5999999e+00   5.1999998e+00   3.0999999e+00   0.0000000e+00   2.5999999e+00   3.0999999e+00   0.0000000e+00   1.5000000e+00   1.1111111e+00   1.0000000e+00   2.4333332e+00   4.2666666e+00   4.0999999e+00   3.0999999e+00
  -9.1200000e+02   5.6999998e+00   4.5999999e+00   6.6999998e+00   2.5999999e+00   2.5999999e+00   4.0999999e+00   0.0000000e+00   2.0999999e+00   1.1666667e+00   1.0000000e+00   2.0999999e+00   4.0999999e+00   5.1999998e+00   2.5999999e+00
  -9.1100000e+02   4.5999999e+00   4.5999999e+00   6.6999998e+00   2.0999999e+00   7.2643158e-09   2.5999999e+00   0.0000000e+00   1.5000000e+00   1.2222222e+00   1.0000000e+00   2.7666666e+00   3.2333333e+00   3.5999999e+00   2.0999999e+00
  -9.1000000e+02   3.0999999e+00   3.5999999e+00   5.6999998e+00   0.0000000e+00   1.5000000e+00   4.0999999e+00   0.0000000e+00   3.5999999e+00   1.2777778e+00   1.0000000e+00   3.4333332e+00   2.3666666e+00   3.5999999e+00   1.5000000e+00
  -9.0900000e+02   4.0999999e+00   3.5999999e+00   4.5999999e+00   2.5999999e+00   2.0999999e+00   4.0999999e+00   0.0000000e+00   4.0999999e+00   1.3333333e+00   1.0000000e+00   4.0999999e+00   1.5000000e+00   3.5999999e+00   2.0999999e+00
  -9.0800000e+02   5.1999998e+00   3.0999999e+00   1.5000000e+00   2.0999999e+00   2.0999999e+00   4.0999999e+00   0.0000000e+00   4.0999999e+00   1.3888889e+00   1.0000000e+00   3.7666666e+00   2.0333333e+00   3.5999999e+00   2.5999999e+00
  -9.0700000e+02   6.6999998e+00   2.5999999e+00   3.0999999e+00   0.0000000e+00   0.0000000e+00   2.5999999e+00   2.5999999e+00   3.5999999e+00   1.4444444e+00   1.0000000e+00   3.4333332e+00   2.5666666e+00   1.5000000e+00   3.5999999e+00
  -9.0600000e+02   5.1999998e+00   2.5999999e+00   2.5999999e+00   1.5000000e+00   2.0999999e+00   2.0999999e+00   0.0000000e+00   4.5999999e+00   1.5000000e+00   1.0000000e+00   3.0999999e+00   3.0999999e+00   1.5000000e+00   4.0999999e+00
  -9.0500000e+02   6.1999998e+00   2.0999999e+00   1.5000000e+00   3.5999999e+00   5.8673320e-09   2.0999999e+00   0.0000000e+00   5.5999999e+00   1.5555556e+00   6.6666667e-01   2.8333333e+00   3.4333332e+00   1.5000000e+00   3.0999999e+00
  -9.0400000e+02   4.0999999e+00   0.0000000e+00   0.0000000e+00   4.0999999e+00   1.5000000e+00   4.5999999e+00   1.5000000e+00   4.0999999e+00   1.6111111e+00   3.3333333e-01   2.5666666e+00   3.7666666e+00   1.5000000e+00   5.1999998e+00
  -9.0300000e+02   5.1999998e+00   0.0000000e+00   0.0000000e+00   3.0999999e+00   0.0000000e+00   3.5999999e+00   1.5000000e+00   4.5999999e+00   1.6666667e+00   0.0000000e+00   2.3000000e+00   4.0999999e+00   2.5999999e+00   3.0999999e+00
  -9.0200000e+02   5.1999998e+00   0.0000000e+00   0.0000000e+00   5.1999998e+00   3.0999999e+00   2.5999999e+00   1.5000000e+00   4.5999999e+00   1.7222222e+00   0.0000000e+00   2.0333333e+00   3.5999999e+00   1.5000000e+00   2.0999999e+00
  -9.0100000e+02   4.5999999e+00   2.0999999e+00   1.5000000e+00   6.1999998e+00   3.5999999e+00   3.0999999e+00   1.5000000e+00   4.5999999e+00   1.7777778e+00   0.0000000e+00   1.7666667e+00   3.0999999e+00   0.0000000e+00   4.0999999e+00
  -9.0000000e+02   4.5999999e+00   2.0999999e+00   1.5000000e+00   6.6999998e+00   2.5999999e+00   3.0999999e+00   2.5999999e+00   3.0999999e+00   1.8333333e+00   0.0000000e+00   1.5000000e+00   2.5999999e+00   1.5000000e+00   2.0999999e+00
  -8.9900000e+02   4.5999999e+00   1.5000000e+00   0.0000000e+00   5.1999998e+00   4.5999999e+00   2.0999999e+00   3.0999999e+00   2.5999999e+00   1.8888889e+00   0.0000000e+00   1.8666666e+00   2.5999999e+00   1.5000000e+00   4.0999999e+00
  -8.9800000e+02   7.1999998e+00   2.0999999e+00   1.5000000e+00   5.1999998e+00   3.0999999e+00   4.1909516e-09   3.5999999e+00   2.0000000e+00   1.9444444e+00   0.0000000e+00   2.2333333e+00   2.5999999e+00   2.0999999e+00   5.1999998e+00
  -8.9700000e+02   7.1999998e+00   3.5999999e+00   1.5000000e+00   6.1999998e+00   2.5999999e+00   1.5000000e+00   3.0999999e+00   2.5999999e+00   2.0000000e+00   0.0000000e+00   2.5999999e+00   2.5999999e+00   1.5000000e+00   4.5999999e+00
  -8.9600000e+02   7.1999998e+00   4.0999999e+00   1.5000000e+00   5.6999998e+00   3.0999999e+00   0.0000000e+00   0.0000000e+00   0.0000000e+00   2.0000000e+00   0.0000000e+00   2.2333333e+00   2.2333333e+00   2.0999999e+00   5.1999998e+00
  -8.9500000e+02   5.1999998e+00   5.6999998e+00   2.0999999e+00   5.1999998e+00   3.5999999e+00   1.5000000e+00   1.5000000e+00   0.0000000e+00   2.0000000e+00   0.0000000e+00   1.8666666e+00   1.8666666e+00   1.5000000e+00   3.5999999e+00
  -8.9400000e+02   7.1999998e+00   6.1999998e+00   1.5000000e+00   2.5999999e+00   3.5999999e+00   0.0000000e+00   1.5000000e+00   0.0000000e+00   2.0000000e+00   0.0000000e+00   1.5000000e+00   1.5000000e+00   2.5999999e+00   3.0999999e+00
  -8.9300000e+02   6.1999998e+00   5.1999998e+00   2.0999999e+00   4.5999999e+00   3.0999999e+00   0.0000000e+00   1.5000000e+00   0.0000000e+00   1.3333333e+00   3.3333333e-01   1.7000000e+00   1.7000000e+00   2.5999999e+00   4.0999999e+00
  -8.9200000e+02   5.1999998e+00   4.5999999e+00   2.0999999e+00   1.5000000e+00   4.0999999e+00   1.5000000e+00   0.0000000e+00   0.0000000e+00   6.6666667e-01   6.6666667e-01   1.8999999e+00   1.8999999e+00   1.5000000e+00   2.5999999e+00
  -8.9100000e+02   4.0999999e+00   5.6999998e+00   3.0999999e+00   0.0000000e+00   3.5999999e+00   1.5000000e+00   0.0000000e+00   0.0000000e+00   0.0000000e+00   1.0000000e+00   2.0999999e+00   2.0999999e+00   2.5999999e+00   2.5999999e+00
  -8.9000000e+02   4.0999999e+00   5.6999998e+00   4.0999999e+00   1.5000000e+00   2.5999999e+00   1.5000000e+00   0.0000000e+00   0.0000000e+00   0.0000000e+00   6.6666667e-01   2.7666666e+00   2.0999999e+00   3.5999999e+00   2.5999999e+00
  -8.8900000e+02   4.0999999e+00   3.0999999e+00   7.6999998e+00   0.0000000e+00   4.0999999e+00   1.5000000e+00   0.0000000e+00   0.0000000e+00   0.0000000e+00   3.3333333e-01   3.4333332e+00   2.0999999e+00   4.0999999e+00   2.0999999e+00
  -8.8800000e+02   3.0999999e+00   3.5999999e+00   6.6999998e+00   0.0000000e+00   2.5999999e+00   3.5999999e+00   0.0000000e+00   0.0000000e+00   0.0000000e+00   0.0000000e+00   4.0999999e+00   2.0999999e+00   4.0999999e+00   2.0999999e+00
  -8.8700000e+02   2.0999999e+00   3.5999999e+00   4.0999999e+00   1.5000000e+00   2.5999999e+00   2.5999999e+00   0.0000000e+00   2.0000000e+00   0.0000000e+00   3.3333333e-01   3.7666666e+00   2.0999999e+00   5.6999998e+00   0.0000000e+00
  -8.8600000e+02   3.5999999e+00   4.0999999e+00   3.5999999e+00   2.5999999e+00   0.0000000e+00   2.0999999e+00   0.0000000e+00   0.0000000e+00   0.0000000e+00   6.6666667e-01   3.4333332e+00   2.0999999e+00   1.5000000e+00   2.0999999e+00
  -8.8500000e+02   3.5999999e+00   3.0999999e+00   2.0999999e+00   3.0999999e+00   0.0000000e+00   2.0999999e+00   0.0000000e+00   0.0000000e+00   0.0000000e+00   1.0000000e+00   3.0999999e+00   2.0999999e+00   2.5999999e+00   2.5999999e+00
  -8.8400000e+02   6.6999998e+00   1.5000000e+00   4.0999999e+00   0.0000000e+00   2.0999999e+00   0.0000000e+00   0.0000000e+00   2.0000000e+00   0.0000000e+00   6.6666667e-01   3.0999999e+00   2.2666666e+00   2.5999999e+00   2.5999999e+00
  -8.8300000e+02   7.6999998e+00   4.1909516e-09   3.0999999e+00   0.0000000e+00   0.0000000e+00   7.2643158e-09   0.0000000e+00   4.0999999e+00   0.0000000e+00   3.3333333e-01   3.0999999e+00   2.4333332e+00   3.0999999e+00   4.5999999e+00
  -8.8200000e+02   6.1999998e+00   1.5000000e+00   2.5999999e+00   0.0000000e+00   0.0000000e+00   2.5999999e+00   2.0999999e+00   4.5999999e+00   0.0000000e+00   0.0000000e+00   3.0999999e+00   2.5999999e+00   2.0999999e+00   5.1999998e+00
  -8.8100000e+02   5.6999998e+00   1.5000000e+00   1.5000000e+00   5.1999998e+00   1.5000000e+00   3.5999999e+00   0.0000000e+00   3.5999999e+00   0.0000000e+00   0.0000000e+00   3.0999999e+00   2.7666666e+00   1.5000000e+00   0.0000000e+00
  -8.8000000e+02   6.1999998e+00   0.0000000e+00   2.0999999e+00   3.5999999e+00   2.0999999e+00   3.0999999e+00   1.5000000e+00   5.0999999e+00   0.0000000e+00   0.0000000e+00   3.0999999e+00   2.9333332e+00   1.5000000e+00   4.5999999e+00
  -8.7900000e+02   7.6999998e+00   0.0000000e+00   0.0000000e+00   5.1999998e+00   2.0999999e+00   3.0999999e+00   3.0999999e+00   3.5999999e+00   0.0000000e+00   0.0000000e+00   3.0999999e+00   3.0999999e+00   1.5000000e+00   6.1999998e+00
  -8.7800000e+02   8.1999998e+00   0.0000000e+00   0.0000000e+00   4.0999999e+00   3.5999999e+00   3.5999999e+00   2.5999999e+00   4.0999999e+00   3.3333333e-01   0.0000000e+00   2.5666666e+00   2.5666666e+00   1.5000000e+00   6.6999998e+00
  -8.7700000e+02   5.6999998e+00   4.1909516e-09   0.0000000e+00   4.5999999e+00   2.5999999e+00   2.5999999e+00   3.0999999e+00   3.5999999e+00   6.6666667e-01   0.0000000e+00   2.0333333e+00   2.0333333e+00   2.5999999e+00   4.5999999e+00
  -8.7600000e+02   5.6999998e+00   1.5000000e+00   0.0000000e+00   5.6999998e+00   2.5999999e+00   3.5999999e+00   3.0999999e+00   3.5999999e+00   1.0000000e+00   0.0000000e+00   1.5000000e+00   1.5000000e+00   3.5999999e+00   3.5999999e+00
  -8.7500000e+02   4.5999999e+00   0.0000000e+00   0.0000000e+00   5.1999998e+00   5.1999998e+00   3.5999999e+00   3.5999999e+00   3.5999999e+00   1.3333333e+00   0.0000000e+00   1.8666666e+00   1.5000000e+00   4.5999999e+00   3.5999999e+00
  -8.7400000e+02   4.0999999e+00   3.0999999e+00   0.0000000e+00   5.6999998e+00   4.5999999e+00   3.5999999e+00   3.0999999e+00   2.5999999e+00   1.6666667e+00   0.0000000e+00   2.2333333e+00   1.5000000e+00   4.0999999e+00   2.0999999e+00
  -8.7300000e+02   4.5999999e+00   3.5999999e+00   0.0000000e+00   4.5999999e+00   4.0999999e+00   2.0999999e+00   2.0999999e+00   2.5999999e+00   2.0000000e+00   0.0000000e+00   2.5999999e+00   1.5000000e+00   2.0999999e+00   0.0000000e+00
  -8.7200000e+02   4.5999999e+00   4.5999999e+00   2.0999999e+00   4.5999999e+00   4.0999999e+00   2.0999999e+00   2.0999999e+00   2.0000000e+00   2.6666667e+00   0.0000000e+00   2.4333332e+00   1.8666666e+00   3.0999999e+00   0.0000000e+00
  -8.7100000e+02   6.1999998e+00   4.0999999e+00   1.5000000e+00   5.1999998e+00   3.5999999e+00   1.5000000e+00   2.0999999e+00   1.5000000e+00   3.3333333e+00   0.0000000e+00   2.2666666e+00   2.2333333e+00   3.0999999e+00   0.0000000e+00
  -8.7000000e+02   4.5999999e+00   3.5999999e+00   1.5000000e+00   3.5999999e+00   3.0999999e+00   3.5999999e+00   0.0000000e+00   0.0000000e+00   4.0000000e+00   0.0000000e+00   2.0999999e+00   2.5999999e+00   2.0999999e+00   0.0000000e+00
  -8.6900000e+02   3.5999999e+00   5.1999998e+00   2.5999999e+00   3.0999999e+00   3.5999999e+00   3.0999999e+00   2.5999999e+00   0.0000000e+00   4.3333333e+00   0.0000000e+00   1.8999999e+00   3.2666666e+00   3.5999999e+00   3.0999999e+00
  -8.6800000e+02   3.5999999e+00   5.6999998e+00   2.5999999e+00   3.0999999e+00   3.5999999e+00   2.0999999e+00   1.5000000e+00   0.0000000e+00   4.6666667e+00   0.0000000e+00   1.7000000e+00   3.9333332e+00   3.5999999e+00   0.0000000e+00
  -8.6700000e+02   2.5999999e+00   4.5999999e+00   1.5000000e+00   2.0999999e+00   4.5999999e+00   3.5999999e+00   1.5000000e+00   0.0000000e+00   5.0000000e+00   0.0000000e+00   1.5000000e+00   4.5999999e+00   4.0999999e+00   0.0000000e+00
  -8.6600000e+02   1.0000000e+00   6.6999998e+00   2.0999999e+00   4.0999999e+00   3.5999999e+00   3.5999999e+00   2.0999999e+00   0.0000000e+00   4.0000000e+00   0.0000000e+00   1.7000000e+00   4.0999999e+00   1.5000000e+00   0.0000000e+00
  -8.6500000e+02   1.0000000e+00   3.5999999e+00   3.5999999e+00   2.0999999e+00   3.0999999e+00   3.5999999e+00   2.0999999e+00   2.0000000e+00   3.0000000e+00   0.0000000e+00   1.8999999e+00   3.5999999e+00   1.5000000e+00   2.0999999e+00
  -8.6400000e+02   1.5000000e+00   0.0000000e+00   3.5999999e+00   0.0000000e+00   2.5999999e+00   2.5999999e+00   1.5000000e+00   2.5999999e+00   2.0000000e+00   0.0000000e+00   2.0999999e+00   3.0999999e+00   4.0999999e+00   1.5000000e+00
  -8.6300000e+02   1.5000000e+00   2.0999999e+00   3.0999999e+00   0.0000000e+00   1.5000000e+00   3.5999999e+00   0.0000000e+00   3.5999999e+00   1.7777778e+00   0.0000000e+00   2.2666666e+00   3.2666666e+00   3.0999999e+00   0.0000000e+00
  -8.6200000e+02   1.5000000e+00   5.8673319e-09   4.5999999e+00   0.0000000e+00   2.0999999e+00   2.0999999e+00   1.5000000e+00   4.0999999e+00   1.5555556e+00   0.0000000e+00   2.4333332e+00   3.4333332e+00   4.5999999e+00   2.0999999e+00
  -8.6100000e+02   1.0000000e+00   2.0999999e+00   4.0999999e+00   1.5000000e+00   2.5999999e+00   3.0999999e+00   0.0000000e+00   3.5999999e+00   1.3333333e+00   0.0000000e+00   2.5999999e+00   3.5999999e+00   5.6999998e+00   2.0999999e+00
  -8.6000000e+02   2.0999999e+00   0.0000000e+00   3.5999999e+00   2.5999999e+00   1.5000000e+00   2.0999999e+00   1.5000000e+00   5.0999999e+00   1.1111111e+00   0.0000000e+00   2.4333332e+00   3.2666666e+00   2.5999999e+00   3.0999999e+00
  -8.5900000e+02   2.0999999e+00   1.5000000e+00   2.5999999e+00   1.5000000e+00   1.5000000e+00   2.5999999e+00   0.0000000e+00   4.5999999e+00   8.8888889e-01   0.0000000e+00   2.2666666e+00   2.9333332e+00   2.0999999e+00   1.5000000e+00
  -8.5800000e+02   3.0999999e+00   2.0999999e+00   3.0999999e+00   1.5000000e+00   2.5999999e+00   5.0999999e+00   0.0000000e+00   3.5999999e+00   6.6666667e-01   0.0000000e+00   2.0999999e+00   2.5999999e+00   0.0000000e+00   0.0000000e+00
  -8.5700000e+02   3.0999999e+00   2.0999999e+00   2.5999999e+00   3.0999999e+00   1.5000000e+00   3.0999999e+00   1.5000000e+00   4.0999999e+00   4.4444444e-01   0.0000000e+00   2.0999999e+00   1.8999999e+00   1.5000000e+00   1.5000000e+00
  -8.5600000e+02   4.0999999e+00   1.5000000e+00   2.5999999e+00   4.0999999e+00   0.0000000e+00   3.5999999e+00   3.0999999e+00   4.5999999e+00   2.2222222e-01   0.0000000e+00   2.0999999e+00   1.2000000e+00   1.5000000e+00   1.5000000e+00
  -8.5500000e+02   5.1999998e+00   1.5000000e+00   2.0999999e+00   5.1999998e+00   0.0000000e+00   2.5999999e+00   3.5999999e+00   3.5999999e+00   0.0000000e+00   0.0000000e+00   2.0999999e+00   5.0000000e-01   0.0000000e+00   2.0999999e+00
  -8.5400000e+02   6.1999998e+00   1.5000000e+00   2.0999999e+00   4.5999999e+00   1.5000000e+00   2.5999999e+00   4.0999999e+00   5.5999999e+00   6.6666667e-01   0.0000000e+00   1.3999999e+00   6.6666667e-01   1.5000000e+00   2.5999999e+00
  -8.5300000e+02   5.1999998e+00   1.5000000e+00   2.5999999e+00   5.1999998e+00   1.5000000e+00   1.5000000e+00   3.0999999e+00   6.0999999e+00   1.3333333e+00   0.0000000e+00   6.9999997e-01   8.3333333e-01   0.0000000e+00   6.1999998e+00
  -8.5200000e+02   5.1999998e+00   0.0000000e+00   0.0000000e+00   6.1999998e+00   3.5999999e+00   0.0000000e+00   2.5999999e+00   4.0999999e+00   2.0000000e+00   0.0000000e+00   0.0000000e+00   1.0000000e+00   2.0999999e+00   3.0999999e+00
  -8.5100000e+02   6.1999998e+00   1.5000000e+00   1.5000000e+00   5.6999998e+00   4.0999999e+00   1.5000000e+00   4.0999999e+00   4.5999999e+00   2.0000000e+00   0.0000000e+00   0.0000000e+00   1.1666667e+00   2.5999999e+00   2.0999999e+00
  -8.5000000e+02   5.1999998e+00   2.0999999e+00   2.5999999e+00   6.6999998e+00   3.0999999e+00   2.0999999e+00   3.5999999e+00   3.5999999e+00   2.0000000e+00   0.0000000e+00   0.0000000e+00   1.3333333e+00   2.0999999e+00   2.5999999e+00
  -8.4900000e+02   5.1999998e+00   2.5999999e+00   1.5000000e+00   4.5999999e+00   4.5999999e+00   1.5000000e+00   1.5000000e+00   3.5999999e+00   2.0000000e+00   0.0000000e+00   0.0000000e+00   1.5000000e+00   2.0999999e+00   1.5000000e+00
  -8.4800000e+02   4.0999999e+00   3.5999999e+00   2.5999999e+00   5.6999998e+00   5.1999998e+00   1.5000000e+00   1.5000000e+00   3.0999999e+00   1.3333333e+00   0.0000000e+00   5.0000000e-01   2.0333333e+00   2.0999999e+00   0.0000000e+00
  -8.4700000e+02   4.0999999e+00   3.0999999e+00   3.0999999e+00   3.0999999e+00   6.1999998e+00   1.5000000e+00   1.5000000e+00   4.0999999e+00   6.6666667e-01   0.0000000e+00   1.0000000e+00   2.5666666e+00   1.5000000e+00   2.0999999e+00
  -8.4600000e+02   2.5999999e+00   3.0999999e+00   3.5999999e+00   1.5000000e+00   5.6999998e+00   2.0999999e+00   1.5000000e+00   2.5999999e+00   0.0000000e+00   0.0000000e+00   1.5000000e+00   3.0999999e+00   2.5999999e+00   2.5999999e+00
  -8.4500000e+02   2.5999999e+00   2.5999999e+00   5.1999998e+00   0.0000000e+00   4.5999999e+00   3.0999999e+00   2.0999999e+00   2.0000000e+00   0.0000000e+00   0.0000000e+00   1.8666666e+00   3.2666666e+00   3.0999999e+00   2.0999999e+00
  -8.4400000e+02   4.0999999e+00   3.0999999e+00   3.0999999e+00   0.0000000e+00   2.0999999e+00   2.5999999e+00   2.0999999e+00   4.0999999e+00   0.0000000e+00   0.0000000e+00   2.2333333e+00   3.4333332e+00   3.5999999e+00   1.5000000e+00
  -8.4300000e+02   3.5999999e+00   5.1999998e+00   4.0999999e+00   0.0000000e+00   3.5999999e+00   3.0999999e+00   0.0000000e+00   4.0999999e+00   0.0000000e+00   0.0000000e+00   2.5999999e+00   3.5999999e+00   4.0999999e+00   0.0000000e+00
  -8.4200000e+02   3.5999999e+00   4.0999999e+00   4.0999999e+00   1.5000000e+00   2.5999999e+00   2.0999999e+00   0.0000000e+00   4.0999999e+00   0.0000000e+00   0.0000000e+00   3.0999999e+00   2.8999999e+00   4.0999999e+00   5.1999998e+00
  -8.4100000e+02   3.0999999e+00   4.5999999e+00   2.5999999e+00   2.0999999e+00   3.0999999e+00   3.5999999e+00   0.0000000e+00   4.0999999e+00   0.0000000e+00   0.0000000e+00   3.5999999e+00   2.2000000e+00   4.0999999e+00   6.6999998e+00
  -8.4000000e+02   2.5999999e+00   3.5999999e+00   3.0999999e+00   1.5000000e+00   5.6999998e+00   3.5999999e+00   0.0000000e+00   4.0999999e+00   0.0000000e+00   0.0000000e+00   4.0999999e+00   1.5000000e+00   3.0999999e+00   2.0999999e+00
  -8.3900000e+02   2.5999999e+00   3.0999999e+00   4.0999999e+00   1.5000000e+00   2.5999999e+00   3.5999999e+00   0.0000000e+00   5.5999999e+00   0.0000000e+00   0.0000000e+00   4.4333332e+00   1.5000000e+00   4.0999999e+00   4.5999999e+00
  -8.3800000e+02   3.5999999e+00   3.0999999e+00   2.5999999e+00   1.5000000e+00   3.0999999e+00   3.0999999e+00   1.5000000e+00   4.0999999e+00   0.0000000e+00   0.0000000e+00   4.7666666e+00   1.5000000e+00   3.0999999e+00   0.0000000e+00
  -8.3700000e+02   3.5999999e+00   3.5999999e+00   3.0999999e+00   2.0999999e+00   2.5999999e+00   4.0999999e+00   1.5000000e+00   5.6999998e+00   0.0000000e+00   0.0000000e+00   5.0999999e+00   1.5000000e+00   3.5999999e+00   0.0000000e+00
  -8.3600000e+02   4.5999999e+00   2.5999999e+00   0.0000000e+00   1.5000000e+00   7.2643158e-09   4.5999999e+00   3.5999999e+00   5.0999999e+00   0.0000000e+00   0.0000000e+00   5.6333332e+00   1.8666666e+00   3.0999999e+00   0.0000000e+00
  -8.3500000e+02   5.6999998e+00   2.0999999e+00   1.5000000e+00   0.0000000e+00   1.5000000e+00   3.5999999e+00   0.0000000e+00   6.5999999e+00   0.0000000e+00   0.0000000e+00   6.1666665e+00   2.2333333e+00   1.5000000e+00   8.6612997e-09
  -8.3400000e+02   6.6999998e+00   2.0999999e+00   2.5999999e+00   0.0000000e+00   0.0000000e+00   3.5999999e+00   0.0000000e+00   4.5999999e+00   0.0000000e+00   0.0000000e+00   6.6999998e+00   2.5999999e+00   0.0000000e+00   3.0999999e+00
  -8.3300000e+02   6.6999998e+00   2.0999999e+00   2.5999999e+00   4.0999999e+00   0.0000000e+00   3.5999999e+00   2.5999999e+00   4.5999999e+00   0.0000000e+00   0.0000000e+00   5.4999998e+00   2.4333332e+00   0.0000000e+00   2.5999999e+00
  -8.3200000e+02   6.1999998e+00   2.0999999e+00   2.5999999e+00   3.0999999e+00   0.0000000e+00   3.0999999e+00   2.5999999e+00   5.5999999e+00   0.0000000e+00   0.0000000e+00   4.2999999e+00   2.2666666e+00   0.0000000e+00   2.5999999e+00
  -8.3100000e+02   6.1999998e+00   2.0999999e+00   0.0000000e+00   5.6999998e+00   0.0000000e+00   2.0999999e+00   2.0999999e+00   4.0999999e+00   0.0000000e+00   0.0000000e+00   3.0999999e+00   2.0999999e+00   0.0000000e+00   3.0999999e+00
  -8.3000000e+02   7.1999998e+00   1.5000000e+00   2.0999999e+00   5.1999998e+00   1.5000000e+00   2.5999999e+00   0.0000000e+00   5.0999999e+00   0.0000000e+00   0.0000000e+00   3.4333332e+00   2.5999999e+00   0.0000000e+00   3.5999999e+00
  -8.2900000e+02   7.1999998e+00   1.5000000e+00   0.0000000e+00   7.1999998e+00   3.0999999e+00   2.0999999e+00   2.5999999e+00   4.5999999e+00   0.0000000e+00   0.0000000e+00   3.7666666e+00   3.0999999e+00   0.0000000e+00   5.6999998e+00
  -8.2800000e+02   7.1999998e+00   2.5999999e+00   0.0000000e+00   5.1999998e+00   2.0999999e+00   0.0000000e+00   3.0999999e+00   3.5999999e+00   0.0000000e+00   0.0000000e+00   4.0999999e+00   3.5999999e+00   1.5000000e+00   5.6999998e+00
  -8.2700000e+02   5.1999998e+00   2.0999999e+00   1.5000000e+00   6.6999998e+00   4.0999999e+00   1.5000000e+00   4.0999999e+00   3.0999999e+00   1.0000000e+00   0.0000000e+00   4.0999999e+00   4.0999999e+00   1.5000000e+00   5.6999998e+00
  -8.2600000e+02   6.1999998e+00   3.0999999e+00   2.0999999e+00   6.1999998e+00   4.5999999e+00   0.0000000e+00   3.5999999e+00   3.0999999e+00   2.0000000e+00   0.0000000e+00   4.0999999e+00   4.5999999e+00   2.0999999e+00   5.6999998e+00
  -8.2500000e+02   5.1999998e+00   4.0999999e+00   1.5000000e+00   4.0999999e+00   3.5999999e+00   0.0000000e+00   2.0999999e+00   4.5999999e+00   3.0000000e+00   0.0000000e+00   4.0999999e+00   5.0999999e+00   3.5999999e+00   7.1999998e+00
  -8.2400000e+02   5.6999998e+00   4.5999999e+00   2.5999999e+00   3.0999999e+00   2.5999999e+00   0.0000000e+00   0.0000000e+00   3.0999999e+00   2.6666667e+00   0.0000000e+00   3.7666666e+00   5.0999999e+00   3.5999999e+00   6.1999998e+00
  -8.2300000e+02   5.6999998e+00   4.5999999e+00   2.5999999e+00   2.5999999e+00   3.0999999e+00   0.0000000e+00   1.5000000e+00   4.0999999e+00   2.3333333e+00   0.0000000e+00   3.4333332e+00   5.0999999e+00   3.0999999e+00   4.0999999e+00
  -8.2200000e+02   7.6999998e+00   4.0999999e+00   2.5999999e+00   2.5999999e+00   1.5000000e+00   0.0000000e+00   0.0000000e+00   3.0999999e+00   2.0000000e+00   0.0000000e+00   3.0999999e+00   5.0999999e+00   2.5999999e+00   3.0999999e+00
  -8.2100000e+02   5.6999998e+00   5.1999998e+00   2.0999999e+00   2.5999999e+00   4.1909516e-09   0.0000000e+00   0.0000000e+00   4.0999999e+00   1.8666667e+00   0.0000000e+00   3.0999999e+00   5.0999999e+00   5.1999998e+00   3.5999999e+00
  -8.2000000e+02   6.1999998e+00   3.0999999e+00   8.6612997e-09   1.5000000e+00   1.5000000e+00   0.0000000e+00   0.0000000e+00   2.5999999e+00   1.7333333e+00   0.0000000e+00   3.0999999e+00   5.0999999e+00   6.1999998e+00   3.0999999e+00
  -8.1900000e+02   5.1999998e+00   2.0999999e+00   3.0999999e+00   2.5999999e+00   1.5000000e+00   0.0000000e+00   0.0000000e+00   3.5999999e+00   1.6000000e+00   0.0000000e+00   3.0999999e+00   5.0999999e+00   5.1999998e+00   4.0999999e+00
  -8.1800000e+02   5.1999998e+00   3.5999999e+00   3.0999999e+00   0.0000000e+00   1.5000000e+00   1.5000000e+00   0.0000000e+00   3.5999999e+00   1.4666667e+00   0.0000000e+00   3.0999999e+00   4.9333332e+00   4.5999999e+00   4.0999999e+00
  -8.1700000e+02   4.0999999e+00   6.1999998e+00   3.0999999e+00   0.0000000e+00   1.5000000e+00   8.6612997e-09   0.0000000e+00   3.0999999e+00   1.3333333e+00   0.0000000e+00   3.0999999e+00   4.7666666e+00   5.6999998e+00   4.0999999e+00
  -8.1600000e+02   4.0999999e+00   2.0999999e+00   2.5999999e+00   2.0999999e+00   3.0999999e+00   3.0999999e+00   1.5000000e+00   5.6999998e+00   1.2000000e+00   0.0000000e+00   3.0999999e+00   4.5999999e+00   3.0999999e+00   5.1999998e+00
  -8.1500000e+02   3.5999999e+00   0.0000000e+00   5.1999998e+00   0.0000000e+00   1.5000000e+00   2.5999999e+00   1.5000000e+00   5.0999999e+00   1.0666667e+00   0.0000000e+00   3.4333332e+00   4.5999999e+00   5.1999998e+00   5.1999998e+00
  -8.1400000e+02   3.5999999e+00   2.0999999e+00   4.5999999e+00   0.0000000e+00   0.0000000e+00   4.5999999e+00   1.5000000e+00   4.5999999e+00   9.3333333e-01   0.0000000e+00   3.7666666e+00   4.5999999e+00   4.0999999e+00   4.5999999e+00
  -8.1300000e+02   3.5999999e+00   2.0999999e+00   1.5000000e+00   5.1999998e+00   0.0000000e+00   2.0999999e+00   0.0000000e+00   5.0999999e+00   8.0000000e-01   0.0000000e+00   4.0999999e+00   4.5999999e+00   2.0999999e+00   4.0999999e+00
  -8.1200000e+02   4.5999999e+00   0.0000000e+00   0.0000000e+00   2.0999999e+00   0.0000000e+00   4.0999999e+00   0.0000000e+00   4.5999999e+00   6.6666667e-01   0.0000000e+00   3.7666666e+00   3.5666666e+00   2.5999999e+00   4.0999999e+00
  -8.1100000e+02   7.1999998e+00   0.0000000e+00   1.5000000e+00   2.5999999e+00   0.0000000e+00   5.0999999e+00   2.5999999e+00   5.0999999e+00   5.3333333e-01   0.0000000e+00   3.4333332e+00   2.5333333e+00   1.5000000e+00   4.5999999e+00
  -8.1000000e+02   3.0999999e+00   0.0000000e+00   2.0999999e+00   2.0999999e+00   0.0000000e+00   3.5999999e+00   3.5999999e+00   5.0999999e+00   4.0000000e-01   0.0000000e+00   3.0999999e+00   1.5000000e+00   0.0000000e+00   5.6999998e+00
  -8.0900000e+02   1.1300000e+01   1.5000000e+00   0.0000000e+00   1.5000000e+00   0.0000000e+00   4.0999999e+00   3.0999999e+00   4.0999999e+00   2.6666667e-01   0.0000000e+00   3.5999999e+00   2.3666666e+00   0.0000000e+00   6.1999998e+00
  -8.0800000e+02   7.1999998e+00   1.5000000e+00   1.5000000e+00   3.5999999e+00   0.0000000e+00   3.5999999e+00   0.0000000e+00   5.5999999e+00   1.3333333e-01   0.0000000e+00   4.0999999e+00   3.2333333e+00   2.5999999e+00   5.6999998e+00
  -8.0700000e+02   5.1999998e+00   1.5000000e+00   1.5000000e+00   3.0999999e+00   1.5000000e+00   2.0999999e+00   1.5000000e+00   3.5999999e+00   0.0000000e+00   0.0000000e+00   4.5999999e+00   4.0999999e+00   2.0999999e+00   7.1999998e+00
  -8.0600000e+02   3.0999999e+00   0.0000000e+00   0.0000000e+00   3.0999999e+00   4.1909516e-09   1.5000000e+00   1.5000000e+00   4.5999999e+00   0.0000000e+00   0.0000000e+00   4.0999999e+00   3.2333333e+00   2.0999999e+00   5.1999998e+00
  -8.0500000e+02   2.0999999e+00   2.0999999e+00   5.8673319e-09   5.6999998e+00   3.0999999e+00   0.0000000e+00   0.0000000e+00   5.0999999e+00   0.0000000e+00   0.0000000e+00   3.5999999e+00   2.3666666e+00   3.0999999e+00   7.1999998e+00
  -8.0400000e+02   1.5000000e+00   1.5000000e+00   2.0999999e+00   2.0999999e+00   3.5999999e+00   0.0000000e+00   4.0999999e+00   4.0999999e+00   0.0000000e+00   0.0000000e+00   3.0999999e+00   1.5000000e+00   2.0999999e+00   7.1999998e+00
  -8.0300000e+02   5.1999998e+00   1.5000000e+00   1.5000000e+00   5.1999998e+00   2.0999999e+00   0.0000000e+00   3.5999999e+00   5.5999999e+00   0.0000000e+00   0.0000000e+00   2.7666666e+00   1.5000000e+00   1.5000000e+00   6.1999998e+00
  -8.0200000e+02   4.0999999e+00   1.5000000e+00   0.0000000e+00   5.1999998e+00   1.5000000e+00   0.0000000e+00   3.0999999e+00   5.5999999e+00   0.0000000e+00   0.0000000e+00   2.4333332e+00   1.5000000e+00   0.0000000e+00   5.6999998e+00
  -8.0100000e+02   3.0999999e+00   2.5999999e+00   0.0000000e+00   0.0000000e+00   3.0999999e+00   0.0000000e+00   2.0999999e+00   6.1999998e+00   0.0000000e+00   0.0000000e+00   2.0999999e+00   1.5000000e+00   2.5999999e+00   4.5999999e+00
  -8.0000000e+02   4.0999999e+00   0.0000000e+00   1.5000000e+00   3.0999999e+00   3.0999999e+00   0.0000000e+00   1.1300000e+01   5.0999999e+00   8.3333333e-02   0.0000000e+00   2.0999999e+00   2.0333333e+00   3.0999999e+00   4.5999999e+00
  -7.9900000e+02   6.1999998e+00   4.0999999e+00   1.5000000e+00   3.0999999e+00   2.5999999e+00   0.0000000e+00   2.5999999e+00   4.0999999e+00   1.6666667e-01   0.0000000e+00   2.0999999e+00   2.5666666e+00   1.5000000e+00   3.0999999e+00
  -7.9800000e+02   2.5999999e+00   3.5999999e+00   2.5999999e+00   4.0999999e+00   2.5999999e+00   0.0000000e+00   2.0999999e+00   2.5999999e+00   2.5000000e-01   0.0000000e+00   2.0999999e+00   3.0999999e+00   2.5999999e+00   3.5999999e+00
  -7.9700000e+02   4.0999999e+00   6.6999998e+00   0.0000000e+00   2.5999999e+00   3.5999999e+00   0.0000000e+00   0.0000000e+00   3.0999999e+00   3.3333333e-01   3.3333333e-01   2.2666666e+00   2.9333332e+00   3.0999999e+00   3.0999999e+00
  -7.9600000e+02   3.5999999e+00   6.1999998e+00   2.0999999e+00   2.5999999e+00   3.0999999e+00   1.5000000e+00   0.0000000e+00   2.0000000e+00   4.1666667e-01   6.6666667e-01   2.4333332e+00   2.7666666e+00   2.5999999e+00   2.5999999e+00
  -7.9500000e+02   1.5000000e+00   5.6999998e+00   2.0999999e+00   2.5999999e+00   2.0999999e+00   3.0999999e+00   0.0000000e+00   3.0999999e+00   5.0000000e-01   1.0000000e+00   2.5999999e+00   2.5999999e+00   2.5999999e+00   2.5999999e+00
  -7.9400000e+02   2.5999999e+00   5.1999998e+00   1.5000000e+00   2.0999999e+00   5.8673320e-09   4.0999999e+00   2.0999999e+00   4.5999999e+00   5.8333333e-01   6.6666667e-01   2.2333333e+00   2.0666666e+00   2.0999999e+00   3.5999999e+00
  -7.9300000e+02   3.0999999e+00   3.5999999e+00   4.1909516e-09   3.0999999e+00   1.5000000e+00   2.5999999e+00   5.6999998e+00   4.0999999e+00   6.6666667e-01   3.3333333e-01   1.8666666e+00   1.5333333e+00   2.5999999e+00   3.5999999e+00
  -7.9200000e+02   2.5999999e+00   3.5999999e+00   1.5000000e+00   2.0999999e+00   1.5000000e+00   0.0000000e+00   3.5999999e+00   6.6999998e+00   7.5000000e-01   0.0000000e+00   1.5000000e+00   1.0000000e+00   4.5999999e+00   3.5999999e+00
  -7.9100000e+02   2.0999999e+00   3.0999999e+00   0.0000000e+00   1.5000000e+00   3.0999999e+00   2.5999999e+00   1.5000000e+00   2.5999999e+00   8.3333333e-01   0.0000000e+00   2.7000000e+00   1.3666666e+00   2.0999999e+00   3.0999999e+00
  -7.9000000e+02   1.5000000e+00   7.6999998e+00   5.1999998e+00   1.5000000e+00   1.5000000e+00   1.5000000e+00   3.0999999e+00   8.1999998e+00   9.1666667e-01   0.0000000e+00   3.8999999e+00   1.7333333e+00   3.5999999e+00   3.0999999e+00
  -7.8900000e+02   1.5000000e+00   3.0999999e+00   1.5000000e+00   1.5000000e+00   1.5000000e+00   1.5000000e+00   0.0000000e+00   9.8000002e+00   1.0000000e+00   0.0000000e+00   5.0999999e+00   2.0999999e+00   5.1999998e+00   3.5999999e+00
  -7.8800000e+02   2.5999999e+00   1.5000000e+00   3.0999999e+00   2.5999999e+00   2.5999999e+00   2.0999999e+00   2.0999999e+00   6.5999999e+00   6.6666667e-01   0.0000000e+00   4.4333332e+00   2.5999999e+00   2.5999999e+00   4.0999999e+00
  -7.8700000e+02   4.5999999e+00   0.0000000e+00   3.5999999e+00   0.0000000e+00   0.0000000e+00   1.5000000e+00   0.0000000e+00   1.0200000e+01   3.3333333e-01   0.0000000e+00   3.7666666e+00   3.0999999e+00   0.0000000e+00   5.6999998e+00
  -7.8600000e+02   6.1999998e+00   0.0000000e+00   3.5999999e+00   2.0999999e+00   1.5000000e+00   1.5000000e+00   0.0000000e+00   7.1999998e+00   0.0000000e+00   0.0000000e+00   3.0999999e+00   3.5999999e+00   0.0000000e+00   4.0999999e+00
  -7.8500000e+02   5.1999998e+00   0.0000000e+00   1.5000000e+00   5.0999999e+00   4.1909516e-09   2.0999999e+00   0.0000000e+00   7.0999999e+00   6.6666667e-01   0.0000000e+00   3.0999999e+00   3.0999999e+00   0.0000000e+00   3.5999999e+00
  -7.8400000e+02   6.6999998e+00   1.5000000e+00   1.5000000e+00   2.0999999e+00   1.5000000e+00   3.0999999e+00   2.0999999e+00   6.0999999e+00   1.3333333e+00   0.0000000e+00   3.0999999e+00   2.5999999e+00   0.0000000e+00   5.1999998e+00
  -7.8300000e+02   5.6999998e+00   0.0000000e+00   0.0000000e+00   6.1999998e+00   0.0000000e+00   1.5000000e+00   0.0000000e+00   7.1999998e+00   2.0000000e+00   0.0000000e+00   3.0999999e+00   2.0999999e+00   1.5000000e+00   6.1999998e+00
  -7.8200000e+02   4.0999999e+00   0.0000000e+00   0.0000000e+00   4.5999999e+00   0.0000000e+00   2.0999999e+00   1.5000000e+00   3.0999999e+00   3.0000000e+00   0.0000000e+00   2.3999999e+00   2.4333332e+00   2.0999999e+00   5.6999998e+00
  -7.8100000e+02   7.1999998e+00   0.0000000e+00   5.8673319e-09   2.0999999e+00   0.0000000e+00   2.5999999e+00   3.0999999e+00   3.0999999e+00   4.0000000e+00   0.0000000e+00   1.7000000e+00   2.7666666e+00   0.0000000e+00   7.1999998e+00
  -7.8000000e+02   7.1999998e+00   0.0000000e+00   2.0999999e+00   3.0999999e+00   0.0000000e+00   1.5000000e+00   2.0999999e+00   3.0999999e+00   5.0000000e+00   0.0000000e+00   1.0000000e+00   3.0999999e+00   1.5000000e+00   4.5999999e+00
  -7.7900000e+02   6.1999998e+00   0.0000000e+00   1.5000000e+00   4.0999999e+00   2.0999999e+00   1.5000000e+00   3.0999999e+00   2.5999999e+00   4.0000000e+00   0.0000000e+00   1.3666666e+00   3.7666666e+00   2.0999999e+00   5.6999998e+00
  -7.7800000e+02   6.1999998e+00   1.5000000e+00   0.0000000e+00   1.5000000e+00   1.5000000e+00   2.0999999e+00   1.5000000e+00   2.5999999e+00   3.0000000e+00   0.0000000e+00   1.7333333e+00   4.4333332e+00   1.5000000e+00   4.5999999e+00
  -7.7700000e+02   5.1999998e+00   3.0999999e+00   0.0000000e+00   0.0000000e+00   3.0999999e+00   1.5000000e+00   2.0999999e+00   2.5999999e+00   2.0000000e+00   0.0000000e+00   2.0999999e+00   5.0999999e+00   0.0000000e+00   5.1999998e+00
  -7.7600000e+02   4.0999999e+00   4.0999999e+00   2.0999999e+00   3.0999999e+00   2.5999999e+00   2.5999999e+00   2.0999999e+00   2.0000000e+00   1.7777778e+00   3.3333333e-01   1.8999999e+00   5.0999999e+00   2.0999999e+00   4.0999999e+00
  -7.7500000e+02   5.1999998e+00   6.1999998e+00   2.0999999e+00   3.0999999e+00   2.0999999e+00   3.5999999e+00   1.5000000e+00   4.5999999e+00   1.5555556e+00   6.6666667e-01   1.7000000e+00   5.0999999e+00   2.0999999e+00   2.5999999e+00
  -7.7400000e+02   6.1999998e+00   5.1999998e+00   3.0999999e+00   2.0999999e+00   0.0000000e+00   3.0999999e+00   0.0000000e+00   5.6999998e+00   1.3333333e+00   1.0000000e+00   1.5000000e+00   5.0999999e+00   3.5999999e+00   2.5999999e+00
  -7.7300000e+02   4.5999999e+00   8.1999998e+00   2.5999999e+00   3.0999999e+00   0.0000000e+00   4.0999999e+00   0.0000000e+00   3.0999999e+00   1.1111111e+00   1.0000000e+00   1.5000000e+00   3.8999999e+00   3.5999999e+00   3.0999999e+00
  -7.7200000e+02   3.5999999e+00   1.5000000e+00   0.0000000e+00   2.5999999e+00   0.0000000e+00   4.0999999e+00   0.0000000e+00   2.0000000e+00   8.8888889e-01   1.0000000e+00   1.5000000e+00   2.7000000e+00   3.0999999e+00   3.0999999e+00
  -7.7100000e+02   3.0999999e+00   5.1999998e+00   0.0000000e+00   3.0999999e+00   0.0000000e+00   3.5999999e+00   0.0000000e+00   3.5999999e+00   6.6666667e-01   1.0000000e+00   1.5000000e+00   1.5000000e+00   3.5999999e+00   2.5999999e+00
  -7.7000000e+02   3.5999999e+00   2.0999999e+00   3.5999999e+00   4.0999999e+00   0.0000000e+00   3.5999999e+00   0.0000000e+00   2.5999999e+00   4.4444444e-01   1.0000000e+00   2.0333333e+00   1.3333333e+00   4.5999999e+00   3.0999999e+00
  -7.6900000e+02   3.5999999e+00   2.5999999e+00   3.0999999e+00   2.5999999e+00   1.5000000e+00   4.0999999e+00   0.0000000e+00   2.5999999e+00   2.2222222e-01   1.0000000e+00   2.5666666e+00   1.1666667e+00   3.5999999e+00   3.0999999e+00
  -7.6800000e+02   3.5999999e+00   3.0999999e+00   4.5999999e+00   2.0999999e+00   0.0000000e+00   5.0999999e+00   0.0000000e+00   4.5999999e+00   0.0000000e+00   1.0000000e+00   3.0999999e+00   1.0000000e+00   3.5999999e+00   4.5999999e+00
  -7.6700000e+02   2.5999999e+00   2.0999999e+00   3.5999999e+00   0.0000000e+00   0.0000000e+00   5.0999999e+00   0.0000000e+00   6.0999999e+00   0.0000000e+00   1.0000000e+00   3.0999999e+00   1.5333333e+00   3.0999999e+00   5.1999998e+00
  -7.6600000e+02   3.5999999e+00   2.5999999e+00   3.5999999e+00   0.0000000e+00   0.0000000e+00   4.0999999e+00   1.5000000e+00   5.5999999e+00   0.0000000e+00   1.0000000e+00   3.0999999e+00   2.0666666e+00   3.0999999e+00   3.5999999e+00
  -7.6500000e+02   4.5999999e+00   1.5000000e+00   4.0999999e+00   0.0000000e+00   0.0000000e+00   4.5999999e+00   0.0000000e+00   5.0999999e+00   0.0000000e+00   1.0000000e+00   3.0999999e+00   2.5999999e+00   4.5999999e+00   3.5999999e+00
  -7.6400000e+02   6.1999998e+00   0.0000000e+00   2.5999999e+00   0.0000000e+00   0.0000000e+00   4.0999999e+00   0.0000000e+00   4.5999999e+00   0.0000000e+00   1.0000000e+00   3.0999999e+00   2.5999999e+00   3.0999999e+00   3.5999999e+00
  -7.6300000e+02   7.1999998e+00   4.1909516e-09   2.0999999e+00   0.0000000e+00   0.0000000e+00   2.5999999e+00   0.0000000e+00   7.6999998e+00   0.0000000e+00   1.0000000e+00   3.0999999e+00   2.5999999e+00   2.0999999e+00   4.0999999e+00
  -7.6200000e+02   7.1999998e+00   1.5000000e+00   1.5000000e+00   1.5000000e+00   0.0000000e+00   6.1999998e+00   1.5000000e+00   5.0999999e+00   0.0000000e+00   1.0000000e+00   3.0999999e+00   2.5999999e+00   0.0000000e+00   4.0999999e+00
  -7.6100000e+02   8.1999998e+00   2.0999999e+00   0.0000000e+00   2.5999999e+00   0.0000000e+00   2.0999999e+00   2.5999999e+00   4.5999999e+00   0.0000000e+00   6.6666667e-01   2.7666666e+00   2.9333332e+00   1.5000000e+00   3.0999999e+00
  -7.6000000e+02   8.1999998e+00   4.1909516e-09   0.0000000e+00   3.0999999e+00   0.0000000e+00   2.5999999e+00   1.5000000e+00   4.0999999e+00   0.0000000e+00   3.3333333e-01   2.4333332e+00   3.2666666e+00   2.5999999e+00   3.5999999e+00
  -7.5900000e+02   9.3000002e+00   1.5000000e+00   0.0000000e+00   4.0999999e+00   0.0000000e+00   3.5999999e+00   1.5000000e+00   4.5999999e+00   0.0000000e+00   0.0000000e+00   2.0999999e+00   3.5999999e+00   1.5000000e+00   5.6999998e+00
  -7.5800000e+02   8.1999998e+00   1.5000000e+00   0.0000000e+00   4.0999999e+00   3.0999999e+00   0.0000000e+00   0.0000000e+00   4.0999999e+00   0.0000000e+00   0.0000000e+00   1.3999999e+00   3.7666666e+00   1.5000000e+00   5.1999998e+00
  -7.5700000e+02   9.8000002e+00   1.5000000e+00   4.1909516e-09   3.0999999e+00   4.0999999e+00   7.2643158e-09   2.0999999e+00   5.0999999e+00   0.0000000e+00   0.0000000e+00   6.9999997e-01   3.9333332e+00   2.5999999e+00   4.5999999e+00
  -7.5600000e+02   8.1999998e+00   2.0999999e+00   1.5000000e+00   5.1999998e+00   3.0999999e+00   2.5999999e+00   3.0999999e+00   4.5999999e+00   0.0000000e+00   0.0000000e+00   0.0000000e+00   4.0999999e+00   0.0000000e+00   5.1999998e+00
  -7.5500000e+02   7.1999998e+00   4.5999999e+00   1.5000000e+00   5.1999998e+00   4.5999999e+00   2.5999999e+00   3.0999999e+00   3.0999999e+00   0.0000000e+00   0.0000000e+00   5.0000000e-01   4.0999999e+00   3.0999999e+00   4.5999999e+00
  -7.5400000e+02   4.5999999e+00   2.5999999e+00   4.1909516e-09   5.1999998e+00   5.1999998e+00   4.1909516e-09   2.5999999e+00   2.5999999e+00   0.0000000e+00   0.0000000e+00   1.0000000e+00   4.0999999e+00   1.5000000e+00   4.0999999e+00
  -7.5300000e+02   3.5999999e+00   0.0000000e+00   1.5000000e+00   5.6999998e+00   5.1999998e+00   1.5000000e+00   2.5999999e+00   3.0999999e+00   0.0000000e+00   0.0000000e+00   1.5000000e+00   4.0999999e+00   2.0999999e+00   3.5999999e+00
  -7.5200000e+02   4.0999999e+00   0.0000000e+00   1.5000000e+00   5.1999998e+00   3.0999999e+00   1.5000000e+00   0.0000000e+00   3.0999999e+00   0.0000000e+00   0.0000000e+00   1.0000000e+00   4.2666666e+00   2.5999999e+00   2.5999999e+00
  -7.5100000e+02   3.0999999e+00   1.1455267e-08   2.0999999e+00   5.1999998e+00   0.0000000e+00   1.5000000e+00   1.5000000e+00   3.0999999e+00   0.0000000e+00   0.0000000e+00   5.0000000e-01   4.4333332e+00   0.0000000e+00   2.0999999e+00
  -7.5000000e+02   4.0999999e+00   4.0999999e+00   3.0999999e+00   3.5999999e+00   1.5000000e+00   0.0000000e+00   0.0000000e+00   3.5999999e+00   0.0000000e+00   0.0000000e+00   0.0000000e+00   4.5999999e+00   2.0999999e+00   2.5999999e+00
  -7.4900000e+02   3.0999999e+00   1.5000000e+00   3.0999999e+00   3.0999999e+00   4.1909516e-09   2.5999999e+00   0.0000000e+00   2.5999999e+00   0.0000000e+00   0.0000000e+00   5.0000000e-01   5.2999999e+00   3.0999999e+00   2.5999999e+00
  -7.4800000e+02   4.0999999e+00   1.5000000e+00   2.0999999e+00   1.5000000e+00   0.0000000e+00   1.5000000e+00   0.0000000e+00   3.0999999e+00   0.0000000e+00   0.0000000e+00   1.0000000e+00   5.9999998e+00   4.5999999e+00   3.0999999e+00
  -7.4700000e+02   3.0999999e+00   1.5000000e+00   5.1999998e+00   3.0999999e+00   2.0999999e+00   1.5000000e+00   0.0000000e+00   3.0999999e+00   0.0000000e+00   0.0000000e+00   1.5000000e+00   6.6999998e+00   4.5999999e+00   2.5999999e+00
  -7.4600000e+02   4.0999999e+00   2.0999999e+00   4.5999999e+00   1.5000000e+00   5.8673320e-09   2.0999999e+00   0.0000000e+00   3.0999999e+00   0.0000000e+00   0.0000000e+00   1.7000000e+00   5.8333332e+00   4.5999999e+00   2.5999999e+00
  -7.4500000e+02   3.0999999e+00   3.0999999e+00   4.0999999e+00   0.0000000e+00   2.5999999e+00   3.5999999e+00   0.0000000e+00   2.0000000e+00   0.0000000e+00   0.0000000e+00   1.8999999e+00   4.9666665e+00   5.1999998e+00   3.5999999e+00
  -7.4400000e+02   3.5999999e+00   2.5999999e+00   4.0999999e+00   0.0000000e+00   1.5000000e+00   3.0999999e+00   0.0000000e+00   2.5999999e+00   0.0000000e+00   0.0000000e+00   2.0999999e+00   4.0999999e+00   5.6999998e+00   3.0999999e+00
  -7.4300000e+02   2.5999999e+00   3.0999999e+00   4.5999999e+00   0.0000000e+00   2.0999999e+00   3.0999999e+00   0.0000000e+00   3.5999999e+00   0.0000000e+00   3.3333333e-01   2.2666666e+00   4.2666666e+00   4.5999999e+00   2.5999999e+00
  -7.4200000e+02   6.1999998e+00   2.5999999e+00   3.5999999e+00   1.5000000e+00   2.5999999e+00   3.0999999e+00   0.0000000e+00   4.0999999e+00   0.0000000e+00   6.6666667e-01   2.4333332e+00   4.4333332e+00   4.5999999e+00   1.5000000e+00
  -7.4100000e+02   5.6999998e+00   1.5000000e+00   4.0999999e+00   1.5000000e+00   2.5999999e+00   2.0999999e+00   1.5000000e+00   5.0999999e+00   0.0000000e+00   1.0000000e+00   2.5999999e+00   4.5999999e+00   5.1999998e+00   2.0999999e+00
  -7.4000000e+02   6.1999998e+00   1.5000000e+00   4.5999999e+00   0.0000000e+00   7.2643158e-09   0.0000000e+00   0.0000000e+00   4.5999999e+00   0.0000000e+00   1.0000000e+00   2.5999999e+00   4.0999999e+00   4.0999999e+00   1.5000000e+00
  -7.3900000e+02   7.6999998e+00   1.5000000e+00   4.5999999e+00   2.0999999e+00   0.0000000e+00   2.5999999e+00   2.5999999e+00   5.5999999e+00   0.0000000e+00   1.0000000e+00   2.5999999e+00   3.5999999e+00   4.0999999e+00   3.0999999e+00
  -7.3800000e+02   6.6999998e+00   2.5999999e+00   2.5999999e+00   1.5000000e+00   2.0999999e+00   3.5999999e+00   2.5999999e+00   3.5999999e+00   0.0000000e+00   1.0000000e+00   2.5999999e+00   3.0999999e+00   2.5999999e+00   3.5999999e+00
  -7.3700000e+02   9.8000002e+00   1.5000000e+00   2.5999999e+00   2.0999999e+00   1.5000000e+00   2.5999999e+00   1.5000000e+00   4.5999999e+00   3.3333333e-01   6.6666667e-01   2.2333333e+00   3.2666666e+00   2.5999999e+00   2.5999999e+00
  -7.3600000e+02   9.8000002e+00   1.5000000e+00   1.5000000e+00   3.0999999e+00   1.5000000e+00   4.0999999e+00   2.0999999e+00   4.5999999e+00   6.6666667e-01   3.3333333e-01   1.8666666e+00   3.4333332e+00   0.0000000e+00   3.0999999e+00
  -7.3500000e+02   8.8000002e+00   3.0999999e+00   0.0000000e+00   4.0999999e+00   0.0000000e+00   2.0999999e+00   2.5999999e+00   5.0999999e+00   1.0000000e+00   0.0000000e+00   1.5000000e+00   3.5999999e+00   0.0000000e+00   2.5999999e+00
  -7.3400000e+02   7.6999998e+00   2.0999999e+00   0.0000000e+00   3.0999999e+00   2.5999999e+00   0.0000000e+00   2.0999999e+00   5.5999999e+00   1.3333333e+00   0.0000000e+00   1.0000000e+00   3.7666666e+00   3.0999999e+00   3.0999999e+00
  -7.3300000e+02   7.6999998e+00   4.5999999e+00   1.5000000e+00   2.0999999e+00   2.5999999e+00   2.5999999e+00   2.0999999e+00   3.5999999e+00   1.6666667e+00   0.0000000e+00   5.0000000e-01   3.9333332e+00   3.0999999e+00   3.0999999e+00
  -7.3200000e+02   6.1999998e+00   2.0999999e+00   1.5000000e+00   3.0999999e+00   4.0999999e+00   1.5000000e+00   4.0999999e+00   3.5999999e+00   2.0000000e+00   0.0000000e+00   0.0000000e+00   4.0999999e+00   3.0999999e+00   2.0999999e+00
  -7.3100000e+02   5.6999998e+00   1.5000000e+00   1.5000000e+00   5.1999998e+00   4.0999999e+00   2.0999999e+00   2.5999999e+00   3.0999999e+00   2.6666667e+00   0.0000000e+00   0.0000000e+00   4.6333332e+00   2.5999999e+00   2.5999999e+00
  -7.3000000e+02   6.6999998e+00   1.0058284e-08   5.8673319e-09   4.5999999e+00   4.0999999e+00   3.5999999e+00   4.5999999e+00   3.0999999e+00   3.3333333e+00   0.0000000e+00   0.0000000e+00   5.1666665e+00   1.6500000e+01   2.5999999e+00
  -7.2900000e+02   6.1999998e+00   3.5999999e+00   2.0999999e+00   2.5999999e+00   5.1999998e+00   2.0999999e+00   2.5999999e+00   3.5999999e+00   4.0000000e+00   0.0000000e+00   0.0000000e+00   5.6999998e+00   4.0999999e+00   2.5999999e+00
  -7.2800000e+02   3.0999999e+00   4.5999999e+00   0.0000000e+00   2.0999999e+00   5.6999998e+00   0.0000000e+00   1.5000000e+00   2.0000000e+00   2.6666667e+00   6.6666667e-01   0.0000000e+00   5.1666665e+00   3.0999999e+00   3.0999999e+00
  -7.2700000e+02   5.6999998e+00   3.5999999e+00   1.5000000e+00   3.0999999e+00   6.1999998e+00   2.0999999e+00   2.0999999e+00   3.5999999e+00   1.3333333e+00   1.3333333e+00   0.0000000e+00   4.6333332e+00   3.5999999e+00   3.0999999e+00
  -7.2600000e+02   5.1999998e+00   5.1999998e+00   3.0999999e+00   2.0999999e+00   4.5999999e+00   2.0999999e+00   2.0999999e+00   3.5999999e+00   0.0000000e+00   2.0000000e+00   0.0000000e+00   4.0999999e+00   4.5999999e+00   1.5000000e+00
  -7.2500000e+02   4.5999999e+00   6.6999998e+00   2.5999999e+00   2.5999999e+00   4.5999999e+00   2.5999999e+00   2.5999999e+00   2.5999999e+00   1.3333333e+00   2.0000000e+00   0.0000000e+00   4.0999999e+00   4.0999999e+00   1.5000000e+00
  -7.2400000e+02   4.5999999e+00   6.6999998e+00   4.0999999e+00   3.0999999e+00   3.0999999e+00   2.0999999e+00   2.0999999e+00   4.0999999e+00   2.6666667e+00   2.0000000e+00   0.0000000e+00   4.0999999e+00   4.5999999e+00   1.5000000e+00
  -7.2300000e+02   3.5999999e+00   5.6999998e+00   4.0999999e+00   2.0999999e+00   3.0999999e+00   3.0999999e+00   0.0000000e+00   2.5999999e+00   4.0000000e+00   2.0000000e+00   0.0000000e+00   4.0999999e+00   4.0999999e+00   0.0000000e+00
  -7.2200000e+02   3.5999999e+00   5.6999998e+00   6.1999998e+00   1.5000000e+00   3.0999999e+00   3.5999999e+00   0.0000000e+00   3.5999999e+00   3.3333333e+00   1.6666667e+00   5.0000000e-01   3.9333332e+00   6.1999998e+00   0.0000000e+00
  -7.2100000e+02   3.5999999e+00   4.5999999e+00   5.6999998e+00   2.0999999e+00   3.0999999e+00   3.0999999e+00   0.0000000e+00   2.5999999e+00   2.6666667e+00   1.3333333e+00   1.0000000e+00   3.7666666e+00   5.1999998e+00   2.0999999e+00
  -7.2000000e+02   4.0999999e+00   4.0999999e+00   6.1999998e+00   1.5000000e+00   3.0999999e+00   2.0999999e+00   1.5000000e+00   2.5999999e+00   2.0000000e+00   1.0000000e+00   1.5000000e+00   3.5999999e+00   4.0999999e+00   0.0000000e+00
  -7.1900000e+02   4.0999999e+00   3.0999999e+00   4.5999999e+00   2.0999999e+00   2.0999999e+00   4.5999999e+00   1.5000000e+00   4.0999999e+00   1.7777778e+00   1.0000000e+00   1.7000000e+00   3.5999999e+00   5.1999998e+00   2.0999999e+00
  -7.1800000e+02   4.0999999e+00   3.5999999e+00   5.6999998e+00   4.5999999e+00   1.5000000e+00   4.0999999e+00   2.0999999e+00   4.0999999e+00   1.5555556e+00   1.0000000e+00   1.8999999e+00   3.5999999e+00   4.5999999e+00   2.0999999e+00
  -7.1700000e+02   5.1999998e+00   2.5999999e+00   4.5999999e+00   0.0000000e+00   1.5000000e+00   4.5999999e+00   1.5000000e+00   4.5999999e+00   1.3333333e+00   1.0000000e+00   2.0999999e+00   3.5999999e+00   4.0999999e+00   2.5999999e+00
  -7.1600000e+02   5.1999998e+00   2.5999999e+00   4.0999999e+00   2.0999999e+00   2.0999999e+00   5.6999998e+00   2.0999999e+00   6.0999999e+00   1.1111111e+00   6.6666667e-01   2.4333332e+00   3.7666666e+00   3.5999999e+00   1.5000000e+00
  -7.1500000e+02   5.1999998e+00   2.5999999e+00   4.0999999e+00   1.5000000e+00   3.0999999e+00   2.0999999e+00   3.5999999e+00   5.0999999e+00   8.8888889e-01   3.3333333e-01   2.7666666e+00   3.9333332e+00   0.0000000e+00   7.2643158e-09
  -7.1400000e+02   6.1999998e+00   0.0000000e+00   3.0999999e+00   2.0999999e+00   0.0000000e+00   4.0999999e+00   3.0999999e+00   4.0999999e+00   6.6666667e-01   0.0000000e+00   3.0999999e+00   4.0999999e+00   0.0000000e+00   2.5999999e+00
  -7.1300000e+02   4.0999999e+00   2.0999999e+00   2.0999999e+00   2.5999999e+00   0.0000000e+00   3.0999999e+00   2.0999999e+00   5.0999999e+00   4.4444444e-01   0.0000000e+00   2.9333332e+00   4.2666666e+00   0.0000000e+00   3.5999999e+00
  -7.1200000e+02   6.1999998e+00   2.0999999e+00   2.0999999e+00   3.5999999e+00   0.0000000e+00   2.5999999e+00   2.5999999e+00   4.5999999e+00   2.2222222e-01   0.0000000e+00   2.7666666e+00   4.4333332e+00   1.5000000e+00   3.0999999e+00
  -7.1100000e+02   6.1999998e+00   3.0999999e+00   2.0999999e+00   4.5999999e+00   2.5999999e+00   2.0999999e+00   4.0999999e+00   4.0999999e+00   0.0000000e+00   0.0000000e+00   2.5999999e+00   4.5999999e+00   1.5000000e+00   2.5999999e+00
  -7.1000000e+02   7.6999998e+00   1.5000000e+00   0.0000000e+00   3.5999999e+00   3.0999999e+00   0.0000000e+00   4.0999999e+00   3.5999999e+00   0.0000000e+00   0.0000000e+00   2.5999999e+00   5.2999999e+00   3.0999999e+00   5.1999998e+00
  -7.0900000e+02   6.1999998e+00   0.0000000e+00   0.0000000e+00   7.1999998e+00   3.5999999e+00   1.5000000e+00   2.0999999e+00   4.0999999e+00   0.0000000e+00   0.0000000e+00   2.5999999e+00   5.9999998e+00   2.5999999e+00   2.0999999e+00
  -7.0800000e+02   6.1999998e+00   0.0000000e+00   0.0000000e+00   5.6999998e+00   4.0999999e+00   0.0000000e+00   2.5999999e+00   3.5999999e+00   0.0000000e+00   0.0000000e+00   2.5999999e+00   6.6999998e+00   4.0999999e+00   3.0999999e+00
  -7.0700000e+02   5.1999998e+00   2.0999999e+00   0.0000000e+00   5.1999998e+00   4.0999999e+00   0.0000000e+00   2.5999999e+00   4.0999999e+00   6.6666667e-01   0.0000000e+00   2.0666666e+00   7.0333331e+00   4.5999999e+00   2.0999999e+00
  -7.0600000e+02   5.1999998e+00   1.5000000e+00   1.5000000e+00   6.6999998e+00   3.0999999e+00   1.5000000e+00   0.0000000e+00   4.0999999e+00   1.3333333e+00   0.0000000e+00   1.5333333e+00   7.3666665e+00   4.0999999e+00   3.5999999e+00
  -7.0500000e+02   5.1999998e+00   3.0999999e+00   0.0000000e+00   6.1999998e+00   5.1999998e+00   0.0000000e+00   0.0000000e+00   5.0999999e+00   2.0000000e+00   0.0000000e+00   1.0000000e+00   7.6999998e+00   4.0999999e+00   2.0999999e+00
  -7.0400000e+02   5.1999998e+00   2.0999999e+00   0.0000000e+00   4.5999999e+00   5.1999998e+00   1.5000000e+00   0.0000000e+00   5.5999999e+00   2.6666667e+00   6.6666667e-01   1.1666667e+00   8.0333331e+00   4.0999999e+00   3.0999999e+00
  -7.0300000e+02   3.5999999e+00   3.5999999e+00   2.5999999e+00   4.5999999e+00   2.5999999e+00   0.0000000e+00   0.0000000e+00   4.5999999e+00   3.3333333e+00   1.3333333e+00   1.3333333e+00   8.3666665e+00   3.5999999e+00   2.5999999e+00
  -7.0200000e+02   4.0999999e+00   5.1999998e+00   4.5999999e+00   3.5999999e+00   2.0999999e+00   0.0000000e+00   0.0000000e+00   4.0999999e+00   4.0000000e+00   2.0000000e+00   1.5000000e+00   8.6999998e+00   4.5999999e+00   2.0999999e+00
  -7.0100000e+02   4.0999999e+00   4.5999999e+00   3.0999999e+00   3.0999999e+00   5.8673320e-09   3.0999999e+00   0.0000000e+00   5.0999999e+00   4.0000000e+00   3.0000000e+00   1.0000000e+00   9.2333333e+00   5.1999998e+00   0.0000000e+00
  -7.0000000e+02   3.0999999e+00   4.5999999e+00   4.0999999e+00   3.5999999e+00   2.0999999e+00   3.0999999e+00   0.0000000e+00   3.0999999e+00   4.0000000e+00   4.0000000e+00   5.0000000e-01   9.7666667e+00   4.5999999e+00   0.0000000e+00
  -6.9900000e+02   3.0999999e+00   6.1999998e+00   4.0999999e+00   4.0999999e+00   2.0999999e+00   4.0999999e+00   0.0000000e+00   3.5999999e+00   4.0000000e+00   5.0000000e+00   0.0000000e+00   1.0300000e+01   4.0999999e+00   0.0000000e+00
  -6.9800000e+02   2.0999999e+00   6.1999998e+00   4.5999999e+00   3.0999999e+00   1.5000000e+00   3.5999999e+00   0.0000000e+00   4.0999999e+00   3.3333333e+00   4.0000000e+00   6.9999997e-01   1.0133334e+01   5.1999998e+00   0.0000000e+00
  -6.9700000e+02   2.0999999e+00   6.1999998e+00   7.1999998e+00   3.0999999e+00   2.5999999e+00   2.0999999e+00   1.5000000e+00   3.5999999e+00   2.6666667e+00   3.0000000e+00   1.3999999e+00   9.9666669e+00   4.5999999e+00   0.0000000e+00
  -6.9600000e+02   2.5999999e+00   5.6999998e+00   6.1999998e+00   2.5999999e+00   0.0000000e+00   3.5999999e+00   2.0999999e+00   3.0999999e+00   2.0000000e+00   2.0000000e+00   2.0999999e+00   9.8000002e+00   3.5999999e+00   0.0000000e+00
  -6.9500000e+02   2.0999999e+00   4.0999999e+00   7.1999998e+00   2.0999999e+00   0.0000000e+00   3.5999999e+00   0.0000000e+00   5.0999999e+00   1.6666667e+00   1.6666667e+00   2.0999999e+00   9.6333335e+00   2.0999999e+00   0.0000000e+00
  -6.9400000e+02   2.5999999e+00   2.5999999e+00   4.5999999e+00   2.5999999e+00   1.5000000e+00   3.5999999e+00   1.5000000e+00   3.5999999e+00   1.3333333e+00   1.3333333e+00   2.0999999e+00   9.4666669e+00   1.5000000e+00   0.0000000e+00
  -6.9300000e+02   2.5999999e+00   5.1999998e+00   4.0999999e+00   3.0999999e+00   2.0999999e+00   3.0999999e+00   0.0000000e+00   2.5999999e+00   1.0000000e+00   1.0000000e+00   2.0999999e+00   9.3000002e+00   0.0000000e+00   0.0000000e+00
  -6.9200000e+02   4.0999999e+00   3.5999999e+00   4.0999999e+00   2.5999999e+00   2.0999999e+00   6.1999998e+00   1.5000000e+00   4.5999999e+00   6.6666667e-01   6.6666667e-01   2.4333332e+00   9.3000002e+00   3.0999999e+00   0.0000000e+00
  -6.9100000e+02   3.5999999e+00   2.5999999e+00   3.5999999e+00   2.5999999e+00   2.5999999e+00   3.5999999e+00   2.0999999e+00   5.5999999e+00   3.3333333e-01   3.3333333e-01   2.7666666e+00   9.3000002e+00   1.5000000e+00   2.0999999e+00
  -6.9000000e+02   4.0999999e+00   0.0000000e+00   1.5000000e+00   2.0999999e+00   3.0999999e+00   3.0999999e+00   1.5000000e+00   6.1999998e+00   0.0000000e+00   0.0000000e+00   3.0999999e+00   9.3000002e+00   3.0999999e+00   2.0999999e+00
  -6.8900000e+02   6.6999998e+00   0.0000000e+00   0.0000000e+00   4.0999999e+00   1.5000000e+00   2.5999999e+00   2.5999999e+00   7.6999998e+00   0.0000000e+00   0.0000000e+00   3.0999999e+00   9.3000002e+00   9.3000002e+00   1.5000000e+00
  -6.8800000e+02   4.5999999e+00   1.5000000e+00   5.8673319e-09   2.5999999e+00   0.0000000e+00   1.5000000e+00   2.0999999e+00   6.5999999e+00   0.0000000e+00   0.0000000e+00   3.0999999e+00   9.3000002e+00   3.5999999e+00   2.5999999e+00
  -6.8700000e+02   4.5999999e+00   1.5000000e+00   2.0999999e+00   3.0999999e+00   0.0000000e+00   0.0000000e+00   0.0000000e+00   6.1999998e+00   0.0000000e+00   0.0000000e+00   3.0999999e+00   9.3000002e+00   1.5000000e+00   2.0999999e+00
  -6.8600000e+02   5.1999998e+00   1.5000000e+00   1.5000000e+00   3.0999999e+00   1.5000000e+00   1.5000000e+00   2.0999999e+00   5.5999999e+00   3.3333333e-01   0.0000000e+00   2.7666666e+00   8.6000001e+00   1.5000000e+00   1.5000000e+00
  -6.8500000e+02   6.1999998e+00   4.1909516e-09   0.0000000e+00   3.0999999e+00   0.0000000e+00   0.0000000e+00   2.5999999e+00   7.0999999e+00   6.6666667e-01   0.0000000e+00   2.4333332e+00   7.8999999e+00   2.5999999e+00   1.5000000e+00
  -6.8400000e+02   6.1999998e+00   1.5000000e+00   0.0000000e+00   5.1999998e+00   2.0999999e+00   0.0000000e+00   2.0999999e+00   6.1999998e+00   1.0000000e+00   0.0000000e+00   2.0999999e+00   7.1999998e+00   3.0999999e+00   4.0999999e+00
  -6.8300000e+02   6.1999998e+00   2.0999999e+00   0.0000000e+00   4.5999999e+00   1.5000000e+00   0.0000000e+00   0.0000000e+00   5.5999999e+00   1.3333333e+00   0.0000000e+00   1.3999999e+00   7.1999998e+00   5.1999998e+00   0.0000000e+00
  -6.8200000e+02   6.1999998e+00   2.0999999e+00   3.0999999e+00   8.1999998e+00   3.5999999e+00   0.0000000e+00   5.6999998e+00   5.0999999e+00   1.6666667e+00   0.0000000e+00   6.9999997e-01   7.1999998e+00   4.0999999e+00   1.5000000e+00
  -6.8100000e+02   5.1999998e+00   2.5999999e+00   1.5000000e+00   4.5999999e+00   3.0999999e+00   0.0000000e+00   1.5000000e+00   6.6999998e+00   2.0000000e+00   0.0000000e+00   0.0000000e+00   7.1999998e+00   4.0999999e+00   4.0999999e+00
  -6.8000000e+02   4.0999999e+00   3.0999999e+00   1.5000000e+00   4.0999999e+00   5.1999998e+00   0.0000000e+00   0.0000000e+00   5.0999999e+00   3.0000000e+00   3.3333333e-01   0.0000000e+00   7.5333331e+00   3.0999999e+00   4.0999999e+00
  -6.7900000e+02   4.0999999e+00   3.5999999e+00   2.0999999e+00   3.0999999e+00   5.1999998e+00   2.0999999e+00   1.5000000e+00   5.0999999e+00   4.0000000e+00   6.6666667e-01   0.0000000e+00   7.8666665e+00   4.0999999e+00   3.0999999e+00
  -6.7800000e+02   3.5999999e+00   2.5999999e+00   3.5999999e+00   2.5999999e+00   2.0999999e+00   0.0000000e+00   0.0000000e+00   3.5999999e+00   5.0000000e+00   1.0000000e+00   0.0000000e+00   8.1999998e+00   4.5999999e+00   1.5000000e+00
  -6.7700000e+02   3.5999999e+00   3.5999999e+00   2.0999999e+00   2.5999999e+00   4.0999999e+00   0.0000000e+00   0.0000000e+00   2.5999999e+00   3.6666667e+00   1.3333333e+00   0.0000000e+00   7.6999998e+00   6.1999998e+00   1.5000000e+00
  -6.7600000e+02   3.0999999e+00   5.1999998e+00   3.5999999e+00   1.5000000e+00   3.5999999e+00   0.0000000e+00   0.0000000e+00   3.0999999e+00   2.3333333e+00   1.6666667e+00   0.0000000e+00   7.1999998e+00   6.1999998e+00   0.0000000e+00
  -6.7500000e+02   2.5999999e+00   4.0999999e+00   4.5999999e+00   0.0000000e+00   2.5999999e+00   0.0000000e+00   0.0000000e+00   2.0999999e+00   1.0000000e+00   2.0000000e+00   0.0000000e+00   6.6999998e+00   5.1999998e+00   0.0000000e+00
  -6.7400000e+02   2.0999999e+00   5.1999998e+00   5.6999998e+00   2.0999999e+00   1.5000000e+00   3.0999999e+00   0.0000000e+00   3.0999999e+00   6.6666667e-01   2.3333333e+00   0.0000000e+00   6.8666665e+00   5.6999998e+00   1.5000000e+00
  -6.7300000e+02   2.5999999e+00   4.0999999e+00   7.6999998e+00   2.5999999e+00   0.0000000e+00   3.0999999e+00   1.5000000e+00   1.5000000e+00   3.3333333e-01   2.6666667e+00   0.0000000e+00   7.0333331e+00   5.1999998e+00   0.0000000e+00
  -6.7200000e+02   2.0999999e+00   3.0999999e+00   5.6999998e+00   0.0000000e+00   1.5000000e+00   0.0000000e+00   0.0000000e+00   3.5999999e+00   0.0000000e+00   3.0000000e+00   0.0000000e+00   7.1999998e+00   5.6999998e+00   0.0000000e+00
  -6.7100000e+02   2.0999999e+00   2.0999999e+00   1.5000000e+00   0.0000000e+00   2.0999999e+00   0.0000000e+00   1.5000000e+00   5.0999999e+00   0.0000000e+00   2.3333333e+00   1.0333333e+00   6.3333332e+00   5.1999998e+00   0.0000000e+00
  -6.7000000e+02   2.5999999e+00   4.0999999e+00   2.0999999e+00   2.5999999e+00   0.0000000e+00   7.2643158e-09   0.0000000e+00   5.0999999e+00   0.0000000e+00   1.6666667e+00   2.0666666e+00   5.4666665e+00   4.5999999e+00   0.0000000e+00
  -6.6900000e+02   2.5999999e+00   3.0999999e+00   2.5999999e+00   0.0000000e+00   2.0999999e+00   2.5999999e+00   0.0000000e+00   4.5999999e+00   0.0000000e+00   1.0000000e+00   3.0999999e+00   4.5999999e+00   5.6999998e+00   0.0000000e+00
  -6.6800000e+02   2.5999999e+00   3.5999999e+00   4.0999999e+00   0.0000000e+00   1.5000000e+00   1.5000000e+00   0.0000000e+00   4.5999999e+00   0.0000000e+00   6.6666667e-01   2.5666666e+00   4.7666666e+00   4.5999999e+00   0.0000000e+00
  -6.6700000e+02   4.5999999e+00   4.5999999e+00   2.0999999e+00   1.5000000e+00   2.0999999e+00   4.0999999e+00   2.0999999e+00   5.5999999e+00   0.0000000e+00   3.3333333e-01   2.0333333e+00   4.9333332e+00   2.5999999e+00   0.0000000e+00
  -6.6600000e+02   3.0999999e+00   3.0999999e+00   1.5000000e+00   2.5999999e+00   2.0999999e+00   4.5999999e+00   2.0999999e+00   5.0999999e+00   0.0000000e+00   0.0000000e+00   1.5000000e+00   5.0999999e+00   2.5999999e+00   0.0000000e+00
  -6.6500000e+02   5.6999998e+00   2.5999999e+00   1.5000000e+00   3.5999999e+00   2.0999999e+00   2.5999999e+00   2.0999999e+00   6.5999999e+00   0.0000000e+00   0.0000000e+00   1.0000000e+00   6.1333332e+00   2.5999999e+00   1.5000000e+00
  -6.6400000e+02   5.1999998e+00   3.0999999e+00   1.5000000e+00   3.5999999e+00   0.0000000e+00   4.1909516e-09   4.0999999e+00   6.0999999e+00   0.0000000e+00   0.0000000e+00   5.0000000e-01   7.1666665e+00   2.5999999e+00   8.6612997e-09
  -6.6300000e+02   5.1999998e+00   0.0000000e+00   2.0999999e+00   3.5999999e+00   0.0000000e+00   1.5000000e+00   3.5999999e+00   5.0999999e+00   0.0000000e+00   0.0000000e+00   0.0000000e+00   8.1999998e+00   2.0999999e+00   3.0999999e+00
  -6.6200000e+02   6.1999998e+00   2.0999999e+00   2.0999999e+00   3.0999999e+00   2.0999999e+00   0.0000000e+00   4.0999999e+00   5.5999999e+00   1.6666667e-01   0.0000000e+00   5.0000000e-01   5.7999999e+00   5.1999998e+00   3.0999999e+00
  -6.6100000e+02   5.6999998e+00   2.0999999e+00   3.0999999e+00   0.0000000e+00   2.0999999e+00   4.1909516e-09   5.6999998e+00   5.5999999e+00   3.3333333e-01   0.0000000e+00   1.0000000e+00   3.3999999e+00   3.0999999e+00   4.5999999e+00
  -6.6000000e+02   6.1999998e+00   0.0000000e+00   2.5999999e+00   0.0000000e+00   1.5000000e+00   1.5000000e+00   5.0999999e+00   5.0999999e+00   5.0000000e-01   0.0000000e+00   1.5000000e+00   1.0000000e+00   4.0999999e+00   4.0999999e+00
  -6.5900000e+02   5.1999998e+00   2.0999999e+00   2.5999999e+00   4.0999999e+00   4.1909516e-09   1.5000000e+00   4.0999999e+00   5.0999999e+00   6.6666667e-01   0.0000000e+00   1.0000000e+00   2.8999999e+00   4.0999999e+00   4.5999999e+00
  -6.5800000e+02   5.1999998e+00   2.0999999e+00   2.0999999e+00   0.0000000e+00   3.0999999e+00   0.0000000e+00   4.0999999e+00   3.0999999e+00   8.3333333e-01   0.0000000e+00   5.0000000e-01   4.7999999e+00   4.0999999e+00   4.0999999e+00
  -6.5700000e+02   5.1999998e+00   1.5000000e+00   2.0999999e+00   1.5000000e+00   3.5999999e+00   0.0000000e+00   2.5999999e+00   4.0999999e+00   1.0000000e+00   0.0000000e+00   0.0000000e+00   6.6999998e+00   3.5999999e+00   5.1999998e+00
  -6.5600000e+02   5.6999998e+00   3.0999999e+00   2.5999999e+00   0.0000000e+00   4.0999999e+00   0.0000000e+00   1.5000000e+00   2.5999999e+00   6.6666667e-01   0.0000000e+00   0.0000000e+00   6.5333331e+00   4.0999999e+00   5.1999998e+00
  -6.5500000e+02   4.0999999e+00   3.5999999e+00   3.0999999e+00   1.5000000e+00   5.6999998e+00   0.0000000e+00   2.5999999e+00   2.0000000e+00   3.3333333e-01   0.0000000e+00   0.0000000e+00   6.3666665e+00   0.0000000e+00   3.5999999e+00
  -6.5400000e+02   3.5999999e+00   3.0999999e+00   3.5999999e+00   2.0999999e+00   3.5999999e+00   0.0000000e+00   6.6999998e+00   2.0999999e+00   0.0000000e+00   0.0000000e+00   0.0000000e+00   6.1999998e+00   4.5999999e+00   2.5999999e+00
  -6.5300000e+02   3.5999999e+00   2.5999999e+00   7.1999998e+00   4.5999999e+00   3.0999999e+00   3.5999999e+00   4.5999999e+00   0.0000000e+00   0.0000000e+00   6.6666667e-01   0.0000000e+00   6.3666665e+00   4.5999999e+00   2.5999999e+00
  -6.5200000e+02   2.0999999e+00   4.0999999e+00   3.5999999e+00   0.0000000e+00   3.0999999e+00   2.0999999e+00   3.0999999e+00   0.0000000e+00   0.0000000e+00   1.3333333e+00   0.0000000e+00   6.5333331e+00   5.1999998e+00   3.0999999e+00
  -6.5100000e+02   1.5000000e+00   5.1999998e+00   4.5999999e+00   0.0000000e+00   1.5000000e+00   0.0000000e+00   2.5999999e+00   1.5000000e+00   0.0000000e+00   2.0000000e+00   0.0000000e+00   6.6999998e+00   5.6999998e+00   3.5999999e+00
  -6.5000000e+02   1.5000000e+00   3.5999999e+00   5.1999998e+00   0.0000000e+00   2.0999999e+00   2.5999999e+00   2.0999999e+00   2.5999999e+00   0.0000000e+00   1.3333333e+00   0.0000000e+00   6.8666665e+00   4.0999999e+00   3.0999999e+00
  -6.4900000e+02   2.0999999e+00   3.5999999e+00   4.5999999e+00   0.0000000e+00   3.0999999e+00   0.0000000e+00   2.5999999e+00   0.0000000e+00   0.0000000e+00   6.6666667e-01   0.0000000e+00   7.0333331e+00   4.5999999e+00   2.5999999e+00
  -6.4800000e+02   1.5000000e+00   3.0999999e+00   5.1999998e+00   0.0000000e+00   2.5999999e+00   0.0000000e+00   2.0999999e+00   2.5999999e+00   0.0000000e+00   0.0000000e+00   0.0000000e+00   7.1999998e+00   5.6999998e+00   3.5999999e+00
  -6.4700000e+02   1.5000000e+00   2.5999999e+00   4.5999999e+00   0.0000000e+00   7.2643158e-09   1.5000000e+00   3.5999999e+00   2.0000000e+00   0.0000000e+00   0.0000000e+00   3.3333333e-01   7.8999999e+00   5.6999998e+00   3.5999999e+00
  -6.4600000e+02   1.5000000e+00   0.0000000e+00   4.0999999e+00   0.0000000e+00   0.0000000e+00   2.0999999e+00   3.5999999e+00   3.0999999e+00   0.0000000e+00   0.0000000e+00   6.6666667e-01   8.6000001e+00   3.5999999e+00   2.5999999e+00
  -6.4500000e+02   2.5999999e+00   0.0000000e+00   2.0999999e+00   0.0000000e+00   1.5000000e+00   3.5999999e+00   3.0999999e+00   3.5999999e+00   0.0000000e+00   0.0000000e+00   1.0000000e+00   9.3000002e+00   5.6999998e+00   2.0999999e+00
  -6.4400000e+02   1.5000000e+00   3.5999999e+00   3.5999999e+00   0.0000000e+00   4.1909516e-09   1.5000000e+00   3.0999999e+00   3.0999999e+00   0.0000000e+00   0.0000000e+00   6.6666667e-01   8.7666667e+00   3.5999999e+00   2.0999999e+00
  -6.4300000e+02   2.5999999e+00   1.5000000e+00   2.0999999e+00   0.0000000e+00   0.0000000e+00   2.0999999e+00   4.0999999e+00   4.0999999e+00   0.0000000e+00   0.0000000e+00   3.3333333e-01   8.2333333e+00   2.0999999e+00   4.0999999e+00
  -6.4200000e+02   2.5999999e+00   0.0000000e+00   1.5000000e+00   0.0000000e+00   0.0000000e+00   1.5000000e+00   3.5999999e+00   3.5999999e+00   0.0000000e+00   0.0000000e+00   0.0000000e+00   7.6999998e+00   0.0000000e+00   4.5999999e+00
  -6.4100000e+02   3.5999999e+00   2.0999999e+00   0.0000000e+00   0.0000000e+00   0.0000000e+00   0.0000000e+00   4.5999999e+00   4.5999999e+00   0.0000000e+00   0.0000000e+00   0.0000000e+00   7.6999998e+00   0.0000000e+00   4.5999999e+00
  -6.4000000e+02   5.1999998e+00   1.5000000e+00   0.0000000e+00   2.5999999e+00   0.0000000e+00   1.5000000e+00   5.6999998e+00   4.5999999e+00   0.0000000e+00   0.0000000e+00   0.0000000e+00   7.6999998e+00   0.0000000e+00   5.6999998e+00
  -6.3900000e+02   3.0999999e+00   2.0999999e+00   0.0000000e+00   4.5999999e+00   0.0000000e+00   3.5999999e+00   5.6999998e+00   5.0999999e+00   0.0000000e+00   0.0000000e+00   0.0000000e+00   7.6999998e+00   1.5000000e+00   6.1999998e+00
  -6.3800000e+02   7.1999998e+00   1.5000000e+00   0.0000000e+00   3.5999999e+00   2.5999999e+00   2.0999999e+00   4.0999999e+00   4.5999999e+00   0.0000000e+00   0.0000000e+00   0.0000000e+00   7.8666665e+00   2.0999999e+00   6.6999998e+00
  -6.3700000e+02   2.0999999e+00   1.5000000e+00   1.5000000e+00   3.5999999e+00   3.5999999e+00   1.5000000e+00   6.6999998e+00   4.5999999e+00   0.0000000e+00   0.0000000e+00   0.0000000e+00   8.0333331e+00   4.0999999e+00   7.1999998e+00
  -6.3600000e+02   4.0999999e+00   0.0000000e+00   1.5000000e+00   2.5999999e+00   5.1999998e+00   0.0000000e+00   5.6999998e+00   3.0999999e+00   0.0000000e+00   0.0000000e+00   0.0000000e+00   8.1999998e+00   2.5999999e+00   5.6999998e+00
  -6.3500000e+02   3.0999999e+00   0.0000000e+00   3.5999999e+00   4.0999999e+00   2.5999999e+00   1.5000000e+00   6.6999998e+00   3.5999999e+00   6.6666667e-01   0.0000000e+00   0.0000000e+00   7.6999998e+00   1.5000000e+00   2.0999999e+00
  -6.3400000e+02   6.1999998e+00   1.5000000e+00   4.1909516e-09   4.0999999e+00   3.5999999e+00   0.0000000e+00   6.1999998e+00   3.0999999e+00   1.3333333e+00   0.0000000e+00   0.0000000e+00   7.1999998e+00   2.5999999e+00   2.0999999e+00
  -6.3300000e+02   4.0999999e+00   0.0000000e+00   1.5000000e+00   3.5999999e+00   5.1999998e+00   0.0000000e+00   6.6999998e+00   1.5000000e+00   2.0000000e+00   0.0000000e+00   0.0000000e+00   6.6999998e+00   3.0999999e+00   4.5999999e+00
  -6.3200000e+02   4.0999999e+00   4.0999999e+00   1.5000000e+00   3.5999999e+00   5.1999998e+00   1.5000000e+00   4.5999999e+00   1.5000000e+00   2.3333333e+00   0.0000000e+00   0.0000000e+00   6.6999998e+00   2.5999999e+00   0.0000000e+00
  -6.3100000e+02   4.5999999e+00   7.2643158e-09   4.0999999e+00   3.5999999e+00   5.1999998e+00   4.1909516e-09   3.5999999e+00   0.0000000e+00   2.6666667e+00   0.0000000e+00   0.0000000e+00   6.6999998e+00   2.0999999e+00   2.0999999e+00
  -6.3000000e+02   3.5999999e+00   2.5999999e+00   3.5999999e+00   3.5999999e+00   4.0999999e+00   1.5000000e+00   6.6999998e+00   0.0000000e+00   3.0000000e+00   0.0000000e+00   0.0000000e+00   6.6999998e+00   2.0999999e+00   6.1999998e+00
  -6.2900000e+02   3.5999999e+00   2.0999999e+00   5.6999998e+00   3.0999999e+00   4.0999999e+00   0.0000000e+00   5.0999999e+00   0.0000000e+00   2.3333333e+00   0.0000000e+00   0.0000000e+00   6.6999998e+00   3.0999999e+00   4.0999999e+00
  -6.2800000e+02   2.0999999e+00   2.5999999e+00   6.1999998e+00   1.5000000e+00   4.5999999e+00   1.5000000e+00   5.6999998e+00   0.0000000e+00   1.6666667e+00   0.0000000e+00   0.0000000e+00   6.6999998e+00   3.0999999e+00   3.5999999e+00
  -6.2700000e+02   1.5000000e+00   4.0999999e+00   7.6999998e+00   0.0000000e+00   4.0999999e+00   3.0999999e+00   5.0999999e+00   0.0000000e+00   1.0000000e+00   0.0000000e+00   0.0000000e+00   6.6999998e+00   5.1999998e+00   4.0999999e+00
  -6.2600000e+02   1.5000000e+00   3.0999999e+00   7.6999998e+00   2.0999999e+00   2.5999999e+00   3.5999999e+00   5.0999999e+00   2.5999999e+00   8.3333333e-01   0.0000000e+00   0.0000000e+00   6.1666665e+00   3.5999999e+00   2.0999999e+00
  -6.2500000e+02   1.5000000e+00   3.0999999e+00   6.6999998e+00   2.0999999e+00   0.0000000e+00   3.5999999e+00   5.6999998e+00   2.0000000e+00   6.6666667e-01   0.0000000e+00   0.0000000e+00   5.6333332e+00   2.0999999e+00   2.0999999e+00
  -6.2400000e+02   1.5000000e+00   3.0999999e+00   9.3000002e+00   1.5000000e+00   2.0999999e+00   2.0999999e+00   6.1999998e+00   2.5999999e+00   5.0000000e-01   0.0000000e+00   0.0000000e+00   5.0999999e+00   3.5999999e+00   1.5000000e+00
  -6.2300000e+02   2.0999999e+00   1.5000000e+00   6.6999998e+00   0.0000000e+00   5.8673320e-09   3.5999999e+00   6.1999998e+00   4.0999999e+00   3.3333333e-01   3.3333333e-01   0.0000000e+00   3.8999999e+00   3.0999999e+00   2.0999999e+00
  -6.2200000e+02   1.0000000e+00   5.8673319e-09   8.1999998e+00   0.0000000e+00   0.0000000e+00   3.5999999e+00   4.5999999e+00   2.0000000e+00   1.6666667e-01   6.6666667e-01   0.0000000e+00   2.7000000e+00   3.5999999e+00   2.0999999e+00
  -6.2100000e+02   1.5000000e+00   2.0999999e+00   4.0999999e+00   0.0000000e+00   3.0999999e+00   1.5000000e+00   5.6999998e+00   2.8000000e+00   0.0000000e+00   1.0000000e+00   0.0000000e+00   1.5000000e+00   3.5999999e+00   1.5000000e+00
  -6.2000000e+02   1.5000000e+00   0.0000000e+00   5.1999998e+00   0.0000000e+00   1.5000000e+00   3.5999999e+00   6.6999998e+00   3.5999999e+00   1.1111111e-01   6.6666667e-01   0.0000000e+00   1.5000000e+00   1.5000000e+00   0.0000000e+00
  -6.1900000e+02   3.0999999e+00   0.0000000e+00   5.8673319e-09   0.0000000e+00   1.5000000e+00   4.0999999e+00   6.1999998e+00   4.5999999e+00   2.2222222e-01   3.3333333e-01   0.0000000e+00   1.5000000e+00   1.5000000e+00   1.0058284e-08
  -6.1800000e+02   3.0999999e+00   0.0000000e+00   2.0999999e+00   0.0000000e+00   3.5999999e+00   3.0999999e+00   8.6999998e+00   4.5999999e+00   3.3333333e-01   0.0000000e+00   0.0000000e+00   1.5000000e+00   2.5999999e+00   3.5999999e+00
  -6.1700000e+02   4.5999999e+00   1.5000000e+00   0.0000000e+00   0.0000000e+00   2.5999999e+00   2.0999999e+00   7.6999998e+00   8.6999998e+00   4.4444444e-01   0.0000000e+00   5.0000000e-01   1.8666666e+00   7.2643158e-09   5.1999998e+00
  -6.1600000e+02   3.5999999e+00   1.5000000e+00   2.0999999e+00   3.0999999e+00   2.0999999e+00   1.5000000e+00   7.6999998e+00   3.5999999e+00   5.5555556e-01   0.0000000e+00   1.0000000e+00   2.2333333e+00   1.5000000e+00   3.5999999e+00
  -6.1500000e+02   7.1999998e+00   1.5000000e+00   2.0999999e+00   2.0999999e+00   2.5999999e+00   2.5999999e+00   6.1999998e+00   1.5000000e+00   6.6666667e-01   0.0000000e+00   1.5000000e+00   2.5999999e+00   1.5000000e+00   2.5999999e+00
  -6.1400000e+02   7.1999998e+00   3.0999999e+00   2.0999999e+00   3.0999999e+00   4.0999999e+00   2.0999999e+00   7.1999998e+00   1.5000000e+00   7.7777778e-01   0.0000000e+00   1.7000000e+00   2.5999999e+00   4.1909516e-09   3.0999999e+00
  -6.1300000e+02   5.1999998e+00   1.5000000e+00   1.5000000e+00   2.0999999e+00   3.5999999e+00   4.5999999e+00   7.6999998e+00   2.5999999e+00   8.8888889e-01   0.0000000e+00   1.8999999e+00   2.5999999e+00   0.0000000e+00   3.0999999e+00
  -6.1200000e+02   5.6999998e+00   2.5999999e+00   1.5000000e+00   4.0999999e+00   2.5999999e+00   0.0000000e+00   4.5999999e+00   2.0999999e+00   1.0000000e+00   0.0000000e+00   2.0999999e+00   2.5999999e+00   2.0999999e+00   2.0999999e+00
  -6.1100000e+02   7.1999998e+00   0.0000000e+00   1.5000000e+00   5.1999998e+00   3.5999999e+00   2.0999999e+00   3.0999999e+00   2.0000000e+00   0.0000000e+00   0.0000000e+00   2.0999999e+00   2.5999999e+00   2.0999999e+00   2.5999999e+00
  -6.1000000e+02   4.0999999e+00   3.5999999e+00   3.5999999e+00   4.5999999e+00   4.5999999e+00   2.0999999e+00   5.0999999e+00   0.0000000e+00   2.0000000e+00   0.0000000e+00   2.0999999e+00   2.5999999e+00   0.0000000e+00   4.0999999e+00
  -6.0900000e+02   6.1999998e+00   4.0999999e+00   2.5999999e+00   4.5999999e+00   6.6999998e+00   3.5999999e+00   3.5999999e+00   2.0999999e+00   2.0000000e+00   0.0000000e+00   2.0999999e+00   2.5999999e+00   2.0999999e+00   0.0000000e+00
  -6.0800000e+02   3.5999999e+00   4.0999999e+00   4.5999999e+00   3.5999999e+00   6.6999998e+00   3.5999999e+00   2.0999999e+00   0.0000000e+00   2.0000000e+00   3.3333333e-01   2.0999999e+00   2.7666666e+00   5.8673320e-09   2.0999999e+00
  -6.0700000e+02   4.5999999e+00   3.0999999e+00   3.0999999e+00   3.5999999e+00   6.1999998e+00   1.5000000e+00   2.0999999e+00   0.0000000e+00   2.0000000e+00   6.6666667e-01   2.0999999e+00   2.9333332e+00   1.5000000e+00   4.1909516e-09
  -6.0600000e+02   4.5999999e+00   5.6999998e+00   1.5000000e+00   4.0999999e+00   6.6999998e+00   2.0999999e+00   3.5999999e+00   1.5000000e+00   1.0000000e+00   1.0000000e+00   2.0999999e+00   3.0999999e+00   1.5000000e+00   1.5000000e+00
  -6.0500000e+02   1.5000000e+00   5.1999998e+00   3.5999999e+00   4.5999999e+00   4.0999999e+00   1.5000000e+00   1.5000000e+00   1.5000000e+00   1.0476190e+00   1.0000000e+00   2.2666666e+00   3.2666666e+00   2.0999999e+00   0.0000000e+00
  -6.0400000e+02   2.5999999e+00   4.0999999e+00   3.0999999e+00   3.5999999e+00   4.5999999e+00   1.5000000e+00   2.5999999e+00   1.5000000e+00   1.0952381e+00   1.0000000e+00   2.4333332e+00   3.4333332e+00   2.5999999e+00   1.5000000e+00
  -6.0300000e+02   2.5999999e+00   3.0999999e+00   6.1999998e+00   4.5999999e+00   4.5999999e+00   1.5000000e+00   2.0999999e+00   0.0000000e+00   1.1428571e+00   1.0000000e+00   2.5999999e+00   3.5999999e+00   2.5999999e+00   0.0000000e+00
  -6.0200000e+02   1.5000000e+00   5.1999998e+00   1.5000000e+00   3.5999999e+00   5.1999998e+00   3.5999999e+00   1.5000000e+00   0.0000000e+00   1.1904762e+00   1.0000000e+00   2.7666666e+00   3.4333332e+00   1.5000000e+00   0.0000000e+00
  -6.0100000e+02   2.0999999e+00   2.0999999e+00   3.5999999e+00   3.0999999e+00   3.0999999e+00   3.5999999e+00   0.0000000e+00   1.5000000e+00   1.2380952e+00   1.0000000e+00   2.9333332e+00   3.2666666e+00   3.0999999e+00   0.0000000e+00
  -6.0000000e+02   1.5000000e+00   1.5000000e+00   6.1999998e+00   3.0999999e+00   5.1999998e+00   4.0999999e+00   2.5999999e+00   2.0999999e+00   1.2857143e+00   1.0000000e+00   3.0999999e+00   3.0999999e+00   4.0999999e+00   0.0000000e+00
  -5.9900000e+02   2.0999999e+00   3.5999999e+00   0.0000000e+00   2.0999999e+00   2.0999999e+00   2.5999999e+00   2.0999999e+00   2.5999999e+00   1.3333333e+00   1.0000000e+00   3.7666666e+00   3.2666666e+00   3.5999999e+00   0.0000000e+00
  -5.9800000e+02   2.0999999e+00   0.0000000e+00   3.0999999e+00   2.5999999e+00   0.0000000e+00   3.0999999e+00   1.5000000e+00   5.5999999e+00   1.3809524e+00   1.0000000e+00   4.4333332e+00   3.4333332e+00   4.0999999e+00   0.0000000e+00
  -5.9700000e+02   2.5999999e+00   0.0000000e+00   1.5000000e+00   2.0999999e+00   0.0000000e+00   3.0999999e+00   1.5000000e+00   5.6999998e+00   1.4285714e+00   1.0000000e+00   5.0999999e+00   3.5999999e+00   4.5999999e+00   0.0000000e+00
  -5.9600000e+02   2.5999999e+00   3.0999999e+00   1.5000000e+00   0.0000000e+00   0.0000000e+00   4.0999999e+00   0.0000000e+00   4.5999999e+00   1.4761905e+00   6.6666667e-01   4.4333332e+00   3.5999999e+00   4.0999999e+00   0.0000000e+00
  -5.9500000e+02   3.5999999e+00   1.5000000e+00   2.0999999e+00   1.5000000e+00   2.5999999e+00   3.0999999e+00   0.0000000e+00   6.0999999e+00   1.5238095e+00   3.3333333e-01   3.7666666e+00   3.5999999e+00   1.5000000e+00   4.1909516e-09
  -5.9400000e+02   4.0999999e+00   1.5000000e+00   2.0999999e+00   2.5999999e+00   3.0999999e+00   2.5999999e+00   2.5999999e+00   6.1999998e+00   1.5714286e+00   0.0000000e+00   3.0999999e+00   3.5999999e+00   2.0999999e+00   1.5000000e+00
  -5.9300000e+02   4.5999999e+00   2.0999999e+00   2.0999999e+00   0.0000000e+00   1.5000000e+00   0.0000000e+00   0.0000000e+00   6.5999999e+00   1.6190476e+00   0.0000000e+00   3.0999999e+00   3.0999999e+00   5.8673320e-09   2.5999999e+00
  -5.9200000e+02   2.5999999e+00   2.5999999e+00   2.5999999e+00   4.5999999e+00   0.0000000e+00   1.5000000e+00   1.5000000e+00   7.0999999e+00   1.6666667e+00   0.0000000e+00   3.0999999e+00   2.5999999e+00   0.0000000e+00   3.0999999e+00
  -5.9100000e+02   2.5999999e+00   2.5999999e+00   2.0999999e+00   4.0999999e+00   6.1999998e+00   1.5000000e+00   3.0999999e+00   7.1999998e+00   1.7142857e+00   0.0000000e+00   3.0999999e+00   2.0999999e+00   2.5999999e+00   2.0999999e+00
  -5.9000000e+02   4.5999999e+00   1.5000000e+00   0.0000000e+00   5.6999998e+00   5.1999998e+00   3.0999999e+00   1.5000000e+00   8.1999998e+00   1.7619048e+00   0.0000000e+00   3.0999999e+00   2.0999999e+00   2.0999999e+00   2.5999999e+00
  -5.8900000e+02   3.0999999e+00   2.0999999e+00   2.0999999e+00   4.0999999e+00   5.6999998e+00   0.0000000e+00   2.0999999e+00   6.5999999e+00   1.8095238e+00   0.0000000e+00   3.0999999e+00   2.0999999e+00   1.5000000e+00   1.5000000e+00
  -5.8800000e+02   4.5999999e+00   2.0999999e+00   2.5999999e+00   5.1999998e+00   5.6999998e+00   0.0000000e+00   1.5000000e+00   7.6999998e+00   1.8571429e+00   0.0000000e+00   3.0999999e+00   2.0999999e+00   1.5000000e+00   2.5999999e+00
  -5.8700000e+02   4.5999999e+00   0.0000000e+00   3.5999999e+00   4.0999999e+00   5.6999998e+00   2.0999999e+00   2.5999999e+00   6.0999999e+00   1.9047619e+00   0.0000000e+00   2.0666666e+00   2.2666666e+00   3.0999999e+00   3.5999999e+00
  -5.8600000e+02   4.0999999e+00   1.5000000e+00   2.0999999e+00   5.1999998e+00   5.1999998e+00   2.0999999e+00   2.5999999e+00   4.5999999e+00   1.9523810e+00   0.0000000e+00   1.0333333e+00   2.4333332e+00   2.0999999e+00   2.0999999e+00
  -5.8500000e+02   5.1999998e+00   2.5999999e+00   1.5000000e+00   6.1999998e+00   5.6999998e+00   0.0000000e+00   3.0999999e+00   4.5999999e+00   2.0000000e+00   0.0000000e+00   0.0000000e+00   2.5999999e+00   2.5999999e+00   1.0800000e+01
  -5.8400000e+02   5.1999998e+00   4.5999999e+00   2.0999999e+00   5.1999998e+00   6.6999998e+00   0.0000000e+00   0.0000000e+00   4.5999999e+00   2.6666667e+00   3.3333333e-01   5.0000000e-01   3.0999999e+00   3.0999999e+00   3.0999999e+00
  -5.8300000e+02   6.1999998e+00   5.1999998e+00   3.5999999e+00   2.5999999e+00   6.6999998e+00   0.0000000e+00   0.0000000e+00   5.0999999e+00   3.3333333e+00   6.6666667e-01   1.0000000e+00   3.5999999e+00   2.5999999e+00   0.0000000e+00
  -5.8200000e+02   4.5999999e+00   5.1999998e+00   4.5999999e+00   4.0999999e+00   6.6999998e+00   0.0000000e+00   0.0000000e+00   2.5999999e+00   4.0000000e+00   1.0000000e+00   1.5000000e+00   4.0999999e+00   2.5999999e+00   0.0000000e+00
  -5.8100000e+02   2.0999999e+00   4.0999999e+00   1.5000000e+00   5.1999998e+00   4.0999999e+00   0.0000000e+00   1.5000000e+00   1.5000000e+00   3.0000000e+00   1.0000000e+00   1.5000000e+00   3.5999999e+00   4.5999999e+00   0.0000000e+00
  -5.8000000e+02   1.5000000e+00   3.5999999e+00   2.5999999e+00   4.0999999e+00   4.0999999e+00   2.5999999e+00   0.0000000e+00   3.0999999e+00   2.0000000e+00   1.0000000e+00   1.5000000e+00   3.0999999e+00   3.5999999e+00   2.0999999e+00
  -5.7900000e+02   1.0000000e+00   5.6999998e+00   2.0999999e+00   4.0999999e+00   2.0999999e+00   4.0999999e+00   0.0000000e+00   2.0999999e+00   1.0000000e+00   1.0000000e+00   1.5000000e+00   2.5999999e+00   3.0999999e+00   0.0000000e+00
  -5.7800000e+02   1.0000000e+00   2.5999999e+00   1.5000000e+00   4.5999999e+00   2.5999999e+00   4.0999999e+00   0.0000000e+00   0.0000000e+00   1.0000000e+00   2.0000000e+00   1.0000000e+00   2.5999999e+00   4.0999999e+00   0.0000000e+00
  -5.7700000e+02   2.0999999e+00   2.5999999e+00   5.8673319e-09   5.6999998e+00   1.5000000e+00   3.5999999e+00   0.0000000e+00   2.0000000e+00   1.0000000e+00   3.0000000e+00   5.0000000e-01   2.5999999e+00   3.0999999e+00   1.5000000e+00
  -5.7600000e+02   2.0999999e+00   1.5000000e+00   2.0999999e+00   5.6999998e+00   3.0999999e+00   6.1999998e+00   2.0999999e+00   4.5999999e+00   1.0000000e+00   4.0000000e+00   0.0000000e+00   2.5999999e+00   4.0999999e+00   0.0000000e+00
  -5.7500000e+02   1.0000000e+00   0.0000000e+00   1.5000000e+00   3.5999999e+00   2.0999999e+00   6.1999998e+00   0.0000000e+00   5.0999999e+00   1.0833333e+00   3.0000000e+00   6.9999997e-01   2.2333333e+00   4.5999999e+00   0.0000000e+00
  -5.7400000e+02   1.0000000e+00   1.5000000e+00   2.5999999e+00   4.0999999e+00   2.5999999e+00   2.5999999e+00   0.0000000e+00   7.0999999e+00   1.1666667e+00   2.0000000e+00   1.3999999e+00   1.8666666e+00   3.0999999e+00   4.1909516e-09
  -5.7300000e+02   1.0000000e+00   3.5999999e+00   1.5000000e+00   3.5999999e+00   3.0999999e+00   2.0999999e+00   0.0000000e+00   7.6999998e+00   1.2500000e+00   1.0000000e+00   2.0999999e+00   1.5000000e+00   2.0999999e+00   1.5000000e+00
  -5.7200000e+02   3.0999999e+00   3.0999999e+00   2.5999999e+00   3.5999999e+00   2.5999999e+00   5.6999998e+00   0.0000000e+00   8.6999998e+00   1.3333333e+00   6.6666667e-01   2.0999999e+00   2.0333333e+00   2.5999999e+00   1.5000000e+00
  -5.7100000e+02   2.5999999e+00   0.0000000e+00   2.0999999e+00   3.5999999e+00   3.0999999e+00   5.0999999e+00   1.5000000e+00   7.6999998e+00   1.4166667e+00   3.3333333e-01   2.0999999e+00   2.5666666e+00   2.0999999e+00   4.1909516e-09
  -5.7000000e+02   2.0999999e+00   0.0000000e+00   0.0000000e+00   3.0999999e+00   3.0999999e+00   1.5000000e+00   2.0999999e+00   7.1999998e+00   1.5000000e+00   0.0000000e+00   2.0999999e+00   3.0999999e+00   0.0000000e+00   1.5000000e+00
  -5.6900000e+02   5.1999998e+00   0.0000000e+00   1.5000000e+00   5.1999998e+00   2.5999999e+00   0.0000000e+00   2.0999999e+00   7.6999998e+00   1.5833333e+00   0.0000000e+00   2.0999999e+00   2.9333332e+00   0.0000000e+00   1.5000000e+00
  -5.6800000e+02   5.1999998e+00   0.0000000e+00   1.5000000e+00   7.1999998e+00   4.5999999e+00   2.0999999e+00   1.5000000e+00   8.6999998e+00   1.6666667e+00   0.0000000e+00   2.0999999e+00   2.7666666e+00   0.0000000e+00   5.8673319e-09
  -5.6700000e+02   4.5999999e+00   0.0000000e+00   0.0000000e+00   6.6999998e+00   6.1999998e+00   1.5000000e+00   1.5000000e+00   7.6999998e+00   1.7500000e+00   0.0000000e+00   2.0999999e+00   2.5999999e+00   0.0000000e+00   2.0999999e+00
  -5.6600000e+02   5.6999998e+00   1.5000000e+00   0.0000000e+00   7.1999998e+00   5.6999998e+00   3.0999999e+00   3.0999999e+00   7.6999998e+00   1.8333333e+00   0.0000000e+00   2.0999999e+00   2.7666666e+00   0.0000000e+00   2.0999999e+00
  -5.6500000e+02   3.5999999e+00   2.0999999e+00   1.5000000e+00   4.0999999e+00   7.1999998e+00   3.5999999e+00   9.3000002e+00   7.0999999e+00   1.9166667e+00   0.0000000e+00   2.0999999e+00   2.9333332e+00   2.0999999e+00   3.5999999e+00
  -5.6400000e+02   4.0999999e+00   1.5000000e+00   1.5000000e+00   3.5999999e+00   6.6999998e+00   6.6999998e+00   4.0999999e+00   7.1999998e+00   2.0000000e+00   0.0000000e+00   2.0999999e+00   3.0999999e+00   2.5999999e+00   4.5999999e+00
  -5.6300000e+02   4.5999999e+00   0.0000000e+00   0.0000000e+00   5.6999998e+00   7.1999998e+00   5.0999999e+00   3.0999999e+00   7.0999999e+00   2.0000000e+00   0.0000000e+00   2.7666666e+00   2.7666666e+00   2.0999999e+00   6.6999998e+00
  -5.6200000e+02   3.5999999e+00   1.5000000e+00   0.0000000e+00   3.5999999e+00   7.1999998e+00   3.5999999e+00   0.0000000e+00   7.0999999e+00   2.0000000e+00   0.0000000e+00   3.4333332e+00   2.4333332e+00   1.5000000e+00   1.5000000e+00
  -5.6100000e+02   3.5999999e+00   3.0999999e+00   0.0000000e+00   5.1999998e+00   6.1999998e+00   0.0000000e+00   0.0000000e+00   5.6999998e+00   2.0000000e+00   0.0000000e+00   4.0999999e+00   2.0999999e+00   2.0999999e+00   0.0000000e+00
  -5.6000000e+02   3.0999999e+00   3.0999999e+00   0.0000000e+00   4.5999999e+00   6.1999998e+00   1.5000000e+00   0.0000000e+00   5.0999999e+00   2.0000000e+00   0.0000000e+00   3.5999999e+00   2.5999999e+00   1.5000000e+00   0.0000000e+00
  -5.5900000e+02   2.0999999e+00   4.5999999e+00   4.1909516e-09   4.5999999e+00   7.1999998e+00   4.0999999e+00   1.5000000e+00   5.5999999e+00   2.0000000e+00   0.0000000e+00   3.0999999e+00   3.0999999e+00   2.0999999e+00   0.0000000e+00
  -5.5800000e+02   2.0999999e+00   6.6999998e+00   1.5000000e+00   3.0999999e+00   6.6999998e+00   3.0999999e+00   0.0000000e+00   6.1999998e+00   2.0000000e+00   0.0000000e+00   2.5999999e+00   3.5999999e+00   1.5000000e+00   0.0000000e+00
  -5.5700000e+02   2.5999999e+00   2.5999999e+00   2.0999999e+00   4.0999999e+00   3.5999999e+00   4.5999999e+00   1.5000000e+00   5.0999999e+00   2.0000000e+00   3.3333333e-01   2.7666666e+00   4.0999999e+00   2.5999999e+00   0.0000000e+00
  -5.5600000e+02   2.0999999e+00   3.0999999e+00   3.0999999e+00   4.0999999e+00   5.1999998e+00   4.5999999e+00   0.0000000e+00   5.0999999e+00   2.0000000e+00   6.6666667e-01   2.9333332e+00   4.5999999e+00   2.5999999e+00   2.0999999e+00
  -5.5500000e+02   1.0000000e+00   2.0999999e+00   3.0999999e+00   2.0999999e+00   3.0999999e+00   5.0999999e+00   0.0000000e+00   5.0999999e+00   2.0000000e+00   1.0000000e+00   3.0999999e+00   5.0999999e+00   3.0999999e+00   2.0999999e+00
  -5.5400000e+02   1.0000000e+00   2.0999999e+00   4.5999999e+00   2.5999999e+00   2.5999999e+00   4.5999999e+00   0.0000000e+00   4.0999999e+00   1.3333333e+00   6.6666667e-01   3.0999999e+00   4.5999999e+00   4.0999999e+00   0.0000000e+00
  -5.5300000e+02   2.0999999e+00   4.5999999e+00   5.1999998e+00   8.1999998e+00   1.5000000e+00   4.5999999e+00   0.0000000e+00   4.0999999e+00   6.6666667e-01   3.3333333e-01   3.0999999e+00   4.0999999e+00   3.5999999e+00   1.5000000e+00
  -5.5200000e+02   1.0000000e+00   4.0999999e+00   4.0999999e+00   5.6999998e+00   2.0999999e+00   4.0999999e+00   1.5000000e+00   4.5999999e+00   0.0000000e+00   0.0000000e+00   3.0999999e+00   3.5999999e+00   4.5999999e+00   1.5000000e+00
  -5.5100000e+02   2.0999999e+00   3.5999999e+00   3.5999999e+00   0.0000000e+00   1.5000000e+00   5.6999998e+00   1.5000000e+00   4.0999999e+00   0.0000000e+00   3.3333333e-01   2.7666666e+00   2.8999999e+00   4.0999999e+00   0.0000000e+00
  -5.5000000e+02   1.0000000e+00   1.5000000e+00   3.0999999e+00   2.0999999e+00   2.0999999e+00   4.5999999e+00   0.0000000e+00   5.5999999e+00   0.0000000e+00   6.6666667e-01   2.4333332e+00   2.2000000e+00   4.0999999e+00   0.0000000e+00
  -5.4900000e+02   1.5000000e+00   0.0000000e+00   3.0999999e+00   3.5999999e+00   2.0999999e+00   4.5999999e+00   0.0000000e+00   2.5999999e+00   0.0000000e+00   1.0000000e+00   2.0999999e+00   1.5000000e+00   4.0999999e+00   0.0000000e+00
  -5.4800000e+02   1.0000000e+00   0.0000000e+00   2.5999999e+00   2.5999999e+00   2.5999999e+00   4.0999999e+00   0.0000000e+00   6.5999999e+00   0.0000000e+00   6.6666667e-01   1.3999999e+00   1.7000000e+00   2.5999999e+00   0.0000000e+00
  -5.4700000e+02   1.0000000e+00   5.8673319e-09   4.0999999e+00   4.5999999e+00   2.0999999e+00   3.0999999e+00   1.5000000e+00   9.6999998e+00   0.0000000e+00   3.3333333e-01   6.9999997e-01   1.8999999e+00   2.0999999e+00   1.5000000e+00
  -5.4600000e+02   1.5000000e+00   2.0999999e+00   3.5999999e+00   7.1999998e+00   3.0999999e+00   3.0999999e+00   2.0999999e+00   6.6999998e+00   0.0000000e+00   0.0000000e+00   0.0000000e+00   2.0999999e+00   1.5000000e+00   0.0000000e+00
  -5.4500000e+02   1.5000000e+00   0.0000000e+00   2.5999999e+00   6.1999998e+00   3.0999999e+00   2.0999999e+00   2.5999999e+00   8.1999998e+00   0.0000000e+00   0.0000000e+00   5.0000000e-01   2.2666666e+00   1.5000000e+00   2.0999999e+00
  -5.4400000e+02   2.0999999e+00   0.0000000e+00   2.5999999e+00   7.6999998e+00   3.5999999e+00   2.5999999e+00   3.0999999e+00   7.6999998e+00   0.0000000e+00   0.0000000e+00   1.0000000e+00   2.4333332e+00   0.0000000e+00   2.0999999e+00
  -5.4300000e+02   4.5999999e+00   0.0000000e+00   2.5999999e+00   9.8000002e+00   4.5999999e+00   8.8000002e+00   4.5999999e+00   7.1999998e+00   0.0000000e+00   0.0000000e+00   1.5000000e+00   2.5999999e+00   0.0000000e+00   2.0999999e+00
  -5.4200000e+02   4.5999999e+00   0.0000000e+00   3.5999999e+00   1.0300000e+01   5.1999998e+00   2.5999999e+00   4.0999999e+00   6.0999999e+00   0.0000000e+00   0.0000000e+00   1.5000000e+00   3.0999999e+00   0.0000000e+00   2.5999999e+00
  -5.4100000e+02   5.1999998e+00   1.5000000e+00   2.0999999e+00   1.2900000e+01   5.1999998e+00   0.0000000e+00   5.6999998e+00   5.5999999e+00   0.0000000e+00   0.0000000e+00   1.5000000e+00   3.5999999e+00   1.5000000e+00   2.5999999e+00
  -5.4000000e+02   5.6999998e+00   2.5999999e+00   1.5000000e+00   9.3000002e+00   6.6999998e+00   0.0000000e+00   7.6999998e+00   7.1999998e+00   0.0000000e+00   0.0000000e+00   1.5000000e+00   4.0999999e+00   0.0000000e+00   4.0999999e+00
  -5.3900000e+02   5.1999998e+00   2.5999999e+00   0.0000000e+00   9.8000002e+00   5.1999998e+00   0.0000000e+00   3.5999999e+00   6.5999999e+00   0.0000000e+00   0.0000000e+00   1.0000000e+00   3.9333332e+00   1.5000000e+00   4.0999999e+00
  -5.3800000e+02   5.1999998e+00   2.5999999e+00   0.0000000e+00   9.3000002e+00   5.6999998e+00   0.0000000e+00   4.5999999e+00   6.0999999e+00   0.0000000e+00   0.0000000e+00   5.0000000e-01   3.7666666e+00   2.5999999e+00   3.5999999e+00
  -5.3700000e+02   4.0999999e+00   4.5999999e+00   0.0000000e+00   7.6999998e+00   9.8000002e+00   0.0000000e+00   2.5999999e+00   6.6999998e+00   0.0000000e+00   0.0000000e+00   0.0000000e+00   3.5999999e+00   3.0999999e+00   2.5999999e+00
  -5.3600000e+02   4.5999999e+00   5.1999998e+00   2.5999999e+00   8.1999998e+00   1.2900000e+01   0.0000000e+00   1.5000000e+00   6.5999999e+00   6.6666667e-01   0.0000000e+00   0.0000000e+00   4.2999999e+00   3.5999999e+00   1.5000000e+00
  -5.3500000e+02   3.5999999e+00   7.1999998e+00   3.0999999e+00   7.1999998e+00   3.5999999e+00   1.5000000e+00   2.0999999e+00   5.0999999e+00   1.3333333e+00   0.0000000e+00   0.0000000e+00   4.9999998e+00   1.5000000e+00   2.0999999e+00
  -5.3400000e+02   3.5999999e+00   2.0999999e+00   2.5999999e+00   5.6999998e+00   5.6999998e+00   0.0000000e+00   3.0999999e+00   5.0999999e+00   2.0000000e+00   0.0000000e+00   0.0000000e+00   5.6999998e+00   4.5999999e+00   2.0999999e+00
  -5.3300000e+02   2.0999999e+00   3.0999999e+00   3.5999999e+00   4.0999999e+00   5.6999998e+00   1.5000000e+00   2.0999999e+00   4.0999999e+00   1.3333333e+00   6.6666667e-01   0.0000000e+00   6.0333331e+00   4.0999999e+00   0.0000000e+00
  -5.3200000e+02   3.0999999e+00   4.0999999e+00   3.0999999e+00   3.0999999e+00   6.6999998e+00   2.0999999e+00   0.0000000e+00   3.5999999e+00   6.6666667e-01   1.3333333e+00   0.0000000e+00   6.3666665e+00   4.0999999e+00   5.8673319e-09
  -5.3100000e+02   2.0999999e+00   2.5999999e+00   2.0999999e+00   3.0999999e+00   5.6999998e+00   4.0999999e+00   1.5000000e+00   3.0999999e+00   0.0000000e+00   2.0000000e+00   0.0000000e+00   6.6999998e+00   7.1999998e+00   2.0999999e+00
  -5.3000000e+02   2.0999999e+00   2.5999999e+00   3.0999999e+00   4.0999999e+00   5.6999998e+00   3.0999999e+00   3.0999999e+00   4.5999999e+00   6.6666667e-01   1.3333333e+00   6.9999997e-01   5.9999998e+00   7.1999998e+00   1.5000000e+00
  -5.2900000e+02   2.5999999e+00   3.0999999e+00   7.2643158e-09   3.0999999e+00   7.6999998e+00   3.5999999e+00   2.0999999e+00   4.0999999e+00   1.3333333e+00   6.6666667e-01   1.3999999e+00   5.2999999e+00   6.6999998e+00   0.0000000e+00
  -5.2800000e+02   2.0999999e+00   3.0999999e+00   2.5999999e+00   3.5999999e+00   8.1999998e+00   4.0999999e+00   2.0999999e+00   3.5999999e+00   2.0000000e+00   0.0000000e+00   2.0999999e+00   4.5999999e+00   8.1999998e+00   0.0000000e+00
  -5.2700000e+02   1.5000000e+00   2.0999999e+00   3.5999999e+00   3.5999999e+00   6.1999998e+00   4.0999999e+00   3.0999999e+00   7.0999999e+00   1.7777778e+00   0.0000000e+00   1.3999999e+00   3.3499999e+00   7.6999998e+00   0.0000000e+00
  -5.2600000e+02   3.0999999e+00   1.5000000e+00   3.0999999e+00   3.0999999e+00   7.1999998e+00   3.0999999e+00   2.0999999e+00   7.0999999e+00   1.5555556e+00   0.0000000e+00   6.9999997e-01   2.0999999e+00   7.1999998e+00   0.0000000e+00
  -5.2500000e+02   3.0999999e+00   1.5000000e+00   5.1999998e+00   3.5999999e+00   6.1999998e+00   2.5999999e+00   2.0999999e+00   6.6999998e+00   1.3333333e+00   0.0000000e+00   0.0000000e+00   4.0999999e+00   7.6999998e+00   0.0000000e+00
  -5.2400000e+02   2.5999999e+00   1.5000000e+00   2.0999999e+00   3.5999999e+00   7.6999998e+00   2.5999999e+00   2.5999999e+00   5.0999999e+00   1.1111111e+00   0.0000000e+00   0.0000000e+00   4.4333332e+00   5.6999998e+00   0.0000000e+00
  -5.2300000e+02   2.0999999e+00   0.0000000e+00   1.5000000e+00   3.0999999e+00   8.8000002e+00   4.5999999e+00   4.0999999e+00   7.0999999e+00   8.8888889e-01   0.0000000e+00   0.0000000e+00   4.7666666e+00   5.6999998e+00   1.5000000e+00
  -5.2200000e+02   2.0999999e+00   0.0000000e+00   2.5999999e+00   3.5999999e+00   8.1999998e+00   2.0999999e+00   4.0999999e+00   7.6999998e+00   6.6666667e-01   0.0000000e+00   0.0000000e+00   5.0999999e+00   4.5999999e+00   1.5000000e+00
  -5.2100000e+02   4.0999999e+00   1.5000000e+00   3.5999999e+00   6.1999998e+00   9.3000002e+00   2.5999999e+00   4.0999999e+00   6.5999999e+00   4.4444444e-01   0.0000000e+00   5.0000000e-01   4.7666666e+00   4.5999999e+00   1.5000000e+00
  -5.2000000e+02   3.0999999e+00   0.0000000e+00   2.0999999e+00   6.1999998e+00   1.0300000e+01   1.5000000e+00   2.5999999e+00   4.5999999e+00   2.2222222e-01   0.0000000e+00   1.0000000e+00   4.4333332e+00   4.0999999e+00   2.0999999e+00
  -5.1900000e+02   5.1999998e+00   0.0000000e+00   2.5999999e+00   7.1999998e+00   8.1999998e+00   2.0999999e+00   3.5999999e+00   3.5999999e+00   0.0000000e+00   0.0000000e+00   1.5000000e+00   4.0999999e+00   3.5999999e+00   1.5000000e+00
  -5.1800000e+02   5.1999998e+00   0.0000000e+00   0.0000000e+00   4.5999999e+00   9.3000002e+00   2.0999999e+00   3.5999999e+00   2.5999999e+00   6.6666667e-01   0.0000000e+00   1.5000000e+00   4.4333332e+00   4.0999999e+00   4.0999999e+00
  -5.1700000e+02   5.6999998e+00   4.1909516e-09   1.5000000e+00   5.1999998e+00   1.0800000e+01   2.0999999e+00   3.0999999e+00   2.5999999e+00   1.3333333e+00   0.0000000e+00   1.5000000e+00   4.7666666e+00   3.0999999e+00   3.0999999e+00
  -5.1600000e+02   5.6999998e+00   1.5000000e+00   0.0000000e+00   5.6999998e+00   9.8000002e+00   0.0000000e+00   4.0999999e+00   5.0999999e+00   2.0000000e+00   0.0000000e+00   1.5000000e+00   5.0999999e+00   3.5999999e+00   3.5999999e+00
  -5.1500000e+02   6.6999998e+00   1.5000000e+00   1.5000000e+00   6.1999998e+00   9.3000002e+00   1.5000000e+00   2.5999999e+00   3.5999999e+00   2.1666667e+00   0.0000000e+00   1.8666666e+00   5.4666665e+00   3.0999999e+00   2.5999999e+00
  -5.1400000e+02   4.0999999e+00   2.5999999e+00   1.5000000e+00   6.1999998e+00   1.0300000e+01   3.0999999e+00   3.0999999e+00   1.5000000e+00   2.3333333e+00   0.0000000e+00   2.2333333e+00   5.8333332e+00   3.0999999e+00   3.5999999e+00
  -5.1300000e+02   4.0999999e+00   4.5999999e+00   0.0000000e+00   5.1999998e+00   1.0300000e+01   2.5999999e+00   2.5999999e+00   0.0000000e+00   2.5000000e+00   0.0000000e+00   2.5999999e+00   6.1999998e+00   4.5999999e+00   3.5999999e+00
  -5.1200000e+02   5.1999998e+00   3.5999999e+00   0.0000000e+00   4.5999999e+00   1.2400000e+01   2.5999999e+00   0.0000000e+00   3.5999999e+00   2.6666667e+00   0.0000000e+00   2.5999999e+00   6.0333331e+00   5.6999998e+00   3.0999999e+00
  -5.1100000e+02   5.1999998e+00   4.0999999e+00   4.1909516e-09   3.0999999e+00   1.2400000e+01   2.0999999e+00   0.0000000e+00   2.5999999e+00   2.8333333e+00   0.0000000e+00   2.5999999e+00   5.8666665e+00   4.0999999e+00   2.0999999e+00
  -5.1000000e+02   5.6999998e+00   3.0999999e+00   1.5000000e+00   3.0999999e+00   1.1300000e+01   1.5000000e+00   0.0000000e+00   2.0999999e+00   3.0000000e+00   0.0000000e+00   2.5999999e+00   5.6999998e+00   5.6999998e+00   3.0999999e+00
  -5.0900000e+02   4.5999999e+00   4.0999999e+00   0.0000000e+00   2.5999999e+00   1.1800000e+01   0.0000000e+00   0.0000000e+00   1.5000000e+00   3.3333333e+00   0.0000000e+00   2.5999999e+00   5.6999998e+00   2.5999999e+00   2.0999999e+00
  -5.0800000e+02   4.0999999e+00   2.5999999e+00   1.5000000e+00   2.5999999e+00   8.1999998e+00   2.5999999e+00   0.0000000e+00   1.5000000e+00   3.6666667e+00   0.0000000e+00   2.5999999e+00   5.6999998e+00   4.5999999e+00   2.0999999e+00
  -5.0700000e+02   3.0999999e+00   2.5999999e+00   4.0999999e+00   2.0999999e+00   1.2400000e+01   1.5000000e+00   0.0000000e+00   0.0000000e+00   4.0000000e+00   0.0000000e+00   2.5999999e+00   5.6999998e+00   4.5999999e+00   1.5000000e+00
  -5.0600000e+02   4.0999999e+00   2.5999999e+00   4.0999999e+00   0.0000000e+00   1.0800000e+01   2.0999999e+00   0.0000000e+00   2.0000000e+00   2.6666667e+00   3.3333333e-01   2.5166666e+00   5.4999998e+00   6.6999998e+00   1.5000000e+00
  -5.0500000e+02   2.0999999e+00   4.0999999e+00   4.5999999e+00   3.0999999e+00   1.2400000e+01   3.0999999e+00   0.0000000e+00   0.0000000e+00   1.3333333e+00   6.6666667e-01   2.4333332e+00   5.2999999e+00   5.6999998e+00   0.0000000e+00
  -5.0400000e+02   1.5000000e+00   2.5999999e+00   3.0999999e+00   3.0999999e+00   1.0300000e+01   3.5999999e+00   0.0000000e+00   0.0000000e+00   0.0000000e+00   1.0000000e+00   2.3499999e+00   5.0999999e+00   3.5999999e+00   0.0000000e+00
  -5.0300000e+02   1.5000000e+00   2.5999999e+00   3.0999999e+00   2.5999999e+00   1.2900000e+01   5.0999999e+00   0.0000000e+00   3.5999999e+00   0.0000000e+00   1.3333333e+00   2.2666666e+00   4.5999999e+00   3.0999999e+00   1.5000000e+00
  -5.0200000e+02   1.5000000e+00   2.0999999e+00   4.5999999e+00   2.0999999e+00   1.3400000e+01   4.0999999e+00   2.0999999e+00   4.0999999e+00   0.0000000e+00   1.6666667e+00   2.1833332e+00   4.0999999e+00   3.5999999e+00   4.1909516e-09
  -5.0100000e+02   2.5999999e+00   1.5000000e+00   4.5999999e+00   2.5999999e+00   1.2400000e+01   3.0999999e+00   2.5999999e+00   4.0999999e+00   0.0000000e+00   2.0000000e+00   2.0999999e+00   3.5999999e+00   3.5999999e+00   1.5000000e+00
  -5.0000000e+02   2.0999999e+00   1.5000000e+00   2.5999999e+00   0.0000000e+00   1.0300000e+01   2.0999999e+00   1.5000000e+00   5.0999999e+00   0.0000000e+00   1.6666667e+00   2.4333332e+00   4.0999999e+00   4.0999999e+00   1.5000000e+00
  -4.9900000e+02   3.5999999e+00   5.8673319e-09   8.6612997e-09   1.5000000e+00   9.3000002e+00   3.0999999e+00   3.5999999e+00   4.5999999e+00   0.0000000e+00   1.3333333e+00   2.7666666e+00   4.5999999e+00   3.0999999e+00   1.5000000e+00
  -4.9800000e+02   3.5999999e+00   2.0999999e+00   3.0999999e+00   1.5000000e+00   1.0300000e+01   2.5999999e+00   3.0999999e+00   6.1999998e+00   0.0000000e+00   1.0000000e+00   3.0999999e+00   5.0999999e+00   2.0999999e+00   2.5999999e+00
  -4.9700000e+02   3.0999999e+00   1.5000000e+00   2.0999999e+00   0.0000000e+00   7.1999998e+00   3.0999999e+00   2.5999999e+00   5.0999999e+00   0.0000000e+00   6.6666667e-01   3.0999999e+00   5.0999999e+00   2.5999999e+00   2.5999999e+00
  -4.9600000e+02   1.5000000e+00   0.0000000e+00   2.0999999e+00   4.0999999e+00   1.1300000e+01   1.5000000e+00   5.0999999e+00   5.0999999e+00   0.0000000e+00   3.3333333e-01   3.0999999e+00   5.0999999e+00   2.0999999e+00   3.0999999e+00
  -4.9500000e+02   7.1999998e+00   0.0000000e+00   2.0999999e+00   3.5999999e+00   1.0300000e+01   2.5999999e+00   4.5999999e+00   4.0999999e+00   0.0000000e+00   0.0000000e+00   3.0999999e+00   5.0999999e+00   2.5999999e+00   3.0999999e+00
  -4.9400000e+02   3.5999999e+00   0.0000000e+00   1.5000000e+00   5.1999998e+00   1.1800000e+01   4.0999999e+00   2.5999999e+00   4.5999999e+00   0.0000000e+00   0.0000000e+00   2.5666666e+00   4.7666666e+00   3.5999999e+00   2.5999999e+00
  -4.9300000e+02   4.0999999e+00   1.5000000e+00   0.0000000e+00   4.5999999e+00   1.3400000e+01   2.0999999e+00   2.5999999e+00   5.5999999e+00   0.0000000e+00   0.0000000e+00   2.0333333e+00   4.4333332e+00   2.5999999e+00   2.0999999e+00
  -4.9200000e+02   2.0999999e+00   1.5000000e+00   0.0000000e+00   4.0999999e+00   1.0800000e+01   2.0999999e+00   3.5999999e+00   4.5999999e+00   0.0000000e+00   0.0000000e+00   1.5000000e+00   4.0999999e+00   3.0999999e+00   3.5999999e+00
  -4.9100000e+02   2.0999999e+00   1.5000000e+00   0.0000000e+00   4.0999999e+00   1.0800000e+01   3.0999999e+00   3.5999999e+00   4.5999999e+00   1.0000000e+00   0.0000000e+00   1.5000000e+00   3.7666666e+00   8.6612997e-09   2.5999999e+00
  -4.9000000e+02   4.0999999e+00   1.5000000e+00   0.0000000e+00   1.5000000e+00   1.2400000e+01   2.5999999e+00   2.5999999e+00   3.0999999e+00   2.0000000e+00   0.0000000e+00   1.5000000e+00   3.4333332e+00   2.5999999e+00   4.5999999e+00
  -4.8900000e+02   1.5000000e+00   0.0000000e+00   0.0000000e+00   4.5999999e+00   6.6999998e+00   1.5000000e+00   1.5000000e+00   3.0999999e+00   3.0000000e+00   0.0000000e+00   1.5000000e+00   3.0999999e+00   0.0000000e+00   3.0999999e+00
  -4.8800000e+02   1.5000000e+00   2.5999999e+00   1.5000000e+00   4.5999999e+00   9.3000002e+00   2.5999999e+00   2.0999999e+00   3.0999999e+00   3.3333333e+00   0.0000000e+00   1.0000000e+00   2.9333332e+00   0.0000000e+00   1.5000000e+00
  -4.8700000e+02   2.0999999e+00   2.5999999e+00   3.0999999e+00   3.5999999e+00   9.8000002e+00   2.0999999e+00   0.0000000e+00   2.0000000e+00   3.6666667e+00   0.0000000e+00   5.0000000e-01   2.7666666e+00   0.0000000e+00   2.5999999e+00
  -4.8600000e+02   1.5000000e+00   3.0999999e+00   2.0999999e+00   4.0999999e+00   9.3000002e+00   2.0999999e+00   0.0000000e+00   0.0000000e+00   4.0000000e+00   0.0000000e+00   0.0000000e+00   2.5999999e+00   0.0000000e+00   0.0000000e+00
  -4.8500000e+02   1.5000000e+00   0.0000000e+00   1.5000000e+00   3.5999999e+00   8.1999998e+00   1.5000000e+00   0.0000000e+00   0.0000000e+00   4.3333333e+00   0.0000000e+00   0.0000000e+00   2.4333332e+00   1.5000000e+00   0.0000000e+00
  -4.8400000e+02   3.0999999e+00   1.5000000e+00   2.0999999e+00   4.5999999e+00   6.6999998e+00   1.5000000e+00   2.0999999e+00   0.0000000e+00   4.6666667e+00   0.0000000e+00   0.0000000e+00   2.2666666e+00   2.0999999e+00   0.0000000e+00
  -4.8300000e+02   3.0999999e+00   3.0999999e+00   2.5999999e+00   3.5999999e+00   7.1999998e+00   2.5999999e+00   1.5000000e+00   0.0000000e+00   5.0000000e+00   0.0000000e+00   0.0000000e+00   2.0999999e+00   2.5999999e+00   0.0000000e+00
  -4.8200000e+02   2.5999999e+00   3.0999999e+00   1.5000000e+00   4.0999999e+00   8.1999998e+00   3.0999999e+00   2.0999999e+00   0.0000000e+00   4.5833333e+00   0.0000000e+00   0.0000000e+00   2.2666666e+00   2.5999999e+00   0.0000000e+00
  -4.8100000e+02   2.0999999e+00   4.0999999e+00   1.5000000e+00   2.0999999e+00   6.1999998e+00   3.5999999e+00   0.0000000e+00   0.0000000e+00   4.1666667e+00   0.0000000e+00   0.0000000e+00   2.4333332e+00   3.0999999e+00   0.0000000e+00
  -4.8000000e+02   2.0999999e+00   2.0999999e+00   2.0999999e+00   2.5999999e+00   8.8000002e+00   4.0999999e+00   2.0999999e+00   1.5000000e+00   3.7500000e+00   0.0000000e+00   0.0000000e+00   2.5999999e+00   3.5999999e+00   0.0000000e+00
  -4.7900000e+02   1.5000000e+00   2.0999999e+00   2.5999999e+00   0.0000000e+00   6.1999998e+00   3.0999999e+00   2.5999999e+00   0.0000000e+00   3.3333333e+00   0.0000000e+00   1.0333333e+00   2.4333332e+00   3.5999999e+00   0.0000000e+00
  -4.7800000e+02   1.5000000e+00   1.5000000e+00   5.8673319e-09   0.0000000e+00   6.6999998e+00   5.0999999e+00   2.0999999e+00   1.5000000e+00   2.9166667e+00   0.0000000e+00   2.0666666e+00   2.2666666e+00   5.1999998e+00   7.2643158e-09
  -4.7700000e+02   2.5999999e+00   0.0000000e+00   2.0999999e+00   0.0000000e+00   6.1999998e+00   2.5999999e+00   3.0999999e+00   1.5000000e+00   2.5000000e+00   0.0000000e+00   3.0999999e+00   2.0999999e+00   3.0999999e+00   2.5999999e+00
  -4.7600000e+02   3.0999999e+00   0.0000000e+00   4.5999999e+00   1.5000000e+00   6.6999998e+00   3.0999999e+00   4.0999999e+00   1.5000000e+00   2.0833333e+00   0.0000000e+00   3.4333332e+00   1.8999999e+00   3.0999999e+00   2.0999999e+00
  -4.7500000e+02   3.5999999e+00   1.5000000e+00   4.1909516e-09   1.5000000e+00   6.1999998e+00   2.0999999e+00   5.0999999e+00   3.0999999e+00   1.6666667e+00   0.0000000e+00   3.7666666e+00   1.7000000e+00   1.5000000e+00   3.0999999e+00
  -4.7400000e+02   2.0999999e+00   0.0000000e+00   1.5000000e+00   0.0000000e+00   5.6999998e+00   3.5999999e+00   5.0999999e+00   5.6999998e+00   1.2500000e+00   0.0000000e+00   4.0999999e+00   1.5000000e+00   3.5999999e+00   3.5999999e+00
  -4.7300000e+02   3.5999999e+00   2.0999999e+00   1.5000000e+00   3.0999999e+00   6.1999998e+00   2.5999999e+00   6.1999998e+00   5.0999999e+00   8.3333333e-01   0.0000000e+00   3.5999999e+00   1.5000000e+00   2.5999999e+00   2.5999999e+00
  -4.7200000e+02   5.1999998e+00   1.5000000e+00   2.0999999e+00   3.5999999e+00   6.1999998e+00   2.0999999e+00   3.0999999e+00   5.5999999e+00   4.1666667e-01   0.0000000e+00   3.0999999e+00   1.5000000e+00   0.0000000e+00   2.0999999e+00
  -4.7100000e+02   6.1999998e+00   1.5000000e+00   2.0999999e+00   1.5000000e+00   7.1999998e+00   4.0999999e+00   4.5999999e+00   5.6999998e+00   0.0000000e+00   0.0000000e+00   2.5999999e+00   1.5000000e+00   1.5000000e+00   1.5000000e+00
  -4.7000000e+02   6.1999998e+00   0.0000000e+00   2.5999999e+00   1.5000000e+00   7.6999998e+00   3.5999999e+00   5.0999999e+00   5.0999999e+00   0.0000000e+00   0.0000000e+00   1.7333333e+00   1.5000000e+00   1.5000000e+00   3.0999999e+00
  -4.6900000e+02   7.6999998e+00   2.0999999e+00   2.0999999e+00   4.5999999e+00   8.8000002e+00   2.5999999e+00   4.0999999e+00   4.5999999e+00   0.0000000e+00   0.0000000e+00   8.6666663e-01   1.5000000e+00   0.0000000e+00   4.5999999e+00
  -4.6800000e+02   6.1999998e+00   2.0999999e+00   1.5000000e+00   3.5999999e+00   9.3000002e+00   2.0999999e+00   2.5999999e+00   4.5999999e+00   0.0000000e+00   0.0000000e+00   0.0000000e+00   1.5000000e+00   2.5999999e+00   0.0000000e+00
  -4.6700000e+02   5.1999998e+00   2.5999999e+00   2.0999999e+00   4.5999999e+00   8.1999998e+00   3.5999999e+00   4.5999999e+00   3.5999999e+00   6.6666667e-01   0.0000000e+00   0.0000000e+00   1.7000000e+00   2.5999999e+00   2.0999999e+00
  -4.6600000e+02   4.0999999e+00   2.0999999e+00   1.5000000e+00   3.5999999e+00   7.1999998e+00   2.5999999e+00   1.5000000e+00   1.5000000e+00   1.3333333e+00   0.0000000e+00   0.0000000e+00   1.8999999e+00   0.0000000e+00   2.0999999e+00
  -4.6500000e+02   1.5000000e+00   2.5999999e+00   2.5999999e+00   5.6999998e+00   6.6999998e+00   3.0999999e+00   3.0999999e+00   0.0000000e+00   2.0000000e+00   0.0000000e+00   0.0000000e+00   2.0999999e+00   0.0000000e+00   4.0999999e+00
  -4.6400000e+02   1.5000000e+00   3.5999999e+00   2.5999999e+00   3.5999999e+00   6.6999998e+00   3.0999999e+00   1.5000000e+00   1.5000000e+00   2.0000000e+00   0.0000000e+00   5.0000000e-01   2.2666666e+00   2.0999999e+00   5.1999998e+00
  -4.6300000e+02   2.0999999e+00   3.0999999e+00   3.0999999e+00   4.0999999e+00   6.6999998e+00   2.0999999e+00   1.5000000e+00   0.0000000e+00   2.0000000e+00   0.0000000e+00   1.0000000e+00   2.4333332e+00   2.0999999e+00   0.0000000e+00
  -4.6200000e+02   2.5999999e+00   3.0999999e+00   2.5999999e+00   3.0999999e+00   5.6999998e+00   2.5999999e+00   0.0000000e+00   1.5000000e+00   2.0000000e+00   0.0000000e+00   1.5000000e+00   2.5999999e+00   2.5999999e+00   0.0000000e+00
  -4.6100000e+02   2.5999999e+00   2.0999999e+00   2.0999999e+00   3.5999999e+00   3.5999999e+00   0.0000000e+00   2.0999999e+00   0.0000000e+00   1.6666667e+00   6.6666667e-01   1.5000000e+00   2.2333333e+00   2.0999999e+00   0.0000000e+00
  -4.6000000e+02   3.0999999e+00   5.6999998e+00   1.5000000e+00   2.0999999e+00   2.0999999e+00   3.5999999e+00   0.0000000e+00   0.0000000e+00   1.3333333e+00   1.3333333e+00   1.5000000e+00   1.8666666e+00   2.5999999e+00   0.0000000e+00
  -4.5900000e+02   2.5999999e+00   3.0999999e+00   3.0999999e+00   2.0999999e+00   3.5999999e+00   2.5999999e+00   0.0000000e+00   0.0000000e+00   1.0000000e+00   2.0000000e+00   1.5000000e+00   1.5000000e+00   3.5999999e+00   0.0000000e+00
  -4.5800000e+02   1.5000000e+00   3.5999999e+00   4.0999999e+00   2.5999999e+00   5.6999998e+00   3.5999999e+00   0.0000000e+00   0.0000000e+00   1.0000000e+00   2.0000000e+00   1.5000000e+00   1.5000000e+00   3.0999999e+00   0.0000000e+00
  -4.5700000e+02   2.5999999e+00   3.5999999e+00   3.0999999e+00   3.5999999e+00   5.1999998e+00   4.0999999e+00   0.0000000e+00   0.0000000e+00   1.0000000e+00   2.0000000e+00   1.5000000e+00   1.5000000e+00   2.0999999e+00   4.1909516e-09
  -4.5600000e+02   3.0999999e+00   0.0000000e+00   3.0999999e+00   3.5999999e+00   4.0999999e+00   4.0999999e+00   1.5000000e+00   0.0000000e+00   1.0000000e+00   2.0000000e+00   1.5000000e+00   1.5000000e+00   3.5999999e+00   1.5000000e+00
  -4.5500000e+02   3.5999999e+00   1.5000000e+00   3.5999999e+00   3.5999999e+00   4.0999999e+00   4.5999999e+00   1.5000000e+00   0.0000000e+00   8.8888889e-01   1.6666667e+00   2.0333333e+00   1.5000000e+00   4.0999999e+00   1.5000000e+00
  -4.5400000e+02   2.5999999e+00   2.0999999e+00   3.5999999e+00   2.0999999e+00   3.5999999e+00   3.0999999e+00   3.0999999e+00   2.0000000e+00   7.7777778e-01   1.3333333e+00   2.5666666e+00   1.5000000e+00   3.5999999e+00   1.5000000e+00
  -4.5300000e+02   2.5999999e+00   3.0999999e+00   1.5000000e+00   0.0000000e+00   2.5999999e+00   3.0999999e+00   2.5999999e+00   0.0000000e+00   6.6666667e-01   1.0000000e+00   3.0999999e+00   1.5000000e+00   2.5999999e+00   1.5000000e+00
  -4.5200000e+02   3.0999999e+00   2.5999999e+00   2.0999999e+00   1.5000000e+00   2.0999999e+00   2.0999999e+00   2.5999999e+00   3.0999999e+00   5.5555556e-01   6.6666667e-01   2.5666666e+00   1.5000000e+00   2.5999999e+00   1.5000000e+00
  -4.5100000e+02   3.5999999e+00   1.5000000e+00   2.5999999e+00   2.0999999e+00   2.0999999e+00   3.0999999e+00   3.5999999e+00   2.5999999e+00   4.4444444e-01   3.3333333e-01   2.0333333e+00   1.5000000e+00   0.0000000e+00   1.5000000e+00
  -4.5000000e+02   2.5999999e+00   0.0000000e+00   2.0999999e+00   2.5999999e+00   2.5999999e+00   3.5999999e+00   3.5999999e+00   3.3499999e+00   3.3333333e-01   0.0000000e+00   1.5000000e+00   1.5000000e+00   0.0000000e+00   3.5999999e+00
  -4.4900000e+02   2.5999999e+00   0.0000000e+00   0.0000000e+00   2.0999999e+00   1.5000000e+00   4.5999999e+00   2.0999999e+00   4.0999999e+00   2.2222222e-01   0.0000000e+00   1.0000000e+00   1.8666666e+00   0.0000000e+00   1.5000000e+00
  -4.4800000e+02   3.5999999e+00   1.5000000e+00   1.5000000e+00   1.5000000e+00   2.5999999e+00   4.0999999e+00   2.5999999e+00   4.5999999e+00   1.1111111e-01   0.0000000e+00   5.0000000e-01   2.2333333e+00   1.5000000e+00   1.5000000e+00
  -4.4700000e+02   3.5999999e+00   0.0000000e+00   1.5000000e+00   3.5999999e+00   3.0999999e+00   2.0999999e+00   3.0999999e+00   5.0999999e+00   0.0000000e+00   0.0000000e+00   0.0000000e+00   2.5999999e+00   0.0000000e+00   2.5999999e+00
  -4.4600000e+02   3.5999999e+00   1.5000000e+00   0.0000000e+00   4.5999999e+00   5.1999998e+00   3.0999999e+00   2.0999999e+00   6.5999999e+00   0.0000000e+00   0.0000000e+00   0.0000000e+00   2.7666666e+00   0.0000000e+00   4.0999999e+00
  -4.4500000e+02   3.5999999e+00   2.0999999e+00   4.1909516e-09   5.6999998e+00   4.0999999e+00   4.5999999e+00   3.5999999e+00   5.0999999e+00   0.0000000e+00   0.0000000e+00   0.0000000e+00   2.9333332e+00   0.0000000e+00   4.0999999e+00
  -4.4400000e+02   4.5999999e+00   2.0999999e+00   1.5000000e+00   5.1999998e+00   3.0999999e+00   3.5999999e+00   4.0999999e+00   4.0999999e+00   0.0000000e+00   0.0000000e+00   0.0000000e+00   3.0999999e+00   0.0000000e+00   2.0999999e+00
  -4.4300000e+02   4.0999999e+00   3.0999999e+00   2.0999999e+00   4.5999999e+00   4.5999999e+00   0.0000000e+00   3.0999999e+00   4.0999999e+00   6.6666667e-01   0.0000000e+00   0.0000000e+00   3.4333332e+00   0.0000000e+00   2.0999999e+00
  -4.4200000e+02   4.0999999e+00   3.0999999e+00   2.0999999e+00   4.0999999e+00   0.0000000e+00   2.0999999e+00   3.0999999e+00   3.0999999e+00   1.3333333e+00   0.0000000e+00   0.0000000e+00   3.7666666e+00   0.0000000e+00   2.0999999e+00
  -4.4100000e+02   5.1999998e+00   3.0999999e+00   1.5000000e+00   0.0000000e+00   5.6999998e+00   0.0000000e+00   6.1999998e+00   3.5999999e+00   2.0000000e+00   0.0000000e+00   0.0000000e+00   4.0999999e+00   0.0000000e+00   1.5000000e+00
  -4.4000000e+02   3.5999999e+00   2.0999999e+00   1.5000000e+00   0.0000000e+00   3.5999999e+00   1.5000000e+00   4.0999999e+00   3.5999999e+00   2.0000000e+00   0.0000000e+00   0.0000000e+00   4.4333332e+00   0.0000000e+00   0.0000000e+00
  -4.3900000e+02   2.5999999e+00   3.0999999e+00   7.2643158e-09   2.5999999e+00   4.0999999e+00   2.0999999e+00   1.5000000e+00   3.5999999e+00   2.0000000e+00   0.0000000e+00   0.0000000e+00   4.7666666e+00   0.0000000e+00   1.5000000e+00
  -4.3800000e+02   3.5999999e+00   4.0999999e+00   2.5999999e+00   2.5999999e+00   2.0999999e+00   1.5000000e+00   0.0000000e+00   1.5000000e+00   2.0000000e+00   0.0000000e+00   0.0000000e+00   5.0999999e+00   1.5000000e+00   3.5999999e+00
  -4.3700000e+02   3.5999999e+00   5.1999998e+00   0.0000000e+00   3.5999999e+00   2.5999999e+00   1.5000000e+00   1.5000000e+00   0.0000000e+00   2.6666667e+00   0.0000000e+00   0.0000000e+00   4.9333332e+00   2.0999999e+00   2.5999999e+00
  -4.3600000e+02   3.0999999e+00   5.1999998e+00   1.5000000e+00   4.0999999e+00   2.0999999e+00   3.0999999e+00   0.0000000e+00   2.0000000e+00   3.3333333e+00   0.0000000e+00   0.0000000e+00   4.7666666e+00   2.5999999e+00   3.5999999e+00
  -4.3500000e+02   3.5999999e+00   5.1999998e+00   3.5999999e+00   2.0999999e+00   2.0999999e+00   3.5999999e+00   1.5000000e+00   2.5999999e+00   4.0000000e+00   0.0000000e+00   0.0000000e+00   4.5999999e+00   3.5999999e+00   2.5999999e+00
  -4.3400000e+02   3.0999999e+00   6.1999998e+00   4.0999999e+00   0.0000000e+00   5.8673320e-09   2.5999999e+00   2.0999999e+00   0.0000000e+00   3.3333333e+00   0.0000000e+00   0.0000000e+00   4.2666666e+00   3.5999999e+00   0.0000000e+00
  -4.3300000e+02   3.5999999e+00   6.1999998e+00   4.0999999e+00   2.0999999e+00   1.5000000e+00   3.5999999e+00   1.5000000e+00   2.0000000e+00   2.6666667e+00   0.0000000e+00   0.0000000e+00   3.9333332e+00   3.5999999e+00   4.1909516e-09
  -4.3200000e+02   3.0999999e+00   6.1999998e+00   5.1999998e+00   3.5999999e+00   3.5999999e+00   5.0999999e+00   2.5999999e+00   2.0999999e+00   2.0000000e+00   0.0000000e+00   0.0000000e+00   3.5999999e+00   4.5999999e+00   1.5000000e+00
  -4.3100000e+02   4.0999999e+00   4.5999999e+00   3.0999999e+00   2.0999999e+00   2.0999999e+00   3.5999999e+00   3.0999999e+00   0.0000000e+00   1.6666667e+00   0.0000000e+00   1.0333333e+00   3.2666666e+00   5.6999998e+00   1.5000000e+00
  -4.3000000e+02   3.5999999e+00   4.0999999e+00   3.5999999e+00   0.0000000e+00   0.0000000e+00   4.5999999e+00   2.5999999e+00   1.5000000e+00   1.3333333e+00   0.0000000e+00   2.0666666e+00   2.9333332e+00   5.6999998e+00   4.1909516e-09
  -4.2900000e+02   2.0999999e+00   3.5999999e+00   3.5999999e+00   0.0000000e+00   0.0000000e+00   3.0999999e+00   3.5999999e+00   0.0000000e+00   1.0000000e+00   0.0000000e+00   3.0999999e+00   2.5999999e+00   5.1999998e+00   1.5000000e+00
  -4.2800000e+02   3.5999999e+00   2.5999999e+00   2.0999999e+00   0.0000000e+00   0.0000000e+00   4.0999999e+00   4.0999999e+00   1.5000000e+00   6.6666667e-01   0.0000000e+00   2.7666666e+00   2.7666666e+00   4.5999999e+00   2.0999999e+00
  -4.2700000e+02   3.0999999e+00   2.5999999e+00   7.1999998e+00   1.5000000e+00   0.0000000e+00   3.0999999e+00   5.6999998e+00   1.5000000e+00   3.3333333e-01   0.0000000e+00   2.4333332e+00   2.9333332e+00   2.5999999e+00   4.0999999e+00
  -4.2600000e+02   4.5999999e+00   2.5999999e+00   1.5000000e+00   0.0000000e+00   1.5000000e+00   2.0999999e+00   5.6999998e+00   3.5999999e+00   0.0000000e+00   0.0000000e+00   2.0999999e+00   3.0999999e+00   2.5999999e+00   3.5999999e+00
  -4.2500000e+02   7.6999998e+00   3.5999999e+00   1.5000000e+00   0.0000000e+00   2.0999999e+00   0.0000000e+00   5.6999998e+00   4.5999999e+00   0.0000000e+00   0.0000000e+00   2.0999999e+00   2.9333332e+00   2.0999999e+00   2.5999999e+00
  -4.2400000e+02   2.0999999e+00   2.5999999e+00   0.0000000e+00   3.0999999e+00   3.5999999e+00   2.0999999e+00   5.6999998e+00   5.5999999e+00   0.0000000e+00   0.0000000e+00   2.0999999e+00   2.7666666e+00   3.0999999e+00   1.5000000e+00
  -4.2300000e+02   3.5999999e+00   3.0999999e+00   0.0000000e+00   5.1999998e+00   3.0999999e+00   2.5999999e+00   7.1999998e+00   4.5999999e+00   0.0000000e+00   0.0000000e+00   2.0999999e+00   2.5999999e+00   3.0999999e+00   1.5000000e+00
  -4.2200000e+02   4.0999999e+00   3.0999999e+00   1.5000000e+00   4.5999999e+00   4.0999999e+00   0.0000000e+00   6.1999998e+00   5.0999999e+00   0.0000000e+00   0.0000000e+00   1.8999999e+00   3.0999999e+00   3.0999999e+00   2.5999999e+00
  -4.2100000e+02   2.5999999e+00   3.5999999e+00   2.0999999e+00   3.5999999e+00   3.0999999e+00   0.0000000e+00   6.6999998e+00   3.5999999e+00   0.0000000e+00   0.0000000e+00   1.7000000e+00   3.5999999e+00   3.0999999e+00   2.0999999e+00
  -4.2000000e+02   2.5999999e+00   3.5999999e+00   0.0000000e+00   3.0999999e+00   5.6999998e+00   0.0000000e+00   6.1999998e+00   3.5999999e+00   0.0000000e+00   0.0000000e+00   1.5000000e+00   4.0999999e+00   2.0999999e+00   5.1999998e+00
  -4.1900000e+02   3.0999999e+00   4.5999999e+00   2.0999999e+00   3.0999999e+00   4.5999999e+00   0.0000000e+00   7.1999998e+00   5.0999999e+00   0.0000000e+00   0.0000000e+00   1.5000000e+00   5.1333332e+00   2.5999999e+00   3.0999999e+00
  -4.1800000e+02   3.5999999e+00   5.1999998e+00   0.0000000e+00   2.5999999e+00   3.0999999e+00   0.0000000e+00   6.6999998e+00   3.5999999e+00   0.0000000e+00   0.0000000e+00   1.5000000e+00   6.1666665e+00   2.5999999e+00   3.0999999e+00
  -4.1700000e+02   3.5999999e+00   5.1999998e+00   0.0000000e+00   4.5999999e+00   4.5999999e+00   0.0000000e+00   4.5999999e+00   3.0999999e+00   0.0000000e+00   0.0000000e+00   1.5000000e+00   7.1999998e+00   1.5000000e+00   2.5999999e+00
  -4.1600000e+02   1.5000000e+00   6.1999998e+00   0.0000000e+00   3.0999999e+00   4.5999999e+00   0.0000000e+00   3.0999999e+00   3.0999999e+00   0.0000000e+00   0.0000000e+00   1.5000000e+00   6.6999998e+00   1.5000000e+00   1.5000000e+00
  -4.1500000e+02   1.5000000e+00   5.6999998e+00   2.0999999e+00   3.5999999e+00   4.0999999e+00   4.1909516e-09   3.5999999e+00   2.5999999e+00   0.0000000e+00   0.0000000e+00   1.5000000e+00   6.1999998e+00   2.0999999e+00   5.8673319e-09
  -4.1400000e+02   2.5999999e+00   6.1999998e+00   0.0000000e+00   3.0999999e+00   4.0999999e+00   1.5000000e+00   4.0999999e+00   2.0999999e+00   0.0000000e+00   0.0000000e+00   1.5000000e+00   5.6999998e+00   0.0000000e+00   2.0999999e+00
  -4.1300000e+02   3.0999999e+00   6.1999998e+00   2.0999999e+00   2.5999999e+00   3.5999999e+00   0.0000000e+00   2.0999999e+00   2.0000000e+00   0.0000000e+00   0.0000000e+00   1.3333333e+00   5.4999998e+00   3.0999999e+00   1.5000000e+00
  -4.1200000e+02   3.0999999e+00   5.1999998e+00   3.0999999e+00   1.5000000e+00   4.0999999e+00   1.5000000e+00   1.5000000e+00   2.0000000e+00   0.0000000e+00   0.0000000e+00   1.1666667e+00   5.2999999e+00   3.5999999e+00   2.0999999e+00
  -4.1100000e+02   2.5999999e+00   6.6999998e+00   3.0999999e+00   2.5999999e+00   1.5000000e+00   0.0000000e+00   2.0999999e+00   2.0999999e+00   0.0000000e+00   0.0000000e+00   1.0000000e+00   5.0999999e+00   3.0999999e+00   2.0999999e+00
  -4.1000000e+02   4.0999999e+00   5.6999998e+00   3.0999999e+00   2.5999999e+00   4.1909516e-09   3.0999999e+00   3.0999999e+00   1.5000000e+00   0.0000000e+00   3.3333333e-01   6.6666667e-01   5.0999999e+00   2.5999999e+00   1.5000000e+00
  -4.0900000e+02   4.0999999e+00   5.1999998e+00   5.6999998e+00   0.0000000e+00   0.0000000e+00   1.5000000e+00   3.0999999e+00   1.5000000e+00   0.0000000e+00   6.6666667e-01   3.3333333e-01   5.0999999e+00   2.5999999e+00   1.5000000e+00
  -4.0800000e+02   4.5999999e+00   5.6999998e+00   7.1999998e+00   1.5000000e+00   2.5999999e+00   3.0999999e+00   3.5999999e+00   3.0999999e+00   0.0000000e+00   1.0000000e+00   0.0000000e+00   5.0999999e+00   3.0999999e+00   1.5000000e+00
  -4.0700000e+02   3.5999999e+00   3.0999999e+00   5.6999998e+00   2.0999999e+00   3.0999999e+00   4.5999999e+00   3.0999999e+00   2.5999999e+00   0.0000000e+00   6.6666667e-01   0.0000000e+00   4.4333332e+00   4.0999999e+00   1.5000000e+00
  -4.0600000e+02   3.0999999e+00   3.0999999e+00   2.0999999e+00   2.0999999e+00   1.5000000e+00   7.6999998e+00   4.0999999e+00   2.5999999e+00   0.0000000e+00   3.3333333e-01   0.0000000e+00   3.7666666e+00   4.5999999e+00   0.0000000e+00
  -4.0500000e+02   3.0999999e+00   2.0999999e+00   7.1999998e+00   0.0000000e+00   0.0000000e+00   2.0999999e+00   3.5999999e+00   2.5999999e+00   0.0000000e+00   0.0000000e+00   0.0000000e+00   3.0999999e+00   3.5999999e+00   0.0000000e+00
  -4.0400000e+02   6.1999998e+00   4.0999999e+00   2.0999999e+00   2.0999999e+00   0.0000000e+00   1.5000000e+00   4.5999999e+00   2.5999999e+00   0.0000000e+00   0.0000000e+00   0.0000000e+00   2.9333332e+00   2.5999999e+00   0.0000000e+00
  -4.0300000e+02   7.1999998e+00   4.0999999e+00   2.0999999e+00   0.0000000e+00   0.0000000e+00   1.5000000e+00   4.5999999e+00   0.0000000e+00   0.0000000e+00   0.0000000e+00   0.0000000e+00   2.7666666e+00   3.5999999e+00   5.8673319e-09
  -4.0200000e+02   5.6999998e+00   2.5999999e+00   0.0000000e+00   1.5000000e+00   2.5999999e+00   1.5000000e+00   5.0999999e+00   1.0000000e+00   0.0000000e+00   0.0000000e+00   0.0000000e+00   2.5999999e+00   5.1999998e+00   2.0999999e+00
  -4.0100000e+02   8.1999998e+00   2.0999999e+00   0.0000000e+00   0.0000000e+00   4.0999999e+00   2.5999999e+00   5.6999998e+00   2.0000000e+00   0.0000000e+00   0.0000000e+00   0.0000000e+00   1.8999999e+00   2.5999999e+00   0.0000000e+00
  -4.0000000e+02   7.6999998e+00   2.5999999e+00   7.2643158e-09   3.0999999e+00   3.0999999e+00   0.0000000e+00   5.0999999e+00   2.5999999e+00   0.0000000e+00   0.0000000e+00   0.0000000e+00   1.2000000e+00   3.0999999e+00   3.0999999e+00
  -3.9900000e+02   6.6999998e+00   3.0999999e+00   2.5999999e+00   3.5999999e+00   4.5999999e+00   0.0000000e+00   4.0999999e+00   4.5999999e+00   0.0000000e+00   0.0000000e+00   0.0000000e+00   5.0000000e-01   2.5999999e+00   2.5999999e+00
  -3.9800000e+02   6.6999998e+00   2.5999999e+00   0.0000000e+00   2.5999999e+00   5.6999998e+00   0.0000000e+00   4.5999999e+00   5.0999999e+00   6.6666667e-01   0.0000000e+00   5.0000000e-01   1.0333333e+00   3.0999999e+00   4.5999999e+00
  -3.9700000e+02   6.6999998e+00   3.0999999e+00   0.0000000e+00   4.5999999e+00   4.0999999e+00   1.5000000e+00   2.5999999e+00   4.5999999e+00   1.3333333e+00   0.0000000e+00   1.0000000e+00   1.5666666e+00   2.0999999e+00   6.6999998e+00
  -3.9600000e+02   5.1999998e+00   2.0999999e+00   0.0000000e+00   3.0999999e+00   4.5999999e+00   2.0999999e+00   5.6999998e+00   4.0999999e+00   2.0000000e+00   0.0000000e+00   1.5000000e+00   2.0999999e+00   2.5999999e+00   4.0999999e+00
  -3.9500000e+02   4.5999999e+00   2.5999999e+00   1.5000000e+00   2.5999999e+00   4.5999999e+00   1.5000000e+00   4.5999999e+00   3.0999999e+00   2.6666667e+00   0.0000000e+00   1.8666666e+00   2.7666666e+00   3.5999999e+00   4.0999999e+00
  -3.9400000e+02   4.5999999e+00   2.5999999e+00   1.5000000e+00   3.0999999e+00   4.0999999e+00   1.5000000e+00   4.0999999e+00   3.5999999e+00   3.3333333e+00   0.0000000e+00   2.2333333e+00   3.4333332e+00   3.5999999e+00   2.5999999e+00
  -3.9300000e+02   3.5999999e+00   4.0999999e+00   0.0000000e+00   3.5999999e+00   5.1999998e+00   0.0000000e+00   3.0999999e+00   3.5999999e+00   4.0000000e+00   0.0000000e+00   2.5999999e+00   4.0999999e+00   4.0999999e+00   0.0000000e+00
  -3.9200000e+02   3.5999999e+00   3.5999999e+00   0.0000000e+00   3.5999999e+00   4.5999999e+00   0.0000000e+00   2.0999999e+00   1.5000000e+00   3.6666667e+00   0.0000000e+00   1.7333333e+00   5.1333332e+00   3.0999999e+00   3.5999999e+00
  -3.9100000e+02   3.5999999e+00   3.5999999e+00   1.5000000e+00   3.0999999e+00   5.1999998e+00   0.0000000e+00   0.0000000e+00   0.0000000e+00   3.3333333e+00   0.0000000e+00   8.6666663e-01   6.1666665e+00   2.0999999e+00   2.0999999e+00
  -3.9000000e+02   3.5999999e+00   7.6999998e+00   2.5999999e+00   4.0999999e+00   5.1999998e+00   0.0000000e+00   2.0999999e+00   0.0000000e+00   3.0000000e+00   0.0000000e+00   0.0000000e+00   7.1999998e+00   3.0999999e+00   1.5000000e+00
  -3.8900000e+02   4.0999999e+00   6.1999998e+00   3.0999999e+00   3.5999999e+00   5.1999998e+00   0.0000000e+00   0.0000000e+00   2.0000000e+00   3.3333333e+00   0.0000000e+00   8.6666663e-01   7.0333331e+00   4.0999999e+00   2.5999999e+00
  -3.8800000e+02   2.5999999e+00   5.1999998e+00   5.1999998e+00   2.5999999e+00   5.1999998e+00   4.1909516e-09   0.0000000e+00   0.0000000e+00   3.6666667e+00   0.0000000e+00   1.7333333e+00   6.8666665e+00   4.5999999e+00   1.5000000e+00
  -3.8700000e+02   2.0999999e+00   4.5999999e+00   3.0999999e+00   4.0999999e+00   5.6999998e+00   1.5000000e+00   1.5000000e+00   0.0000000e+00   4.0000000e+00   0.0000000e+00   2.5999999e+00   6.6999998e+00   4.0999999e+00   0.0000000e+00
  -3.8600000e+02   2.5999999e+00   2.5999999e+00   3.5999999e+00   2.5999999e+00   5.1999998e+00   1.5000000e+00   2.0999999e+00   1.5000000e+00   2.6666667e+00   6.6666667e-01   1.7333333e+00   7.1999998e+00   3.5999999e+00   3.0999999e+00
  -3.8500000e+02   3.0999999e+00   3.5999999e+00   4.5999999e+00   2.5999999e+00   4.5999999e+00   7.2643158e-09   2.0999999e+00   1.5000000e+00   1.3333333e+00   1.3333333e+00   8.6666663e-01   7.6999998e+00   3.5999999e+00   2.0999999e+00
  -3.8400000e+02   4.5999999e+00   2.0999999e+00   5.6999998e+00   0.0000000e+00   4.0999999e+00   2.5999999e+00   3.0999999e+00   1.5000000e+00   0.0000000e+00   2.0000000e+00   0.0000000e+00   8.1999998e+00   3.0999999e+00   1.5000000e+00
  -3.8300000e+02   4.0999999e+00   3.0999999e+00   3.5999999e+00   0.0000000e+00   3.5999999e+00   1.5000000e+00   3.0999999e+00   2.0000000e+00   0.0000000e+00   1.6666667e+00   5.0000000e-01   8.1999998e+00   3.0999999e+00   2.0999999e+00
  -3.8200000e+02   3.5999999e+00   7.2643158e-09   2.5999999e+00   2.0999999e+00   3.5999999e+00   2.5999999e+00   3.0999999e+00   2.5999999e+00   0.0000000e+00   1.3333333e+00   1.0000000e+00   8.1999998e+00   3.5999999e+00   2.0999999e+00
  -3.8100000e+02   3.0999999e+00   2.5999999e+00   1.5000000e+00   0.0000000e+00   3.5999999e+00   3.0999999e+00   2.5999999e+00   2.5999999e+00   0.0000000e+00   1.0000000e+00   1.5000000e+00   8.1999998e+00   2.5999999e+00   2.5999999e+00
  -3.8000000e+02   5.1999998e+00   2.0999999e+00   0.0000000e+00   0.0000000e+00   4.0999999e+00   3.0999999e+00   4.0999999e+00   2.5999999e+00   0.0000000e+00   6.6666667e-01   1.0000000e+00   6.4999998e+00   1.5000000e+00   2.5999999e+00
  -3.7900000e+02   5.1999998e+00   3.0999999e+00   1.5000000e+00   1.5000000e+00   5.6999998e+00   4.5999999e+00   4.0999999e+00   3.5999999e+00   0.0000000e+00   3.3333333e-01   5.0000000e-01   4.7999999e+00   1.5000000e+00   3.5999999e+00
  -3.7800000e+02   5.1999998e+00   2.5999999e+00   3.0999999e+00   2.0999999e+00   5.1999998e+00   3.5999999e+00   3.5999999e+00   2.5999999e+00   0.0000000e+00   0.0000000e+00   0.0000000e+00   3.0999999e+00   2.5999999e+00   2.5999999e+00
  -3.7700000e+02   3.5999999e+00   2.0999999e+00   0.0000000e+00   2.0999999e+00   5.1999998e+00   3.0999999e+00   3.5999999e+00   3.0999999e+00   0.0000000e+00   0.0000000e+00   6.9999997e-01   2.9333332e+00   2.0999999e+00   2.0999999e+00
  -3.7600000e+02   6.1999998e+00   1.5000000e+00   2.0999999e+00   3.5999999e+00   4.5999999e+00   2.5999999e+00   4.5999999e+00   3.0999999e+00   0.0000000e+00   0.0000000e+00   1.3999999e+00   2.7666666e+00   2.5999999e+00   2.5999999e+00
  -3.7500000e+02   3.5999999e+00   1.5000000e+00   0.0000000e+00   2.5999999e+00   6.1999998e+00   2.0999999e+00   2.0999999e+00   3.0999999e+00   0.0000000e+00   0.0000000e+00   2.0999999e+00   2.5999999e+00   3.5999999e+00   1.5000000e+00
  -3.7400000e+02   4.0999999e+00   0.0000000e+00   2.0999999e+00   2.5999999e+00   6.1999998e+00   2.0999999e+00   3.0999999e+00   5.5999999e+00   0.0000000e+00   0.0000000e+00   1.7333333e+00   3.0999999e+00   3.5999999e+00   2.0999999e+00
  -3.7300000e+02   5.1999998e+00   0.0000000e+00   0.0000000e+00   5.1999998e+00   7.1999998e+00   2.0999999e+00   3.5999999e+00   2.0000000e+00   0.0000000e+00   0.0000000e+00   1.3666666e+00   3.5999999e+00   4.0999999e+00   6.6999998e+00
  -3.7200000e+02   4.0999999e+00   0.0000000e+00   0.0000000e+00   4.5999999e+00   7.1999998e+00   1.5000000e+00   1.5000000e+00   2.5999999e+00   0.0000000e+00   0.0000000e+00   1.0000000e+00   4.0999999e+00   3.5999999e+00   2.0999999e+00
  -3.7100000e+02   5.1999998e+00   0.0000000e+00   0.0000000e+00   4.0999999e+00   6.6999998e+00   2.5999999e+00   2.5999999e+00   1.5000000e+00   6.6666667e-01   0.0000000e+00   1.0000000e+00   3.4333332e+00   2.5999999e+00   5.1999998e+00
  -3.7000000e+02   6.1999998e+00   2.5999999e+00   2.0999999e+00   4.0999999e+00   8.1999998e+00   2.0999999e+00   2.5999999e+00   0.0000000e+00   1.3333333e+00   0.0000000e+00   1.0000000e+00   2.7666666e+00   2.0999999e+00   3.0999999e+00
  -3.6900000e+02   5.1999998e+00   1.5000000e+00   3.5999999e+00   3.5999999e+00   7.6999998e+00   2.5999999e+00   2.5999999e+00   1.5000000e+00   2.0000000e+00   0.0000000e+00   1.0000000e+00   2.0999999e+00   2.5999999e+00   3.0999999e+00
  -3.6800000e+02   4.0999999e+00   2.0999999e+00   2.5999999e+00   3.0999999e+00   7.6999998e+00   2.5999999e+00   1.5000000e+00   2.0000000e+00   2.6666667e+00   3.3333333e-01   1.0000000e+00   3.2999999e+00   2.0999999e+00   0.0000000e+00
  -3.6700000e+02   4.0999999e+00   1.5000000e+00   2.5999999e+00   3.5999999e+00   6.6999998e+00   0.0000000e+00   2.0999999e+00   2.0000000e+00   3.3333333e+00   6.6666667e-01   1.0000000e+00   4.4999998e+00   2.5999999e+00   1.5000000e+00
  -3.6600000e+02   4.5999999e+00   4.0999999e+00   4.0999999e+00   3.5999999e+00   7.1999998e+00   0.0000000e+00   1.5000000e+00   1.5000000e+00   4.0000000e+00   1.0000000e+00   1.0000000e+00   5.6999998e+00   2.5999999e+00   2.5999999e+00
  -3.6500000e+02   3.5999999e+00   4.0999999e+00   4.0999999e+00   4.5999999e+00   6.1999998e+00   0.0000000e+00   0.0000000e+00   2.0000000e+00   4.3333333e+00   6.6666667e-01   1.0000000e+00   6.0333331e+00   3.5999999e+00   0.0000000e+00
  -3.6400000e+02   4.0999999e+00   3.5999999e+00   4.5999999e+00   3.5999999e+00   7.1999998e+00   1.5000000e+00   0.0000000e+00   2.0000000e+00   4.6666667e+00   3.3333333e-01   1.0000000e+00   6.3666665e+00   3.5999999e+00   1.5000000e+00
  -3.6300000e+02   4.0999999e+00   6.1999998e+00   2.5999999e+00   3.0999999e+00   4.5999999e+00   1.5000000e+00   0.0000000e+00   1.5000000e+00   5.0000000e+00   0.0000000e+00   1.0000000e+00   6.6999998e+00   5.6999998e+00   1.5000000e+00
  -3.6200000e+02   4.0999999e+00   4.5999999e+00   3.0999999e+00   2.5999999e+00   6.6999998e+00   3.0999999e+00   0.0000000e+00   2.0000000e+00   4.6666667e+00   0.0000000e+00   1.0000000e+00   6.5333331e+00   4.5999999e+00   2.0999999e+00
  -3.6100000e+02   3.0999999e+00   4.0999999e+00   6.6999998e+00   1.5000000e+00   5.6999998e+00   2.0999999e+00   0.0000000e+00   2.5999999e+00   4.3333333e+00   0.0000000e+00   1.0000000e+00   6.3666665e+00   5.1999998e+00   4.1909516e-09
  -3.6000000e+02   3.0999999e+00   1.5000000e+00   2.0999999e+00   2.0999999e+00   5.1999998e+00   3.0999999e+00   0.0000000e+00   2.0500000e+00   4.0000000e+00   0.0000000e+00   1.0000000e+00   6.1999998e+00   5.6999998e+00   1.5000000e+00
  -3.5900000e+02   2.5999999e+00   3.0999999e+00   1.5000000e+00   2.5999999e+00   5.6999998e+00   3.0999999e+00   1.5000000e+00   1.5000000e+00   3.6666667e+00   3.3333333e-01   1.3666666e+00   5.3333332e+00   4.5999999e+00   0.0000000e+00
  -3.5800000e+02   1.5000000e+00   1.5000000e+00   8.6612997e-09   1.5000000e+00   3.5999999e+00   3.5999999e+00   0.0000000e+00   2.5999999e+00   3.3333333e+00   6.6666667e-01   1.7333333e+00   4.4666665e+00   4.5999999e+00   5.8673319e-09
  -3.5700000e+02   3.0999999e+00   1.5000000e+00   3.0999999e+00   1.5000000e+00   4.5999999e+00   2.5999999e+00   0.0000000e+00   3.5999999e+00   3.0000000e+00   1.0000000e+00   2.0999999e+00   3.5999999e+00   4.5999999e+00   2.0999999e+00
  -3.5600000e+02   2.0999999e+00   0.0000000e+00   1.5000000e+00   2.5999999e+00   4.0999999e+00   0.0000000e+00   1.5000000e+00   2.5999999e+00   2.6666667e+00   6.6666667e-01   2.0999999e+00   2.8999999e+00   2.5999999e+00   1.5000000e+00
  -3.5500000e+02   3.5999999e+00   2.5999999e+00   2.5999999e+00   1.5000000e+00   3.0999999e+00   4.0999999e+00   2.5999999e+00   1.5000000e+00   2.3333333e+00   3.3333333e-01   2.0999999e+00   2.2000000e+00   2.0999999e+00   3.5999999e+00
  -3.5400000e+02   1.5000000e+00   2.5999999e+00   1.5000000e+00   0.0000000e+00   2.5999999e+00   3.0999999e+00   2.5999999e+00   5.0999999e+00   2.0000000e+00   0.0000000e+00   2.0999999e+00   1.5000000e+00   0.0000000e+00   2.0999999e+00
  -3.5300000e+02   3.5999999e+00   2.5999999e+00   1.5000000e+00   0.0000000e+00   4.0999999e+00   2.5999999e+00   3.5999999e+00   4.0999999e+00   1.6666667e+00   0.0000000e+00   2.0999999e+00   2.0333333e+00   0.0000000e+00   3.0999999e+00
  -3.5200000e+02   3.0999999e+00   5.8673319e-09   2.0999999e+00   1.5000000e+00   3.5999999e+00   2.0999999e+00   4.0999999e+00   3.5999999e+00   1.3333333e+00   0.0000000e+00   2.0999999e+00   2.5666666e+00   0.0000000e+00   3.5999999e+00
  -3.5100000e+02   3.5999999e+00   2.0999999e+00   2.0999999e+00   1.5000000e+00   4.5999999e+00   2.0999999e+00   4.0999999e+00   5.6999998e+00   1.0000000e+00   0.0000000e+00   2.0999999e+00   3.0999999e+00   0.0000000e+00   3.0999999e+00
  -3.5000000e+02   4.0999999e+00   2.5999999e+00   1.5000000e+00   3.5999999e+00   6.1999998e+00   2.0999999e+00   4.0999999e+00   4.5999999e+00   6.6666667e-01   0.0000000e+00   1.3999999e+00   2.9333332e+00   0.0000000e+00   3.5999999e+00
  -3.4900000e+02   4.0999999e+00   4.1909516e-09   1.5000000e+00   4.0999999e+00   7.6999998e+00   2.0999999e+00   4.0999999e+00   6.0999999e+00   3.3333333e-01   0.0000000e+00   6.9999997e-01   2.7666666e+00   3.0999999e+00   3.0999999e+00
  -3.4800000e+02   5.1999998e+00   1.5000000e+00   2.5999999e+00   3.0999999e+00   8.8000002e+00   0.0000000e+00   3.5999999e+00   2.5999999e+00   0.0000000e+00   0.0000000e+00   0.0000000e+00   2.5999999e+00   2.5999999e+00   3.5999999e+00
  -3.4700000e+02   4.5999999e+00   0.0000000e+00   2.0999999e+00   4.5999999e+00   6.1999998e+00   0.0000000e+00   3.5999999e+00   1.5000000e+00   1.3333333e+00   0.0000000e+00   0.0000000e+00   2.5999999e+00   7.2643158e-09   3.0999999e+00
  -3.4600000e+02   4.5999999e+00   8.6612997e-09   2.0999999e+00   5.1999998e+00   6.1999998e+00   0.0000000e+00   4.5999999e+00   0.0000000e+00   2.6666667e+00   0.0000000e+00   0.0000000e+00   2.5999999e+00   0.0000000e+00   4.5999999e+00
  -3.4500000e+02   4.5999999e+00   3.0999999e+00   1.5000000e+00   6.1999998e+00   8.1999998e+00   0.0000000e+00   2.5999999e+00   0.0000000e+00   4.0000000e+00   0.0000000e+00   0.0000000e+00   2.5999999e+00   1.5000000e+00   3.5999999e+00
  -3.4400000e+02   4.0999999e+00   3.0999999e+00   2.5999999e+00   5.6999998e+00   8.1999998e+00   0.0000000e+00   1.5000000e+00   0.0000000e+00   4.3333333e+00   0.0000000e+00   0.0000000e+00   2.9333332e+00   2.0999999e+00   2.5999999e+00
  -3.4300000e+02   3.5999999e+00   3.0999999e+00   3.5999999e+00   4.5999999e+00   5.6999998e+00   0.0000000e+00   0.0000000e+00   1.5000000e+00   4.6666667e+00   0.0000000e+00   0.0000000e+00   3.2666666e+00   2.5999999e+00   0.0000000e+00
  -3.4200000e+02   2.5999999e+00   0.0000000e+00   3.5999999e+00   2.0999999e+00   5.1999998e+00   0.0000000e+00   1.5000000e+00   0.0000000e+00   5.0000000e+00   0.0000000e+00   0.0000000e+00   3.5999999e+00   4.0999999e+00   0.0000000e+00
  -3.4100000e+02   2.5999999e+00   3.0999999e+00   5.6999998e+00   3.5999999e+00   6.6999998e+00   0.0000000e+00   0.0000000e+00   2.0000000e+00   4.6666667e+00   0.0000000e+00   0.0000000e+00   3.4333332e+00   4.0999999e+00   1.5000000e+00
  -3.4000000e+02   2.0999999e+00   4.0999999e+00   5.6999998e+00   2.5999999e+00   6.6999998e+00   2.0999999e+00   0.0000000e+00   0.0000000e+00   4.3333333e+00   0.0000000e+00   0.0000000e+00   3.2666666e+00   4.5999999e+00   2.5999999e+00
  -3.3900000e+02   2.5999999e+00   1.5000000e+00   6.1999998e+00   3.0999999e+00   6.1999998e+00   1.5000000e+00   0.0000000e+00   2.0999999e+00   4.0000000e+00   0.0000000e+00   0.0000000e+00   3.0999999e+00   5.6999998e+00   0.0000000e+00
  -3.3800000e+02   2.5999999e+00   3.0999999e+00   4.5999999e+00   5.6999998e+00   6.1999998e+00   0.0000000e+00   2.0999999e+00   0.0000000e+00   3.6666667e+00   0.0000000e+00   3.3333333e-01   2.5666666e+00   5.6999998e+00   1.5000000e+00
  -3.3700000e+02   3.5999999e+00   2.0999999e+00   5.1999998e+00   2.5999999e+00   5.6999998e+00   2.5999999e+00   0.0000000e+00   2.5999999e+00   3.3333333e+00   0.0000000e+00   6.6666667e-01   2.0333333e+00   7.1999998e+00   0.0000000e+00
  -3.3600000e+02   1.5000000e+00   0.0000000e+00   5.6999998e+00   3.0999999e+00   5.1999998e+00   2.0999999e+00   0.0000000e+00   2.5999999e+00   3.0000000e+00   0.0000000e+00   1.0000000e+00   1.5000000e+00   6.1999998e+00   0.0000000e+00
  -3.3500000e+02   1.5000000e+00   2.0999999e+00   3.0999999e+00   2.5999999e+00   5.1999998e+00   2.5999999e+00   0.0000000e+00   1.5000000e+00   2.6666667e+00   3.3333333e-01   1.1666667e+00   1.5000000e+00   5.1999998e+00   0.0000000e+00
  -3.3400000e+02   2.5999999e+00   3.0999999e+00   2.5999999e+00   0.0000000e+00   5.1999998e+00   3.0999999e+00   1.5000000e+00   3.5999999e+00   2.3333333e+00   6.6666667e-01   1.3333333e+00   1.5000000e+00   4.5999999e+00   2.5999999e+00
  -3.3300000e+02   3.0999999e+00   0.0000000e+00   3.5999999e+00   1.5000000e+00   4.0999999e+00   2.5999999e+00   2.0999999e+00   4.0999999e+00   2.0000000e+00   1.0000000e+00   1.5000000e+00   1.5000000e+00   4.5999999e+00   1.5000000e+00
  -3.3200000e+02   2.5999999e+00   2.0999999e+00   2.0999999e+00   0.0000000e+00   4.5999999e+00   3.5999999e+00   2.5999999e+00   5.0999999e+00   1.6666667e+00   6.6666667e-01   1.5000000e+00   1.5000000e+00   4.5999999e+00   1.5000000e+00
  -3.3100000e+02   4.0999999e+00   1.5000000e+00   2.5999999e+00   0.0000000e+00   4.0999999e+00   3.5999999e+00   3.0999999e+00   4.5999999e+00   1.3333333e+00   3.3333333e-01   1.5000000e+00   1.5000000e+00   3.5999999e+00   2.0999999e+00
  -3.3000000e+02   4.0999999e+00   0.0000000e+00   0.0000000e+00   0.0000000e+00   4.5999999e+00   3.0999999e+00   3.0999999e+00   4.5999999e+00   1.0000000e+00   0.0000000e+00   1.5000000e+00   1.5000000e+00   3.5999999e+00   2.5999999e+00
  -3.2900000e+02   4.0999999e+00   0.0000000e+00   2.5999999e+00   0.0000000e+00   3.0999999e+00   3.5999999e+00   3.5999999e+00   5.5999999e+00   6.6666667e-01   0.0000000e+00   1.5000000e+00   2.0333333e+00   4.0999999e+00   3.5999999e+00
  -3.2800000e+02   5.1999998e+00   4.1909516e-09   2.0999999e+00   1.5000000e+00   4.5999999e+00   4.0999999e+00   3.5999999e+00   4.5999999e+00   3.3333333e-01   0.0000000e+00   1.5000000e+00   2.5666666e+00   2.5999999e+00   3.0999999e+00
  -3.2700000e+02   6.1999998e+00   1.5000000e+00   0.0000000e+00   3.0999999e+00   6.6999998e+00   3.0999999e+00   3.0999999e+00   3.5999999e+00   0.0000000e+00   0.0000000e+00   1.5000000e+00   3.0999999e+00   3.0999999e+00   3.0999999e+00
  -3.2600000e+02   5.1999998e+00   1.5000000e+00   1.5000000e+00   2.0999999e+00   7.6999998e+00   3.5999999e+00   4.5999999e+00   2.0000000e+00   3.3333333e-01   0.0000000e+00   1.0000000e+00   2.9333332e+00   3.5999999e+00   3.5999999e+00
  -3.2500000e+02   5.6999998e+00   1.5000000e+00   4.1909516e-09   4.0999999e+00   8.8000002e+00   3.5999999e+00   4.0999999e+00   2.0000000e+00   6.6666667e-01   0.0000000e+00   5.0000000e-01   2.7666666e+00   3.0999999e+00   2.5999999e+00
  -3.2400000e+02   4.0999999e+00   1.5000000e+00   1.5000000e+00   4.5999999e+00   9.3000002e+00   1.5000000e+00   3.5999999e+00   2.0999999e+00   1.0000000e+00   0.0000000e+00   0.0000000e+00   2.5999999e+00   2.0999999e+00   3.5999999e+00
  -3.2300000e+02   4.0999999e+00   1.5000000e+00   0.0000000e+00   3.5999999e+00   7.6999998e+00   2.0999999e+00   4.5999999e+00   1.5000000e+00   2.0000000e+00   0.0000000e+00   0.0000000e+00   3.0999999e+00   5.8673320e-09   3.0999999e+00
  -3.2200000e+02   4.0999999e+00   4.1909516e-09   2.0999999e+00   2.5999999e+00   7.1999998e+00   2.5999999e+00   4.0999999e+00   0.0000000e+00   3.0000000e+00   0.0000000e+00   0.0000000e+00   3.5999999e+00   0.0000000e+00   2.5999999e+00
  -3.2100000e+02   4.0999999e+00   1.5000000e+00   2.0999999e+00   3.0999999e+00   7.6999998e+00   2.5999999e+00   3.0999999e+00   1.0000000e+00   4.0000000e+00   0.0000000e+00   0.0000000e+00   4.0999999e+00   0.0000000e+00   3.0999999e+00
  -3.2000000e+02   4.0999999e+00   2.0999999e+00   2.0999999e+00   1.5000000e+00   6.6999998e+00   3.0999999e+00   0.0000000e+00   2.0000000e+00   4.0000000e+00   3.3333333e-01   6.9999997e-01   4.4333332e+00   0.0000000e+00   0.0000000e+00
  -3.1900000e+02   2.5999999e+00   2.0999999e+00   2.5999999e+00   0.0000000e+00   9.3000002e+00   2.0999999e+00   0.0000000e+00   2.0000000e+00   4.0000000e+00   6.6666667e-01   1.3999999e+00   4.7666666e+00   0.0000000e+00   2.0999999e+00
  -3.1800000e+02   1.5000000e+00   2.0999999e+00   3.0999999e+00   1.5000000e+00   7.1999998e+00   0.0000000e+00   1.5000000e+00   2.0999999e+00   4.0000000e+00   1.0000000e+00   2.0999999e+00   5.0999999e+00   0.0000000e+00   1.5000000e+00
  -3.1700000e+02   2.0999999e+00   2.5999999e+00   2.5999999e+00   1.5000000e+00   5.6999998e+00   0.0000000e+00   2.0999999e+00   1.5000000e+00   3.6666667e+00   6.6666667e-01   2.0999999e+00   4.5999999e+00   2.5999999e+00   3.0999999e+00
  -3.1600000e+02   2.5999999e+00   6.1999998e+00   5.1999998e+00   1.5000000e+00   6.1999998e+00   5.8673319e-09   2.0999999e+00   1.5000000e+00   3.3333333e+00   3.3333333e-01   2.0999999e+00   4.0999999e+00   3.5999999e+00   0.0000000e+00
  -3.1500000e+02   2.0999999e+00   3.0999999e+00   4.0999999e+00   1.5000000e+00   6.1999998e+00   2.0999999e+00   0.0000000e+00   1.5000000e+00   3.0000000e+00   0.0000000e+00   2.0999999e+00   3.5999999e+00   3.0999999e+00   0.0000000e+00
  -3.1400000e+02   2.0999999e+00   2.5999999e+00   5.6999998e+00   3.0999999e+00   6.6999998e+00   3.0999999e+00   0.0000000e+00   1.5000000e+00   2.6666667e+00   0.0000000e+00   1.3999999e+00   2.8999999e+00   4.0999999e+00   1.5000000e+00
  -3.1300000e+02   2.0999999e+00   3.0999999e+00   4.5999999e+00   1.5000000e+00   6.6999998e+00   2.0999999e+00   1.5000000e+00   0.0000000e+00   2.3333333e+00   0.0000000e+00   6.9999997e-01   2.2000000e+00   4.0999999e+00   5.8673319e-09
  -3.1200000e+02   1.5000000e+00   0.0000000e+00   6.1999998e+00   0.0000000e+00   7.1999998e+00   2.5999999e+00   0.0000000e+00   2.5999999e+00   2.0000000e+00   0.0000000e+00   0.0000000e+00   1.5000000e+00   5.1999998e+00   2.0999999e+00
  -3.1100000e+02   2.0999999e+00   0.0000000e+00   5.6999998e+00   0.0000000e+00   6.1999998e+00   2.5999999e+00   2.5999999e+00   3.5999999e+00   1.6666667e+00   3.3333333e-01   3.3333333e-01   1.8666666e+00   4.5999999e+00   1.5000000e+00
  -3.1000000e+02   1.5000000e+00   0.0000000e+00   7.6999998e+00   0.0000000e+00   6.1999998e+00   3.5999999e+00   2.5999999e+00   2.5999999e+00   1.3333333e+00   6.6666667e-01   6.6666667e-01   2.2333333e+00   4.5999999e+00   1.5000000e+00
  -3.0900000e+02   2.0999999e+00   0.0000000e+00   2.0999999e+00   0.0000000e+00   6.1999998e+00   4.0999999e+00   2.5999999e+00   3.5999999e+00   1.0000000e+00   1.0000000e+00   1.0000000e+00   2.5999999e+00   4.5999999e+00   3.0999999e+00
  -3.0800000e+02   2.5999999e+00   2.0999999e+00   0.0000000e+00   0.0000000e+00   7.1999998e+00   4.0999999e+00   2.5999999e+00   4.0999999e+00   6.6666667e-01   6.6666667e-01   1.7000000e+00   2.4333332e+00   4.0999999e+00   2.5999999e+00
  -3.0700000e+02   5.1999998e+00   2.0999999e+00   4.0999999e+00   0.0000000e+00   7.1999998e+00   4.5999999e+00   4.0999999e+00   5.0999999e+00   3.3333333e-01   3.3333333e-01   2.3999999e+00   2.2666666e+00   4.0999999e+00   3.0999999e+00
  -3.0600000e+02   6.1999998e+00   2.0999999e+00   1.5000000e+00   0.0000000e+00   8.1999998e+00   4.0999999e+00   4.5999999e+00   5.6999998e+00   0.0000000e+00   0.0000000e+00   3.0999999e+00   2.0999999e+00   2.0999999e+00   4.0999999e+00
  -3.0500000e+02   7.6999998e+00   1.5000000e+00   2.5999999e+00   1.5000000e+00   5.6999998e+00   3.5999999e+00   6.1999998e+00   4.5999999e+00   6.6666667e-01   0.0000000e+00   2.0666666e+00   2.4333332e+00   1.5000000e+00   4.5999999e+00
  -3.0400000e+02   5.1999998e+00   0.0000000e+00   0.0000000e+00   0.0000000e+00   7.6999998e+00   1.5000000e+00   7.1999998e+00   5.0999999e+00   1.3333333e+00   0.0000000e+00   1.0333333e+00   2.7666666e+00   2.0999999e+00   4.0999999e+00
  -3.0300000e+02   7.1999998e+00   0.0000000e+00   0.0000000e+00   3.0999999e+00   6.6999998e+00   2.5999999e+00   7.6999998e+00   4.0999999e+00   2.0000000e+00   0.0000000e+00   0.0000000e+00   3.0999999e+00   2.0999999e+00   3.0999999e+00
  -3.0200000e+02   8.1999998e+00   0.0000000e+00   2.5999999e+00   3.5999999e+00   8.1999998e+00   3.5999999e+00   7.1999998e+00   5.5999999e+00   2.6666667e+00   0.0000000e+00   0.0000000e+00   2.5666666e+00   1.5000000e+00   2.5999999e+00
  -3.0100000e+02   5.1999998e+00   5.8673319e-09   2.5999999e+00   2.0999999e+00   8.8000002e+00   2.5999999e+00   7.1999998e+00   4.5999999e+00   3.3333333e+00   0.0000000e+00   0.0000000e+00   2.0333333e+00   1.5000000e+00   7.1999998e+00
  -3.0000000e+02   5.1999998e+00   2.0999999e+00   2.5999999e+00   1.5000000e+00   9.8000002e+00   3.0999999e+00   5.6999998e+00   4.5999999e+00   4.0000000e+00   0.0000000e+00   0.0000000e+00   1.5000000e+00   0.0000000e+00   2.5999999e+00
  -2.9900000e+02   7.1999998e+00   1.5000000e+00   2.0999999e+00   3.0999999e+00   7.6999998e+00   2.0999999e+00   4.0999999e+00   3.0999999e+00   4.3333333e+00   0.0000000e+00   0.0000000e+00   1.7000000e+00   1.5000000e+00   0.0000000e+00
  -2.9800000e+02   5.1999998e+00   2.5999999e+00   1.5000000e+00   3.0999999e+00   8.1999998e+00   2.0999999e+00   4.0999999e+00   4.0999999e+00   4.6666667e+00   0.0000000e+00   0.0000000e+00   1.8999999e+00   0.0000000e+00   2.5999999e+00
  -2.9700000e+02   5.1999998e+00   2.0999999e+00   2.5999999e+00   2.5999999e+00   6.6999998e+00   2.0999999e+00   4.0999999e+00   4.0999999e+00   5.0000000e+00   0.0000000e+00   0.0000000e+00   2.0999999e+00   3.0999999e+00   2.0999999e+00
  -2.9600000e+02   5.6999998e+00   2.0999999e+00   2.0999999e+00   2.5999999e+00   6.6999998e+00   2.0999999e+00   1.5000000e+00   3.5999999e+00   3.3333333e+00   0.0000000e+00   6.9999997e-01   2.5999999e+00   3.5999999e+00   0.0000000e+00
  -2.9500000e+02   4.5999999e+00   3.0999999e+00   1.5000000e+00   3.5999999e+00   6.1999998e+00   2.0999999e+00   1.5000000e+00   3.5999999e+00   1.6666667e+00   0.0000000e+00   1.3999999e+00   3.0999999e+00   3.5999999e+00   5.8673319e-09
  -2.9400000e+02   4.0999999e+00   4.5999999e+00   4.5999999e+00   3.0999999e+00   7.6999998e+00   2.0999999e+00   1.5000000e+00   3.5999999e+00   0.0000000e+00   0.0000000e+00   2.0999999e+00   3.5999999e+00   2.5999999e+00   2.0999999e+00
  -2.9300000e+02   4.5999999e+00   6.1999998e+00   4.5999999e+00   2.0999999e+00   6.1999998e+00   2.0999999e+00   1.5000000e+00   3.5999999e+00   1.0000000e+00   0.0000000e+00   1.3999999e+00   3.5999999e+00   2.5999999e+00   1.5000000e+00
  -2.9200000e+02   4.0999999e+00   4.5999999e+00   5.1999998e+00   0.0000000e+00   8.1999998e+00   1.5000000e+00   3.0999999e+00   4.0999999e+00   2.0000000e+00   0.0000000e+00   6.9999997e-01   3.5999999e+00   2.5999999e+00   2.5999999e+00
  -2.9100000e+02   4.0999999e+00   3.0999999e+00   3.5999999e+00   1.5000000e+00   6.1999998e+00   2.5999999e+00   2.5999999e+00   3.0999999e+00   3.0000000e+00   0.0000000e+00   0.0000000e+00   3.5999999e+00   3.5999999e+00   2.0999999e+00
  -2.9000000e+02   4.5999999e+00   2.5999999e+00   4.0999999e+00   1.5000000e+00   7.1999998e+00   2.5999999e+00   0.0000000e+00   2.0000000e+00   3.3333333e+00   0.0000000e+00   0.0000000e+00   3.9333332e+00   2.0999999e+00   1.5000000e+00
  -2.8900000e+02   4.0999999e+00   2.0999999e+00   3.0999999e+00   3.0999999e+00   6.1999998e+00   2.5999999e+00   1.5000000e+00   3.5999999e+00   3.6666667e+00   0.0000000e+00   0.0000000e+00   4.2666666e+00   3.0999999e+00   1.5000000e+00
  -2.8800000e+02   4.0999999e+00   2.5999999e+00   4.0999999e+00   1.5000000e+00   7.6999998e+00   2.0999999e+00   2.5999999e+00   2.0999999e+00   4.0000000e+00   0.0000000e+00   0.0000000e+00   4.5999999e+00   2.0999999e+00   2.5999999e+00
  -2.8700000e+02   5.1999998e+00   4.0999999e+00   3.5999999e+00   1.5000000e+00   7.6999998e+00   3.0999999e+00   1.5000000e+00   3.5999999e+00   2.6666667e+00   0.0000000e+00   6.9999997e-01   3.7666666e+00   4.0999999e+00   2.5999999e+00
  -2.8600000e+02   5.1999998e+00   1.5000000e+00   1.2852251e-08   2.5999999e+00   6.6999998e+00   2.0999999e+00   2.5999999e+00   0.0000000e+00   1.3333333e+00   0.0000000e+00   1.3999999e+00   2.9333332e+00   4.0999999e+00   2.0999999e+00
  -2.8500000e+02   4.5999999e+00   2.0999999e+00   4.5999999e+00   0.0000000e+00   7.1999998e+00   5.0999999e+00   2.5999999e+00   2.0999999e+00   0.0000000e+00   0.0000000e+00   2.0999999e+00   2.0999999e+00   5.1999998e+00   2.5999999e+00
  -2.8400000e+02   5.1999998e+00   1.5000000e+00   3.0999999e+00   1.5000000e+00   7.6999998e+00   3.0999999e+00   3.0999999e+00   4.0999999e+00   0.0000000e+00   1.0000000e+00   2.2666666e+00   1.8999999e+00   6.1999998e+00   2.0999999e+00
  -2.8300000e+02   5.1999998e+00   1.5000000e+00   1.5000000e+00   0.0000000e+00   7.6999998e+00   5.0999999e+00   3.0999999e+00   2.0000000e+00   0.0000000e+00   2.0000000e+00   2.4333332e+00   1.7000000e+00   4.5999999e+00   3.0999999e+00
  -2.8200000e+02   5.1999998e+00   0.0000000e+00   2.5999999e+00   1.5000000e+00   7.1999998e+00   3.0999999e+00   5.0999999e+00   1.5000000e+00   0.0000000e+00   3.0000000e+00   2.5999999e+00   1.5000000e+00   5.1999998e+00   3.5999999e+00
  -2.8100000e+02   6.1999998e+00   0.0000000e+00   1.5000000e+00   0.0000000e+00   6.1999998e+00   2.5999999e+00   4.5999999e+00   3.0999999e+00   0.0000000e+00   2.0000000e+00   2.2333333e+00   1.7000000e+00   4.5999999e+00   3.0999999e+00
  -2.8000000e+02   7.1999998e+00   0.0000000e+00   1.5000000e+00   0.0000000e+00   8.1999998e+00   3.0999999e+00   5.6999998e+00   0.0000000e+00   0.0000000e+00   1.0000000e+00   1.8666666e+00   1.8999999e+00   4.5999999e+00   3.0999999e+00
  -2.7900000e+02   6.1999998e+00   0.0000000e+00   1.5000000e+00   0.0000000e+00   7.1999998e+00   2.0999999e+00   4.0999999e+00   5.6999998e+00   0.0000000e+00   0.0000000e+00   1.5000000e+00   2.0999999e+00   4.5999999e+00   4.0999999e+00
  -2.7800000e+02   6.1999998e+00   0.0000000e+00   0.0000000e+00   0.0000000e+00   6.1999998e+00   2.5999999e+00   4.5999999e+00   4.5999999e+00   0.0000000e+00   0.0000000e+00   1.5000000e+00   2.2666666e+00   4.5999999e+00   4.5999999e+00
  -2.7700000e+02   7.1999998e+00   4.1909516e-09   2.5999999e+00   2.0999999e+00   8.1999998e+00   2.5999999e+00   5.0999999e+00   5.0999999e+00   0.0000000e+00   0.0000000e+00   1.5000000e+00   2.4333332e+00   2.5999999e+00   5.1999998e+00
  -2.7600000e+02   7.6999998e+00   1.5000000e+00   2.0999999e+00   1.5000000e+00   1.0300000e+01   2.5999999e+00   4.0999999e+00   4.0999999e+00   0.0000000e+00   0.0000000e+00   1.5000000e+00   2.5999999e+00   4.0999999e+00   6.1999998e+00
  -2.7500000e+02   5.1999998e+00   0.0000000e+00   2.0999999e+00   3.0999999e+00   9.8000002e+00   1.5000000e+00   3.5999999e+00   4.0999999e+00   1.6666667e-01   0.0000000e+00   1.0000000e+00   2.0666666e+00   4.5999999e+00   4.0999999e+00
  -2.7400000e+02   5.6999998e+00   4.1909516e-09   1.5000000e+00   2.5999999e+00   6.1999998e+00   5.8673319e-09   4.5999999e+00   3.5999999e+00   3.3333333e-01   0.0000000e+00   5.0000000e-01   1.5333333e+00   3.5999999e+00   4.5999999e+00
  -2.7300000e+02   4.0999999e+00   1.5000000e+00   1.5000000e+00   2.0999999e+00   8.1999998e+00   2.0999999e+00   2.5999999e+00   3.0999999e+00   5.0000000e-01   0.0000000e+00   0.0000000e+00   1.0000000e+00   4.5999999e+00   4.0999999e+00
  -2.7200000e+02   4.0999999e+00   3.0999999e+00   0.0000000e+00   0.0000000e+00   8.1999998e+00   0.0000000e+00   2.0999999e+00   4.0999999e+00   6.6666667e-01   3.3333333e-01   5.0000000e-01   1.7000000e+00   5.1999998e+00   3.0999999e+00
  -2.7100000e+02   3.0999999e+00   1.5000000e+00   3.0999999e+00   0.0000000e+00   9.3000002e+00   2.0999999e+00   1.5000000e+00   2.0000000e+00   8.3333333e-01   6.6666667e-01   1.0000000e+00   2.3999999e+00   3.5999999e+00   2.5999999e+00
  -2.7000000e+02   3.0999999e+00   2.0999999e+00   5.6999998e+00   0.0000000e+00   9.8000002e+00   0.0000000e+00   1.5000000e+00   0.0000000e+00   1.0000000e+00   1.0000000e+00   1.5000000e+00   3.0999999e+00   4.0999999e+00   3.0999999e+00
  -2.6900000e+02   3.0999999e+00   3.0999999e+00   5.0999999e+00   0.0000000e+00   7.6999998e+00   0.0000000e+00   2.5999999e+00   1.5000000e+00   1.0000000e+00   1.0000000e+00   1.0000000e+00   3.0999999e+00   3.0999999e+00   3.5999999e+00
  -2.6800000e+02   3.0999999e+00   1.5000000e+00   6.1999998e+00   0.0000000e+00   6.1999998e+00   4.1909516e-09   2.5999999e+00   0.0000000e+00   1.0000000e+00   1.0000000e+00   5.0000000e-01   3.0999999e+00   4.0999999e+00   3.0999999e+00
  -2.6700000e+02   2.5999999e+00   4.0999999e+00   5.6999998e+00   1.5000000e+00   7.1999998e+00   1.5000000e+00   1.5000000e+00   0.0000000e+00   1.0000000e+00   1.0000000e+00   0.0000000e+00   3.0999999e+00   4.5999999e+00   3.0999999e+00
  -2.6600000e+02   3.5999999e+00   2.5999999e+00   8.8000002e+00   0.0000000e+00   7.6999998e+00   2.0999999e+00   0.0000000e+00   0.0000000e+00   1.3333333e+00   1.0000000e+00   0.0000000e+00   2.5666666e+00   4.0999999e+00   3.0999999e+00
  -2.6500000e+02   3.0999999e+00   2.0999999e+00   7.6999998e+00   0.0000000e+00   9.8000002e+00   1.5000000e+00   0.0000000e+00   2.5999999e+00   1.6666667e+00   1.0000000e+00   0.0000000e+00   2.0333333e+00   3.5999999e+00   2.0999999e+00
  -2.6400000e+02   3.5999999e+00   3.5999999e+00   4.5999999e+00   0.0000000e+00   9.8000002e+00   3.0999999e+00   2.0999999e+00   0.0000000e+00   2.0000000e+00   1.0000000e+00   0.0000000e+00   1.5000000e+00   3.5999999e+00   2.5999999e+00
  -2.6300000e+02   2.5999999e+00   2.5999999e+00   5.6999998e+00   0.0000000e+00   7.1999998e+00   1.5000000e+00   2.0999999e+00   3.0999999e+00   1.3333333e+00   1.0000000e+00   6.9999997e-01   1.3333333e+00   4.0999999e+00   2.5999999e+00
  -2.6200000e+02   2.5999999e+00   2.0999999e+00   6.1999998e+00   0.0000000e+00   8.1999998e+00   2.5999999e+00   1.5000000e+00   3.5999999e+00   6.6666667e-01   1.0000000e+00   1.3999999e+00   1.1666667e+00   4.0999999e+00   3.0999999e+00
  -2.6100000e+02   4.0999999e+00   1.5000000e+00   5.6999998e+00   0.0000000e+00   6.6999998e+00   2.0999999e+00   1.5000000e+00   2.5999999e+00   0.0000000e+00   1.0000000e+00   2.0999999e+00   1.0000000e+00   3.5999999e+00   2.5999999e+00
  -2.6000000e+02   6.6999998e+00   2.0999999e+00   4.5999999e+00   0.0000000e+00   7.1999998e+00   5.0999999e+00   0.0000000e+00   4.0999999e+00   0.0000000e+00   6.6666667e-01   2.0999999e+00   1.1666667e+00   4.0999999e+00   3.0999999e+00
  -2.5900000e+02   8.8000002e+00   2.5999999e+00   5.6999998e+00   0.0000000e+00   6.1999998e+00   2.5999999e+00   3.0999999e+00   4.5999999e+00   0.0000000e+00   3.3333333e-01   2.0999999e+00   1.3333333e+00   3.0999999e+00   3.5999999e+00
  -2.5800000e+02   9.3000002e+00   2.5999999e+00   3.0999999e+00   0.0000000e+00   7.6999998e+00   2.0999999e+00   2.5999999e+00   5.0999999e+00   0.0000000e+00   0.0000000e+00   2.0999999e+00   1.5000000e+00   2.5999999e+00   4.0999999e+00
  -2.5700000e+02   5.1999998e+00   3.0999999e+00   2.5999999e+00   0.0000000e+00   7.6999998e+00   0.0000000e+00   3.0999999e+00   4.0999999e+00   0.0000000e+00   0.0000000e+00   1.8999999e+00   1.7000000e+00   4.0999999e+00   3.5999999e+00
  -2.5600000e+02   4.5999999e+00   2.0999999e+00   3.0999999e+00   3.0999999e+00   6.6999998e+00   1.5000000e+00   2.5999999e+00   4.0999999e+00   0.0000000e+00   0.0000000e+00   1.7000000e+00   1.8999999e+00   3.5999999e+00   4.5999999e+00
  -2.5500000e+02   7.1999998e+00   2.0999999e+00   3.5999999e+00   4.0999999e+00   5.0999999e+00   0.0000000e+00   3.5999999e+00   3.3499999e+00   0.0000000e+00   0.0000000e+00   1.5000000e+00   2.0999999e+00   4.0999999e+00   3.5999999e+00
  -2.5400000e+02   6.1999998e+00   1.5000000e+00   2.5999999e+00   3.0999999e+00   4.0999999e+00   2.0999999e+00   3.0999999e+00   2.5999999e+00   0.0000000e+00   0.0000000e+00   1.5000000e+00   2.0999999e+00   3.5999999e+00   3.5999999e+00
  -2.5300000e+02   7.1999998e+00   4.1909516e-09   4.0999999e+00   4.5999999e+00   5.6999998e+00   1.5000000e+00   3.5999999e+00   4.0999999e+00   0.0000000e+00   0.0000000e+00   1.5000000e+00   2.0999999e+00   3.5999999e+00   6.1999998e+00
  -2.5200000e+02   6.6999998e+00   1.5000000e+00   4.0999999e+00   5.1999998e+00   6.6999998e+00   0.0000000e+00   5.0999999e+00   3.0999999e+00   0.0000000e+00   0.0000000e+00   1.5000000e+00   2.0999999e+00   4.5999999e+00   5.1999998e+00
  -2.5100000e+02   6.1999998e+00   2.0999999e+00   3.5999999e+00   5.1999998e+00   5.1999998e+00   1.5000000e+00   5.0999999e+00   1.5000000e+00   1.6666667e+00   0.0000000e+00   1.0000000e+00   2.4333332e+00   2.5999999e+00   4.5999999e+00
  -2.5000000e+02   6.1999998e+00   1.5000000e+00   2.0999999e+00   3.0999999e+00   4.5999999e+00   2.5999999e+00   4.0999999e+00   0.0000000e+00   3.3333333e+00   0.0000000e+00   5.0000000e-01   2.7666666e+00   3.0999999e+00   5.6999998e+00
  -2.4900000e+02   5.1999998e+00   0.0000000e+00   5.1999998e+00   0.0000000e+00   7.6999998e+00   1.5000000e+00   3.0999999e+00   1.5000000e+00   5.0000000e+00   0.0000000e+00   0.0000000e+00   3.0999999e+00   4.0999999e+00   4.0999999e+00
  -2.4800000e+02   4.5999999e+00   2.5999999e+00   0.0000000e+00   1.5000000e+00   5.6999998e+00   0.0000000e+00   2.0999999e+00   0.0000000e+00   5.0000000e+00   3.3333333e-01   0.0000000e+00   3.0999999e+00   3.0999999e+00   2.5999999e+00
  -2.4700000e+02   4.0999999e+00   2.5999999e+00   3.0999999e+00   0.0000000e+00   6.1999998e+00   0.0000000e+00   2.0999999e+00   0.0000000e+00   5.0000000e+00   6.6666667e-01   0.0000000e+00   3.0999999e+00   3.5999999e+00   2.5999999e+00
  -2.4600000e+02   5.6999998e+00   2.5999999e+00   3.0999999e+00   0.0000000e+00   7.1999998e+00   0.0000000e+00   2.0999999e+00   3.0999999e+00   5.0000000e+00   1.0000000e+00   0.0000000e+00   3.0999999e+00   4.5999999e+00   3.0999999e+00
  -2.4500000e+02   4.5999999e+00   3.5999999e+00   3.0999999e+00   2.0999999e+00   4.0999999e+00   0.0000000e+00   0.0000000e+00   2.0000000e+00   3.6666667e+00   1.3333333e+00   0.0000000e+00   3.2666666e+00   4.0999999e+00   2.5999999e+00
  -2.4400000e+02   5.1999998e+00   5.8673319e-09   2.0999999e+00   0.0000000e+00   4.0999999e+00   1.5000000e+00   1.5000000e+00   2.5999999e+00   2.3333333e+00   1.6666667e+00   0.0000000e+00   3.4333332e+00   4.5999999e+00   3.0999999e+00
  -2.4300000e+02   3.5999999e+00   2.0999999e+00   5.6999998e+00   2.5999999e+00   3.0999999e+00   0.0000000e+00   2.0999999e+00   2.0999999e+00   1.0000000e+00   2.0000000e+00   0.0000000e+00   3.5999999e+00   2.5999999e+00   4.0999999e+00
  -2.4200000e+02   4.5999999e+00   4.0999999e+00   5.6999998e+00   1.5000000e+00   3.5999999e+00   1.5000000e+00   2.0999999e+00   2.5999999e+00   6.6666667e-01   2.3333333e+00   0.0000000e+00   3.9333332e+00   2.0999999e+00   3.5999999e+00
  -2.4100000e+02   4.0999999e+00   3.5999999e+00   2.5999999e+00   2.0999999e+00   3.5999999e+00   3.0999999e+00   0.0000000e+00   2.0000000e+00   3.3333333e-01   2.6666667e+00   0.0000000e+00   4.2666666e+00   3.5999999e+00   4.0999999e+00
  -2.4000000e+02   5.6999998e+00   3.5999999e+00   2.0999999e+00   2.5999999e+00   4.0999999e+00   5.0999999e+00   0.0000000e+00   1.5000000e+00   0.0000000e+00   3.0000000e+00   0.0000000e+00   4.5999999e+00   3.0999999e+00   3.5999999e+00
  -2.3900000e+02   4.5999999e+00   2.5999999e+00   2.5999999e+00   2.5999999e+00   4.5999999e+00   3.0999999e+00   0.0000000e+00   1.5000000e+00   0.0000000e+00   2.3333333e+00   5.0000000e-01   3.5666666e+00   2.5999999e+00   4.5999999e+00
  -2.3800000e+02   5.1999998e+00   3.5999999e+00   2.5999999e+00   0.0000000e+00   4.5999999e+00   3.0999999e+00   0.0000000e+00   4.0999999e+00   0.0000000e+00   1.6666667e+00   1.0000000e+00   2.5333333e+00   4.0999999e+00   5.1999998e+00
  -2.3700000e+02   6.1999998e+00   3.0999999e+00   2.5999999e+00   0.0000000e+00   4.0999999e+00   3.0999999e+00   0.0000000e+00   0.0000000e+00   0.0000000e+00   1.0000000e+00   1.5000000e+00   1.5000000e+00   4.5999999e+00   5.6999998e+00
  -2.3600000e+02   6.1999998e+00   2.0999999e+00   2.0999999e+00   2.0999999e+00   4.5999999e+00   3.5999999e+00   1.5000000e+00   0.0000000e+00   0.0000000e+00   6.6666667e-01   1.5000000e+00   1.7000000e+00   4.5999999e+00   4.5999999e+00
  -2.3500000e+02   9.3000002e+00   2.0999999e+00   1.5925615e-08   1.5000000e+00   4.5999999e+00   2.0999999e+00   0.0000000e+00   4.5999999e+00   0.0000000e+00   3.3333333e-01   1.5000000e+00   1.8999999e+00   4.5999999e+00   5.6999998e+00
  -2.3400000e+02   6.6999998e+00   1.5000000e+00   5.6999998e+00   1.5000000e+00   3.5999999e+00   4.5999999e+00   2.5999999e+00   5.0999999e+00   0.0000000e+00   0.0000000e+00   1.5000000e+00   2.0999999e+00   6.1999998e+00   6.1999998e+00
  -2.3300000e+02   7.1999998e+00   1.5000000e+00   2.0999999e+00   0.0000000e+00   4.0999999e+00   4.5999999e+00   2.0999999e+00   5.5999999e+00   0.0000000e+00   0.0000000e+00   1.7000000e+00   2.0999999e+00   4.5999999e+00   6.1999998e+00
  -2.3200000e+02   6.6999998e+00   1.5000000e+00   1.5000000e+00   2.5999999e+00   4.0999999e+00   4.5999999e+00   4.0999999e+00   4.5999999e+00   0.0000000e+00   0.0000000e+00   1.8999999e+00   2.0999999e+00   4.0999999e+00   7.6999998e+00
  -2.3100000e+02   6.6999998e+00   1.5000000e+00   0.0000000e+00   2.5999999e+00   4.5999999e+00   3.0999999e+00   3.0999999e+00   5.6999998e+00   0.0000000e+00   0.0000000e+00   2.0999999e+00   2.0999999e+00   4.0999999e+00   6.1999998e+00
  -2.3000000e+02   7.1999998e+00   1.5000000e+00   0.0000000e+00   4.0999999e+00   3.0999999e+00   3.0999999e+00   4.0999999e+00   4.5999999e+00   0.0000000e+00   0.0000000e+00   1.3999999e+00   1.8999999e+00   2.0999999e+00   8.8000002e+00
  -2.2900000e+02   7.1999998e+00   0.0000000e+00   4.1909516e-09   4.0999999e+00   4.5999999e+00   3.0999999e+00   4.5999999e+00   4.5999999e+00   0.0000000e+00   0.0000000e+00   6.9999997e-01   1.7000000e+00   4.0999999e+00   7.6999998e+00
  -2.2800000e+02   6.6999998e+00   0.0000000e+00   1.5000000e+00   4.0999999e+00   5.1999998e+00   3.0999999e+00   3.5999999e+00   3.0999999e+00   0.0000000e+00   0.0000000e+00   0.0000000e+00   1.5000000e+00   3.0999999e+00   5.6999998e+00
  -2.2700000e+02   7.1999998e+00   0.0000000e+00   1.5000000e+00   5.1999998e+00   4.5999999e+00   2.5999999e+00   3.5999999e+00   3.5999999e+00   6.6666667e-01   0.0000000e+00   0.0000000e+00   1.8666666e+00   3.5999999e+00   6.6999998e+00
  -2.2600000e+02   5.6999998e+00   4.1909516e-09   2.0999999e+00   5.6999998e+00   5.1999998e+00   2.0999999e+00   3.5999999e+00   3.0999999e+00   1.3333333e+00   0.0000000e+00   0.0000000e+00   2.2333333e+00   4.0999999e+00   6.1999998e+00
  -2.2500000e+02   5.1999998e+00   1.5000000e+00   0.0000000e+00   6.1999998e+00   5.1999998e+00   0.0000000e+00   2.0999999e+00   4.0999999e+00   2.0000000e+00   0.0000000e+00   0.0000000e+00   2.5999999e+00   4.5999999e+00   6.6999998e+00
  -2.2400000e+02   4.0999999e+00   1.5000000e+00   2.0999999e+00   4.5999999e+00   5.6999998e+00   1.5000000e+00   2.0999999e+00   4.0999999e+00   3.0000000e+00   3.3333333e-01   0.0000000e+00   2.9333332e+00   3.5999999e+00   6.1999998e+00
  -2.2300000e+02   5.6999998e+00   3.5999999e+00   3.0999999e+00   4.5999999e+00   5.1999998e+00   0.0000000e+00   2.5999999e+00   3.0999999e+00   4.0000000e+00   6.6666667e-01   0.0000000e+00   3.2666666e+00   3.0999999e+00   6.6999998e+00
  -2.2200000e+02   4.5999999e+00   3.0999999e+00   4.5999999e+00   3.0999999e+00   5.6999998e+00   0.0000000e+00   2.5999999e+00   4.0999999e+00   5.0000000e+00   1.0000000e+00   0.0000000e+00   3.5999999e+00   3.5999999e+00   6.1999998e+00
  -2.2100000e+02   2.5999999e+00   5.1999998e+00   5.6999998e+00   3.0999999e+00   5.1999998e+00   0.0000000e+00   1.5000000e+00   2.0000000e+00   4.6666667e+00   6.6666667e-01   0.0000000e+00   3.9333332e+00   2.0999999e+00   6.6999998e+00
  -2.2000000e+02   2.0999999e+00   5.1999998e+00   5.6999998e+00   3.0999999e+00   4.0999999e+00   7.2643158e-09   2.0999999e+00   3.0999999e+00   4.3333333e+00   3.3333333e-01   0.0000000e+00   4.2666666e+00   4.5999999e+00   5.6999998e+00
  -2.1900000e+02   2.0999999e+00   5.1999998e+00   5.6999998e+00   3.0999999e+00   3.0999999e+00   2.5999999e+00   2.0999999e+00   4.5999999e+00   4.0000000e+00   0.0000000e+00   0.0000000e+00   4.5999999e+00   2.5999999e+00   5.1999998e+00
  -2.1800000e+02   3.5999999e+00   4.5999999e+00   6.6999998e+00   3.0999999e+00   3.0999999e+00   3.5999999e+00   2.0999999e+00   0.0000000e+00   2.6666667e+00   0.0000000e+00   0.0000000e+00   4.2666666e+00   2.0999999e+00   4.5999999e+00
  -2.1700000e+02   2.5999999e+00   4.0999999e+00   7.1999998e+00   2.0999999e+00   2.5999999e+00   2.5999999e+00   1.5000000e+00   0.0000000e+00   1.3333333e+00   0.0000000e+00   0.0000000e+00   3.9333332e+00   2.5999999e+00   6.1999998e+00
  -2.1600000e+02   4.5999999e+00   3.5999999e+00   4.0999999e+00   1.5000000e+00   2.5999999e+00   3.0999999e+00   0.0000000e+00   0.0000000e+00   0.0000000e+00   0.0000000e+00   0.0000000e+00   3.5999999e+00   2.5999999e+00   5.1999998e+00
  -2.1500000e+02   3.5999999e+00   4.0999999e+00   4.0999999e+00   1.5000000e+00   1.5000000e+00   3.5999999e+00   1.5000000e+00   2.0000000e+00   0.0000000e+00   0.0000000e+00   1.0333333e+00   2.7333333e+00   3.5999999e+00   4.5999999e+00
  -2.1400000e+02   6.1999998e+00   2.5999999e+00   3.0999999e+00   2.0999999e+00   2.0999999e+00   3.0999999e+00   0.0000000e+00   4.0999999e+00   0.0000000e+00   0.0000000e+00   2.0666666e+00   1.8666666e+00   4.0999999e+00   5.1999998e+00
  -2.1300000e+02   3.5999999e+00   2.0999999e+00   4.0999999e+00   3.0999999e+00   2.0999999e+00   3.0999999e+00   1.5000000e+00   3.0999999e+00   0.0000000e+00   0.0000000e+00   3.0999999e+00   1.0000000e+00   4.0999999e+00   4.0999999e+00
  -2.1200000e+02   3.5999999e+00   2.0999999e+00   2.5999999e+00   0.0000000e+00   5.8673320e-09   1.5000000e+00   0.0000000e+00   0.0000000e+00   0.0000000e+00   1.6666667e+00   2.7666666e+00   1.1666667e+00   2.5999999e+00   4.0999999e+00
  -2.1100000e+02   5.1999998e+00   1.5000000e+00   5.6999998e+00   0.0000000e+00   2.0999999e+00   1.5000000e+00   0.0000000e+00   0.0000000e+00   0.0000000e+00   3.3333333e+00   2.4333332e+00   1.3333333e+00   2.0999999e+00   5.1999998e+00
  -2.1000000e+02   7.6999998e+00   2.0999999e+00   3.0999999e+00   0.0000000e+00   0.0000000e+00   0.0000000e+00   2.0999999e+00   0.0000000e+00   0.0000000e+00   5.0000000e+00   2.0999999e+00   1.5000000e+00   2.0999999e+00   6.1999998e+00
  -2.0900000e+02   8.1999998e+00   1.5000000e+00   1.5000000e+00   2.5999999e+00   2.5999999e+00   4.0999999e+00   2.5999999e+00   0.0000000e+00   0.0000000e+00   3.3333333e+00   2.0999999e+00   1.7000000e+00   2.5999999e+00   6.1999998e+00
  -2.0800000e+02   5.6999998e+00   0.0000000e+00   7.2643158e-09   3.0999999e+00   2.5999999e+00   2.5999999e+00   4.0999999e+00   0.0000000e+00   0.0000000e+00   1.6666667e+00   2.0999999e+00   1.8999999e+00   2.0999999e+00   5.6999998e+00
  -2.0700000e+02   6.6999998e+00   0.0000000e+00   2.5999999e+00   3.5999999e+00   3.0999999e+00   2.5999999e+00   5.6999998e+00   0.0000000e+00   0.0000000e+00   0.0000000e+00   2.0999999e+00   2.0999999e+00   3.0999999e+00   7.1999998e+00
  -2.0600000e+02   5.1999998e+00   0.0000000e+00   2.0999999e+00   4.0999999e+00   4.0999999e+00   3.0999999e+00   4.5999999e+00   4.5999999e+00   6.6666667e-01   0.0000000e+00   1.9999999e+00   1.8999999e+00   3.0999999e+00   8.1999998e+00
  -2.0500000e+02   8.1999998e+00   0.0000000e+00   2.0999999e+00   4.0999999e+00   2.0999999e+00   2.5999999e+00   4.5999999e+00   3.5999999e+00   1.3333333e+00   0.0000000e+00   1.8999999e+00   1.7000000e+00   3.5999999e+00   7.1999998e+00
  -2.0400000e+02   6.6999998e+00   0.0000000e+00   2.0999999e+00   3.0999999e+00   3.5999999e+00   3.5999999e+00   5.6999998e+00   3.5999999e+00   2.0000000e+00   0.0000000e+00   1.8000000e+00   1.5000000e+00   3.0999999e+00   8.1999998e+00
  -2.0300000e+02   5.1999998e+00   0.0000000e+00   3.5999999e+00   5.1999998e+00   3.5999999e+00   2.0999999e+00   3.5999999e+00   3.0999999e+00   3.0000000e+00   0.0000000e+00   1.7000000e+00   1.8666666e+00   2.5999999e+00   6.6999998e+00
  -2.0200000e+02   5.6999998e+00   1.5000000e+00   3.0999999e+00   5.1999998e+00   3.5999999e+00   3.0999999e+00   4.0999999e+00   3.0999999e+00   4.0000000e+00   0.0000000e+00   1.6000000e+00   2.2333333e+00   2.0999999e+00   6.1999998e+00
  -2.0100000e+02   6.1999998e+00   3.0999999e+00   2.0999999e+00   2.5999999e+00   3.5999999e+00   2.5999999e+00   3.0999999e+00   0.0000000e+00   5.0000000e+00   0.0000000e+00   1.5000000e+00   2.5999999e+00   2.0999999e+00   4.0999999e+00
  -2.0000000e+02   2.5999999e+00   2.0999999e+00   3.0999999e+00   2.0999999e+00   4.0999999e+00   1.5000000e+00   1.5000000e+00   1.5000000e+00   4.6666667e+00   3.3333333e-01   1.7000000e+00   3.2666666e+00   3.0999999e+00   7.1999998e+00
  -1.9900000e+02   3.0999999e+00   3.0999999e+00   4.5999999e+00   0.0000000e+00   5.1999998e+00   2.0999999e+00   2.5999999e+00   0.0000000e+00   4.3333333e+00   6.6666667e-01   1.8999999e+00   3.9333332e+00   3.0999999e+00   2.5999999e+00
  -1.9800000e+02   3.0999999e+00   3.5999999e+00   6.1999998e+00   2.0999999e+00   4.5999999e+00   2.0999999e+00   2.0999999e+00   0.0000000e+00   4.0000000e+00   1.0000000e+00   2.0999999e+00   4.5999999e+00   2.5999999e+00   3.0999999e+00
  -1.9700000e+02   2.5999999e+00   6.1999998e+00   5.6999998e+00   2.0999999e+00   4.0999999e+00   3.0999999e+00   1.5000000e+00   0.0000000e+00   3.6666667e+00   1.0000000e+00   1.3999999e+00   4.5999999e+00   4.0999999e+00   3.0999999e+00
  -1.9600000e+02   2.0999999e+00   2.5999999e+00   6.1999998e+00   1.5000000e+00   2.5999999e+00   4.1909516e-09   2.5999999e+00   0.0000000e+00   3.3333333e+00   1.0000000e+00   6.9999997e-01   4.5999999e+00   3.5999999e+00   3.0999999e+00
  -1.9500000e+02   3.5999999e+00   1.5000000e+00   4.0999999e+00   2.5999999e+00   2.0999999e+00   1.5000000e+00   1.5000000e+00   0.0000000e+00   3.0000000e+00   1.0000000e+00   0.0000000e+00   4.5999999e+00   4.5999999e+00   3.5999999e+00
  -1.9400000e+02   5.6999998e+00   2.5999999e+00   5.1999998e+00   0.0000000e+00   2.0999999e+00   3.0999999e+00   0.0000000e+00   0.0000000e+00   2.9545455e+00   1.3333333e+00   0.0000000e+00   4.5999999e+00   3.5999999e+00   4.5999999e+00
  -1.9300000e+02   3.5999999e+00   5.8673319e-09   4.5999999e+00   0.0000000e+00   1.5000000e+00   4.0999999e+00   1.5000000e+00   2.0000000e+00   2.9090909e+00   1.6666667e+00   0.0000000e+00   4.5999999e+00   3.0999999e+00   3.5999999e+00
  -1.9200000e+02   1.0000000e+00   2.0999999e+00   6.6999998e+00   1.5000000e+00   0.0000000e+00   3.5999999e+00   0.0000000e+00   2.0999999e+00   2.8636364e+00   2.0000000e+00   0.0000000e+00   4.5999999e+00   2.0999999e+00   3.5999999e+00
  -1.9100000e+02   1.0000000e+00   0.0000000e+00   3.5999999e+00   2.0999999e+00   1.5000000e+00   4.5999999e+00   0.0000000e+00   2.0000000e+00   2.8181818e+00   1.3333333e+00   1.0333333e+00   4.5999999e+00   3.0999999e+00   3.0999999e+00
  -1.9000000e+02   2.5999999e+00   5.8673319e-09   5.6999998e+00   2.0999999e+00   0.0000000e+00   3.5999999e+00   0.0000000e+00   3.0999999e+00   2.7727273e+00   6.6666667e-01   2.0666666e+00   4.5999999e+00   1.5000000e+00   3.0999999e+00
  -1.8900000e+02   2.0999999e+00   2.0999999e+00   8.8000002e+00   2.5999999e+00   0.0000000e+00   4.0999999e+00   0.0000000e+00   3.5999999e+00   2.7272727e+00   0.0000000e+00   3.0999999e+00   4.5999999e+00   0.0000000e+00   2.5999999e+00
  -1.8800000e+02   5.6999998e+00   3.0999999e+00   1.5000000e+00   3.0999999e+00   0.0000000e+00   3.5999999e+00   1.5000000e+00   2.5999999e+00   2.6818182e+00   0.0000000e+00   3.0999999e+00   4.7666666e+00   1.5000000e+00   2.5999999e+00
  -1.8700000e+02   4.0999999e+00   1.5000000e+00   1.5000000e+00   1.5000000e+00   0.0000000e+00   5.6999998e+00   3.0999999e+00   5.0999999e+00   2.6363636e+00   0.0000000e+00   3.0999999e+00   4.9333332e+00   1.5000000e+00   4.0999999e+00
  -1.8600000e+02   6.6999998e+00   1.5000000e+00   1.5000000e+00   0.0000000e+00   0.0000000e+00   3.5999999e+00   4.0999999e+00   6.1999998e+00   2.5909091e+00   0.0000000e+00   3.0999999e+00   5.0999999e+00   0.0000000e+00   4.0999999e+00
  -1.8500000e+02   7.1999998e+00   0.0000000e+00   3.5999999e+00   0.0000000e+00   0.0000000e+00   4.5999999e+00   4.0999999e+00   1.5000000e+00   2.5454545e+00   0.0000000e+00   3.0999999e+00   4.5999999e+00   0.0000000e+00   1.5000000e+00
  -1.8400000e+02   6.1999998e+00   4.1909516e-09   4.0999999e+00   1.5000000e+00   0.0000000e+00   2.0999999e+00   4.0999999e+00   1.5000000e+00   2.5000000e+00   0.0000000e+00   3.0999999e+00   4.0999999e+00   2.0999999e+00   2.5999999e+00
  -1.8300000e+02   6.6999998e+00   1.5000000e+00   2.0999999e+00   0.0000000e+00   0.0000000e+00   3.5999999e+00   4.0999999e+00   3.5999999e+00   2.4545455e+00   0.0000000e+00   3.0999999e+00   3.5999999e+00   2.5999999e+00   3.0999999e+00
  -1.8200000e+02   6.1999998e+00   0.0000000e+00   3.0999999e+00   2.0999999e+00   2.0999999e+00   2.0999999e+00   3.0999999e+00   0.0000000e+00   2.4090909e+00   0.0000000e+00   3.0999999e+00   3.7666666e+00   3.0999999e+00   2.5999999e+00
  -1.8100000e+02   6.1999998e+00   0.0000000e+00   3.5999999e+00   1.5000000e+00   2.0999999e+00   5.8673319e-09   2.5999999e+00   0.0000000e+00   2.3636364e+00   0.0000000e+00   3.0999999e+00   3.9333332e+00   2.5999999e+00   3.0999999e+00
  -1.8000000e+02   5.6999998e+00   0.0000000e+00   4.0999999e+00   3.5999999e+00   1.5000000e+00   2.0999999e+00   3.0999999e+00   0.0000000e+00   2.3181818e+00   0.0000000e+00   3.0999999e+00   4.0999999e+00   3.0999999e+00   3.0999999e+00
  -1.7900000e+02   2.0999999e+00   0.0000000e+00   2.5999999e+00   3.0999999e+00   2.0999999e+00   4.0999999e+00   3.5999999e+00   0.0000000e+00   2.2727273e+00   0.0000000e+00   2.7666666e+00   4.7999999e+00   3.5999999e+00   3.5999999e+00
  -1.7800000e+02   2.0999999e+00   5.6999998e+00   3.0999999e+00   5.1999998e+00   3.5999999e+00   2.0999999e+00   3.0999999e+00   0.0000000e+00   2.2272727e+00   0.0000000e+00   2.4333332e+00   5.4999998e+00   4.5999999e+00   3.5999999e+00
  -1.7700000e+02   3.0999999e+00   5.6999998e+00   2.5999999e+00   5.1999998e+00   5.6999998e+00   3.5999999e+00   2.5999999e+00   0.0000000e+00   2.1818182e+00   0.0000000e+00   2.0999999e+00   6.1999998e+00   4.0999999e+00   2.0999999e+00
  -1.7600000e+02   3.0999999e+00   3.0999999e+00   3.0999999e+00   2.0999999e+00   3.5999999e+00   2.0999999e+00   2.0999999e+00   0.0000000e+00   2.1363636e+00   0.0000000e+00   1.7499999e+00   6.1999998e+00   3.0999999e+00   1.5000000e+00
  -1.7500000e+02   3.5999999e+00   1.5000000e+00   3.0999999e+00   4.0999999e+00   4.0999999e+00   2.0999999e+00   1.5000000e+00   0.0000000e+00   2.0909091e+00   0.0000000e+00   1.3999999e+00   6.1999998e+00   3.5999999e+00   4.1909516e-09
  -1.7400000e+02   3.5999999e+00   1.5000000e+00   3.5999999e+00   3.5999999e+00   4.5999999e+00   0.0000000e+00   1.5000000e+00   2.5999999e+00   2.0454545e+00   0.0000000e+00   1.0500000e+00   6.1999998e+00   3.5999999e+00   1.5000000e+00
  -1.7300000e+02   2.5999999e+00   3.0999999e+00   4.5999999e+00   2.5999999e+00   4.0999999e+00   2.0999999e+00   0.0000000e+00   0.0000000e+00   2.0000000e+00   6.6666667e-01   6.9999997e-01   5.8333332e+00   5.1999998e+00   1.5000000e+00
  -1.7200000e+02   3.0999999e+00   2.5999999e+00   3.5999999e+00   1.5000000e+00   2.0999999e+00   3.5999999e+00   2.0999999e+00   0.0000000e+00   1.9545455e+00   1.3333333e+00   3.4999998e-01   5.4666665e+00   5.6999998e+00   0.0000000e+00
  -1.7100000e+02   2.0999999e+00   3.0999999e+00   5.1999998e+00   0.0000000e+00   2.5999999e+00   3.5999999e+00   0.0000000e+00   0.0000000e+00   1.9090909e+00   2.0000000e+00   0.0000000e+00   5.0999999e+00   4.5999999e+00   0.0000000e+00
  -1.7000000e+02   2.5999999e+00   3.5999999e+00   5.6999998e+00   1.5000000e+00   2.5999999e+00   2.5999999e+00   0.0000000e+00   0.0000000e+00   1.8636364e+00   2.0000000e+00   0.0000000e+00   4.5999999e+00   3.5999999e+00   0.0000000e+00
  -1.6900000e+02   1.5000000e+00   3.0999999e+00   4.0999999e+00   2.0999999e+00   0.0000000e+00   3.5999999e+00   0.0000000e+00   0.0000000e+00   1.8181818e+00   2.0000000e+00   0.0000000e+00   4.0999999e+00   4.0999999e+00   2.5999999e+00
  -1.6800000e+02   1.5000000e+00   4.5999999e+00   4.5999999e+00   0.0000000e+00   0.0000000e+00   1.5000000e+00   0.0000000e+00   1.5000000e+00   1.7727273e+00   2.0000000e+00   0.0000000e+00   3.5999999e+00   3.0999999e+00   1.5000000e+00
  -1.6700000e+02   1.5000000e+00   4.5999999e+00   4.5999999e+00   2.0999999e+00   1.5000000e+00   2.0999999e+00   0.0000000e+00   0.0000000e+00   1.7272727e+00   1.3333333e+00   6.9999997e-01   2.5666666e+00   2.0999999e+00   3.0999999e+00
  -1.6600000e+02   2.5999999e+00   2.0999999e+00   6.1999998e+00   1.5000000e+00   2.0999999e+00   3.0999999e+00   0.0000000e+00   1.5000000e+00   1.6818182e+00   6.6666667e-01   1.3999999e+00   1.5333333e+00   2.5999999e+00   3.0999999e+00
  -1.6500000e+02   3.5999999e+00   0.0000000e+00   4.0999999e+00   2.0999999e+00   2.0999999e+00   3.0999999e+00   0.0000000e+00   1.5000000e+00   1.6363636e+00   0.0000000e+00   2.0999999e+00   5.0000000e-01   3.0999999e+00   2.5999999e+00
  -1.6400000e+02   4.5999999e+00   2.0999999e+00   4.5999999e+00   2.0999999e+00   5.8673320e-09   3.0999999e+00   0.0000000e+00   2.5999999e+00   1.5909091e+00   0.0000000e+00   1.8999999e+00   2.3999999e+00   1.5000000e+00   2.5999999e+00
  -1.6300000e+02   6.1999998e+00   2.0999999e+00   3.0999999e+00   2.0999999e+00   0.0000000e+00   2.5999999e+00   2.0999999e+00   3.0999999e+00   1.5454545e+00   0.0000000e+00   1.7000000e+00   4.2999999e+00   2.0999999e+00   3.5999999e+00
  -1.6200000e+02   6.1999998e+00   1.5000000e+00   2.0999999e+00   0.0000000e+00   0.0000000e+00   4.0999999e+00   3.5999999e+00   2.5999999e+00   1.5000000e+00   0.0000000e+00   1.5000000e+00   6.1999998e+00   2.0999999e+00   4.0999999e+00
  -1.6100000e+02   5.1999998e+00   1.5000000e+00   1.5000000e+00   0.0000000e+00   0.0000000e+00   2.5999999e+00   4.0999999e+00   2.0000000e+00   1.4545455e+00   0.0000000e+00   1.3333333e+00   6.5333331e+00   2.0999999e+00   3.0999999e+00
  -1.6000000e+02   5.1999998e+00   1.5000000e+00   2.0999999e+00   2.0999999e+00   0.0000000e+00   3.0999999e+00   3.5999999e+00   4.0999999e+00   1.4090909e+00   0.0000000e+00   1.1666667e+00   6.8666665e+00   2.5999999e+00   3.0999999e+00
  -1.5900000e+02   6.1999998e+00   0.0000000e+00   1.5000000e+00   2.0999999e+00   2.0999999e+00   1.5000000e+00   2.0999999e+00   2.5999999e+00   1.3636364e+00   0.0000000e+00   1.0000000e+00   7.1999998e+00   3.0999999e+00   0.0000000e+00
  -1.5800000e+02   6.1999998e+00   2.0999999e+00   0.0000000e+00   1.5000000e+00   1.5000000e+00   2.0999999e+00   3.5999999e+00   2.5999999e+00   1.3181818e+00   0.0000000e+00   6.6666667e-01   6.6999998e+00   3.0999999e+00   1.5000000e+00
  -1.5700000e+02   4.0999999e+00   1.5000000e+00   4.1909516e-09   0.0000000e+00   3.5999999e+00   2.5999999e+00   2.5999999e+00   0.0000000e+00   1.2727273e+00   0.0000000e+00   3.3333333e-01   6.1999998e+00   3.5999999e+00   2.0999999e+00
  -1.5600000e+02   6.1999998e+00   1.5000000e+00   1.5000000e+00   3.0999999e+00   5.1999998e+00   1.1800000e+01   4.0999999e+00   2.0999999e+00   1.2272727e+00   0.0000000e+00   0.0000000e+00   5.6999998e+00   3.0999999e+00   3.5999999e+00
  -1.5500000e+02   5.1999998e+00   2.5999999e+00   2.5999999e+00   3.5999999e+00   4.5999999e+00   6.6999998e+00   3.5999999e+00   2.5999999e+00   1.1818182e+00   0.0000000e+00   0.0000000e+00   5.4999998e+00   2.0999999e+00   3.0999999e+00
  -1.5400000e+02   4.0999999e+00   2.5999999e+00   1.5000000e+00   4.0999999e+00   3.5999999e+00   2.0999999e+00   5.0999999e+00   2.5999999e+00   1.1363636e+00   0.0000000e+00   0.0000000e+00   5.2999999e+00   2.5999999e+00   2.5999999e+00
  -1.5300000e+02   4.0999999e+00   4.5999999e+00   0.0000000e+00   5.6999998e+00   4.5999999e+00   3.0999999e+00   2.5999999e+00   1.5000000e+00   1.0909091e+00   0.0000000e+00   0.0000000e+00   5.0999999e+00   3.0999999e+00   3.0999999e+00
  -1.5200000e+02   3.0999999e+00   5.6999998e+00   0.0000000e+00   3.5999999e+00   4.0999999e+00   0.0000000e+00   2.0999999e+00   0.0000000e+00   1.0454545e+00   0.0000000e+00   0.0000000e+00   5.0999999e+00   3.0999999e+00   1.5000000e+00
  -1.5100000e+02   3.5999999e+00   4.5999999e+00   2.0999999e+00   3.0999999e+00   4.5999999e+00   2.5999999e+00   2.0999999e+00   0.0000000e+00   1.0000000e+00   0.0000000e+00   0.0000000e+00   5.0999999e+00   2.5999999e+00   0.0000000e+00
  -1.5000000e+02   2.5999999e+00   3.0999999e+00   3.0999999e+00   3.0999999e+00   5.1999998e+00   2.5999999e+00   2.0999999e+00   0.0000000e+00   9.5454545e-01   0.0000000e+00   0.0000000e+00   5.0999999e+00   2.5999999e+00   0.0000000e+00
  -1.4900000e+02   2.5999999e+00   4.0999999e+00   3.0999999e+00   1.5000000e+00   5.6999998e+00   1.5000000e+00   1.5000000e+00   0.0000000e+00   9.0909091e-01   0.0000000e+00   0.0000000e+00   5.0999999e+00   3.5999999e+00   1.5000000e+00
  -1.4800000e+02   2.5999999e+00   4.0999999e+00   4.0999999e+00   2.0999999e+00   5.1999998e+00   4.1909516e-09   0.0000000e+00   0.0000000e+00   8.6363636e-01   0.0000000e+00   0.0000000e+00   5.0999999e+00   5.1999998e+00   1.5000000e+00
  -1.4700000e+02   1.0000000e+00   6.1999998e+00   2.0999999e+00   3.0999999e+00   2.5999999e+00   1.5000000e+00   1.5000000e+00   0.0000000e+00   8.1818182e-01   0.0000000e+00   0.0000000e+00   5.0999999e+00   4.0999999e+00   0.0000000e+00
  -1.4600000e+02   2.0999999e+00   5.1999998e+00   4.0999999e+00   2.5999999e+00   1.5000000e+00   2.0999999e+00   0.0000000e+00   0.0000000e+00   7.7272727e-01   0.0000000e+00   0.0000000e+00   4.9333332e+00   5.1999998e+00   2.0999999e+00
  -1.4500000e+02   2.0999999e+00   3.0999999e+00   2.5999999e+00   0.0000000e+00   2.0999999e+00   4.0999999e+00   0.0000000e+00   0.0000000e+00   7.2727273e-01   0.0000000e+00   0.0000000e+00   4.7666666e+00   5.1999998e+00   1.5000000e+00
  -1.4400000e+02   2.0999999e+00   5.1999998e+00   0.0000000e+00   0.0000000e+00   1.5000000e+00   2.0999999e+00   1.5000000e+00   0.0000000e+00   6.8181818e-01   0.0000000e+00   0.0000000e+00   4.5999999e+00   5.1999998e+00   2.5999999e+00
  -1.4300000e+02   2.5999999e+00   2.5999999e+00   2.5999999e+00   1.5000000e+00   1.5000000e+00   3.0999999e+00   0.0000000e+00   0.0000000e+00   6.3636364e-01   0.0000000e+00   1.0333333e+00   4.5999999e+00   4.5999999e+00   3.0999999e+00
  -1.4200000e+02   2.5999999e+00   5.8673319e-09   2.5999999e+00   0.0000000e+00   1.5000000e+00   3.5999999e+00   0.0000000e+00   2.5999999e+00   5.9090909e-01   0.0000000e+00   2.0666666e+00   4.5999999e+00   3.5999999e+00   3.0999999e+00
  -1.4100000e+02   2.5999999e+00   2.0999999e+00   3.5999999e+00   0.0000000e+00   1.5000000e+00   3.0999999e+00   0.0000000e+00   2.0999999e+00   5.4545455e-01   0.0000000e+00   3.0999999e+00   4.5999999e+00   4.0999999e+00   3.5999999e+00
  -1.4000000e+02   2.5999999e+00   1.5000000e+00   3.5999999e+00   0.0000000e+00   2.5999999e+00   2.5999999e+00   0.0000000e+00   3.5999999e+00   5.0000000e-01   0.0000000e+00   3.0999999e+00   4.2666666e+00   3.5999999e+00   2.5999999e+00
  -1.3900000e+02   2.0999999e+00   2.0999999e+00   4.5999999e+00   0.0000000e+00   2.5999999e+00   1.5925615e-08   0.0000000e+00   4.5999999e+00   4.5454545e-01   1.0000000e+00   3.0999999e+00   3.9333332e+00   2.0999999e+00   4.0999999e+00
  -1.3800000e+02   5.1999998e+00   2.5999999e+00   2.5999999e+00   0.0000000e+00   3.0999999e+00   5.6999998e+00   0.0000000e+00   3.5999999e+00   4.0909091e-01   2.0000000e+00   3.0999999e+00   3.5999999e+00   1.5000000e+00   3.0999999e+00
  -1.3700000e+02   5.1999998e+00   3.0999999e+00   1.5000000e+00   0.0000000e+00   3.0999999e+00   4.0999999e+00   2.0999999e+00   1.5000000e+00   3.6363636e-01   1.0000000e+00   2.5666666e+00   3.4333332e+00   2.0999999e+00   3.5999999e+00
  -1.3600000e+02   4.0999999e+00   2.0999999e+00   1.5000000e+00   2.5999999e+00   2.0999999e+00   2.0999999e+00   2.0999999e+00   0.0000000e+00   3.1818182e-01   0.0000000e+00   2.0333333e+00   3.2666666e+00   5.6999998e+00   5.1999998e+00
  -1.3500000e+02   4.0999999e+00   2.5999999e+00   0.0000000e+00   3.5999999e+00   4.0999999e+00   3.0999999e+00   2.5999999e+00   0.0000000e+00   2.7272727e-01   0.0000000e+00   1.5000000e+00   3.0999999e+00   6.6999998e+00   5.1999998e+00
  -1.3400000e+02   1.0000000e+00   0.0000000e+00   1.5000000e+00   5.1999998e+00   3.5999999e+00   2.0999999e+00   3.0999999e+00   0.0000000e+00   2.2727273e-01   0.0000000e+00   1.0000000e+00   2.3999999e+00   4.5999999e+00   4.0999999e+00
  -1.3300000e+02   3.5999999e+00   2.0999999e+00   2.0999999e+00   2.5999999e+00   5.1999998e+00   4.1909516e-09   3.0999999e+00   0.0000000e+00   1.8181818e-01   0.0000000e+00   5.0000000e-01   1.7000000e+00   3.5999999e+00   3.0999999e+00
  -1.3200000e+02   2.0999999e+00   2.5999999e+00   2.0999999e+00   3.5999999e+00   5.1999998e+00   1.5000000e+00   3.0999999e+00   0.0000000e+00   1.3636364e-01   0.0000000e+00   0.0000000e+00   1.0000000e+00   3.5999999e+00   4.0999999e+00
  -1.3100000e+02   4.5999999e+00   3.0999999e+00   2.0999999e+00   5.1999998e+00   4.5999999e+00   0.0000000e+00   3.5999999e+00   2.5999999e+00   9.0909091e-02   0.0000000e+00   0.0000000e+00   2.0333333e+00   3.5999999e+00   2.0999999e+00
  -1.3000000e+02   5.6999998e+00   4.0999999e+00   5.8673319e-09   5.1999998e+00   3.5999999e+00   0.0000000e+00   3.5999999e+00   2.0000000e+00   4.5454545e-02   0.0000000e+00   0.0000000e+00   3.0666666e+00   3.5999999e+00   2.5999999e+00
  -1.2900000e+02   5.1999998e+00   4.5999999e+00   2.0999999e+00   5.1999998e+00   4.0999999e+00   0.0000000e+00   1.5000000e+00   1.5000000e+00   0.0000000e+00   0.0000000e+00   0.0000000e+00   4.0999999e+00   3.5999999e+00   3.0999999e+00
  -1.2800000e+02   4.0999999e+00   3.5999999e+00   0.0000000e+00   4.0999999e+00   4.0999999e+00   0.0000000e+00   2.0999999e+00   1.5000000e+00   6.6666667e-01   3.3333333e-01   0.0000000e+00   4.0999999e+00   6.1999998e+00   2.0999999e+00
  -1.2700000e+02   4.0999999e+00   5.6999998e+00   1.5000000e+00   4.0999999e+00   3.5999999e+00   4.1909516e-09   2.5999999e+00   1.5000000e+00   1.3333333e+00   6.6666667e-01   0.0000000e+00   4.0999999e+00   6.6999998e+00   3.0999999e+00
  -1.2600000e+02   3.5999999e+00   4.5999999e+00   3.0999999e+00   4.5999999e+00   3.5999999e+00   1.5000000e+00   2.0999999e+00   1.5000000e+00   2.0000000e+00   1.0000000e+00   0.0000000e+00   4.0999999e+00   6.1999998e+00   3.0999999e+00
  -1.2500000e+02   3.0999999e+00   7.1999998e+00   5.1999998e+00   4.0999999e+00   4.0999999e+00   2.5999999e+00   0.0000000e+00   2.0000000e+00   1.3333333e+00   6.6666667e-01   0.0000000e+00   4.0999999e+00   7.1999998e+00   2.5999999e+00
  -1.2400000e+02   2.0999999e+00   6.1999998e+00   1.1455267e-08   2.5999999e+00   4.0999999e+00   0.0000000e+00   1.5000000e+00   0.0000000e+00   6.6666667e-01   3.3333333e-01   0.0000000e+00   4.0999999e+00   6.6999998e+00   2.5999999e+00
  -1.2300000e+02   1.5000000e+00   5.6999998e+00   4.0999999e+00   0.0000000e+00   3.5999999e+00   0.0000000e+00   1.5000000e+00   1.5000000e+00   0.0000000e+00   0.0000000e+00   0.0000000e+00   4.0999999e+00   6.6999998e+00   0.0000000e+00
  -1.2200000e+02   3.0999999e+00   5.1999998e+00   3.5999999e+00   2.0999999e+00   3.5999999e+00   3.5999999e+00   0.0000000e+00   0.0000000e+00   1.0000000e+00   0.0000000e+00   6.9999997e-01   3.9333332e+00   6.1999998e+00   2.0999999e+00
  -1.2100000e+02   2.5999999e+00   3.5999999e+00   4.5999999e+00   0.0000000e+00   2.5999999e+00   5.0999999e+00   0.0000000e+00   0.0000000e+00   2.0000000e+00   0.0000000e+00   1.3999999e+00   3.7666666e+00   6.1999998e+00   2.0999999e+00
  -1.2000000e+02   2.5999999e+00   4.5999999e+00   4.0999999e+00   0.0000000e+00   2.5999999e+00   6.1999998e+00   0.0000000e+00   0.0000000e+00   3.0000000e+00   0.0000000e+00   2.0999999e+00   3.5999999e+00   5.6999998e+00   3.0999999e+00
  -1.1900000e+02   1.5000000e+00   4.0999999e+00   4.0999999e+00   3.0999999e+00   1.5000000e+00   6.1999998e+00   0.0000000e+00   0.0000000e+00   2.6666667e+00   0.0000000e+00   2.4333332e+00   3.0999999e+00   5.6999998e+00   2.5999999e+00
  -1.1800000e+02   2.0999999e+00   2.0999999e+00   3.5999999e+00   1.5000000e+00   2.0999999e+00   5.0999999e+00   0.0000000e+00   0.0000000e+00   2.3333333e+00   0.0000000e+00   2.7666666e+00   2.5999999e+00   5.1999998e+00   2.0999999e+00
  -1.1700000e+02   2.0999999e+00   3.0999999e+00   3.0999999e+00   1.5000000e+00   1.5000000e+00   2.5999999e+00   0.0000000e+00   2.5999999e+00   2.0000000e+00   0.0000000e+00   3.0999999e+00   2.0999999e+00   5.1999998e+00   2.5999999e+00
  -1.1600000e+02   2.0999999e+00   2.5999999e+00   3.0999999e+00   3.5999999e+00   2.0999999e+00   1.5000000e+00   0.0000000e+00   1.5000000e+00   2.0000000e+00   0.0000000e+00   3.0999999e+00   3.2999999e+00   3.5999999e+00   3.0999999e+00
  -1.1500000e+02   2.0999999e+00   2.0999999e+00   2.0999999e+00   2.5999999e+00   2.0999999e+00   3.5999999e+00   1.5000000e+00   3.0999999e+00   2.0000000e+00   0.0000000e+00   3.0999999e+00   4.4999998e+00   2.5999999e+00   4.0999999e+00
  -1.1400000e+02   3.0999999e+00   3.5999999e+00   1.5000000e+00   2.0999999e+00   0.0000000e+00   3.0999999e+00   2.0999999e+00   1.5000000e+00   2.0000000e+00   0.0000000e+00   3.0999999e+00   5.6999998e+00   2.0999999e+00   2.5999999e+00
  -1.1300000e+02   5.1999998e+00   3.0999999e+00   0.0000000e+00   2.5999999e+00   0.0000000e+00   3.0999999e+00   1.5000000e+00   4.5999999e+00   1.3333333e+00   0.0000000e+00   3.0999999e+00   5.6999998e+00   2.5999999e+00   4.0999999e+00
  -1.1200000e+02   4.0999999e+00   3.5999999e+00   1.5000000e+00   4.0999999e+00   1.5000000e+00   1.5000000e+00   2.5999999e+00   4.0999999e+00   6.6666667e-01   0.0000000e+00   3.0999999e+00   5.6999998e+00   3.0999999e+00   2.5999999e+00
  -1.1100000e+02   4.0999999e+00   3.5999999e+00   2.0999999e+00   3.5999999e+00   3.0999999e+00   2.0999999e+00   3.5999999e+00   0.0000000e+00   0.0000000e+00   0.0000000e+00   3.0999999e+00   5.6999998e+00   4.0999999e+00   3.0999999e+00
  -1.1000000e+02   4.0999999e+00   3.5999999e+00   1.5000000e+00   2.5999999e+00   4.0999999e+00   1.5000000e+00   4.0999999e+00   1.5000000e+00   0.0000000e+00   0.0000000e+00   2.5666666e+00   5.6999998e+00   4.5999999e+00   3.0999999e+00
  -1.0900000e+02   4.0999999e+00   2.5999999e+00   1.5000000e+00   3.5999999e+00   4.0999999e+00   0.0000000e+00   2.5999999e+00   2.5999999e+00   0.0000000e+00   0.0000000e+00   2.0333333e+00   5.6999998e+00   4.0999999e+00   4.5999999e+00
  -1.0800000e+02   2.0999999e+00   2.5999999e+00   0.0000000e+00   4.5999999e+00   3.5999999e+00   0.0000000e+00   2.5999999e+00   3.0999999e+00   0.0000000e+00   0.0000000e+00   1.5000000e+00   5.6999998e+00   5.6999998e+00   4.0999999e+00
  -1.0700000e+02   4.0999999e+00   3.5999999e+00   0.0000000e+00   6.6999998e+00   4.5999999e+00   0.0000000e+00   2.5999999e+00   3.0999999e+00   3.3333333e-01   0.0000000e+00   1.7000000e+00   5.4999998e+00   6.1999998e+00   2.5999999e+00
  -1.0600000e+02   4.0999999e+00   3.0999999e+00   0.0000000e+00   6.6999998e+00   5.1999998e+00   4.1909516e-09   3.5999999e+00   2.0000000e+00   6.6666667e-01   0.0000000e+00   1.8999999e+00   5.2999999e+00   6.6999998e+00   3.5999999e+00
  -1.0500000e+02   3.5999999e+00   4.0999999e+00   0.0000000e+00   6.1999998e+00   5.1999998e+00   1.5000000e+00   2.0999999e+00   0.0000000e+00   1.0000000e+00   0.0000000e+00   2.0999999e+00   5.0999999e+00   6.6999998e+00   2.0999999e+00
  -1.0400000e+02   3.0999999e+00   4.0999999e+00   1.5000000e+00   6.6999998e+00   6.6999998e+00   0.0000000e+00   1.5000000e+00   1.5000000e+00   6.6666667e-01   0.0000000e+00   1.8999999e+00   5.7999999e+00   6.1999998e+00   4.5999999e+00
  -1.0300000e+02   2.0999999e+00   2.5999999e+00   1.5000000e+00   4.0999999e+00   7.1999998e+00   1.5000000e+00   1.5000000e+00   0.0000000e+00   3.3333333e-01   0.0000000e+00   1.7000000e+00   6.4999998e+00   5.6999998e+00   3.5999999e+00
  -1.0200000e+02   3.0999999e+00   4.0999999e+00   0.0000000e+00   4.5999999e+00   7.1999998e+00   1.5000000e+00   0.0000000e+00   0.0000000e+00   0.0000000e+00   0.0000000e+00   1.5000000e+00   7.1999998e+00   6.1999998e+00   0.0000000e+00
  -1.0100000e+02   2.5999999e+00   1.5000000e+00   0.0000000e+00   4.5999999e+00   6.6999998e+00   2.0999999e+00   0.0000000e+00   0.0000000e+00   0.0000000e+00   6.6666667e-01   1.5000000e+00   6.4999998e+00   5.6999998e+00   2.0999999e+00
  -1.0000000e+02   0.0000000e+00   5.6999998e+00   4.1909516e-09   5.1999998e+00   6.1999998e+00   2.0999999e+00   0.0000000e+00   0.0000000e+00   0.0000000e+00   1.3333333e+00   1.5000000e+00   5.7999999e+00   5.6999998e+00   2.0999999e+00
  -9.9000000e+01   0.0000000e+00   2.5999999e+00   1.5000000e+00   3.0999999e+00   6.1999998e+00   2.0999999e+00   0.0000000e+00   0.0000000e+00   0.0000000e+00   2.0000000e+00   1.5000000e+00   5.0999999e+00   5.6999998e+00   0.0000000e+00
  -9.8000000e+01   1.5000000e+00   1.5000000e+00   0.0000000e+00   5.1999998e+00   5.6999998e+00   3.5999999e+00   0.0000000e+00   1.5000000e+00   0.0000000e+00   1.3333333e+00   1.0000000e+00   3.8999999e+00   6.1999998e+00   2.0999999e+00
  -9.7000000e+01   1.5000000e+00   2.5999999e+00   2.0999999e+00   2.0999999e+00   5.1999998e+00   3.0999999e+00   0.0000000e+00   2.0000000e+00   0.0000000e+00   6.6666667e-01   5.0000000e-01   2.7000000e+00   6.1999998e+00   4.0999999e+00
  -9.6000000e+01   0.0000000e+00   2.0999999e+00   3.5999999e+00   0.0000000e+00   5.1999998e+00   4.5999999e+00   0.0000000e+00   1.5000000e+00   0.0000000e+00   0.0000000e+00   0.0000000e+00   1.5000000e+00   6.6999998e+00   1.5000000e+00
  -9.5000000e+01   2.5999999e+00   0.0000000e+00   2.5999999e+00   0.0000000e+00   3.5999999e+00   3.0999999e+00   1.5000000e+00   1.5000000e+00   0.0000000e+00   0.0000000e+00   1.3666666e+00   2.5333333e+00   7.1999998e+00   2.5999999e+00
  -9.4000000e+01   2.0999999e+00   0.0000000e+00   2.5999999e+00   0.0000000e+00   3.0999999e+00   4.5999999e+00   0.0000000e+00   1.5000000e+00   0.0000000e+00   0.0000000e+00   2.7333333e+00   3.5666666e+00   5.6999998e+00   2.5999999e+00
  -9.3000000e+01   2.5999999e+00   0.0000000e+00   4.0999999e+00   2.5999999e+00   5.6999998e+00   3.0999999e+00   0.0000000e+00   2.5999999e+00   0.0000000e+00   0.0000000e+00   4.0999999e+00   4.5999999e+00   3.5999999e+00   3.0999999e+00
  -9.2000000e+01   2.5999999e+00   1.5000000e+00   3.0999999e+00   3.0999999e+00   4.5999999e+00   3.0999999e+00   2.0999999e+00   1.5000000e+00   0.0000000e+00   0.0000000e+00   4.0999999e+00   4.7666666e+00   4.0999999e+00   2.5999999e+00
  -9.1000000e+01   3.0999999e+00   0.0000000e+00   3.5999999e+00   1.5000000e+00   3.5999999e+00   4.0999999e+00   2.5999999e+00   2.5999999e+00   0.0000000e+00   0.0000000e+00   4.0999999e+00   4.9333332e+00   4.5999999e+00   3.0999999e+00
  -9.0000000e+01   5.6999998e+00   0.0000000e+00   3.0999999e+00   0.0000000e+00   5.6999998e+00   4.5999999e+00   3.5999999e+00   3.5999999e+00   0.0000000e+00   0.0000000e+00   4.0999999e+00   5.0999999e+00   4.5999999e+00   4.5999999e+00
  -8.9000000e+01   5.1999998e+00   0.0000000e+00   2.5999999e+00   6.1999998e+00   5.1999998e+00   3.0999999e+00   2.5999999e+00   1.5000000e+00   0.0000000e+00   0.0000000e+00   3.7666666e+00   5.0999999e+00   3.5999999e+00   5.1999998e+00
  -8.8000000e+01   4.5999999e+00   4.1909516e-09   1.5000000e+00   5.1999998e+00   4.0999999e+00   4.1909516e-09   3.0999999e+00   2.5999999e+00   0.0000000e+00   0.0000000e+00   3.4333332e+00   5.0999999e+00   4.5999999e+00   4.5999999e+00
  -8.7000000e+01   5.6999998e+00   1.5000000e+00   2.0999999e+00   5.6999998e+00   3.0999999e+00   1.5000000e+00   2.0999999e+00   1.5000000e+00   0.0000000e+00   0.0000000e+00   3.0999999e+00   5.0999999e+00   4.5999999e+00   4.0999999e+00
  -8.6000000e+01   5.1999998e+00   0.0000000e+00   2.0999999e+00   5.6999998e+00   5.6999998e+00   0.0000000e+00   2.0999999e+00   2.0000000e+00   0.0000000e+00   0.0000000e+00   2.9333332e+00   5.2999999e+00   4.5999999e+00   3.0999999e+00
  -8.5000000e+01   5.1999998e+00   0.0000000e+00   1.5000000e+00   5.6999998e+00   4.5999999e+00   1.5000000e+00   2.5999999e+00   0.0000000e+00   0.0000000e+00   0.0000000e+00   2.7666666e+00   5.4999998e+00   4.5999999e+00   1.5000000e+00
  -8.4000000e+01   4.0999999e+00   0.0000000e+00   1.5000000e+00   5.1999998e+00   1.5000000e+00   0.0000000e+00   2.5999999e+00   0.0000000e+00   0.0000000e+00   0.0000000e+00   2.5999999e+00   5.6999998e+00   5.6999998e+00   4.5999999e+00
  -8.3000000e+01   5.1999998e+00   0.0000000e+00   1.5000000e+00   5.6999998e+00   3.0999999e+00   0.0000000e+00   3.0999999e+00   4.5999999e+00   0.0000000e+00   0.0000000e+00   2.5999999e+00   5.8666665e+00   4.5999999e+00   4.0999999e+00
  -8.2000000e+01   5.1999998e+00   1.5000000e+00   0.0000000e+00   6.6999998e+00   6.1999998e+00   0.0000000e+00   1.5000000e+00   2.0000000e+00   0.0000000e+00   0.0000000e+00   2.5999999e+00   6.0333331e+00   4.5999999e+00   4.5999999e+00
  -8.1000000e+01   5.1999998e+00   2.0999999e+00   0.0000000e+00   6.6999998e+00   3.5999999e+00   0.0000000e+00   1.5000000e+00   2.0999999e+00   0.0000000e+00   0.0000000e+00   2.5999999e+00   6.1999998e+00   5.1999998e+00   4.0999999e+00
  -8.0000000e+01   4.0999999e+00   1.5000000e+00   2.0999999e+00   6.6999998e+00   5.1999998e+00   0.0000000e+00   2.0999999e+00   2.0000000e+00   0.0000000e+00   0.0000000e+00   2.5999999e+00   6.0333331e+00   4.0999999e+00   3.5999999e+00
  -7.9000000e+01   3.5999999e+00   1.5000000e+00   3.0999999e+00   4.0999999e+00   3.0999999e+00   2.0999999e+00   1.5000000e+00   0.0000000e+00   0.0000000e+00   0.0000000e+00   2.5999999e+00   5.8666665e+00   5.1999998e+00   2.0999999e+00
  -7.8000000e+01   2.5999999e+00   1.5000000e+00   2.0999999e+00   4.0999999e+00   3.5999999e+00   1.5000000e+00   2.0999999e+00   2.0999999e+00   0.0000000e+00   0.0000000e+00   2.5999999e+00   5.6999998e+00   4.0999999e+00   0.0000000e+00
  -7.7000000e+01   2.5999999e+00   3.0999999e+00   2.0999999e+00   2.0999999e+00   3.0999999e+00   2.5999999e+00   0.0000000e+00   0.0000000e+00   0.0000000e+00   0.0000000e+00   2.4333332e+00   6.3666665e+00   3.5999999e+00   1.5000000e+00
  -7.6000000e+01   2.5999999e+00   4.5999999e+00   2.5999999e+00   2.5999999e+00   2.5999999e+00   3.5999999e+00   0.0000000e+00   0.0000000e+00   0.0000000e+00   0.0000000e+00   2.2666666e+00   7.0333331e+00   5.6999998e+00   2.0999999e+00
  -7.5000000e+01   2.0999999e+00   4.0999999e+00   2.5999999e+00   1.5000000e+00   3.5999999e+00   4.0999999e+00   0.0000000e+00   0.0000000e+00   0.0000000e+00   0.0000000e+00   2.0999999e+00   7.6999998e+00   5.1999998e+00   2.0999999e+00
  -7.4000000e+01   2.0999999e+00   4.5999999e+00   4.5999999e+00   3.0999999e+00   5.1999998e+00   3.0999999e+00   2.0999999e+00   0.0000000e+00   0.0000000e+00   0.0000000e+00   1.8999999e+00   7.1999998e+00   5.6999998e+00   5.1999998e+00
  -7.3000000e+01   1.5000000e+00   4.5999999e+00   4.5999999e+00   2.0999999e+00   4.5999999e+00   4.0999999e+00   1.5000000e+00   2.0000000e+00   0.0000000e+00   0.0000000e+00   1.7000000e+00   6.6999998e+00   4.0999999e+00   2.5999999e+00
  -7.2000000e+01   2.0999999e+00   3.0999999e+00   0.0000000e+00   2.5999999e+00   4.0999999e+00   5.0999999e+00   0.0000000e+00   2.0999999e+00   0.0000000e+00   0.0000000e+00   1.5000000e+00   6.1999998e+00   5.1999998e+00   1.5000000e+00
  -7.1000000e+01   2.0999999e+00   0.0000000e+00   2.0999999e+00   3.0999999e+00   3.5999999e+00   5.0999999e+00   0.0000000e+00   3.0999999e+00   0.0000000e+00   3.3333333e-01   1.8666666e+00   5.4999998e+00   4.5999999e+00   2.0999999e+00
  -7.0000000e+01   2.5999999e+00   3.5999999e+00   4.1909516e-09   2.5999999e+00   3.0999999e+00   4.0999999e+00   0.0000000e+00   2.0000000e+00   0.0000000e+00   6.6666667e-01   2.2333333e+00   4.7999999e+00   3.5999999e+00   3.0999999e+00
  -6.9000000e+01   3.0999999e+00   1.5000000e+00   1.5000000e+00   3.0999999e+00   2.5999999e+00   5.6999998e+00   0.0000000e+00   0.0000000e+00   0.0000000e+00   1.0000000e+00   2.5999999e+00   4.0999999e+00   2.0999999e+00   4.0999999e+00
  -6.8000000e+01   2.5999999e+00   0.0000000e+00   3.0999999e+00   3.0999999e+00   2.0999999e+00   5.6999998e+00   1.5000000e+00   3.5999999e+00   0.0000000e+00   6.6666667e-01   2.5999999e+00   4.4333332e+00   4.0999999e+00   3.0999999e+00
  -6.7000000e+01   5.1999998e+00   4.1909516e-09   1.5000000e+00   2.5999999e+00   2.5999999e+00   5.6999998e+00   3.0999999e+00   4.0999999e+00   0.0000000e+00   3.3333333e-01   2.5999999e+00   4.7666666e+00   2.5999999e+00   3.5999999e+00
  -6.6000000e+01   5.1999998e+00   1.5000000e+00   1.5000000e+00   4.5999999e+00   0.0000000e+00   4.5999999e+00   3.0999999e+00   4.5999999e+00   0.0000000e+00   0.0000000e+00   2.5999999e+00   5.0999999e+00   2.0999999e+00   4.5999999e+00
  -6.5000000e+01   6.1999998e+00   0.0000000e+00   2.5999999e+00   6.1999998e+00   2.0999999e+00   3.0999999e+00   4.0999999e+00   6.0999999e+00   0.0000000e+00   0.0000000e+00   2.4333332e+00   4.9333332e+00   2.5999999e+00   4.5999999e+00
  -6.4000000e+01   6.1999998e+00   5.8673319e-09   1.5000000e+00   5.6999998e+00   1.5000000e+00   2.5999999e+00   5.0999999e+00   6.0999999e+00   0.0000000e+00   0.0000000e+00   2.2666666e+00   4.7666666e+00   0.0000000e+00   4.5999999e+00
  -6.3000000e+01   4.0999999e+00   2.0999999e+00   2.0999999e+00   7.1999998e+00   4.0999999e+00   2.0999999e+00   5.6999998e+00   5.0999999e+00   0.0000000e+00   0.0000000e+00   2.0999999e+00   4.5999999e+00   0.0000000e+00   5.1999998e+00
  -6.2000000e+01   4.0999999e+00   0.0000000e+00   2.0999999e+00   6.6999998e+00   6.1999998e+00   2.5999999e+00   4.5999999e+00   4.5999999e+00   0.0000000e+00   0.0000000e+00   2.0999999e+00   4.0999999e+00   2.5999999e+00   6.1999998e+00
  -6.1000000e+01   6.1999998e+00   7.2643158e-09   2.0999999e+00   7.1999998e+00   5.6999998e+00   1.5000000e+00   5.6999998e+00   4.0999999e+00   0.0000000e+00   0.0000000e+00   2.0999999e+00   3.5999999e+00   4.0999999e+00   6.1999998e+00
  -6.0000000e+01   6.1999998e+00   2.5999999e+00   1.5000000e+00   7.1999998e+00   5.6999998e+00   0.0000000e+00   4.0999999e+00   4.0999999e+00   0.0000000e+00   0.0000000e+00   2.0999999e+00   3.0999999e+00   3.0999999e+00   3.5999999e+00
  -5.9000000e+01   7.1999998e+00   0.0000000e+00   0.0000000e+00   6.1999998e+00   6.1999998e+00   0.0000000e+00   4.5999999e+00   4.0999999e+00   0.0000000e+00   0.0000000e+00   1.8999999e+00   4.2999999e+00   3.5999999e+00   4.0999999e+00
  -5.8000000e+01   5.1999998e+00   1.0058284e-08   0.0000000e+00   6.1999998e+00   6.1999998e+00   1.0058284e-08   4.0999999e+00   3.5999999e+00   0.0000000e+00   0.0000000e+00   1.7000000e+00   5.4999998e+00   3.0999999e+00   3.5999999e+00
  -5.7000000e+01   4.0999999e+00   3.5999999e+00   0.0000000e+00   7.1999998e+00   6.6999998e+00   3.5999999e+00   2.0999999e+00   3.0999999e+00   4.0000000e+00   0.0000000e+00   1.5000000e+00   6.6999998e+00   3.5999999e+00   2.5999999e+00
  -5.6000000e+01   4.0999999e+00   4.5999999e+00   2.0999999e+00   6.6999998e+00   6.6999998e+00   3.0999999e+00   1.5000000e+00   2.0000000e+00   3.3333333e+00   0.0000000e+00   2.0333333e+00   5.6666665e+00   4.0999999e+00   1.5000000e+00
  -5.5000000e+01   4.0999999e+00   5.6999998e+00   2.0999999e+00   3.5999999e+00   5.6999998e+00   3.0999999e+00   0.0000000e+00   0.0000000e+00   2.6666667e+00   0.0000000e+00   2.5666666e+00   4.6333332e+00   4.5999999e+00   2.5999999e+00
  -5.4000000e+01   3.0999999e+00   5.1999998e+00   3.5999999e+00   5.1999998e+00   4.5999999e+00   4.0999999e+00   0.0000000e+00   1.5000000e+00   2.0000000e+00   0.0000000e+00   3.0999999e+00   3.5999999e+00   4.0999999e+00   2.5999999e+00
  -5.3000000e+01   1.5000000e+00   5.6999998e+00   2.0999999e+00   3.0999999e+00   5.6999998e+00   3.0999999e+00   0.0000000e+00   2.5999999e+00   2.0000000e+00   3.3333333e-01   3.0999999e+00   3.5999999e+00   6.1999998e+00   3.0999999e+00
  -5.2000000e+01   3.5999999e+00   4.5999999e+00   2.0999999e+00   2.5999999e+00   4.5999999e+00   4.0999999e+00   0.0000000e+00   2.5999999e+00   2.0000000e+00   6.6666667e-01   3.0999999e+00   3.5999999e+00   5.1999998e+00   4.0999999e+00
  -5.1000000e+01   4.0999999e+00   4.5999999e+00   3.0999999e+00   1.5000000e+00   3.5999999e+00   5.0999999e+00   1.5000000e+00   0.0000000e+00   1.0000000e+00   1.0000000e+00   3.0999999e+00   3.5999999e+00   5.1999998e+00   4.5999999e+00
  -5.0000000e+01   3.0999999e+00   4.0999999e+00   5.1999998e+00   2.0999999e+00   3.0999999e+00   5.0999999e+00   0.0000000e+00   2.0000000e+00   0.0000000e+00   1.0000000e+00   3.0999999e+00   3.5999999e+00   6.6999998e+00   4.0999999e+00
  -4.9000000e+01   2.0999999e+00   5.6999998e+00   2.0999999e+00   1.5000000e+00   4.0999999e+00   4.0999999e+00   1.5000000e+00   2.0000000e+00   5.0000000e+00   1.0000000e+00   3.0999999e+00   3.5999999e+00   5.6999998e+00   4.5999999e+00
  -4.8000000e+01   2.5999999e+00   3.0999999e+00   3.5999999e+00   2.0999999e+00   3.0999999e+00   4.5999999e+00   0.0000000e+00   0.0000000e+00   0.0000000e+00   1.0000000e+00   3.0999999e+00   3.5999999e+00   5.6999998e+00   4.0999999e+00
  -4.7000000e+01   1.5000000e+00   4.5999999e+00   5.1999998e+00   2.0999999e+00   3.0999999e+00   5.0999999e+00   0.0000000e+00   0.0000000e+00   1.0000000e+00   1.0000000e+00   4.1333332e+00   3.7666666e+00   5.6999998e+00   4.0999999e+00
  -4.6000000e+01   3.5999999e+00   3.5999999e+00   3.5999999e+00   2.5999999e+00   2.0999999e+00   6.1999998e+00   2.0999999e+00   3.0999999e+00   2.0000000e+00   1.0000000e+00   5.1666665e+00   3.9333332e+00   6.1999998e+00   5.1999998e+00
  -4.5000000e+01   1.5000000e+00   2.5999999e+00   4.5999999e+00   2.0999999e+00   2.5999999e+00   3.5999999e+00   1.5000000e+00   3.0999999e+00   2.0000000e+00   1.0000000e+00   6.1999998e+00   4.0999999e+00   6.1999998e+00   4.0999999e+00
  -4.4000000e+01   2.0999999e+00   2.5999999e+00   2.5999999e+00   3.0999999e+00   2.5999999e+00   5.0999999e+00   1.5000000e+00   4.5999999e+00   2.0000000e+00   6.6666667e-01   5.4999998e+00   3.0666666e+00   6.1999998e+00   3.5999999e+00
  -4.3000000e+01   1.5000000e+00   3.0999999e+00   2.0999999e+00   3.0999999e+00   2.5999999e+00   5.0999999e+00   4.0999999e+00   5.5999999e+00   2.0000000e+00   3.3333333e-01   4.7999999e+00   2.0333333e+00   6.6999998e+00   4.5999999e+00
  -4.2000000e+01   4.5999999e+00   1.5000000e+00   1.5000000e+00   3.5999999e+00   2.0999999e+00   5.0999999e+00   3.0999999e+00   5.0999999e+00   2.0000000e+00   0.0000000e+00   4.0999999e+00   1.0000000e+00   6.6999998e+00   5.1999998e+00
  -4.1000000e+01   4.0999999e+00   1.5000000e+00   2.5999999e+00   4.5999999e+00   2.0999999e+00   3.5999999e+00   5.0999999e+00   5.5999999e+00   2.0000000e+00   0.0000000e+00   3.7666666e+00   2.3666666e+00   5.6999998e+00   5.1999998e+00
  -4.0000000e+01   4.0999999e+00   1.5000000e+00   2.0999999e+00   5.1999998e+00   3.0999999e+00   3.0999999e+00   5.6999998e+00   5.5999999e+00   1.0000000e+00   0.0000000e+00   3.4333332e+00   3.7333333e+00   5.1999998e+00   5.1999998e+00
  -3.9000000e+01   6.1999998e+00   2.5999999e+00   1.5000000e+00   5.1999998e+00   5.1999998e+00   2.5999999e+00   5.6999998e+00   5.6999998e+00   0.0000000e+00   0.0000000e+00   3.0999999e+00   5.0999999e+00   5.6999998e+00   5.1999998e+00
  -3.8000000e+01   7.1999998e+00   2.5999999e+00   2.0999999e+00   6.6999998e+00   3.5999999e+00   2.0999999e+00   6.6999998e+00   6.0999999e+00   2.0000000e+00   0.0000000e+00   3.4333332e+00   4.7666666e+00   4.5999999e+00   3.5999999e+00
  -3.7000000e+01   5.1999998e+00   2.5999999e+00   3.0999999e+00   5.1999998e+00   3.5999999e+00   2.5999999e+00   8.1999998e+00   6.0999999e+00   2.5000000e+00   0.0000000e+00   3.7666666e+00   4.4333332e+00   5.1999998e+00   4.0999999e+00
  -3.6000000e+01   5.1999998e+00   1.5000000e+00   2.0999999e+00   5.6999998e+00   4.5999999e+00   5.6999998e+00   9.3000002e+00   7.1999998e+00   3.0000000e+00   0.0000000e+00   4.0999999e+00   4.0999999e+00   4.5999999e+00   3.0999999e+00
  -3.5000000e+01   6.6999998e+00   0.0000000e+00   2.5999999e+00   9.8000002e+00   7.1999998e+00   1.5000000e+00   6.6999998e+00   6.0999999e+00   4.0000000e+00   0.0000000e+00   4.7999999e+00   4.6333332e+00   6.6999998e+00   4.5999999e+00
  -3.4000000e+01   6.1999998e+00   4.1909516e-09   2.0999999e+00   1.2900000e+01   5.6999998e+00   3.5999999e+00   7.1999998e+00   5.0999999e+00   3.0000000e+00   0.0000000e+00   5.4999998e+00   5.1666665e+00   6.6999998e+00   4.0999999e+00
  -3.3000000e+01   5.1999998e+00   1.5000000e+00   2.0999999e+00   3.5999999e+00   5.1999998e+00   3.5999999e+00   5.6999998e+00   5.6999998e+00   5.0000000e+00   0.0000000e+00   6.1999998e+00   5.6999998e+00   7.1999998e+00   2.5999999e+00
  -3.2000000e+01   5.1999998e+00   3.0999999e+00   2.5999999e+00   5.6999998e+00   4.5999999e+00   4.0999999e+00   4.5999999e+00   5.0999999e+00   3.0000000e+00   0.0000000e+00   7.2333333e+00   5.4999998e+00   6.6999998e+00   2.5999999e+00
  -3.1000000e+01   4.5999999e+00   5.1999998e+00   4.5999999e+00   5.6999998e+00   5.1999998e+00   4.5999999e+00   5.0999999e+00   3.5999999e+00   4.0000000e+00   5.0000000e-01   8.2666667e+00   5.2999999e+00   6.1999998e+00   2.5999999e+00
  -3.0000000e+01   5.1999998e+00   5.1999998e+00   4.0999999e+00   6.6999998e+00   4.5999999e+00   5.0999999e+00   5.0999999e+00   2.0999999e+00   5.0000000e+00   1.0000000e+00   9.3000002e+00   5.0999999e+00   8.1999998e+00   4.0999999e+00
  -2.9000000e+01   4.0999999e+00   6.1999998e+00   4.5999999e+00   5.6999998e+00   5.1999998e+00   4.0999999e+00   4.0999999e+00   2.0000000e+00   2.0000000e+00   2.0000000e+00   8.9333334e+00   5.0999999e+00   5.6999998e+00   4.5999999e+00
  -2.8000000e+01   3.5999999e+00   8.1999998e+00   6.1999998e+00   5.6999998e+00   3.0999999e+00   6.6999998e+00   5.6999998e+00   2.0000000e+00   4.0000000e+00   2.0000000e+00   8.5666666e+00   5.0999999e+00   6.6999998e+00   4.0999999e+00
  -2.7000000e+01   3.0999999e+00   7.1999998e+00   5.6999998e+00   7.6999998e+00   4.0999999e+00   6.6999998e+00   4.5999999e+00   4.5999999e+00   4.0000000e+00   4.0000000e+00   8.1999998e+00   5.0999999e+00   6.6999998e+00   4.5999999e+00
  -2.6000000e+01   2.5999999e+00   6.1999998e+00   6.6999998e+00   8.1999998e+00   4.5999999e+00   6.1999998e+00   5.6999998e+00   3.5999999e+00   4.0000000e+00   1.0000000e+00   8.1999998e+00   4.9333332e+00   6.1999998e+00   5.1999998e+00
  -2.5000000e+01   3.0999999e+00   6.1999998e+00   6.6999998e+00   6.1999998e+00   4.0999999e+00   7.6999998e+00   5.0999999e+00   4.5999999e+00   5.0000000e+00   0.0000000e+00   8.1999998e+00   4.7666666e+00   4.5999999e+00   5.1999998e+00
  -2.4000000e+01   3.0999999e+00   5.6999998e+00   6.1999998e+00   7.1999998e+00   3.0999999e+00   8.8000002e+00   6.6999998e+00   4.5999999e+00   6.0000000e+00   3.0000000e+00   8.1999998e+00   4.5999999e+00   6.1999998e+00   4.5999999e+00
  -2.3000000e+01   2.5999999e+00   5.1999998e+00   6.1999998e+00   6.1999998e+00   3.5999999e+00   8.1999998e+00   7.1999998e+00   3.5999999e+00   8.0000000e+00   0.0000000e+00   8.1999998e+00   4.5999999e+00   4.0999999e+00   4.0999999e+00
  -2.2000000e+01   2.5999999e+00   5.6999998e+00   5.6999998e+00   7.6999998e+00   4.0999999e+00   8.8000002e+00   8.1999998e+00   5.0999999e+00   8.0000000e+00   0.0000000e+00   8.1999998e+00   4.5999999e+00   5.6999998e+00   4.5999999e+00
  -2.1000000e+01   1.5000000e+00   4.0999999e+00   4.5999999e+00   8.8000002e+00   3.0999999e+00   7.6999998e+00   7.6999998e+00   4.5999999e+00   8.0000000e+00   0.0000000e+00   8.1999998e+00   4.5999999e+00   6.6999998e+00   5.6999998e+00
  -2.0000000e+01   2.5999999e+00   4.5999999e+00   3.0999999e+00   8.1999998e+00   3.5999999e+00   8.1999998e+00   1.0800000e+01   8.1999998e+00   6.6666667e+00   0.0000000e+00   8.1999998e+00   4.7666666e+00   3.0999999e+00   5.1999998e+00
  -1.9000000e+01   5.1999998e+00   3.5999999e+00   4.0999999e+00   9.3000002e+00   4.0999999e+00   6.6999998e+00   9.8000002e+00   6.5999999e+00   5.3333333e+00   0.0000000e+00   8.1999998e+00   4.9333332e+00   3.0999999e+00   5.6999998e+00
  -1.8000000e+01   5.1999998e+00   4.0999999e+00   0.0000000e+00   1.0300000e+01   3.0999999e+00   8.8000002e+00   1.0300000e+01   5.6999998e+00   4.0000000e+00   0.0000000e+00   8.1999998e+00   5.0999999e+00   3.5999999e+00   7.6999998e+00
  -1.7000000e+01   6.6999998e+00   3.5999999e+00   0.0000000e+00   8.1999998e+00   4.5999999e+00   7.6999998e+00   1.1800000e+01   1.0200000e+01   5.3333333e+00   0.0000000e+00   8.8999999e+00   5.7999999e+00   3.0999999e+00   7.1999998e+00
  -1.6000000e+01   6.6999998e+00   4.0999999e+00   2.0999999e+00   9.3000002e+00   6.6999998e+00   1.1800000e+01   1.4900000e+01   7.0999999e+00   6.6666667e+00   0.0000000e+00   9.6000001e+00   6.4999998e+00   3.0999999e+00   7.6999998e+00
  -1.5000000e+01   7.1999998e+00   4.5999999e+00   3.0999999e+00   1.0800000e+01   5.1999998e+00   1.3900000e+01   1.1300000e+01   4.5999999e+00   8.0000000e+00   3.0000000e+00   1.0300000e+01   7.1999998e+00   4.5999999e+00   7.1999998e+00
  -1.4000000e+01   5.1999998e+00   4.5999999e+00   5.1999998e+00   9.8000002e+00   6.6999998e+00   1.4900000e+01   1.2400000e+01   6.0999999e+00   9.3333333e+00   3.0000000e+00   9.6000001e+00   7.3666665e+00   3.5999999e+00   7.6999998e+00
  -1.3000000e+01   7.1999998e+00   4.5999999e+00   5.6999998e+00   9.3000002e+00   8.1999998e+00   1.3900000e+01   1.3400000e+01   8.1999998e+00   1.0666667e+01   3.0000000e+00   8.8999999e+00   7.5333331e+00   5.1999998e+00   1.0300000e+01
  -1.2000000e+01   1.0300000e+01   4.5999999e+00   2.0999999e+00   1.0300000e+01   6.6999998e+00   1.3711666e+01   1.3900000e+01   4.5999999e+00   1.2000000e+01   3.0000000e+00   8.1999998e+00   7.6999998e+00   4.5999999e+00   1.0300000e+01
  -1.1000000e+01   7.1999998e+00   5.1999998e+00   1.5000000e+00   1.0300000e+01   8.1999998e+00   1.3523333e+01   1.6000000e+01   6.5999999e+00   1.7666667e+01   4.0000000e+00   1.0266666e+01   7.6999998e+00   4.5999999e+00   1.3400000e+01
  -1.0000000e+01   7.6999998e+00   5.1999998e+00   3.0999999e+00   1.2400000e+01   8.8000002e+00   1.3335000e+01   1.7000000e+01   7.0999999e+00   2.3333333e+01   6.0000000e+00   1.2333333e+01   7.6999998e+00   4.5999999e+00   1.1300000e+01
  -9.0000000e+00   1.0300000e+01   6.6999998e+00   3.0999999e+00   1.2400000e+01   7.1999998e+00   1.3146666e+01   1.9000000e+01   7.6999998e+00   2.9000000e+01   5.6666667e+00   1.4400000e+01   7.6999998e+00   6.1999998e+00   1.1300000e+01
  -8.0000000e+00   4.0999999e+00   7.1999998e+00   4.0999999e+00   1.1300000e+01   8.1999998e+00   1.2958333e+01   2.1100000e+01   1.0200000e+01   2.2666667e+01   5.3333333e+00   1.3900000e+01   8.8999999e+00   7.1999998e+00   1.3400000e+01
  -7.0000000e+00   7.1999998e+00   5.1999998e+00   4.0999999e+00   1.1800000e+01   8.8000002e+00   1.2770000e+01   2.0100000e+01   9.1999998e+00   1.6333333e+01   5.0000000e+00   1.3400000e+01   1.0100000e+01   6.1999998e+00   1.6500000e+01
  -6.0000000e+00   7.6999998e+00   7.1999998e+00   4.5999999e+00   8.1999998e+00   1.1800000e+01   1.2581666e+01   2.3700001e+01   9.8000002e+00   1.0000000e+01   3.0000000e+00   1.2900000e+01   1.1300000e+01   8.1999998e+00   1.6500000e+01
  -5.0000000e+00   6.1999998e+00   5.1999998e+00   4.0999999e+00   1.2400000e+01   9.8000002e+00   1.2393333e+01   2.3253334e+01   9.6999998e+00   1.0000000e+01   5.0000000e+00   1.3066666e+01   8.1999998e+00   7.6999998e+00   1.8500000e+01
  -4.0000000e+00   7.6999998e+00   8.1999998e+00   5.6999998e+00   1.0800000e+01   9.8000002e+00   1.2205000e+01   2.2806667e+01   1.1200000e+01   1.0000000e+01   7.0000000e+00   1.3233333e+01   1.1300000e+01   8.8000002e+00   1.7500000e+01
  -3.0000000e+00   7.6999998e+00   8.8000002e+00   6.1999998e+00   1.2400000e+01   1.1300000e+01   1.2016666e+01   2.2360001e+01   6.1999998e+00   1.0000000e+01   9.0000000e+00   1.3400000e+01   1.1800000e+01   7.6999998e+00   1.9100000e+01
  -2.0000000e+00   1.2900000e+01   6.1999998e+00   8.1999998e+00   1.0300000e+01   1.0300000e+01   1.1828333e+01   2.1913334e+01   7.6999998e+00   1.0000000e+01   1.0000000e+01   1.6133333e+01   1.3400000e+01   9.8000002e+00   2.1600000e+01
  -1.0000000e+00   2.0600000e+01   8.1999998e+00   1.9000000e+01   1.2900000e+01   1.1300000e+01   1.1640000e+01   2.1466667e+01   9.6999998e+00   1.0000000e+01   1.1000000e+01   1.8866667e+01   1.8500000e+01   1.0300000e+01   2.2700001e+01
   0.0000000e+00   2.8299999e+01   8.1999998e+00   2.1100000e+01   1.3400000e+01   1.1800000e+01   1.1451666e+01   2.1020001e+01   1.0300000e+01   1.0000000e+01   1.2000000e+01   2.1600000e+01   2.0000000e+01   1.4900000e+01   2.1600000e+01
   1.0000000e+00   3.8599998e+01   6.6999998e+00   1.8500000e+01   1.2400000e+01   8.8000002e+00   1.1263333e+01   2.0573334e+01   1.0700000e+01   1.3333333e+01   1.0000000e+01   2.4700000e+01   2.0600000e+01   2.1100000e+01   2.0600000e+01
   2.0000000e+00   3.8599998e+01   9.3000002e+00   1.7910000e+01   1.0300000e+01   1.0300000e+01   1.1075000e+01   2.0126667e+01   1.1200000e+01   1.6666667e+01   5.0000000e+00   2.7800000e+01   3.2900002e+01   2.1100000e+01   1.5500000e+01
   3.0000000e+00   3.0900000e+01   7.6999998e+00   1.7320000e+01   9.3000002e+00   8.8000002e+00   1.0886666e+01   1.9680001e+01   9.3000002e+00   2.0000000e+01   0.0000000e+00   3.0900000e+01   2.0600000e+01   2.1600000e+01   1.3400000e+01
   4.0000000e+00   2.3200001e+01   9.3000002e+00   1.6730000e+01   1.0300000e+01   8.8000002e+00   1.0698333e+01   1.9233334e+01   8.6999998e+00   2.0000000e+01   0.0000000e+00   2.6100000e+01   2.1100000e+01   2.1100000e+01   1.0300000e+01
   5.0000000e+00   1.2900000e+01   9.8000002e+00   1.6140000e+01   7.1999998e+00   7.6999998e+00   1.0510000e+01   1.8786667e+01   7.6999998e+00   2.0000000e+01   0.0000000e+00   2.1300000e+01   1.7500000e+01   1.8500000e+01   1.1800000e+01
   6.0000000e+00   1.2900000e+01   8.8000002e+00   1.5550000e+01   1.1300000e+01   8.1999998e+00   1.0321666e+01   1.8340001e+01   6.6999998e+00   2.0000000e+01   0.0000000e+00   1.6500000e+01   1.6400000e+01   1.9600000e+01   9.8000002e+00
   7.0000000e+00   6.1999998e+00   7.1999998e+00   1.4960000e+01   1.0300000e+01   7.6999998e+00   1.0133333e+01   1.7893334e+01   6.5999999e+00   2.0000000e+01   2.0000000e+00   1.6133333e+01   1.4900000e+01   1.8000000e+01   1.1800000e+01
   8.0000000e+00   7.6999998e+00   7.1999998e+00   1.4370000e+01   1.1800000e+01   8.1999998e+00   9.9449997e+00   1.7446667e+01   6.0999999e+00   2.0000000e+01   0.0000000e+00   1.5766666e+01   1.1800000e+01   1.3400000e+01   9.3000002e+00
   9.0000000e+00   7.6999998e+00   7.1999998e+00   1.3780000e+01   1.3400000e+01   8.8000002e+00   9.7566664e+00   1.7000000e+01   6.6999998e+00   2.0000000e+01   0.0000000e+00   1.5400000e+01   9.8000002e+00   1.3400000e+01   8.8000002e+00
   1.0000000e+01   7.6999998e+00   6.1999998e+00   1.3190000e+01   1.0800000e+01   9.3000002e+00   9.5683331e+00   1.6553334e+01   5.5999999e+00   1.8333333e+01   0.0000000e+00   1.5207246e+01   9.6333335e+00   1.0300000e+01   8.1999998e+00
   1.1000000e+01   8.1999998e+00   6.6999998e+00   1.2600000e+01   1.0800000e+01   8.8000002e+00   9.3799997e+00   1.6106667e+01   7.0999999e+00   1.6666667e+01   0.0000000e+00   1.5014492e+01   9.4666669e+00   6.1999998e+00   5.6999998e+00
   1.2000000e+01   1.0300000e+01   4.5999999e+00   1.2010000e+01   1.2400000e+01   1.0300000e+01   9.1916664e+00   1.5660000e+01   5.6999998e+00   1.5000000e+01   0.0000000e+00   1.4821739e+01   9.3000002e+00   5.6999998e+00   5.6999998e+00
   1.3000000e+01   7.6999998e+00   5.6999998e+00   1.1420000e+01   6.6999998e+00   8.8000002e+00   9.0033331e+00   1.5213334e+01   4.5999999e+00   1.0000000e+01   0.0000000e+00   1.4628985e+01   8.1000001e+00   5.6999998e+00   5.6999998e+00
   1.4000000e+01   6.1999998e+00   5.1999998e+00   1.0830000e+01   9.3000002e+00   7.6999998e+00   8.8149997e+00   1.4766667e+01   4.0999999e+00   5.0000000e+00   0.0000000e+00   1.4436232e+01   6.8999999e+00   6.1999998e+00   4.5999999e+00
   1.5000000e+01   7.6999998e+00   8.1999998e+00   1.0240000e+01   9.8000002e+00   7.1999998e+00   8.6266664e+00   1.4320000e+01   3.5999999e+00   6.2500000e+00   0.0000000e+00   1.4243478e+01   5.6999998e+00   4.5999999e+00   8.1999998e+00
   1.6000000e+01   5.6999998e+00   6.1999998e+00   9.6499999e+00   9.3000002e+00   8.8000002e+00   8.4383331e+00   1.3873334e+01   4.0999999e+00   7.5000000e+00   0.0000000e+00   1.4050724e+01   5.4999998e+00   3.5999999e+00   3.0999999e+00
   1.7000000e+01   6.1999998e+00   6.1999998e+00   9.0599998e+00   8.1999998e+00   7.1999998e+00   8.2499998e+00   1.3426667e+01   3.5999999e+00   8.7500000e+00   0.0000000e+00   1.3857971e+01   5.2999999e+00   3.5999999e+00   3.0999999e+00
   1.8000000e+01   6.6999998e+00   8.8000002e+00   8.4699998e+00   6.6999998e+00   6.6999998e+00   8.0616664e+00   1.2980000e+01   4.0999999e+00   1.0000000e+01   0.0000000e+00   1.3665217e+01   5.0999999e+00   5.6999998e+00   3.0999999e+00
   1.9000000e+01   6.6999998e+00   7.6999998e+00   7.8799998e+00   7.1999998e+00   4.5999999e+00   7.8733331e+00   1.2533334e+01   4.5999999e+00   1.1000000e+01   0.0000000e+00   1.3472463e+01   4.9333332e+00   4.0999999e+00   4.5999999e+00
   2.0000000e+01   6.6999998e+00   6.1999998e+00   7.2899998e+00   8.1999998e+00   4.5999999e+00   7.6849998e+00   1.2086667e+01   3.5999999e+00   8.5000000e+00   0.0000000e+00   1.3279710e+01   4.7666666e+00   3.0999999e+00   3.0999999e+00
   2.1000000e+01   4.0999999e+00   8.8000002e+00   6.6999998e+00   6.1999998e+00   3.0999999e+00   7.4966664e+00   1.1640000e+01   2.0999999e+00   6.0000000e+00   0.0000000e+00   1.3086956e+01   4.5999999e+00   3.5999999e+00   2.5999999e+00
   2.2000000e+01   3.5999999e+00   6.6999998e+00   7.1999998e+00   8.8000002e+00   5.1999998e+00   7.3083331e+00   1.1193334e+01   2.5999999e+00   5.0000000e+00   6.6666667e-01   1.2894203e+01   3.7666666e+00   3.5999999e+00   2.5999999e+00
   2.3000000e+01   3.5999999e+00   8.8000002e+00   7.1999998e+00   6.1999998e+00   4.5999999e+00   7.1199998e+00   1.0746667e+01   3.5999999e+00   5.0000000e+00   1.3333333e+00   1.2701449e+01   2.9333332e+00   4.5999999e+00   3.5999999e+00
   2.4000000e+01   3.0999999e+00   5.1999998e+00   7.1999998e+00   6.6999998e+00   4.0999999e+00   6.9316665e+00   1.0300000e+01   2.5999999e+00   5.0000000e+00   2.0000000e+00   1.2508695e+01   2.0999999e+00   5.1999998e+00   2.0999999e+00
   2.5000000e+01   3.0999999e+00   4.5999999e+00   4.0999999e+00   6.1999998e+00   4.5999999e+00   6.7433331e+00   9.8533335e+00   4.0999999e+00   4.0000000e+00   1.3333333e+00   1.2315942e+01   2.2666666e+00   5.1999998e+00   1.5000000e+00
   2.6000000e+01   2.5999999e+00   4.0999999e+00   4.0999999e+00   6.6999998e+00   4.0999999e+00   6.5549998e+00   9.4066668e+00   4.5999999e+00   3.0000000e+00   6.6666667e-01   1.2123188e+01   2.4333332e+00   5.6999998e+00   2.5999999e+00
   2.7000000e+01   2.5999999e+00   2.5999999e+00   2.0999999e+00   6.1999998e+00   2.5999999e+00   6.3666665e+00   8.9600001e+00   5.6999998e+00   2.0000000e+00   0.0000000e+00   1.1930434e+01   2.5999999e+00   5.1999998e+00   2.0999999e+00
   2.8000000e+01   4.0999999e+00   2.5999999e+00   5.1999998e+00   5.6999998e+00   3.5999999e+00   6.1783331e+00   8.5133334e+00   5.0999999e+00   1.0000000e+00   0.0000000e+00   1.1737681e+01   3.0999999e+00   2.5999999e+00   1.5000000e+00
   2.9000000e+01   6.1999998e+00   2.5999999e+00   3.5999999e+00   6.1999998e+00   3.0999999e+00   5.9899998e+00   8.0666668e+00   7.0999999e+00   0.0000000e+00   0.0000000e+00   1.1544927e+01   3.5999999e+00   0.0000000e+00   2.3000000e+00
   3.0000000e+01   4.0999999e+00   2.5999999e+00   4.0999999e+00   6.1999998e+00   3.0999999e+00   5.8016665e+00   7.6200001e+00   6.6999998e+00   0.0000000e+00   0.0000000e+00   1.1352174e+01   4.0999999e+00   0.0000000e+00   3.0999999e+00
   3.1000000e+01   4.0999999e+00   2.5999999e+00   3.0999999e+00   7.1999998e+00   3.0999999e+00   5.6133332e+00   7.1733334e+00   5.5999999e+00   1.0000000e+00   0.0000000e+00   1.1159420e+01   4.0999999e+00   1.5000000e+00   4.5999999e+00
   3.2000000e+01   6.1999998e+00   2.0999999e+00   2.5999999e+00   7.6999998e+00   4.0999999e+00   5.4249998e+00   6.7266667e+00   5.5999999e+00   2.0000000e+00   0.0000000e+00   1.0966666e+01   4.0999999e+00   0.0000000e+00   4.0999999e+00
   3.3000000e+01   4.5999999e+00   0.0000000e+00   2.5999999e+00   8.8000002e+00   4.5999999e+00   5.2366665e+00   6.2800000e+00   5.6999998e+00   3.0000000e+00   0.0000000e+00   1.0773913e+01   4.0999999e+00   0.0000000e+00   4.5999999e+00
   3.4000000e+01   3.5999999e+00   0.0000000e+00   0.0000000e+00   9.3000002e+00   5.6999998e+00   5.0483332e+00   5.8333333e+00   4.0999999e+00   3.0000000e+00   0.0000000e+00   1.0581159e+01   3.9333332e+00   0.0000000e+00   4.0999999e+00
   3.5000000e+01   4.0999999e+00   0.0000000e+00   1.5000000e+00   8.1999998e+00   5.1999998e+00   4.8599998e+00   5.3866666e+00   3.0999999e+00   3.0000000e+00   0.0000000e+00   1.0388406e+01   3.7666666e+00   0.0000000e+00   3.5999999e+00
   3.6000000e+01   4.0999999e+00   0.0000000e+00   1.5000000e+00   7.1999998e+00   8.8000002e+00   4.6716665e+00   4.9400000e+00   0.0000000e+00   3.0000000e+00   0.0000000e+00   1.0195652e+01   3.5999999e+00   0.0000000e+00   4.0999999e+00
   3.7000000e+01   2.5999999e+00   0.0000000e+00   0.0000000e+00   6.6999998e+00   7.1999998e+00   4.4833332e+00   4.4933333e+00   2.0000000e+00   3.0000000e+00   6.6666667e-01   1.0002898e+01   2.7333333e+00   0.0000000e+00   3.5999999e+00
   3.8000000e+01   3.0999999e+00   2.0999999e+00   0.0000000e+00   6.6999998e+00   4.5999999e+00   4.2949999e+00   4.0466666e+00   3.0999999e+00   3.0000000e+00   1.3333333e+00   9.8101447e+00   1.8666666e+00   0.0000000e+00   3.0999999e+00
   3.9000000e+01   3.0999999e+00   1.5000000e+00   0.0000000e+00   6.6999998e+00   4.5999999e+00   4.1066665e+00   3.5999999e+00   3.3499999e+00   3.0000000e+00   2.0000000e+00   9.6173910e+00   1.0000000e+00   0.0000000e+00   3.0999999e+00
   4.0000000e+01   2.5999999e+00   2.0999999e+00   0.0000000e+00   5.6999998e+00   5.6999998e+00   3.9183332e+00   3.5999999e+00   3.5999999e+00   2.0000000e+00   1.6666667e+00   9.4246374e+00   2.5666666e+00   0.0000000e+00   3.0999999e+00
   4.1000000e+01   2.5999999e+00   3.5999999e+00   3.0999999e+00   3.5999999e+00   4.5999999e+00   3.7299999e+00   3.0999999e+00   3.0999999e+00   1.0000000e+00   1.3333333e+00   9.2318838e+00   4.1333332e+00   0.0000000e+00   1.5000000e+00
   4.2000000e+01   2.5999999e+00   4.5999999e+00   2.5999999e+00   2.0999999e+00   4.0999999e+00   3.5416665e+00   3.5999999e+00   3.0999999e+00   0.0000000e+00   1.0000000e+00   9.0391302e+00   5.6999998e+00   2.5999999e+00   1.5000000e+00
   4.3000000e+01   3.0999999e+00   4.5999999e+00   2.5999999e+00   3.5999999e+00   3.5999999e+00   3.3533332e+00   3.5999999e+00   2.0999999e+00   0.0000000e+00   2.0000000e+00   8.8463766e+00   6.3666665e+00   4.0999999e+00   0.0000000e+00
   4.4000000e+01   2.5999999e+00   5.1999998e+00   3.0999999e+00   5.6999998e+00   4.0999999e+00   3.1649999e+00   3.5999999e+00   0.0000000e+00   0.0000000e+00   3.0000000e+00   8.6536230e+00   7.0333331e+00   4.0999999e+00   0.0000000e+00
   4.5000000e+01   1.0000000e+00   4.0999999e+00   2.5999999e+00   5.1999998e+00   3.5999999e+00   2.9766666e+00   4.0999999e+00   2.0999999e+00   0.0000000e+00   4.0000000e+00   8.4608693e+00   7.6999998e+00   3.5999999e+00   0.0000000e+00
   4.6000000e+01   1.5000000e+00   4.5999999e+00   2.0999999e+00   4.0999999e+00   2.5999999e+00   2.7883332e+00   3.5999999e+00   2.0999999e+00   0.0000000e+00   4.3333333e+00   8.2681157e+00   6.3333332e+00   2.5999999e+00   0.0000000e+00
   4.7000000e+01   2.0999999e+00   2.5999999e+00   1.4528632e-08   4.0999999e+00   2.5999999e+00   2.5999999e+00   2.0999999e+00   0.0000000e+00   0.0000000e+00   4.6666667e+00   8.0753621e+00   4.9666665e+00   2.0999999e+00   0.0000000e+00
   4.8000000e+01   0.0000000e+00   2.5999999e+00   5.1999998e+00   3.5999999e+00   3.0999999e+00   2.5999999e+00   2.5999999e+00   2.0999999e+00   0.0000000e+00   5.0000000e+00   7.8826085e+00   3.5999999e+00   3.5999999e+00   0.0000000e+00
   4.9000000e+01   0.0000000e+00   4.0999999e+00   4.0999999e+00   2.5999999e+00   3.0999999e+00   1.5000000e+00   1.5000000e+00   3.0999999e+00   0.0000000e+00   3.6666667e+00   7.6898549e+00   3.5999999e+00   3.0999999e+00   2.5999999e+00
   5.0000000e+01   2.5999999e+00   4.5999999e+00   2.0999999e+00   2.0999999e+00   4.5999999e+00   2.0999999e+00   1.5000000e+00   2.5999999e+00   0.0000000e+00   2.3333333e+00   7.4971012e+00   3.5999999e+00   3.5999999e+00   7.2643158e-09
   5.1000000e+01   2.0999999e+00   3.5999999e+00   2.5999999e+00   2.0999999e+00   3.0999999e+00   2.5999999e+00   1.5000000e+00   3.5999999e+00   0.0000000e+00   1.0000000e+00   7.3043476e+00   3.5999999e+00   4.5999999e+00   2.5999999e+00
   5.2000000e+01   3.0999999e+00   2.5999999e+00   3.0999999e+00   2.5999999e+00   2.5999999e+00   3.5999999e+00   0.0000000e+00   3.5999999e+00   0.0000000e+00   6.6666667e-01   7.1115940e+00   3.9333332e+00   2.0999999e+00   2.0999999e+00
   5.3000000e+01   3.5999999e+00   2.0999999e+00   4.0999999e+00   1.5000000e+00   2.5999999e+00   2.5999999e+00   3.0999999e+00   4.0999999e+00   0.0000000e+00   3.3333333e-01   6.9188404e+00   4.2666666e+00   3.0999999e+00   2.5999999e+00
   5.4000000e+01   3.0999999e+00   2.0999999e+00   0.0000000e+00   2.5999999e+00   2.5999999e+00   4.0999999e+00   1.5000000e+00   4.5999999e+00   0.0000000e+00   0.0000000e+00   6.7260868e+00   4.5999999e+00   2.5999999e+00   3.0999999e+00
   5.5000000e+01   2.5999999e+00   1.5000000e+00   3.0999999e+00   3.0999999e+00   1.5000000e+00   4.0999999e+00   4.0999999e+00   5.0999999e+00   0.0000000e+00   0.0000000e+00   6.5333331e+00   5.6333332e+00   2.5999999e+00   2.5999999e+00
   5.6000000e+01   3.0999999e+00   0.0000000e+00   1.5000000e+00   5.1999998e+00   1.5000000e+00   3.5999999e+00   2.5999999e+00   5.0999999e+00   0.0000000e+00   0.0000000e+00   6.3405795e+00   6.6666665e+00   2.5999999e+00   4.0999999e+00
   5.7000000e+01   3.0999999e+00   0.0000000e+00   2.0999999e+00   4.0999999e+00   3.0999999e+00   2.5999999e+00   3.5999999e+00   5.6999998e+00   0.0000000e+00   0.0000000e+00   6.1478259e+00   7.6999998e+00   4.0999999e+00   4.5999999e+00
   5.8000000e+01   3.5999999e+00   2.0999999e+00   0.0000000e+00   3.0999999e+00   3.0999999e+00   2.0999999e+00   4.0999999e+00   4.0999999e+00   0.0000000e+00   1.0000000e+00   5.9550723e+00   7.5333331e+00   4.0999999e+00   4.5999999e+00
   5.9000000e+01   2.5999999e+00   4.1909516e-09   4.1909516e-09   4.5999999e+00   4.0999999e+00   2.0999999e+00   4.0999999e+00   6.1999998e+00   0.0000000e+00   2.0000000e+00   5.7623187e+00   7.3666665e+00   3.5999999e+00   3.5999999e+00
   6.0000000e+01   3.0999999e+00   1.5000000e+00   1.5000000e+00   0.0000000e+00   3.5999999e+00   2.0999999e+00   3.5999999e+00   0.0000000e+00   0.0000000e+00   3.0000000e+00   5.5695650e+00   7.1999998e+00   3.5999999e+00   4.5999999e+00
   6.1000000e+01   4.0999999e+00   2.0999999e+00   0.0000000e+00   5.6999998e+00   4.5999999e+00   1.5000000e+00   4.0999999e+00   0.0000000e+00   3.3333333e-01   2.6666667e+00   5.3768114e+00   7.5333331e+00   4.0999999e+00   6.1999998e+00
   6.2000000e+01   3.0999999e+00   1.5000000e+00   0.0000000e+00   3.5999999e+00   1.5000000e+00   4.1909516e-09   4.5999999e+00   1.5000000e+00   6.6666667e-01   2.3333333e+00   5.1840578e+00   7.8666665e+00   4.5999999e+00   5.1999998e+00
   6.3000000e+01   4.5999999e+00   3.5999999e+00   0.0000000e+00   4.0999999e+00   1.5000000e+00   1.5000000e+00   3.5999999e+00   3.0999999e+00   1.0000000e+00   2.0000000e+00   4.9913042e+00   8.1999998e+00   4.0999999e+00   3.5999999e+00
   6.4000000e+01   3.5999999e+00   1.5000000e+00   0.0000000e+00   2.0999999e+00   1.5000000e+00   3.5999999e+00   2.0999999e+00   2.0999999e+00   1.3333333e+00   2.3333333e+00   4.7985506e+00   8.3666665e+00   3.0999999e+00   3.0999999e+00
   6.5000000e+01   5.6999998e+00   2.5999999e+00   1.5000000e+00   2.5999999e+00   1.5000000e+00   2.0999999e+00   2.5999999e+00   2.5999999e+00   1.6666667e+00   2.6666667e+00   4.6057970e+00   8.5333331e+00   3.5999999e+00   3.5999999e+00
   6.6000000e+01   3.0999999e+00   3.5999999e+00   2.0999999e+00   2.0999999e+00   1.5000000e+00   1.5000000e+00   2.0999999e+00   2.0999999e+00   2.0000000e+00   3.0000000e+00   4.4130433e+00   8.6999998e+00   3.5999999e+00   4.0999999e+00
   6.7000000e+01   3.0999999e+00   5.1999998e+00   2.5999999e+00   2.0999999e+00   4.1909516e-09   1.5000000e+00   2.0999999e+00   0.0000000e+00   2.0000000e+00   3.6666667e+00   4.2202897e+00   8.1999998e+00   5.6999998e+00   3.0999999e+00
   6.8000000e+01   2.5999999e+00   4.5999999e+00   1.5000000e+00   0.0000000e+00   0.0000000e+00   1.5000000e+00   0.0000000e+00   0.0000000e+00   2.0000000e+00   4.3333333e+00   4.0275361e+00   7.6999998e+00   7.6999998e+00   3.5999999e+00
   6.9000000e+01   3.0999999e+00   3.5999999e+00   2.0999999e+00   1.5000000e+00   0.0000000e+00   0.0000000e+00   0.0000000e+00   0.0000000e+00   2.0000000e+00   5.0000000e+00   3.8347825e+00   7.1999998e+00   4.5999999e+00   2.5999999e+00
   7.0000000e+01   3.0999999e+00   3.5999999e+00   0.0000000e+00   3.5999999e+00   0.0000000e+00   0.0000000e+00   0.0000000e+00   0.0000000e+00   2.0000000e+00   5.0000000e+00   3.6420289e+00   6.6999998e+00   5.6999998e+00   2.5999999e+00
   7.1000000e+01   3.0999999e+00   4.5999999e+00   2.5999999e+00   2.0999999e+00   0.0000000e+00   2.0999999e+00   0.0000000e+00   2.0999999e+00   2.0000000e+00   5.0000000e+00   3.4492752e+00   6.1999998e+00   4.0999999e+00   3.5999999e+00
   7.2000000e+01   2.0999999e+00   4.0999999e+00   2.5999999e+00   0.0000000e+00   0.0000000e+00   4.5999999e+00   1.5000000e+00   1.5000000e+00   2.0000000e+00   5.0000000e+00   3.2565216e+00   5.6999998e+00   1.5000000e+00   3.0999999e+00
   7.3000000e+01   1.5000000e+00   0.0000000e+00   6.6999998e+00   0.0000000e+00   0.0000000e+00   6.1999998e+00   0.0000000e+00   2.0999999e+00   2.0000000e+00   5.3333333e+00   3.0637680e+00   6.0333331e+00   4.0999999e+00   3.5999999e+00
   7.4000000e+01   1.0000000e+00   1.5000000e+00   3.5999999e+00   0.0000000e+00   0.0000000e+00   6.1999998e+00   0.0000000e+00   4.0999999e+00   2.0000000e+00   5.6666667e+00   2.8710144e+00   6.3666665e+00   3.5999999e+00   3.0999999e+00
   7.5000000e+01   1.5000000e+00   2.0999999e+00   4.5999999e+00   0.0000000e+00   0.0000000e+00   4.5999999e+00   0.0000000e+00   3.0999999e+00   2.0000000e+00   6.0000000e+00   2.6782608e+00   6.6999998e+00   3.5999999e+00   2.5999999e+00
   7.6000000e+01   2.5999999e+00   2.5999999e+00   3.5999999e+00   1.5000000e+00   0.0000000e+00   2.0999999e+00   0.0000000e+00   4.5999999e+00   1.3333333e+00   4.6666667e+00   2.4855071e+00   6.5333331e+00   2.5999999e+00   3.0999999e+00
   7.7000000e+01   3.5999999e+00   2.5999999e+00   1.2400000e+01   2.0999999e+00   0.0000000e+00   2.5999999e+00   2.5999999e+00   1.5000000e+00   6.6666667e-01   3.3333333e+00   2.2927535e+00   6.3666665e+00   2.5999999e+00   4.0999999e+00
   7.8000000e+01   2.5999999e+00   3.0999999e+00   2.0999999e+00   3.5999999e+00   0.0000000e+00   0.0000000e+00   2.5999999e+00   2.5999999e+00   0.0000000e+00   2.0000000e+00   2.0999999e+00   6.1999998e+00   2.5999999e+00   4.0999999e+00
   7.9000000e+01   3.5999999e+00   1.5000000e+00   0.0000000e+00   3.0999999e+00   0.0000000e+00   0.0000000e+00   3.0999999e+00   2.5999999e+00   0.0000000e+00   2.6666667e+00   2.0999999e+00   6.6999998e+00   2.5999999e+00   4.5999999e+00
   8.0000000e+01   5.6999998e+00   3.5999999e+00   1.5000000e+00   4.0999999e+00   0.0000000e+00   0.0000000e+00   2.5999999e+00   3.0999999e+00   0.0000000e+00   3.3333333e+00   2.0999999e+00   7.1999998e+00   2.5999999e+00   3.5999999e+00
   8.1000000e+01   5.1999998e+00   1.5000000e+00   2.5999999e+00   3.0999999e+00   1.5000000e+00   0.0000000e+00   2.0999999e+00   1.5000000e+00   0.0000000e+00   4.0000000e+00   2.0999999e+00   7.6999998e+00   3.0999999e+00   3.5999999e+00
   8.2000000e+01   4.0999999e+00   2.0999999e+00   2.5999999e+00   5.6999998e+00   2.5999999e+00   0.0000000e+00   3.0999999e+00   3.0999999e+00   0.0000000e+00   3.0000000e+00   1.8999999e+00   8.0333331e+00   2.5999999e+00   3.0999999e+00
   8.3000000e+01   5.6999998e+00   0.0000000e+00   0.0000000e+00   4.5999999e+00   3.0999999e+00   1.5000000e+00   2.5999999e+00   0.0000000e+00   0.0000000e+00   2.0000000e+00   1.7000000e+00   8.3666665e+00   2.5999999e+00   4.5999999e+00
   8.4000000e+01   5.1999998e+00   0.0000000e+00   0.0000000e+00   3.0999999e+00   3.0999999e+00   0.0000000e+00   3.0999999e+00   2.0999999e+00   0.0000000e+00   1.0000000e+00   1.5000000e+00   8.6999998e+00   2.5999999e+00   4.5999999e+00
   8.5000000e+01   3.0999999e+00   0.0000000e+00   0.0000000e+00   4.5999999e+00   5.1999998e+00   0.0000000e+00   3.5999999e+00   2.5999999e+00   0.0000000e+00   6.6666667e-01   1.0000000e+00   8.6999998e+00   2.0999999e+00   5.1999998e+00
   8.6000000e+01   2.5999999e+00   5.8673319e-09   0.0000000e+00   4.5999999e+00   3.5999999e+00   0.0000000e+00   2.5999999e+00   3.5999999e+00   0.0000000e+00   3.3333333e-01   5.0000000e-01   8.6999998e+00   2.0999999e+00   3.5999999e+00
   8.7000000e+01   2.5999999e+00   2.0999999e+00   0.0000000e+00   4.0999999e+00   3.5999999e+00   0.0000000e+00   1.5000000e+00   3.5999999e+00   0.0000000e+00   0.0000000e+00   0.0000000e+00   8.6999998e+00   2.0999999e+00   4.5999999e+00
   8.8000000e+01   4.0999999e+00   4.5999999e+00   0.0000000e+00   4.0999999e+00   4.5999999e+00   1.5000000e+00   0.0000000e+00   3.5999999e+00   0.0000000e+00   0.0000000e+00   0.0000000e+00   8.8999999e+00   1.5000000e+00   2.0999999e+00
   8.9000000e+01   3.0999999e+00   5.6999998e+00   2.0999999e+00   3.5999999e+00   4.0999999e+00   1.5000000e+00   0.0000000e+00   1.5000000e+00   0.0000000e+00   0.0000000e+00   0.0000000e+00   9.1000001e+00   2.5999999e+00   2.5999999e+00
   9.0000000e+01   2.5999999e+00   4.5999999e+00   2.0999999e+00   4.0999999e+00   3.0999999e+00   2.0999999e+00   3.0999999e+00   0.0000000e+00   0.0000000e+00   0.0000000e+00   0.0000000e+00   9.3000002e+00   2.5999999e+00   3.5999999e+00
   9.1000000e+01   3.0999999e+00   6.1999998e+00   2.0999999e+00   1.5000000e+00   3.0999999e+00   2.0999999e+00   2.5999999e+00   1.5000000e+00   1.0000000e+00   1.0000000e+00   3.3333333e-01   8.6000001e+00   3.5999999e+00   3.0999999e+00
   9.2000000e+01   1.5000000e+00   8.8000002e+00   5.8673319e-09   0.0000000e+00   2.0999999e+00   2.5999999e+00   0.0000000e+00   0.0000000e+00   2.0000000e+00   2.0000000e+00   6.6666667e-01   7.8999999e+00   5.1999998e+00   3.0999999e+00
   9.3000000e+01   1.5000000e+00   2.5999999e+00   2.0999999e+00   0.0000000e+00   1.5000000e+00   3.0999999e+00   0.0000000e+00   1.5000000e+00   3.0000000e+00   3.0000000e+00   1.0000000e+00   7.1999998e+00   5.6999998e+00   2.5999999e+00
   9.4000000e+01   2.5999999e+00   3.0999999e+00   0.0000000e+00   2.5999999e+00   2.0999999e+00   5.0999999e+00   1.5000000e+00   1.5000000e+00   2.6666667e+00   2.6666667e+00   6.6666667e-01   7.1999998e+00   4.5999999e+00   2.0999999e+00
   9.5000000e+01   2.5999999e+00   2.0999999e+00   2.5999999e+00   3.0999999e+00   0.0000000e+00   4.5999999e+00   1.5000000e+00   0.0000000e+00   2.3333333e+00   2.3333333e+00   3.3333333e-01   7.1999998e+00   4.0999999e+00   3.0999999e+00
   9.6000000e+01   3.0999999e+00   3.0999999e+00   1.5000000e+00   1.5000000e+00   2.0999999e+00   4.0999999e+00   1.5000000e+00   0.0000000e+00   2.0000000e+00   2.0000000e+00   0.0000000e+00   7.1999998e+00   4.0999999e+00   3.0999999e+00
   9.7000000e+01   2.5999999e+00   3.5999999e+00   5.6999998e+00   0.0000000e+00   5.8673320e-09   3.5999999e+00   0.0000000e+00   0.0000000e+00   2.6666667e+00   1.3333333e+00   6.9999997e-01   6.1666665e+00   4.5999999e+00   3.0999999e+00
   9.8000000e+01   1.5000000e+00   1.5000000e+00   3.5999999e+00   0.0000000e+00   0.0000000e+00   5.0999999e+00   0.0000000e+00   3.0999999e+00   3.3333333e+00   6.6666667e-01   1.3999999e+00   5.1333332e+00   5.1999998e+00   2.5999999e+00
   9.9000000e+01   1.0000000e+00   0.0000000e+00   3.0999999e+00   0.0000000e+00   0.0000000e+00   3.0999999e+00   1.5000000e+00   3.5999999e+00   4.0000000e+00   0.0000000e+00   2.0999999e+00   4.0999999e+00   3.5999999e+00   2.5999999e+00
   1.0000000e+02   3.0999999e+00   4.0999999e+00   2.0999999e+00   2.5999999e+00   1.5000000e+00   4.0999999e+00   1.5000000e+00   2.0999999e+00   3.3333333e+00   0.0000000e+00   2.0999999e+00   3.7666666e+00   3.0999999e+00   3.0999999e+00
   1.0100000e+02   3.5999999e+00   3.5999999e+00   2.5999999e+00   4.0999999e+00   2.0999999e+00   3.0999999e+00   2.5999999e+00   6.6999998e+00   2.6666667e+00   0.0000000e+00   2.0999999e+00   3.4333332e+00   2.0999999e+00   6.1999998e+00
   1.0200000e+02   4.0999999e+00   0.0000000e+00   1.5000000e+00   3.0999999e+00   3.0999999e+00   2.5999999e+00   2.0999999e+00   4.0999999e+00   2.0000000e+00   0.0000000e+00   2.0999999e+00   3.0999999e+00   2.5999999e+00   6.1999998e+00
   1.0300000e+02   3.5999999e+00   0.0000000e+00   2.5999999e+00   4.5999999e+00   2.5999999e+00   2.0999999e+00   1.5000000e+00   6.1999998e+00   1.3333333e+00   0.0000000e+00   1.7333333e+00   2.9333332e+00   2.5999999e+00   5.1999998e+00
   1.0400000e+02   3.0999999e+00   2.5999999e+00   1.5000000e+00   5.6999998e+00   2.0999999e+00   1.5000000e+00   1.5000000e+00   2.5999999e+00   6.6666667e-01   0.0000000e+00   1.3666666e+00   2.7666666e+00   2.0999999e+00   5.1999998e+00
   1.0500000e+02   5.6999998e+00   2.0999999e+00   0.0000000e+00   4.0999999e+00   2.0999999e+00   0.0000000e+00   4.5999999e+00   6.6999998e+00   0.0000000e+00   0.0000000e+00   1.0000000e+00   2.5999999e+00   2.5999999e+00   7.1999998e+00
   1.0600000e+02   2.5999999e+00   1.5000000e+00   0.0000000e+00   4.5999999e+00   3.5999999e+00   0.0000000e+00   2.0999999e+00   2.0999999e+00   1.0000000e+00   0.0000000e+00   1.1666667e+00   2.9333332e+00   2.5999999e+00   4.5999999e+00
   1.0700000e+02   3.0999999e+00   3.5999999e+00   5.8673319e-09   4.5999999e+00   4.0999999e+00   5.8673319e-09   3.0999999e+00   0.0000000e+00   2.0000000e+00   0.0000000e+00   1.3333333e+00   3.2666666e+00   2.0999999e+00   4.0999999e+00
   1.0800000e+02   5.6999998e+00   3.0999999e+00   2.0999999e+00   4.0999999e+00   2.0999999e+00   2.0999999e+00   3.0999999e+00   0.0000000e+00   3.0000000e+00   0.0000000e+00   1.5000000e+00   3.5999999e+00   2.5999999e+00   4.5999999e+00
   1.0900000e+02   3.0999999e+00   2.5999999e+00   0.0000000e+00   5.1999998e+00   3.5999999e+00   0.0000000e+00   3.0999999e+00   2.0999999e+00   3.6666667e+00   0.0000000e+00   1.0000000e+00   3.9333332e+00   2.5999999e+00   4.0999999e+00
   1.1000000e+02   3.0999999e+00   3.0999999e+00   1.5000000e+00   4.5999999e+00   4.5999999e+00   0.0000000e+00   2.5999999e+00   0.0000000e+00   4.3333333e+00   0.0000000e+00   5.0000000e-01   4.2666666e+00   2.5999999e+00   4.5999999e+00
   1.1100000e+02   3.5999999e+00   2.5999999e+00   2.0999999e+00   5.1999998e+00   4.5999999e+00   0.0000000e+00   2.0999999e+00   2.0999999e+00   5.0000000e+00   0.0000000e+00   0.0000000e+00   4.5999999e+00   2.5999999e+00   4.5999999e+00
   1.1200000e+02   2.5999999e+00   4.5999999e+00   1.5000000e+00   5.1999998e+00   4.5999999e+00   0.0000000e+00   1.5000000e+00   2.0999999e+00   4.3333333e+00   0.0000000e+00   0.0000000e+00   4.0999999e+00   2.5999999e+00   2.5999999e+00
   1.1300000e+02   4.0999999e+00   5.6999998e+00   5.8673319e-09   5.1999998e+00   3.5999999e+00   4.1909516e-09   1.5000000e+00   0.0000000e+00   3.6666667e+00   0.0000000e+00   0.0000000e+00   3.5999999e+00   1.5000000e+00   2.5999999e+00
   1.1400000e+02   1.5000000e+00   4.5999999e+00   2.0999999e+00   5.1999998e+00   4.5999999e+00   1.5000000e+00   1.5000000e+00   1.5000000e+00   3.0000000e+00   0.0000000e+00   0.0000000e+00   3.0999999e+00   2.5999999e+00   2.5999999e+00
   1.1500000e+02   1.5000000e+00   6.1999998e+00   2.5999999e+00   5.6999998e+00   5.6999998e+00   3.0999999e+00   0.0000000e+00   1.5000000e+00   3.0000000e+00   6.6666667e-01   3.3333333e-01   3.4333332e+00   2.5999999e+00   3.0999999e+00
   1.1600000e+02   2.5999999e+00   4.5999999e+00   2.5999999e+00   5.1999998e+00   4.5999999e+00   3.0999999e+00   0.0000000e+00   2.0999999e+00   3.0000000e+00   1.3333333e+00   6.6666667e-01   3.7666666e+00   3.0999999e+00   3.0999999e+00
   1.1700000e+02   1.0000000e+00   6.1999998e+00   3.0999999e+00   4.5999999e+00   5.6999998e+00   4.5999999e+00   0.0000000e+00   2.0999999e+00   3.0000000e+00   2.0000000e+00   1.0000000e+00   4.0999999e+00   3.0999999e+00   3.5999999e+00
   1.1800000e+02   1.0000000e+00   5.1999998e+00   3.0999999e+00   4.0999999e+00   5.1999998e+00   5.0999999e+00   0.0000000e+00   2.0999999e+00   2.6666667e+00   1.6666667e+00   1.7000000e+00   3.5999999e+00   2.5999999e+00   5.6999998e+00
   1.1900000e+02   1.0000000e+00   4.0999999e+00   4.5999999e+00   3.5999999e+00   5.1999998e+00   4.5999999e+00   1.5000000e+00   0.0000000e+00   2.3333333e+00   1.3333333e+00   2.3999999e+00   3.0999999e+00   3.0999999e+00   4.5999999e+00
   1.2000000e+02   2.0999999e+00   2.0999999e+00   4.0999999e+00   3.5999999e+00   4.5999999e+00   5.0999999e+00   0.0000000e+00   0.0000000e+00   2.0000000e+00   1.0000000e+00   3.0999999e+00   2.5999999e+00   4.0999999e+00   5.1999998e+00
