   0.0000000e+00
   0.0000000e+00
   0.0000000e+00
   0.0000000e+00
   0.0000000e+00
   0.0000000e+00
   0.0000000e+00
   0.0000000e+00
   0.0000000e+00
   0.0000000e+00
   0.0000000e+00
   0.0000000e+00
   0.0000000e+00
   0.0000000e+00
   0.0000000e+00
   0.0000000e+00
   0.0000000e+00
   0.0000000e+00
   0.0000000e+00
   0.0000000e+00
   0.0000000e+00
   0.0000000e+00
   0.0000000e+00
   0.0000000e+00
   0.0000000e+00
   0.0000000e+00
   0.0000000e+00
   0.0000000e+00
   0.0000000e+00
   0.0000000e+00
   0.0000000e+00
   0.0000000e+00
   0.0000000e+00
   0.0000000e+00
   0.0000000e+00
   0.0000000e+00
   0.0000000e+00
   0.0000000e+00
   0.0000000e+00
   0.0000000e+00
   0.0000000e+00
   0.0000000e+00
   0.0000000e+00
   0.0000000e+00
   0.0000000e+00
   0.0000000e+00
   0.0000000e+00
   0.0000000e+00
   0.0000000e+00
   0.0000000e+00
   0.0000000e+00
   0.0000000e+00
   0.0000000e+00
   0.0000000e+00
   0.0000000e+00
   0.0000000e+00
   0.0000000e+00
   0.0000000e+00
   0.0000000e+00
   0.0000000e+00
   0.0000000e+00
   0.0000000e+00
   0.0000000e+00
   0.0000000e+00
   0.0000000e+00
   0.0000000e+00
   0.0000000e+00
   0.0000000e+00
   0.0000000e+00
   0.0000000e+00
   0.0000000e+00
   0.0000000e+00
   0.0000000e+00
   0.0000000e+00
   0.0000000e+00
   0.0000000e+00
   0.0000000e+00
   0.0000000e+00
   0.0000000e+00
   0.0000000e+00
   0.0000000e+00
   0.0000000e+00
   0.0000000e+00
   0.0000000e+00
   0.0000000e+00
   0.0000000e+00
   0.0000000e+00
   0.0000000e+00
   0.0000000e+00
   0.0000000e+00
   0.0000000e+00
   0.0000000e+00
   0.0000000e+00
   0.0000000e+00
   0.0000000e+00
   0.0000000e+00
   0.0000000e+00
   0.0000000e+00
   0.0000000e+00
   0.0000000e+00
   3.1916208e-02
   3.5876298e-02
   4.7617314e-02
   2.3882009e-02
  -1.1531738e-02
  -8.9489643e-04
  -8.8693437e-03
  -7.0985759e-02
  -7.6693359e-02
  -5.3274954e-02
  -7.7271354e-02
  -8.2558302e-02
  -8.3959654e-02
  -1.0252237e-01
  -1.1800042e-01
  -1.1721412e-01
  -1.1522462e-01
  -9.3577424e-02
  -8.7919903e-02
  -9.3775924e-02
  -9.5319033e-02
  -9.5073359e-02
  -9.6813120e-02
  -1.0193259e-01
  -9.6738502e-02
  -1.1213482e-01
  -1.4733265e-01
  -1.5263397e-01
  -1.5418035e-01
  -1.5855729e-01
  -1.6055136e-01
  -1.4991297e-01
  -1.2887821e-01
  -1.1098935e-01
  -1.1639145e-01
  -1.1218431e-01
  -1.0742800e-01
  -1.1400746e-01
  -1.1273755e-01
  -1.0943180e-01
  -9.8037519e-02
  -9.3265781e-02
  -9.7140408e-02
  -8.3241201e-02
  -9.9570625e-02
  -8.7160746e-02
  -8.6579158e-02
  -8.5418412e-02
  -8.7415117e-02
  -6.3575948e-02
  -7.2375331e-02
  -6.1358329e-02
  -8.6675413e-02
  -9.3729813e-02
  -9.4312656e-02
  -9.4996569e-02
  -1.0164031e-01
  -7.0553289e-02
  -6.9754372e-02
  -6.2027199e-02
  -7.9072586e-02
  -1.0579776e-01
  -1.0291940e-01
  -7.1589658e-02
  -7.0203053e-02
  -6.9739928e-02
  -7.0945259e-02
  -7.2207307e-02
  -7.4022437e-02
  -5.9462633e-02
  -6.6721814e-02
  -8.2632853e-02
  -7.4679775e-02
  -7.2410288e-02
  -7.3874038e-02
  -5.3812597e-02
  -4.7180859e-02
  -4.5426575e-02
  -1.3867220e-02
  -3.1921678e-02
  -3.3500193e-02
  -3.3761399e-02
  -2.8102411e-02
  -2.1136454e-02
  -2.9665924e-02
  -3.1489475e-02
  -2.3143193e-02
   3.5333596e-04
   1.2943073e-02
   3.5674652e-02
  -1.9998633e-03
   4.9615561e-03
   2.2354176e-03
   2.6491176e-02
   4.4638850e-02
   4.7555370e-02
   4.7653531e-02
   4.6309117e-02
   4.6330002e-02
   4.5544377e-02
   4.8211426e-02
   4.4783941e-02
   4.3083404e-02
   4.5858709e-02
   4.1504237e-02
   3.3731409e-02
   6.2410130e-02
   6.6308137e-02
   7.5754231e-02
   5.3630092e-02
   7.5584973e-02
   7.7638015e-02
   8.0299861e-02
   1.0239599e-01
   1.2172049e-01
   1.2343809e-01
   1.2273141e-01
   1.0020847e-01
   9.6045043e-02
   1.0383697e-01
   1.0319704e-01
   1.0635085e-01
   9.8789490e-02
   9.2490478e-02
   9.0235734e-02
   9.3081398e-02
   1.0349414e-01
   1.1741131e-01
   1.2138044e-01
   1.1838925e-01
   1.3580285e-01
   1.4342222e-01
   1.1402607e-01
   1.4801651e-01
   1.6283662e-01
   1.5265515e-01
   1.4570150e-01
   1.5499641e-01
   1.8602855e-01
   1.9475916e-01
   1.9304433e-01
   2.0923857e-01
   1.9851942e-01
   1.9900844e-01
   2.3065376e-01
   2.2125401e-01
   2.1617320e-01
   2.3009583e-01
   2.3967992e-01
   2.3037587e-01
   2.3044734e-01
   2.3366647e-01
   2.3575035e-01
   2.3543675e-01
   2.3667659e-01
   2.3616888e-01
   2.4731839e-01
   2.3219921e-01
   2.3717993e-01
   2.2801305e-01
   2.3996456e-01
   2.4481215e-01
   2.1732258e-01
   1.6165227e-01
   1.7625260e-01
   1.7085332e-01
   1.7645808e-01
   1.7138876e-01
   1.7812205e-01
   1.7330636e-01
   1.7164286e-01
   1.7550232e-01
   1.8899695e-01
   1.7990570e-01
   1.8000369e-01
   1.6249046e-01
   1.5683688e-01
   1.4216790e-01
   1.3514423e-01
   1.3889868e-01
   1.3375746e-01
   1.3617290e-01
   1.3585587e-01
   1.3048571e-01
   1.3109693e-01
   1.2731811e-01
   1.2715644e-01
   1.2829618e-01
   1.2297010e-01
   9.1859752e-02
   1.0478767e-01
   1.1275526e-01
   1.3451214e-01
   1.1839718e-01
   1.0767454e-01
   1.0076605e-01
   9.6034079e-02
   1.0071254e-01
   1.0144749e-01
   1.0282307e-01
   1.1871312e-01
   7.2085516e-02
   8.1615442e-02
   7.7202224e-02
   5.1546454e-02
   4.0133275e-02
   2.5698351e-02
   2.7258441e-02
   2.4237640e-02
   2.5181531e-02
   2.9958064e-02
   2.7402497e-02
   2.9386104e-02
   2.9888866e-02
   2.9975183e-02
   3.0479737e-02
   2.8229006e-02
   3.2321018e-02
   3.5112038e-02
   3.0724297e-02
   3.1070325e-02
   2.8381978e-02
   2.5441148e-02
   3.6585425e-02
   3.8799009e-02
   3.7190183e-02
   3.7457714e-02
   4.8002965e-02
   5.1642690e-02
   5.7914115e-02
   5.0913248e-02
   4.4150225e-02
   5.4507914e-02
   1.8475895e-02
  -1.6273063e-03
   3.5273015e-03
   4.0806007e-03
  -2.5341893e-03
  -2.0874124e-02
  -1.8844144e-02
  -2.0253475e-02
  -5.3325492e-02
  -4.4578736e-02
  -5.5223129e-02
  -6.6922558e-02
  -6.2491529e-02
  -5.8417291e-02
  -8.4602815e-02
  -8.7482757e-02
  -8.6440126e-02
  -8.5902162e-02
  -9.2063275e-02
  -9.5405004e-02
  -9.6304435e-02
  -1.0191879e-01
  -8.6724433e-02
  -9.0630385e-02
  -9.0746107e-02
  -7.3396875e-02
  -4.8067085e-02
  -3.8513238e-02
  -4.1411019e-02
  -1.3148711e-02
   1.7810759e-02
   1.5421963e-03
   3.3326326e-04
  -5.2215713e-04
   1.1644939e-02
   5.7356956e-03
   7.0287510e-03
  -4.1549591e-03
  -4.9565426e-03
  -1.2378077e-02
  -4.1362126e-03
   8.4885362e-03
   7.1741866e-03
   4.0451872e-03
   1.7448430e-02
   1.8770502e-02
   1.6707280e-02
   1.5487751e-02
   1.1289530e-02
   7.4588776e-03
   1.5081569e-02
   1.6324766e-02
   1.8907506e-02
   1.7382360e-02
   2.1063935e-02
   1.4047242e-02
   1.1193981e-02
  -8.3971706e-03
  -2.8243824e-03
  -3.5720533e-02
  -4.7487206e-02
  -4.5414433e-02
  -3.4705216e-02
  -4.9978895e-02
  -5.6806534e-02
  -6.2522494e-02
  -7.9037552e-02
  -1.0693421e-01
  -6.6358934e-02
  -7.6230044e-02
  -7.2153239e-02
  -3.9479141e-02
  -1.0684605e-02
  -1.4666893e-02
  -1.0912590e-03
   1.5684078e-02
   2.8218532e-02
   3.2567561e-02
   4.5235969e-02
   3.9281267e-02
   3.9162764e-02
   3.6453729e-02
   3.3054492e-02
   3.2179223e-02
   4.2015081e-02
   2.9457117e-02
   5.4180971e-02
   5.6300794e-02
   6.0215743e-02
   7.1531044e-02
   7.7046413e-02
   6.4922490e-02
   6.1392266e-02
   5.4264969e-02
   5.2114957e-02
   6.6332748e-02
   7.5125369e-02
   9.0941513e-02
   8.0810805e-02
   8.4712988e-02
   8.1019274e-02
   7.5172260e-02
   7.2176424e-02
   6.9566055e-02
   8.3183916e-02
   8.2951472e-02
   8.0663856e-02
   7.5562369e-02
   8.0290003e-02
   8.7415149e-02
   8.0207082e-02
   1.0218877e-01
   1.1799555e-01
   1.1652684e-01
   1.2664763e-01
   1.2955726e-01
   1.2990492e-01
   1.3922804e-01
   1.4252394e-01
   1.4405183e-01
   1.0978703e-01
   1.0473278e-01
   9.7497790e-02
   1.0394272e-01
   1.0853306e-01
   9.9424083e-02
   8.1077297e-02
   7.0016874e-02
   8.2079491e-02
   1.1974326e-01
   1.3830357e-01
   1.5339525e-01
   1.3888125e-01
   1.4669345e-01
   1.4567670e-01
   1.4600925e-01
   1.3672237e-01
   1.5606984e-01
   1.5589110e-01
   1.5764105e-01
   1.5909541e-01
   1.4376945e-01
   1.4209634e-01
   1.2931519e-01
   1.2282920e-01
   1.2854680e-01
   1.2140581e-01
   1.1791726e-01
   1.0938388e-01
   5.9527888e-02
   5.9142112e-02
   5.4355505e-02
   5.4237014e-02
   5.4328919e-02
   5.1222463e-02
   4.1783700e-02
   6.4480193e-02
   1.0024615e-01
   9.5375804e-02
   9.5346999e-02
   9.5308114e-02
   7.4676173e-02
   9.8708069e-02
   1.2397651e-01
   1.3954248e-01
   1.3683265e-01
   1.3222646e-01
   1.3132500e-01
   1.3991583e-01
   1.3007099e-01
   1.2902026e-01
   1.2771523e-01
   1.2862703e-01
   1.2488152e-01
   1.3427250e-01
   1.3811975e-01
   1.2374936e-01
   1.2131988e-01
   1.1825603e-01
   1.1706697e-01
   1.1849997e-01
   1.1977577e-01
   1.1409382e-01
   1.1183680e-01
   9.8379819e-02
   1.0838306e-01
   9.4598462e-02
   8.0256930e-02
   9.5408164e-02
   9.8526161e-02
   9.1176169e-02
   1.0302099e-01
   1.0053702e-01
   1.0454502e-01
   9.5923323e-02
   9.0859308e-02
   8.2384157e-02
   6.1092167e-02
   7.5086311e-02
   7.3670850e-02
   7.6920485e-02
   8.1029127e-02
   8.4181290e-02
   8.3575307e-02
   8.8021393e-02
   9.0118357e-02
   9.1618904e-02
   9.6634579e-02
   9.1483343e-02
   9.6838843e-02
   9.2218319e-02
   9.4110186e-02
   9.0531900e-02
   1.0046914e-01
   8.4720665e-02
   9.8013826e-02
   8.4951103e-02
   8.6023547e-02
   8.3436170e-02
   8.5349008e-02
   1.0539361e-01
   1.1247264e-01
   1.1215322e-01
   1.1706417e-01
   1.2198548e-01
   1.1720249e-01
   1.1657946e-01
   1.2079249e-01
   1.1312091e-01
   7.3048293e-02
   6.4838320e-02
   5.3919553e-02
   8.0979390e-02
   7.7003900e-02
   7.1863965e-02
   7.4398215e-02
   8.6081943e-02
   7.9780336e-02
   8.2015333e-02
   8.0032843e-02
   7.3005630e-02
   7.8604198e-02
   8.5302163e-02
   9.4977838e-02
   1.0921360e-01
   1.0185732e-01
   1.0759429e-01
   1.1793866e-01
   1.3227185e-01
   2.0008537e-01
   2.1614020e-01
   2.0799400e-01
   2.2080415e-01
   2.2773386e-01
   2.1856403e-01
   2.0745112e-01
   2.1433623e-01
   1.7126167e-01
   1.7583301e-01
   1.9129832e-01
   1.9289602e-01
   2.0364509e-01
   1.5931003e-01
   1.5294408e-01
   1.5138910e-01
   2.0128505e-01
   2.4256702e-01
   2.4684594e-01
   2.3886350e-01
   2.5648149e-01
   2.5829428e-01
   2.4403738e-01
   2.4873771e-01
   2.4599415e-01
   2.1932710e-01
   1.6460426e-01
   2.0645776e-01
   1.9547765e-01
   1.9043419e-01
   2.0274562e-01
   2.0398578e-01
   2.1366453e-01
   2.1881833e-01
   2.2092820e-01
   1.9638103e-01
   1.7847220e-01
   1.7902916e-01
   1.9888751e-01
   1.8185014e-01
   1.9385988e-01
   1.9736665e-01
   1.9465050e-01
   1.9776310e-01
   1.9125149e-01
   1.7703344e-01
   1.6704028e-01
   1.6031920e-01
   1.4713375e-01
   1.3759661e-01
   1.3456255e-01
   1.1601170e-01
   1.4248093e-01
   1.5860258e-01
   1.6763215e-01
   1.5066599e-01
   1.5578702e-01
   1.4285152e-01
   1.3954959e-01
   1.4593611e-01
   1.4846242e-01
   1.5756579e-01
   1.5545668e-01
   1.6484941e-01
   1.5955546e-01
   1.6644505e-01
   1.3374769e-01
   1.3992111e-01
   1.3418203e-01
   1.4261482e-01
   1.4579980e-01
   1.3799525e-01
   1.4791423e-01
   1.4620562e-01
   1.3212342e-01
   1.1387804e-01
   1.1670616e-01
   1.1074197e-01
   1.1351798e-01
   8.3620230e-02
   1.0691435e-01
   1.2397662e-01
   1.4024279e-01
   1.5235416e-01
   1.6806699e-01
   1.7267932e-01
   1.7335408e-01
   1.7031308e-01
   1.7959735e-01
   1.8006919e-01
   1.7196114e-01
   1.6777626e-01
   1.7077993e-01
   1.7157002e-01
   1.6554494e-01
   1.4458785e-01
   1.4429857e-01
   1.3317371e-01
   1.2690619e-01
   1.2011843e-01
   1.1984822e-01
   1.2174443e-01
   1.3120751e-01
   1.0311477e-01
   8.1766279e-02
   9.8442925e-02
   1.1577732e-01
   1.0517721e-01
   1.2264700e-01
   9.2662150e-02
   8.6486451e-02
   1.1006535e-01
   1.2919751e-01
   1.3233104e-01
   1.4233167e-01
   1.2740708e-01
   1.1941493e-01
   1.1085101e-01
   1.0823532e-01
   1.0838576e-01
   1.0937627e-01
   1.1169547e-01
   1.1935948e-01
   1.1277111e-01
   1.1109287e-01
   1.3838247e-01
   1.7905954e-01
   1.7384198e-01
   1.8167205e-01
   1.7438807e-01
   1.7861414e-01
   1.8425665e-01
   1.5967841e-01
   1.7016230e-01
   1.6469984e-01
   1.7954956e-01
   2.1333876e-01
   2.1216053e-01
   2.2351031e-01
   2.2452865e-01
   2.2137039e-01
   2.1541508e-01
   2.1914326e-01
   2.2301052e-01
   2.3718774e-01
   2.5707014e-01
   2.5895060e-01
   2.5013749e-01
   2.5773479e-01
   2.5165632e-01
   2.6478515e-01
   2.8501970e-01
   2.9883268e-01
   2.9824082e-01
   2.7196583e-01
   2.9684660e-01
   2.7782675e-01
   2.8744231e-01
   2.8858490e-01
   2.8751887e-01
   2.8566987e-01
   2.8663720e-01
   2.8244896e-01
   2.8675569e-01
   2.8318073e-01
   2.8681692e-01
   3.2992013e-01
   3.2954476e-01
   3.2951670e-01
   3.2767084e-01
   3.1852527e-01
   3.0164344e-01
   2.8809068e-01
   2.9214604e-01
   2.9637163e-01
   3.0280510e-01
   3.0735665e-01
   3.0542888e-01
   2.9576158e-01
   3.1470483e-01
   2.8103065e-01
   2.6362001e-01
   2.4872898e-01
   2.1814327e-01
   1.8638307e-01
   1.8712523e-01
   1.8602792e-01
   1.8812947e-01
   1.7755171e-01
   1.7782713e-01
   1.7890205e-01
   1.7932802e-01
   1.7663469e-01
   1.7966131e-01
   1.8324638e-01
   1.8269599e-01
   1.8065528e-01
   1.7260750e-01
   1.9861282e-01
   1.8742993e-01
   1.8806503e-01
   1.8710875e-01
   1.8051509e-01
   1.9733308e-01
   2.1382010e-01
   2.0218638e-01
   2.0128476e-01
   1.9004985e-01
   1.6612547e-01
   1.7069615e-01
   1.6634930e-01
   1.4971938e-01
   1.4445748e-01
   1.4277034e-01
   1.2739341e-01
   1.4867692e-01
   1.3438026e-01
   1.3444479e-01
   1.3474959e-01
   1.1561823e-01
   1.2114032e-01
   1.2298848e-01
   1.2682345e-01
   1.4942176e-01
   1.7158456e-01
   1.7343947e-01
   1.9525871e-01
   1.9645536e-01
   1.8776156e-01
   2.3852530e-01
   2.4213757e-01
   2.3187582e-01
   2.7349174e-01
   2.8398427e-01
   2.8421955e-01
   2.8462174e-01
   2.8583260e-01
   2.6694030e-01
   2.4817661e-01
   2.5752653e-01
   2.6874702e-01
   2.8132383e-01
   2.7447214e-01
   2.4572528e-01
   2.3803392e-01
   2.1205770e-01
   1.9680452e-01
   2.0300642e-01
   2.1425179e-01
   2.2058116e-01
   2.1882475e-01
   2.1294745e-01
   2.0687882e-01
   2.0846263e-01
   2.2208027e-01
   1.8302958e-01
   1.8644766e-01
   1.9506771e-01
   2.0495790e-01
   2.1057034e-01
   1.9840633e-01
   1.9551627e-01
   1.4030591e-01
   1.5766969e-01
   1.6816456e-01
   1.8309214e-01
   1.8396302e-01
   2.1923649e-01
   2.1546553e-01
   2.1639812e-01
   2.2054141e-01
   2.3109723e-01
   2.4205856e-01
   2.3205950e-01
   2.1928743e-01
   1.9982345e-01
   1.7936427e-01
   1.7617803e-01
   1.6998167e-01
   1.4977985e-01
   1.6712343e-01
   1.8498522e-01
   1.7474856e-01
   1.6476535e-01
   1.5626682e-01
   1.5534831e-01
   1.5992217e-01
   1.5948189e-01
   1.5975014e-01
   1.6516070e-01
   1.8188055e-01
   1.6115200e-01
   1.4773170e-01
   1.6743264e-01
   1.3887511e-01
   1.3931164e-01
   1.3673835e-01
   1.3354967e-01
   8.5710610e-02
   8.9704028e-02
   8.9643778e-02
   8.4487164e-02
   7.8999227e-02
   8.1508547e-02
   7.8883826e-02
   7.7951387e-02
   8.9716853e-02
   1.0711327e-01
   1.2553061e-01
   1.0641190e-01
   1.1353961e-01
   1.1203666e-01
   1.0146418e-01
   6.5756553e-02
   4.9575446e-02
   2.8776765e-02
   2.8341921e-02
   2.5045696e-02
  -6.8623913e-03
   1.9947312e-02
   3.5360745e-02
   2.5055511e-02
   2.5781298e-02
   3.1035080e-02
   3.4201102e-02
   3.8278490e-02
   3.8776629e-02
   3.9749271e-02
   6.1522590e-02
   5.3049014e-02
   6.1024726e-02
   7.1101288e-02
   6.4910218e-02
   6.9359986e-02
   5.3444635e-02
   5.3959345e-02
   5.8154774e-02
   5.9985567e-02
   7.0197535e-02
   7.0616059e-02
   7.0276530e-02
   6.7489396e-02
   6.3662269e-02
   8.5864526e-02
   9.7831270e-02
   7.4048569e-02
   6.2493577e-02
   8.0942105e-02
   1.0087223e-01
   8.3545345e-02
   8.8776149e-02
   6.6500179e-02
   8.7165985e-02
   8.4226907e-02
   8.4754880e-02
   8.4540541e-02
   8.5393226e-02
   8.6100109e-02
   8.5403733e-02
   9.0608339e-02
   1.0434263e-01
   7.3483752e-02
   1.4132600e-01
   1.6096510e-01
   1.9802660e-01
   1.4284968e-01
   1.0088521e-01
   1.0530835e-01
   9.1923865e-02
   6.7602857e-02
   6.3919281e-02
   6.1065394e-02
   6.2436744e-02
   6.5218246e-02
   5.2788386e-02
   3.3496665e-02
   5.0641754e-02
   6.3698892e-02
   5.3290649e-02
   5.8041967e-02
   5.1933246e-02
   1.3680684e-02
   5.9851788e-03
   3.4584113e-03
  -2.2691287e-03
   8.0668052e-03
  -7.0483215e-04
   2.1067929e-03
  -5.0137777e-03
  -1.0138222e-02
  -2.4696762e-02
   8.1100833e-03
   3.2098964e-02
   1.5505876e-02
   5.6312339e-02
   2.8402455e-02
   2.7100054e-02
   2.9157285e-02
   4.8902689e-02
   5.3620225e-02
   4.9073006e-02
   4.8841179e-02
   4.4721124e-02
   3.8950268e-03
  -1.5286096e-02
  -3.9455780e-02
  -1.3158964e-02
  -3.0989586e-02
  -4.0804220e-02
  -6.0770889e-02
  -8.0081251e-02
  -8.6344143e-02
  -9.8410360e-02
  -9.4056964e-02
  -9.7041203e-02
  -9.6246555e-02
  -1.0433523e-01
  -1.2137651e-01
  -9.4288639e-02
  -8.5691035e-02
  -7.1531797e-02
  -6.1915478e-02
  -5.1876933e-02
  -2.0019922e-02
   4.8388410e-02
   1.2924437e-01
   1.8920521e-01
   2.0307356e-01
   2.0272697e-01
   2.0318961e-01
   1.9718738e-01
   2.3660155e-01
   2.6033472e-01
   2.6185347e-01
   2.6741298e-01
   2.6431980e-01
   2.5455538e-01
   2.7597034e-01
   2.7856449e-01
   2.7658737e-01
   2.8692273e-01
   2.9333077e-01
   3.1517181e-01
   3.3394882e-01
   3.3402265e-01
   3.3667666e-01
   3.4395233e-01
   3.4515813e-01
   3.5399114e-01
   3.7211038e-01
   3.7478387e-01
   4.0917869e-01
   4.0994021e-01
   4.1334029e-01
   4.0470900e-01
   4.0184998e-01
   3.9976348e-01
   3.9299812e-01
   3.9980229e-01
   4.0108755e-01
   4.0471827e-01
   4.0514945e-01
   4.1317235e-01
   4.1998727e-01
   4.0816528e-01
   4.4398670e-01
   4.6314641e-01
   4.5629774e-01
   4.7464647e-01
   4.8431375e-01
   4.8992278e-01
   4.9038777e-01
   4.8693048e-01
   4.8191940e-01
   4.9000037e-01
   4.9775190e-01
   4.8342174e-01
   4.8094990e-01
   4.9190264e-01
   4.8647397e-01
   4.8236387e-01
   4.8697907e-01
   4.9701388e-01
   5.0130604e-01
   4.9550410e-01
   5.0608738e-01
   5.2650331e-01
   5.3150786e-01
   5.2113427e-01
   5.2913313e-01
   5.1604536e-01
   5.0679088e-01
   5.0504564e-01
   4.9675144e-01
   4.8163825e-01
   4.8443107e-01
   4.8087566e-01
   4.6907060e-01
   4.5234946e-01
   4.4675447e-01
   4.3419772e-01
   4.2727135e-01
   4.3315490e-01
   4.6137444e-01
   4.7933345e-01
   4.7822919e-01
   4.3434408e-01
   4.3464502e-01
   4.2668894e-01
   4.4525512e-01
   4.3453469e-01
   4.2154967e-01
   3.7891933e-01
   3.7318628e-01
   3.4436938e-01
   3.2946688e-01
   2.9205557e-01
   3.0056599e-01
   3.0655158e-01
   3.0602703e-01
   3.1895452e-01
   3.2240528e-01
   3.2505334e-01
   3.3177253e-01
   3.2349564e-01
   3.0543963e-01
   3.0151922e-01
   3.0891258e-01
   3.0457207e-01
   2.8462067e-01
   3.1107077e-01
   2.9539533e-01
   3.0421102e-01
   3.0992409e-01
   3.0862424e-01
   2.9344828e-01
   3.0660268e-01
   3.1816671e-01
   3.3211458e-01
   3.4465159e-01
   3.4291357e-01
   3.4911146e-01
   3.4417946e-01
   3.4363489e-01
   3.2942019e-01
   3.5393587e-01
   3.5351326e-01
   3.4429777e-01
   3.6455961e-01
   3.7390200e-01
   3.6516154e-01
   3.6800095e-01
   3.8176485e-01
   3.8439373e-01
   3.6988651e-01
   3.6901214e-01
   3.5596666e-01
   3.5679384e-01
   3.6613184e-01
   3.8551763e-01
   4.0252069e-01
   4.0560953e-01
   4.0293176e-01
   3.8604618e-01
   4.0460250e-01
   4.0472172e-01
   3.8263633e-01
   3.9360027e-01
   3.9393326e-01
   3.9969985e-01
   3.9184871e-01
   4.1343061e-01
   4.0784949e-01
   4.0423696e-01
   4.0187395e-01
   4.0788648e-01
   4.2004484e-01
   4.2105531e-01
   4.2069188e-01
   4.2097668e-01
   4.3062441e-01
   4.2945543e-01
   4.2857572e-01
   4.1077425e-01
   3.9715501e-01
   3.8208622e-01
   3.7007914e-01
   3.8038840e-01
   3.7909109e-01
   3.5089102e-01
   3.6521994e-01
   3.5951785e-01
   3.4180654e-01
   3.5324863e-01
   3.5346685e-01
   3.5190232e-01
   3.4438330e-01
   3.2445529e-01
   3.1485555e-01
   2.7432171e-01
   2.1594744e-01
   1.7132688e-01
   1.7375954e-01
   1.6455821e-01
   1.6760282e-01
   1.6657172e-01
   1.6240106e-01
   1.6809123e-01
   1.5262579e-01
   1.3791687e-01
   1.4579113e-01
   1.2762153e-01
   1.2296874e-01
   1.1889865e-01
   1.1881415e-01
   1.0760255e-01
   1.1135271e-01
   1.0792492e-01
   1.2052249e-01
   1.4578026e-01
   2.1230607e-01
   2.6457646e-01
   3.0609756e-01
   3.2602113e-01
   3.5025307e-01
   3.5896281e-01
   4.3120208e-01
   4.6725363e-01
   4.7996655e-01
   4.8779083e-01
   4.7999751e-01
   4.9772396e-01
   4.8963065e-01
   5.0771073e-01
   5.0890566e-01
   5.2160771e-01
   5.2274074e-01
   5.5084817e-01
   5.5946646e-01
   5.8961471e-01
   6.0545872e-01
   6.1946190e-01
   6.2621307e-01
   6.2744152e-01
   6.3616232e-01
   6.2887323e-01
   6.3455384e-01
   6.4637080e-01
   6.5619892e-01
   6.6899310e-01
   6.7815625e-01
   6.5042983e-01
   6.7369499e-01
   6.8774746e-01
   6.9826840e-01
   7.0573340e-01
   7.1930902e-01
   7.2731802e-01
   7.1803100e-01
   7.1073184e-01
   7.1141653e-01
   7.1123499e-01
   7.0886820e-01
   7.0334055e-01
   7.1154020e-01
   7.1629179e-01
   7.0434498e-01
   7.1585928e-01
   7.2625377e-01
   7.1384784e-01
   7.2125874e-01
   7.2225499e-01
   7.1952384e-01
   7.1482748e-01
   7.1668109e-01
   7.1775265e-01
   7.1666417e-01
   7.2206323e-01
   7.1874592e-01
   7.0909393e-01
   7.0954309e-01
   7.0464273e-01
   6.9575949e-01
   7.0962601e-01
   7.0489463e-01
   6.9784603e-01
   6.9409832e-01
   6.9598689e-01
   6.9527358e-01
   6.7867970e-01
   6.8154931e-01
   6.6747106e-01
   6.7797589e-01
   6.7305454e-01
   6.6115352e-01
   6.5622139e-01
   6.4064039e-01
   6.2221626e-01
   5.9428333e-01
   6.0937382e-01
   6.1165608e-01
   6.4762845e-01
   6.3365224e-01
   6.0561944e-01
   6.1723941e-01
   5.9286526e-01
   5.8089081e-01
   5.5246314e-01
   5.2420131e-01
   5.1312862e-01
   5.0505613e-01
   4.6973018e-01
   4.4257010e-01
   4.0462141e-01
   3.8467965e-01
   3.3409393e-01
   2.6482731e-01
   2.3584601e-01
   2.1540981e-01
   2.2810289e-01
   2.4391982e-01
   2.5338827e-01
   2.6077493e-01
   2.5402610e-01
   2.4294382e-01
   2.5445241e-01
   2.5720702e-01
   2.5634361e-01
   2.6525215e-01
   2.2755436e-01
   2.2241486e-01
   2.2304491e-01
   2.1727994e-01
   2.3049153e-01
   2.1808050e-01
   2.0980182e-01
   1.9698177e-01
   2.1903549e-01
   2.0772963e-01
   2.1854743e-01
   2.2122455e-01
   2.2910322e-01
   2.2972767e-01
   2.4169192e-01
   2.3927595e-01
   2.3395202e-01
   2.3325485e-01
   2.2749694e-01
   2.4339925e-01
   2.4874875e-01
   2.3650022e-01
   2.6856586e-01
   2.3747944e-01
   2.3059006e-01
   2.2392571e-01
   2.1062125e-01
   1.9839485e-01
   2.0930476e-01
   2.0642905e-01
   2.0688453e-01
   2.1349527e-01
   2.1471151e-01
   2.1574296e-01
   2.1560449e-01
   1.9505317e-01
   1.9556867e-01
   1.8323489e-01
   1.9849452e-01
   2.1504001e-01
   2.2187112e-01
   2.0712713e-01
   2.2107571e-01
   2.0105154e-01
   1.6998559e-01
   1.5463038e-01
   1.5592736e-01
   1.6188758e-01
   1.5701613e-01
   1.4566731e-01
   1.4229781e-01
   1.2950483e-01
   1.3409942e-01
   1.3438569e-01
   1.4234102e-01
   1.4196673e-01
   1.4211319e-01
   1.3961809e-01
   1.3890430e-01
   1.3228061e-01
   1.6070675e-01
   1.3661387e-01
   1.5085638e-01
   1.4416040e-01
   1.4018790e-01
   1.4197684e-01
   1.2597918e-01
   1.2674481e-01
   1.2725451e-01
   1.1562637e-01
   1.2354178e-01
   1.2080886e-01
   1.2335572e-01
   1.4009048e-01
   1.4460687e-01
   1.4506254e-01
   1.5114948e-01
   1.6970678e-01
   1.7865231e-01
   1.7072482e-01
   1.7072351e-01
   1.6629392e-01
   1.7146135e-01
   1.7491711e-01
   1.8781655e-01
   1.8611870e-01
   1.8818931e-01
   1.8950504e-01
   1.8932461e-01
   1.9136213e-01
   1.9130857e-01
   1.7332895e-01
   1.6300167e-01
   1.5743300e-01
   1.6071058e-01
   1.6410245e-01
   1.9088146e-01
   1.6917137e-01
   1.5860431e-01
   1.7503132e-01
   1.7232105e-01
   1.6889163e-01
   1.5372692e-01
   1.7029734e-01
   1.5464008e-01
   1.5992588e-01
   1.5854699e-01
   1.6341140e-01
   1.4828963e-01
   1.5925332e-01
   1.6340701e-01
   1.7059782e-01
   1.6968495e-01
   1.6295396e-01
   1.4811501e-01
   1.5487850e-01
   1.7544703e-01
   2.1232629e-01
   2.2581821e-01
   2.1931653e-01
   2.1413932e-01
   2.2508200e-01
   1.9897612e-01
   2.1193613e-01
   2.0863677e-01
   2.1681796e-01
   2.0591289e-01
   2.0050533e-01
   2.0087878e-01
   2.0159272e-01
   1.9998789e-01
   1.9760929e-01
   1.9580888e-01
   1.9783374e-01
   1.9565711e-01
   2.0725105e-01
   2.2088144e-01
   2.2374421e-01
   2.0246528e-01
   1.9653801e-01
   1.7947845e-01
   1.9328137e-01
   1.9013008e-01
   1.9907858e-01
   2.2442308e-01
   2.4295449e-01
   2.4071152e-01
   2.3949948e-01
   2.4384810e-01
   2.5672762e-01
   2.5770176e-01
   2.4733418e-01
   2.5980803e-01
   2.5935397e-01
   2.4993645e-01
   2.6552297e-01
   2.6632529e-01
   2.6430677e-01
   2.7018878e-01
   2.7464905e-01
   2.4410957e-01
   2.8455981e-01
   2.6666993e-01
   2.8286447e-01
   2.8690266e-01
   2.6233142e-01
   2.7709478e-01
   2.8600766e-01
   2.7668212e-01
   2.5696528e-01
   2.5878918e-01
   2.5758460e-01
   2.6148203e-01
   2.4897624e-01
   2.3730055e-01
   2.4383222e-01
   2.5078292e-01
   2.2370930e-01
   2.2610231e-01
   2.3520226e-01
   2.3782326e-01
   2.5382316e-01
   2.4237205e-01
   2.1741665e-01
   2.5310134e-01
   2.8599553e-01
   2.8270569e-01
   2.8358499e-01
   2.8028172e-01
   2.8243783e-01
   2.8344972e-01
   2.9496922e-01
   2.9430704e-01
   2.9844314e-01
   2.9787127e-01
   2.8939904e-01
   2.7233822e-01
   2.9721321e-01
   3.0049541e-01
   2.8640488e-01
   2.9197076e-01
   2.9190466e-01
   3.0309721e-01
   3.0784087e-01
   3.0895706e-01
   3.1360124e-01
   2.9889834e-01
   3.2848867e-01
   3.3723765e-01
   3.3823794e-01
   3.2957904e-01
   3.0818631e-01
   3.0860404e-01
   3.0167953e-01
   3.2510917e-01
   3.2476294e-01
   3.0440615e-01
   2.5184580e-01
   2.5180502e-01
   2.3953353e-01
   2.2756157e-01
   2.3533366e-01
   2.4272568e-01
   2.4633634e-01
   2.4364283e-01
   2.2796298e-01
   2.2939038e-01
   2.3363936e-01
   2.3538281e-01
   2.3233904e-01
   2.3746137e-01
   2.3702188e-01
   2.3967144e-01
   2.3232001e-01
   2.2124377e-01
   2.3030780e-01
   2.2572390e-01
   2.3324568e-01
   2.4148464e-01
   2.3519845e-01
   2.5460917e-01
   2.3581031e-01
   2.3005410e-01
   2.5221221e-01
   2.6153435e-01
   2.6031796e-01
   2.5914753e-01
   2.5288108e-01
   2.4768197e-01
   2.5031926e-01
   2.3953423e-01
   2.4045668e-01
   2.5076611e-01
   2.4995992e-01
   2.4481871e-01
   2.2875925e-01
   2.2107837e-01
   2.2851075e-01
   2.2675373e-01
   2.2590022e-01
   2.2642234e-01
   2.2564822e-01
   2.1425126e-01
   2.2905155e-01
   2.1739043e-01
   2.1616002e-01
   2.3051097e-01
   2.2280323e-01
   2.2544527e-01
   2.3141811e-01
   2.3122192e-01
   2.1398288e-01
   1.8967315e-01
   1.8670059e-01
   1.8457496e-01
   1.6286227e-01
   1.5590065e-01
   1.6440228e-01
   1.7544400e-01
   1.7297533e-01
   1.7237888e-01
   1.5837579e-01
   1.6769674e-01
   1.8502005e-01
   1.5088516e-01
   1.2615859e-01
   1.3093064e-01
   1.2761614e-01
   1.3272598e-01
   1.4846866e-01
   1.8208149e-01
   2.6208947e-01
   3.2554344e-01
   3.7857408e-01
   4.6511010e-01
   4.9683305e-01
   5.1194843e-01
   5.4419492e-01
   5.6407001e-01
   5.6290240e-01
   5.7269194e-01
   6.1132166e-01
   6.1914348e-01
   6.4398541e-01
   6.6241094e-01
   6.7138718e-01
   6.8421575e-01
   6.9099220e-01
   6.9203643e-01
   6.9839498e-01
   6.9350383e-01
   6.9276469e-01
   6.9919124e-01
   6.9020596e-01
   6.8940484e-01
   6.8857309e-01
   7.0305138e-01
   7.1434026e-01
   7.1742242e-01
   7.1316664e-01
   7.1566146e-01
   7.1628394e-01
   7.2796933e-01
   7.2797842e-01
   7.2703977e-01
   7.1428765e-01
   7.2076190e-01
   7.1232620e-01
   7.1852479e-01
   7.1722469e-01
   7.1311001e-01
   7.1098833e-01
   6.9543604e-01
   7.1219907e-01
   7.2212643e-01
   7.2618585e-01
   7.2604725e-01
   7.2904823e-01
   7.3290757e-01
   7.3241247e-01
   7.2433673e-01
   7.3370396e-01
   7.3199453e-01
   7.3226935e-01
   7.1706430e-01
   7.1725913e-01
   7.0639750e-01
   7.1563803e-01
   7.1234213e-01
   7.0310708e-01
   7.0838152e-01
   7.1273204e-01
   7.1240267e-01
   7.0759834e-01
   7.0273416e-01
   7.0362687e-01
   6.9588703e-01
   6.8361024e-01
   6.8800031e-01
   6.7729581e-01
   6.7888681e-01
   6.7425688e-01
   6.5226842e-01
   6.3833043e-01
   6.5038283e-01
   6.4020893e-01
   6.2531504e-01
   6.2656453e-01
   6.1745596e-01
   6.1604855e-01
   6.1774818e-01
   5.9613729e-01
   5.9817189e-01
   5.7283221e-01
   5.6170053e-01
   5.1858946e-01
   5.1604890e-01
   5.0681154e-01
   4.9820463e-01
   4.7284765e-01
   4.5555191e-01
   4.7338290e-01
   4.7917239e-01
   4.3220809e-01
   3.6717474e-01
   3.3091425e-01
   2.7383432e-01
   2.1190577e-01
   1.8795694e-01
   1.6648498e-01
   1.7763907e-01
   1.8375456e-01
   1.7066906e-01
   1.6936744e-01
   1.5618094e-01
   1.6334059e-01
   1.5566361e-01
   1.5656455e-01
   1.6788504e-01
   1.6992797e-01
   1.6756020e-01
   1.6974389e-01
   1.7712527e-01
   1.7804893e-01
   1.7394120e-01
   1.7286442e-01
   1.7226843e-01
   1.7575973e-01
   1.9014147e-01
   2.1014300e-01
   2.2163338e-01
   2.4863939e-01
   2.2928977e-01
   2.3288909e-01
   2.3283180e-01
   2.2804939e-01
   2.0024957e-01
   2.0236578e-01
   1.8804176e-01
   1.8642004e-01
   1.7892530e-01
   1.7348020e-01
   1.7301919e-01
   1.7694419e-01
   1.6967913e-01
   2.0454548e-01
   2.2012400e-01
   2.1957074e-01
   2.3652407e-01
   2.2764572e-01
   2.5052422e-01
   2.4015503e-01
   2.2521776e-01
   2.4501925e-01
   2.6609481e-01
   2.6764252e-01
   2.6771597e-01
   2.6365740e-01
   2.4945209e-01
   2.6361459e-01
   2.5603510e-01
   2.6853975e-01
   2.5587304e-01
   2.3708796e-01
   2.6268882e-01
   2.7402910e-01
   2.9514413e-01
   2.9769612e-01
   3.1721291e-01
   3.0252682e-01
   3.0002916e-01
   3.0483600e-01
   2.9760573e-01
   2.8975855e-01
   2.9424900e-01
   2.9217154e-01
   2.9134052e-01
   2.9095411e-01
   2.8661141e-01
   2.6699556e-01
   2.6515278e-01
   2.4605316e-01
   2.5541925e-01
   2.6635731e-01
   2.5104325e-01
   2.1156326e-01
   1.8934562e-01
   1.7673022e-01
   1.5059793e-01
   1.3220185e-01
   1.1897129e-01
   9.8568340e-02
   8.9432338e-02
   8.0130993e-02
   1.1329637e-01
   1.1860408e-01
   1.1764320e-01
   1.3431259e-01
   1.0897604e-01
   9.3080869e-02
   1.0208582e-01
   1.1018728e-01
   1.1387328e-01
   9.6896269e-02
   1.0228419e-01
   1.0274693e-01
   8.6534170e-02
   5.8545979e-02
   3.3436195e-02
   4.6326027e-02
   4.7795619e-02
   3.3984220e-02
   3.2054513e-02
   3.5446221e-02
   5.2011729e-02
   2.6077503e-02
   4.2469560e-02
   4.5261821e-02
   4.9131522e-02
   5.0269539e-02
   4.4435133e-02
   3.7155615e-02
   1.1899773e-02
  -1.0740605e-02
  -1.2664657e-02
  -8.7077633e-03
  -2.4899671e-03
   8.2809786e-03
  -4.5704831e-02
  -7.0931391e-02
  -6.5597496e-02
  -6.4685319e-02
  -6.5063760e-02
  -6.2837234e-02
  -4.9117225e-02
  -3.0099909e-02
  -2.5122155e-02
  -2.2542525e-02
  -3.9691932e-03
  -7.8002487e-03
   1.5640983e-03
   4.8627542e-03
   8.4292118e-03
   1.2683502e-02
  -9.4486372e-03
  -1.4893669e-02
  -8.9416569e-03
  -1.2764913e-03
  -6.4784011e-05
   2.0411224e-03
  -2.2463906e-02
  -1.7464339e-03
   8.1425357e-03
  -2.5588035e-02
  -5.6257620e-02
  -6.2187942e-02
  -5.8588864e-02
  -5.1962296e-02
  -5.2782117e-02
  -6.0788197e-02
  -5.0725383e-02
  -4.5945358e-02
  -6.0133432e-02
  -6.8681081e-02
  -6.5029654e-02
  -6.3127463e-02
  -8.3047319e-02
  -1.0037712e-01
  -1.3496837e-01
  -1.1551783e-01
  -9.4264712e-02
  -1.0909720e-01
  -1.1084066e-01
  -1.0517442e-01
  -1.0895644e-01
  -1.0773123e-01
  -9.4305056e-02
  -9.5291983e-02
  -9.8403121e-02
  -8.0981162e-02
  -6.8997451e-02
  -7.1520134e-02
  -6.2227867e-02
  -5.3985653e-02
  -6.2149703e-02
  -3.3921090e-02
  -1.8068105e-02
  -9.1802107e-03
  -9.1727212e-03
  -7.6873273e-03
   5.4288218e-03
   6.6953830e-03
   5.6401225e-03
   5.2178188e-03
  -2.3457419e-03
   7.5538564e-03
   2.2521947e-03
  -1.1459475e-02
   1.4887030e-02
   3.0886375e-02
  -1.4250257e-03
   4.9359445e-03
   7.8716313e-03
   2.6824392e-02
   3.9324652e-02
   3.4414687e-02
   5.0639531e-02
   8.4597359e-02
   1.1525061e-01
   1.0314318e-01
   8.7909934e-02
   8.8843461e-02
   9.3055686e-02
   7.8247396e-02
   4.7938469e-02
   6.8367549e-02
   6.2041951e-02
   8.0659391e-02
   7.6272530e-02
   6.7172628e-02
   7.5244689e-02
   7.4161316e-02
   5.3648646e-02
   3.4372915e-02
   2.7289270e-02
   2.9778346e-02
   3.2763250e-02
   3.9782611e-02
   9.2672078e-02
   8.6106422e-02
   7.5837040e-02
   7.8759475e-02
   7.1778232e-02
   7.4971754e-02
   8.0135965e-02
   7.8954684e-02
   8.0637702e-02
   1.1457162e-01
   1.3227533e-01
   1.3314744e-01
   1.3437647e-01
   1.4564958e-01
   1.4804019e-01
   1.4815932e-01
   1.6117433e-01
   1.5011953e-01
   1.5589263e-01
   1.5625763e-01
   1.3508530e-01
   1.0741313e-01
   1.3869160e-01
   1.4631554e-01
   1.5189730e-01
   1.5334164e-01
   1.5295478e-01
   1.5568346e-01
   1.6914777e-01
   1.7156733e-01
   1.7590943e-01
   1.7630206e-01
   1.6815092e-01
   1.7626588e-01
   1.8639714e-01
   1.9531704e-01
   2.0254959e-01
   2.0615236e-01
   2.1424905e-01
   2.1477763e-01
   2.2547545e-01
   2.1774482e-01
   2.1155018e-01
   2.3212402e-01
   2.3705533e-01
   2.3715239e-01
   2.3710539e-01
   2.4490494e-01
   2.5009766e-01
   2.7975105e-01
   2.7014088e-01
   2.6236579e-01
   2.5062270e-01
   2.8315716e-01
   2.9277642e-01
   2.7555508e-01
   2.9716064e-01
   2.9694882e-01
   3.0920930e-01
   3.0271428e-01
   3.0405394e-01
   3.0326960e-01
   3.0179424e-01
   3.1701680e-01
   3.1957941e-01
   3.1504005e-01
   3.1230826e-01
   3.1422540e-01
   3.2788763e-01
   3.2424129e-01
   2.5643362e-01
   2.8125204e-01
   2.8272033e-01
   2.6381221e-01
   2.5401844e-01
   2.4742946e-01
   2.4044636e-01
   2.4111366e-01
   2.3593935e-01
   2.2801668e-01
   2.1916045e-01
   2.2889165e-01
   2.4462429e-01
   2.5786632e-01
   2.6417076e-01
   2.6631433e-01
   3.2058789e-01
   3.4744535e-01
   3.6824580e-01
   3.6624714e-01
   3.7358296e-01
   3.6648119e-01
   3.6294070e-01
   3.3200035e-01
   3.4063034e-01
   3.3781488e-01
   3.3499444e-01
   3.1411778e-01
   3.2618012e-01
   3.3745156e-01
   3.5205851e-01
   3.7097672e-01
   3.9655496e-01
   3.8981021e-01
   3.8143195e-01
   4.1870201e-01
   4.2841026e-01
   4.2380453e-01
   4.2737737e-01
   4.2425394e-01
   4.1697722e-01
   4.0301609e-01
   4.0374276e-01
   4.0663462e-01
   4.0684511e-01
   4.1564282e-01
   4.2609871e-01
   4.3401413e-01
   4.3782738e-01
   4.3748150e-01
   4.3263347e-01
   4.4270495e-01
   4.4186802e-01
   4.4656803e-01
   4.4672543e-01
   4.4560969e-01
   4.4280587e-01
   4.4025594e-01
   4.5138311e-01
   4.4930549e-01
   4.3407735e-01
   4.3619353e-01
   4.1459378e-01
   4.0738097e-01
   3.9844533e-01
   4.0876233e-01
   4.1734962e-01
   4.1717487e-01
   4.2378292e-01
   4.2338608e-01
   4.2049341e-01
   4.0942145e-01
   4.2865078e-01
   4.4219922e-01
   4.4832129e-01
   4.5077094e-01
   4.5068127e-01
   4.4723651e-01
   4.4956234e-01
   4.5198807e-01
   4.6836354e-01
   4.6610337e-01
   4.3602856e-01
   4.2751190e-01
   4.1909020e-01
   4.3298105e-01
   4.3506068e-01
   4.4334315e-01
   4.3337895e-01
   4.2702189e-01
   4.1937775e-01
   4.0396950e-01
   4.0222832e-01
   3.9252209e-01
   3.6753457e-01
   3.6415985e-01
   3.7017145e-01
   3.7180656e-01
   3.6181643e-01
   3.5802805e-01
   3.7445994e-01
   3.4442020e-01
   3.3498982e-01
   3.0477426e-01
   2.9443078e-01
   2.7765511e-01
   2.4100517e-01
   1.9219439e-01
   2.0639390e-01
   1.7913481e-01
   1.7097022e-01
   1.7318308e-01
   1.7939428e-01
   2.0091067e-01
   2.0060870e-01
   2.0157211e-01
   1.8368194e-01
   1.7973022e-01
   1.7097377e-01
   1.7368070e-01
   1.7912800e-01
   1.7315424e-01
   1.4956949e-01
   1.6949199e-01
   1.7251883e-01
   1.7480646e-01
   1.7784749e-01
   2.0094064e-01
   2.0367291e-01
   1.9540634e-01
   1.9547846e-01
   1.7688406e-01
   1.7747214e-01
   1.7331508e-01
   1.6865701e-01
   1.5022452e-01
   1.5660796e-01
   1.5288977e-01
   1.3659165e-01
   1.3973211e-01
   1.5119578e-01
   1.6544811e-01
   1.6640139e-01
   1.6471827e-01
   1.6768252e-01
   1.6376576e-01
   1.6849549e-01
   2.1760239e-01
   2.3353073e-01
   2.2983578e-01
   2.2530642e-01
   2.2993724e-01
   2.3320027e-01
   2.2981494e-01
   2.2690349e-01
   2.2226429e-01
   2.2194423e-01
   2.3294364e-01
   2.4089156e-01
   2.4301088e-01
   2.6775282e-01
   2.4596092e-01
   2.6508890e-01
   2.7285195e-01
   2.8012285e-01
   2.6597782e-01
   2.7365395e-01
   2.7293109e-01
   2.8521747e-01
   2.8908924e-01
   2.9572957e-01
   2.9488084e-01
   2.6445206e-01
   2.5583376e-01
   2.5503759e-01
   2.5741308e-01
   2.6149901e-01
   2.7077203e-01
   2.7620559e-01
   2.8729734e-01
   2.9849453e-01
   2.8986062e-01
   2.8851176e-01
   2.9264568e-01
   2.9181088e-01
   2.7777960e-01
   2.2619366e-01
   2.2620680e-01
   2.2108787e-01
   2.3033446e-01
   2.4854553e-01
   2.3074549e-01
   2.2916680e-01
   2.2707667e-01
   2.1352298e-01
   2.1950400e-01
   2.0550796e-01
   2.1203526e-01
   2.2302499e-01
   2.3452602e-01
   2.4683414e-01
   2.4950600e-01
   2.4732412e-01
   2.6079093e-01
   2.7217954e-01
   2.6686430e-01
   2.5354844e-01
   2.9599308e-01
   2.5947087e-01
   2.7700291e-01
   2.7188101e-01
   2.6611229e-01
   2.5059463e-01
   2.2898609e-01
   2.3718485e-01
   2.3785161e-01
   2.7418814e-01
   2.9601821e-01
   3.0089235e-01
   2.9960867e-01
   2.7276966e-01
   2.5931481e-01
   2.4411299e-01
   2.5740220e-01
   2.8892228e-01
   3.3541415e-01
   3.3474178e-01
   3.2845636e-01
   3.2132860e-01
   3.2410100e-01
   3.2980523e-01
   3.4477000e-01
   3.5536160e-01
   3.4214386e-01
   3.5740602e-01
   3.5620477e-01
   3.5845261e-01
   3.5157087e-01
   3.7872474e-01
   3.7868294e-01
   3.8517384e-01
   3.8225318e-01
   3.9424210e-01
   3.9611570e-01
   3.9424282e-01
   3.8803929e-01
   3.9125240e-01
   3.8262722e-01
   3.7676719e-01
   3.8119515e-01
   3.8123614e-01
   3.8149647e-01
   3.8065419e-01
   3.7785178e-01
   3.6847784e-01
   3.6352857e-01
   3.5943106e-01
   3.5612648e-01
   3.4856427e-01
   3.4798508e-01
   3.5092188e-01
   3.5343214e-01
   3.5243429e-01
   3.5141044e-01
   3.3834340e-01
   3.4728519e-01
   3.4403632e-01
   3.3047990e-01
   3.1309743e-01
   3.1365130e-01
   3.1478545e-01
   3.3621266e-01
   3.5545850e-01
   3.5160118e-01
   3.5512944e-01
   3.5282787e-01
   3.4928947e-01
   3.3618944e-01
   3.2391847e-01
   2.8477354e-01
   2.7208014e-01
   3.0026807e-01
   3.1198147e-01
   3.0860014e-01
   2.9684376e-01
   2.8010341e-01
   3.0694477e-01
   2.9789002e-01
   3.0592701e-01
   3.0709393e-01
   3.0570936e-01
   3.0865711e-01
   2.9126941e-01
   2.7163181e-01
   2.7007131e-01
   2.2351529e-01
   2.4124750e-01
   2.3666224e-01
   2.2681773e-01
   2.0487445e-01
   1.8855632e-01
   1.7819101e-01
   1.6232600e-01
   1.5737754e-01
   1.2448897e-01
   1.2455657e-01
   1.3423923e-01
   8.5877602e-02
   7.8883409e-02
   7.6798336e-02
   6.8331505e-02
   6.6919554e-02
   6.9216081e-02
   7.8657331e-02
   8.9739638e-02
   9.9173705e-02
   1.1891341e-01
   1.5420301e-01
   1.4828053e-01
   1.5884597e-01
   1.6813149e-01
   1.9377056e-01
   2.0607126e-01
   1.9257074e-01
   1.6045619e-01
   1.3959283e-01
   1.7767327e-01
   1.9144664e-01
   1.8935051e-01
   1.8866438e-01
   1.8585015e-01
   1.7826331e-01
   1.7442159e-01
   1.8309711e-01
   1.8469725e-01
   1.9715091e-01
   2.0478625e-01
   1.9868197e-01
   2.0344251e-01
   2.0127377e-01
   2.0649526e-01
   2.0736512e-01
   1.9114322e-01
   2.0036306e-01
   1.9797899e-01
   2.0366607e-01
   1.7891484e-01
   1.8077111e-01
   1.8519133e-01
   1.7815582e-01
   1.9398708e-01
   2.1019764e-01
   2.1857844e-01
   2.2294275e-01
   2.2999781e-01
   2.3240409e-01
   2.2555993e-01
   2.1274696e-01
   2.1505826e-01
   2.1565344e-01
   2.1138490e-01
   2.0622254e-01
   1.9964984e-01
   1.9483083e-01
   1.9101533e-01
   1.8688979e-01
   1.8987751e-01
   1.9510861e-01
   2.1675828e-01
   2.0494493e-01
   1.8027459e-01
   2.0792144e-01
   2.2060103e-01
   2.2727153e-01
   2.2278998e-01
   1.9100825e-01
   1.9948169e-01
   2.1196337e-01
   2.3112951e-01
   2.3935783e-01
   2.3681716e-01
   2.1749085e-01
   2.3632628e-01
   2.4493682e-01
   2.4509230e-01
   2.6524405e-01
   2.7005735e-01
   2.6556903e-01
   2.5856159e-01
   2.5622496e-01
   2.5840857e-01
   2.6190388e-01
   2.6008164e-01
   2.6090809e-01
   2.4885138e-01
   2.6986396e-01
   2.7460796e-01
   2.7793820e-01
   2.8552380e-01
   2.9783961e-01
   2.8917700e-01
   3.0771179e-01
   3.2996531e-01
   3.3383778e-01
   3.3309222e-01
   3.4903295e-01
   3.2813641e-01
   3.5021601e-01
   3.7095040e-01
   3.7555937e-01
   3.7836925e-01
   3.7867206e-01
   3.7638600e-01
   3.6378585e-01
   3.5856123e-01
   3.3725979e-01
   3.1145864e-01
   2.9802300e-01
   3.0851086e-01
   3.0645088e-01
   3.0289917e-01
   3.0226976e-01
   3.0310482e-01
   2.9057776e-01
   3.1075569e-01
   3.0452395e-01
   2.9488344e-01
   2.9580075e-01
   2.9724620e-01
   3.0147383e-01
   3.0636858e-01
   3.1559135e-01
   3.2776570e-01
   3.3363909e-01
   3.3007559e-01
   3.1699732e-01
   3.0214505e-01
   2.9188770e-01
   2.9139943e-01
   2.9263985e-01
   2.9258766e-01
   2.4390340e-01
   2.9551946e-01
   3.1606066e-01
   3.2511653e-01
   3.3236389e-01
   3.4391756e-01
   3.4830448e-01
   3.2092214e-01
   3.3791024e-01
   3.4016173e-01
   3.3297161e-01
   3.3224122e-01
   3.3210704e-01
   3.2374974e-01
   3.1714314e-01
   3.1327782e-01
   3.1218537e-01
   3.1391705e-01
   3.1699312e-01
   3.4006933e-01
   3.4870926e-01
   3.5156495e-01
   3.5957368e-01
   3.3800035e-01
   3.5661026e-01
   3.5772977e-01
   3.6975042e-01
   3.6903250e-01
   3.6784547e-01
   3.9706440e-01
   3.7792590e-01
   3.9597877e-01
   3.9842371e-01
   4.0460925e-01
   4.1945814e-01
   4.1818055e-01
   4.0488836e-01
   4.0206933e-01
   4.0156330e-01
   4.0820114e-01
   4.0802924e-01
   4.0536628e-01
   3.9143151e-01
   3.7665968e-01
   4.0149522e-01
   3.9928932e-01
   3.9844355e-01
   4.0974688e-01
   4.0971424e-01
   4.0342401e-01
   3.9735384e-01
   3.7983026e-01
   3.8217925e-01
   3.6857353e-01
   3.7147686e-01
   3.8988268e-01
   3.8930236e-01
   3.7321999e-01
   3.6255459e-01
   3.8128909e-01
   3.7593242e-01
   3.7319850e-01
   3.7723017e-01
   3.7644041e-01
   3.7812296e-01
   3.8722353e-01
   3.5462030e-01
   3.3230087e-01
   3.2673712e-01
   3.1489267e-01
   3.0921713e-01
   2.9546448e-01
   3.0446490e-01
   3.0614089e-01
   2.9223583e-01
   2.5754126e-01
   2.2691372e-01
   2.1476444e-01
   2.0531713e-01
   2.0605209e-01
   2.0962990e-01
   2.0276380e-01
   2.1170355e-01
   2.0840861e-01
   2.1607838e-01
   2.1161345e-01
   2.1212032e-01
   2.0367893e-01
   2.2706409e-01
   2.5138761e-01
   2.7039215e-01
   2.5330260e-01
   2.5683374e-01
   2.5897450e-01
   2.5343609e-01
   2.5811344e-01
   2.5858928e-01
   2.5441062e-01
   2.4723308e-01
   2.2971206e-01
   2.8227164e-01
   2.8005223e-01
   2.6116679e-01
   2.7043775e-01
   2.8766937e-01
   2.8424745e-01
   2.6428430e-01
   2.9534145e-01
   2.9049115e-01
   3.0072176e-01
   2.8628091e-01
   2.8695346e-01
   2.8713582e-01
   2.8727483e-01
   3.1365573e-01
   3.1198323e-01
   3.0149478e-01
   3.1229755e-01
   3.2844166e-01
   3.2914453e-01
   3.3594990e-01
   3.3644804e-01
   3.4386735e-01
   3.6504769e-01
   3.8841995e-01
   3.9453512e-01
   3.9988637e-01
   4.0899314e-01
   4.2998165e-01
   4.2971155e-01
   4.3101609e-01
   4.3239450e-01
   4.3405087e-01
   4.4014231e-01
   4.4571405e-01
   4.5014628e-01
   4.5365159e-01
   4.3611895e-01
   4.4270901e-01
   4.5138650e-01
   4.5528832e-01
   4.4400288e-01
   4.7219098e-01
   4.8595849e-01
   4.6483555e-01
   4.5083858e-01
   4.3940483e-01
   4.4030339e-01
   4.3205429e-01
   4.3650480e-01
   4.2583916e-01
   4.2382191e-01
   4.2024185e-01
   4.3667686e-01
   4.1956933e-01
   4.2007911e-01
   4.1727138e-01
   4.2475683e-01
   4.4829674e-01
   4.5130883e-01
   4.5353764e-01
   4.5586912e-01
   4.5707369e-01
   4.5489309e-01
   4.5236420e-01
   4.4760876e-01
   4.4328192e-01
   4.2057626e-01
   4.1196543e-01
   4.2477537e-01
   4.2542346e-01
   4.2511231e-01
   4.1728630e-01
   4.1287219e-01
   4.1284374e-01
   4.0664578e-01
   4.0244519e-01
   3.7972257e-01
   3.8185323e-01
   3.8008599e-01
   3.6835919e-01
   3.7968877e-01
   4.0857879e-01
   4.2203322e-01
   4.1090866e-01
   4.3578815e-01
   4.4888728e-01
   4.5029944e-01
   4.3320182e-01
   4.1889364e-01
   3.9917205e-01
   4.4272200e-01
   4.4419023e-01
   4.4839808e-01
   4.6023766e-01
   4.5138183e-01
   4.4309996e-01
   4.2995189e-01
   4.3398236e-01
   4.2523449e-01
   4.3742951e-01
   4.3537278e-01
   4.2157227e-01
   4.0314896e-01
   3.8907425e-01
   4.1898118e-01
   4.2460663e-01
   4.1884371e-01
   4.1979163e-01
   4.1203783e-01
   4.2571959e-01
   4.2839238e-01
   4.3022819e-01
   4.1804974e-01
   4.1262082e-01
   4.2808345e-01
   4.2570978e-01
   4.0536311e-01
   3.7779297e-01
   3.7955817e-01
   3.7560820e-01
   3.7179173e-01
   3.3878339e-01
   3.4592783e-01
   3.5122051e-01
   3.5103042e-01
   3.4798880e-01
   3.3187940e-01
   3.3991823e-01
   3.3673167e-01
   3.3654498e-01
   3.2701336e-01
   3.0559365e-01
   3.0486264e-01
   3.0446446e-01
   2.9962783e-01
   2.8662787e-01
   2.9830834e-01
   2.9348047e-01
   2.8316939e-01
   2.8233315e-01
   2.7151045e-01
   2.1037923e-01
   2.1513306e-01
   2.3831272e-01
   2.5110358e-01
   2.5813236e-01
   2.5622786e-01
   2.7008510e-01
   2.7036255e-01
   2.9208491e-01
   3.0844636e-01
   3.3587632e-01
   3.4928625e-01
   3.7005727e-01
   3.5767595e-01
   3.6014980e-01
   3.6008482e-01
   3.5946867e-01
   3.6529690e-01
   3.6686456e-01
   3.7500627e-01
   3.7791945e-01
   3.7652103e-01
   3.7640811e-01
   3.7964940e-01
   3.8179521e-01
   3.7462107e-01
   3.8209174e-01
   3.8030404e-01
   3.8219119e-01
   3.9794472e-01
   4.0832234e-01
   4.1254893e-01
   4.0588472e-01
   4.1415052e-01
   4.1092890e-01
   4.2296578e-01
   4.2852262e-01
   4.2476364e-01
   4.2795532e-01
   4.0340069e-01
   4.0157750e-01
   4.0170679e-01
   3.8348963e-01
   3.6306856e-01
   3.5591531e-01
   3.4263610e-01
   3.5155076e-01
   3.5207334e-01
   3.2463758e-01
   3.3746394e-01
   3.1782848e-01
   3.0789320e-01
   2.9503155e-01
   2.7096632e-01
   2.8450702e-01
   2.9311129e-01
   2.7621108e-01
   2.4543356e-01
   2.1786261e-01
   1.8084140e-01
   2.1587715e-01
   2.3585235e-01
   2.1988960e-01
   1.8876544e-01
   1.5371965e-01
   1.5798312e-01
   1.5826891e-01
   1.6923610e-01
   1.6800606e-01
   1.7189627e-01
   1.7599021e-01
   1.9700798e-01
   2.0278576e-01
   2.0476671e-01
   1.9988194e-01
   2.1301014e-01
   2.4762772e-01
   2.4282425e-01
   2.4568346e-01
   2.2527602e-01
   2.5666351e-01
   2.5777602e-01
   2.6580506e-01
   2.6669203e-01
   2.6320008e-01
   2.6220593e-01
   2.6025209e-01
   2.6859596e-01
   2.7810941e-01
   2.7704645e-01
   3.0052179e-01
   3.1241797e-01
   3.1416711e-01
   3.1125691e-01
   3.3058107e-01
   3.3204774e-01
   3.3379421e-01
   3.4113279e-01
   3.3868941e-01
   3.2161040e-01
   3.8063312e-01
   3.5916857e-01
   3.8007853e-01
   3.8313112e-01
   3.8311073e-01
   3.8351129e-01
   3.7837405e-01
   3.7514655e-01
   3.7368661e-01
   3.5983808e-01
   3.4467401e-01
   3.4775005e-01
   3.4651103e-01
   3.5635927e-01
   3.6001098e-01
   3.7956389e-01
   3.9007656e-01
   3.7838167e-01
   3.8161380e-01
   3.7510943e-01
   3.7057309e-01
   3.7635378e-01
   3.7045009e-01
   3.6291126e-01
   3.6367068e-01
   3.6747268e-01
   3.8577982e-01
   3.9621979e-01
   3.8782413e-01
   3.6716088e-01
   3.6470250e-01
   3.6343443e-01
   3.6075109e-01
   3.6788274e-01
   3.5942044e-01
   3.4559617e-01
   3.2289897e-01
   3.3490202e-01
   3.3545727e-01
   3.3940415e-01
   3.3175153e-01
   3.2748799e-01
   3.3519494e-01
   3.4912678e-01
   3.1117106e-01
   3.3816995e-01
   3.2481804e-01
   3.3069858e-01
   3.2780931e-01
   2.6670886e-01
   3.2469363e-01
   3.5580256e-01
   4.0136407e-01
   4.1536080e-01
   4.2558839e-01
   4.2523395e-01
   4.4432238e-01
   4.6440856e-01
   4.9217181e-01
   4.9281327e-01
   4.8684775e-01
   4.8543899e-01
   4.6195898e-01
   4.6783796e-01
   4.5714890e-01
   4.7534675e-01
   4.8309456e-01
   4.7738002e-01
   4.8385834e-01
   4.8503394e-01
   4.7706169e-01
   4.5924690e-01
   4.5684059e-01
   4.5867887e-01
   4.5772044e-01
   4.6286838e-01
   4.6418378e-01
   4.7178743e-01
   4.7058761e-01
   4.7071883e-01
   4.7263315e-01
   5.0638405e-01
   5.0312172e-01
   4.9515573e-01
   5.0916552e-01
   5.1592908e-01
   5.1653246e-01
   5.1376770e-01
   5.1239994e-01
   5.1343336e-01
   4.9757730e-01
   4.9565538e-01
   4.9301033e-01
   4.9513565e-01
   4.9474935e-01
   4.7640279e-01
   4.9227889e-01
   4.9985193e-01
   4.9086528e-01
   4.8721450e-01
   4.8704500e-01
   4.9269189e-01
   4.9031002e-01
   4.9246741e-01
   4.9238903e-01
   4.8458736e-01
   4.7409453e-01
   4.7100363e-01
   4.6658406e-01
   4.6089462e-01
   4.4957360e-01
   4.4900662e-01
   4.3394996e-01
   4.2994247e-01
   4.1347983e-01
   3.7273620e-01
   3.7530048e-01
   3.5265058e-01
   3.3993301e-01
   3.5209380e-01
   3.6532408e-01
   3.7740346e-01
   3.8461320e-01
   3.8341103e-01
   3.6957715e-01
   3.4275526e-01
   3.1012268e-01
   3.1612692e-01
   2.8746686e-01
   2.9630762e-01
   2.9771376e-01
   2.9626173e-01
   2.8725179e-01
   2.5510583e-01
   2.4988320e-01
   2.3933589e-01
   2.5250571e-01
   2.4565277e-01
   2.5827971e-01
   2.6041212e-01
   2.5785073e-01
   2.6501159e-01
   2.7032222e-01
   2.8356016e-01
   3.1596947e-01
   3.2373723e-01
   3.1600952e-01
   3.0975008e-01
   3.0274454e-01
   3.2908611e-01
   3.1914031e-01
   3.2060722e-01
   3.2920618e-01
   3.2978758e-01
   3.2291517e-01
   3.3018045e-01
   3.2194204e-01
   3.0757746e-01
   3.1957930e-01
   3.1493949e-01
   3.1504969e-01
   3.1618287e-01
   3.2842468e-01
   3.5517371e-01
   3.5262096e-01
   3.7729037e-01
   3.9616819e-01
   3.7418092e-01
   3.7073416e-01
   3.6810603e-01
   3.5553514e-01
   3.5841592e-01
   3.6047777e-01
   3.6146252e-01
   3.5095770e-01
   3.3879937e-01
   3.4622665e-01
   3.3331826e-01
   3.4782659e-01
   3.5010017e-01
   3.3350142e-01
   3.0649245e-01
   3.2517226e-01
   3.0835952e-01
   2.6625829e-01
   2.5517265e-01
   2.4791172e-01
   2.4803851e-01
   2.4725100e-01
   2.5024469e-01
   2.4985776e-01
   2.5504475e-01
   2.5879549e-01
   2.5208600e-01
   2.5314618e-01
   2.5664996e-01
   2.7425673e-01
   2.6927132e-01
   2.8984753e-01
   2.9241549e-01
   2.9170612e-01
   2.9828957e-01
   2.9879955e-01
   3.0016224e-01
   3.0011619e-01
   3.3703775e-01
   3.5588357e-01
   3.5714441e-01
   3.7460883e-01
   3.9325433e-01
   4.0868612e-01
   3.9308478e-01
   3.9359930e-01
   3.9943975e-01
   3.9557796e-01
   3.9129678e-01
   3.8103492e-01
   3.9646357e-01
   3.8723535e-01
   3.7737770e-01
   3.7229246e-01
   3.6063510e-01
   3.7355481e-01
   3.7133807e-01
   3.7228401e-01
   3.7317854e-01
   3.4593926e-01
   3.4347701e-01
   3.5287543e-01
   3.4376360e-01
   3.5679453e-01
   3.6142660e-01
   3.6337721e-01
   3.6801155e-01
   3.9718979e-01
   4.0461271e-01
   4.0597090e-01
   3.9207828e-01
   4.0056328e-01
   3.9795754e-01
   3.9688894e-01
   3.7854735e-01
   3.8416500e-01
   3.7704854e-01
   3.4781145e-01
   3.8560798e-01
   4.0848474e-01
   4.0925446e-01
   4.0557998e-01
   4.0999580e-01
   4.0990878e-01
   3.9772872e-01
   4.0035603e-01
   3.9960365e-01
   4.2941359e-01
   4.4061402e-01
   4.4361046e-01
   4.5495943e-01
   4.5728697e-01
   4.5723841e-01
   4.5077680e-01
   4.5575232e-01
   4.5460269e-01
   4.6098450e-01
   4.6779222e-01
   4.6369755e-01
   4.7417355e-01
   5.0290265e-01
   5.1056753e-01
   5.1808639e-01
   5.1442771e-01
   5.2157064e-01
   5.0914265e-01
   4.9329084e-01
   5.0288573e-01
   4.9929334e-01
   5.1567184e-01
   5.2793683e-01
   5.1979238e-01
   5.2535600e-01
   5.1511476e-01
   5.1390822e-01
   5.0892887e-01
   5.1894362e-01
   5.3345926e-01
   5.5753147e-01
   5.5992900e-01
   5.5362210e-01
   5.4910987e-01
   5.4546093e-01
   5.4944293e-01
   5.4506162e-01
   5.4299142e-01
   5.3709575e-01
   5.3627473e-01
   5.3763163e-01
   5.3318733e-01
   5.3887580e-01
   5.3790615e-01
   5.2825925e-01
   5.2973292e-01
   5.0854721e-01
   5.2158957e-01
   5.1770112e-01
   4.9486415e-01
   4.7896837e-01
   4.7774528e-01
   4.6093431e-01
   4.3653180e-01
   4.0873895e-01
   3.8071611e-01
   3.9864973e-01
   3.9608639e-01
   3.8754575e-01
   3.8340344e-01
   3.8725865e-01
   3.8770440e-01
   3.8769607e-01
   3.8714966e-01
   3.6192745e-01
   3.5597931e-01
   3.3985554e-01
   3.1538889e-01
   3.1183357e-01
   3.1330294e-01
   3.1135172e-01
   3.0122999e-01
   2.9081493e-01
   2.8864096e-01
   2.9995679e-01
   3.0671017e-01
   2.8800596e-01
   3.0537932e-01
   3.1600875e-01
   3.0999267e-01
   3.1364877e-01
   3.1126072e-01
   3.1487238e-01
   3.5281190e-01
   3.4167667e-01
   3.3670874e-01
   3.4525398e-01
   3.5641899e-01
   3.3944327e-01
   3.7316355e-01
   3.3473346e-01
   3.4238228e-01
   3.4536351e-01
   3.5133455e-01
   3.4613869e-01
   3.5030500e-01
   3.5488955e-01
   3.5449460e-01
   3.4284696e-01
   3.4142954e-01
   3.3604971e-01
   3.2819157e-01
   3.2839791e-01
   3.2509558e-01
   3.2825058e-01
   3.3437733e-01
   3.3924825e-01
   3.4044909e-01
   3.3249722e-01
   3.0290874e-01
   2.9906185e-01
   2.6620718e-01
   2.6627457e-01
   2.5936922e-01
   2.4606303e-01
   2.5545438e-01
   2.4560570e-01
   2.5872892e-01
   2.9533777e-01
   3.0390202e-01
   3.0234350e-01
   2.6856302e-01
   2.7950432e-01
   2.8461545e-01
   2.3277707e-01
   2.6939823e-01
   2.8018922e-01
   2.7867468e-01
   2.7642553e-01
   2.4726388e-01
   2.2218681e-01
   2.1076184e-01
   2.0116463e-01
   2.1481658e-01
   2.1448097e-01
   2.0960183e-01
   2.0417375e-01
   2.0028184e-01
   2.1241596e-01
   2.1829732e-01
   2.1173161e-01
   1.9754751e-01
   2.1590941e-01
   2.4600477e-01
   2.7197736e-01
   2.4874547e-01
   2.6031742e-01
   2.6194626e-01
   2.5824923e-01
   2.5481102e-01
   2.5366736e-01
   2.5045417e-01
   2.5002278e-01
   2.4867034e-01
   2.4169683e-01
   2.4372524e-01
   2.4473132e-01
   2.4388441e-01
   2.4998624e-01
   2.3587781e-01
   2.2208351e-01
   2.2496117e-01
   2.1009110e-01
   2.1669548e-01
   2.2363081e-01
   2.1546216e-01
   2.0439194e-01
   2.0611271e-01
   2.1950647e-01
   2.2551572e-01
   2.2824373e-01
   2.2792614e-01
   2.3561176e-01
   2.3027584e-01
   2.2164775e-01
   2.1780718e-01
   2.4500418e-01
   2.5948754e-01
   2.6174520e-01
   2.6542999e-01
   2.7014338e-01
   2.7372693e-01
   2.6970837e-01
   2.3505694e-01
   2.5718195e-01
   2.5830312e-01
   2.7103882e-01
   2.6692097e-01
   2.8086527e-01
   2.6412122e-01
   2.8519795e-01
   2.7823410e-01
   2.8798165e-01
   3.0112927e-01
   3.1209659e-01
   3.1172178e-01
   3.0707853e-01
   3.1152505e-01
   3.1094340e-01
   3.0178751e-01
   3.0375595e-01
   3.2228024e-01
   3.3628956e-01
   3.5932116e-01
   3.5336819e-01
   3.5059553e-01
   3.5730096e-01
   3.6810320e-01
   3.8315321e-01
   3.7590698e-01
   4.2142105e-01
   4.3115732e-01
   4.4824241e-01
   4.6174792e-01
   4.7601155e-01
   4.8665660e-01
   4.8667633e-01
   4.5655042e-01
   4.6205838e-01
   4.7516386e-01
   4.8790810e-01
   5.1230690e-01
   5.3993937e-01
   4.9985095e-01
   4.9904531e-01
   4.8541520e-01
   4.8573092e-01
   4.8943378e-01
   4.8133554e-01
   4.8538765e-01
   4.7236406e-01
   4.7737369e-01
   4.7484399e-01
   4.7889072e-01
   4.7335275e-01
   4.7140113e-01
   4.8376009e-01
   4.8676357e-01
   4.7158123e-01
   4.6106254e-01
   4.6590702e-01
   4.6211049e-01
   4.2356592e-01
   3.8964443e-01
   3.5405962e-01
   3.8479230e-01
   3.8162816e-01
   3.8415898e-01
   3.9273127e-01
   3.9255314e-01
   4.0504063e-01
   4.0626791e-01
   4.0115419e-01
   3.9356303e-01
   3.9472777e-01
   3.8479522e-01
   3.8680191e-01
   3.7494500e-01
   3.3781833e-01
   3.6819989e-01
   3.6952602e-01
   3.5469755e-01
   3.8040605e-01
   3.8246827e-01
   3.9312262e-01
   3.9205080e-01
   3.9062851e-01
   3.9858052e-01
   3.9905491e-01
   4.1243930e-01
   4.1408770e-01
   4.1377814e-01
   4.1420315e-01
   4.0932078e-01
   4.0636122e-01
   4.0853381e-01
   4.0673856e-01
   4.0303484e-01
   4.1014975e-01
   4.1571976e-01
   4.1276228e-01
   4.0895883e-01
   4.1370615e-01
   4.1089543e-01
   4.1603306e-01
   4.1275147e-01
   4.0080193e-01
   4.0255153e-01
   3.9874445e-01
   3.7327508e-01
   3.6855455e-01
   3.6191269e-01
   3.5497374e-01
   3.4741774e-01
   3.7314390e-01
   3.7278408e-01
   3.6875763e-01
   3.7281070e-01
   3.5745641e-01
   3.5095398e-01
   3.6221123e-01
   3.6424057e-01
   3.6507919e-01
   3.4631825e-01
   3.6319051e-01
   3.6553346e-01
   3.6746506e-01
   3.6024520e-01
   3.7240411e-01
   3.6742089e-01
   3.7092749e-01
   3.7161264e-01
   3.6869771e-01
   3.5769360e-01
   3.5685032e-01
   3.6525080e-01
   3.6128275e-01
   3.6189899e-01
   3.5619389e-01
   3.5370282e-01
   3.4371622e-01
   3.3224969e-01
   3.1251911e-01
   3.4012769e-01
   3.6660365e-01
   3.5416275e-01
   3.7169243e-01
   3.6403144e-01
   3.6672494e-01
   3.6684488e-01
   3.8054192e-01
   3.9645790e-01
   3.8540433e-01
   3.7877266e-01
   3.8194920e-01
   3.6764290e-01
   3.9027209e-01
   4.0353052e-01
   4.0953536e-01
   4.0964764e-01
   4.1227056e-01
   4.1721870e-01
   3.7221583e-01
   4.3407371e-01
   4.2357887e-01
   4.3344545e-01
   4.2932932e-01
   4.2335532e-01
   4.1352877e-01
   4.0526376e-01
   3.7553621e-01
   3.7081040e-01
   3.5788602e-01
   3.2478189e-01
   3.2886322e-01
   3.2726306e-01
   3.1552364e-01
   3.1170988e-01
   3.1954444e-01
   3.2669203e-01
   3.2098110e-01
   3.2563609e-01
   3.2302318e-01
   3.0953875e-01
   2.9268315e-01
   2.9253176e-01
   2.8789644e-01
   3.0433390e-01
   3.1193276e-01
   3.1128053e-01
   3.1256023e-01
   3.0881574e-01
   3.0441719e-01
   3.0550957e-01
   3.0523597e-01
   3.0555460e-01
   2.8709249e-01
   2.9979219e-01
   2.7997979e-01
   2.7271119e-01
   2.8990515e-01
   2.9539448e-01
   2.8583948e-01
   2.9344517e-01
   2.9948755e-01
   3.0758441e-01
   3.2050178e-01
   3.3182768e-01
   3.2483211e-01
   3.2503015e-01
   3.1939199e-01
   3.3376463e-01
   3.4344604e-01
   3.4687573e-01
   3.5283362e-01
   3.5827754e-01
   3.5775432e-01
   3.5822658e-01
   3.5297930e-01
   3.5889997e-01
   3.5474080e-01
   3.5851719e-01
   3.5510666e-01
   3.7315282e-01
   3.9305270e-01
   3.9005920e-01
   3.9385096e-01
   4.0537836e-01
   4.1101382e-01
   4.2409309e-01
   4.2631950e-01
   4.2851164e-01
   4.3191079e-01
   4.4577324e-01
   4.3185028e-01
   4.5179701e-01
   4.5052649e-01
   4.5904082e-01
   4.5935548e-01
   4.5771927e-01
   4.6028964e-01
   4.4195144e-01
   4.6340099e-01
   4.6324928e-01
   4.6116893e-01
   4.7023406e-01
   4.5764400e-01
   4.7299127e-01
   4.7582981e-01
   4.7522152e-01
   4.6855271e-01
   4.7280664e-01
   4.7252757e-01
   4.7120423e-01
   4.7218929e-01
   4.6103089e-01
   4.6262926e-01
   4.6001746e-01
   4.5641184e-01
   4.5381435e-01
   4.5844017e-01
   4.4424619e-01
   4.3505476e-01
   3.7389766e-01
   3.8979570e-01
   3.8369609e-01
   3.8735203e-01
   3.9372152e-01
   3.9143251e-01
   3.8735649e-01
   3.9075466e-01
   3.9257230e-01
   4.0063131e-01
   4.3772275e-01
   4.3970260e-01
   4.3898383e-01
   4.3961966e-01
   4.3099352e-01
   4.2416770e-01
   3.9152583e-01
   3.7143707e-01
   3.7315238e-01
   3.6800913e-01
   3.8708613e-01
   4.0569466e-01
   3.9887038e-01
   3.9439295e-01
   3.6188678e-01
   3.7275968e-01
   3.6424780e-01
   3.6752487e-01
   3.6574221e-01
   3.7622906e-01
   3.6303664e-01
   3.6085891e-01
   3.5095078e-01
   3.7294071e-01
   3.5751304e-01
   3.7510814e-01
   3.5324918e-01
   3.2607194e-01
   3.2709367e-01
   3.0832061e-01
   3.1479993e-01
   2.8834917e-01
   2.8763177e-01
   2.7424135e-01
   2.6957885e-01
   2.7708352e-01
   2.8496912e-01
   2.9304006e-01
   2.8746889e-01
   2.5662417e-01
   2.8322498e-01
   2.9016144e-01
   3.1815250e-01
   3.2809787e-01
   3.3440184e-01
   3.3965861e-01
   3.1496092e-01
   3.2255364e-01
   3.1696439e-01
   3.1373204e-01
   2.8500293e-01
   3.0039001e-01
   3.0370949e-01
   2.9340632e-01
   2.7776479e-01
   2.5703447e-01
   2.5995995e-01
   2.6545574e-01
   2.5590838e-01
   2.3931595e-01
   2.1591454e-01
   1.9832904e-01
   1.8504101e-01
   1.8754927e-01
   1.9096813e-01
   1.9549530e-01
   1.8456227e-01
   1.8245077e-01
   1.9007739e-01
   1.8328033e-01
   1.7180625e-01
   1.7047565e-01
   1.7083154e-01
   1.6955648e-01
   1.7200810e-01
   1.6674341e-01
   1.6550856e-01
   1.6696216e-01
   1.6729120e-01
   1.7108581e-01
   1.7464466e-01
   1.7961379e-01
   1.9174773e-01
   1.8973267e-01
   1.7778109e-01
   1.7380675e-01
   1.8034889e-01
   1.7042738e-01
   1.8527727e-01
   1.9568336e-01
   1.8987802e-01
   2.1413540e-01
   2.0664585e-01
   1.9096747e-01
   1.8779824e-01
   1.8567013e-01
   1.7019013e-01
   1.5663065e-01
   1.5567521e-01
   1.3668240e-01
   1.5686806e-01
   1.8935883e-01
   2.0735804e-01
   2.1697630e-01
   2.2101037e-01
   2.3274328e-01
   2.4018301e-01
   2.6290053e-01
   2.6308154e-01
   2.5842794e-01
   2.5937383e-01
   2.3989833e-01
   2.4298135e-01
   2.3421824e-01
   2.6165540e-01
   2.6433010e-01
   2.6618498e-01
   2.6322717e-01
   2.8617037e-01
   2.8912729e-01
   3.0418139e-01
   3.0198058e-01
   2.9337427e-01
   2.9615067e-01
   3.1429950e-01
   3.3987554e-01
   3.5139399e-01
   4.0293644e-01
   4.0434004e-01
   4.2498653e-01
   4.2244627e-01
   4.2559859e-01
   4.2242131e-01
   4.2561080e-01
   4.2530702e-01
   4.1744531e-01
   4.1525201e-01
   4.1117637e-01
   4.1777182e-01
   4.2425171e-01
   4.0507318e-01
   3.8442550e-01
   3.6247281e-01
   3.4794692e-01
   3.4118677e-01
   3.3016612e-01
   3.3696322e-01
   3.4989790e-01
   3.5839443e-01
   3.5358341e-01
   3.5984170e-01
   3.4366204e-01
   3.4333247e-01
   3.3335620e-01
   3.5365363e-01
   3.7084050e-01
   3.6247134e-01
   3.3811958e-01
   3.7122339e-01
   3.9680879e-01
   4.0938970e-01
   4.2614064e-01
   4.2889970e-01
   4.3644893e-01
   4.2417809e-01
   4.4453881e-01
   4.4802548e-01
   4.4506268e-01
   4.4490605e-01
   4.4228018e-01
   4.5922924e-01
   4.6046975e-01
   4.5488195e-01
   4.6202468e-01
   4.5393468e-01
   4.5424725e-01
   4.5670228e-01
   4.5760887e-01
   4.6543236e-01
   4.6493732e-01
   4.6466719e-01
   4.6438312e-01
   4.6626551e-01
   4.6569348e-01
   4.8459486e-01
   4.7423443e-01
   4.6953715e-01
   4.7097881e-01
   4.7161377e-01
   4.6374988e-01
   4.6618063e-01
   4.6300129e-01
   4.6631132e-01
   4.7824287e-01
   4.8068266e-01
   4.7488879e-01
   4.9593237e-01
   5.1250707e-01
   5.0256991e-01
   5.2859279e-01
   5.2236121e-01
   5.1288867e-01
   5.1469163e-01
   5.1680192e-01
   5.1559607e-01
   5.2039793e-01
   5.2460730e-01
   5.2714191e-01
   5.2396897e-01
   5.2233188e-01
   5.1020725e-01
   5.2844083e-01
   5.4092282e-01
   5.3322187e-01
   5.2646623e-01
   5.1561036e-01
   5.2559141e-01
   5.2068910e-01
   5.0328741e-01
   5.0012873e-01
   4.7392478e-01
   4.6977336e-01
   4.7073770e-01
   4.6747829e-01
   4.4422734e-01
   4.4336237e-01
   4.2036326e-01
   4.2496631e-01
   4.2861105e-01
   4.1571562e-01
   3.8163902e-01
   3.8917575e-01
   4.1573325e-01
   4.2113457e-01
   4.2581604e-01
   4.2322190e-01
   4.2932745e-01
   4.2900275e-01
   4.2499767e-01
   4.3362297e-01
   4.2729194e-01
   4.2717828e-01
   4.2657173e-01
   4.3816922e-01
   4.3873554e-01
   4.3124878e-01
   4.5190872e-01
   4.4698911e-01
   4.4042164e-01
   4.3829155e-01
   4.3150636e-01
   4.3944711e-01
   4.4532023e-01
   4.4675629e-01
   4.2784503e-01
   4.1307874e-01
   4.1654611e-01
   4.0046150e-01
   3.4890977e-01
   3.6234295e-01
   3.5326552e-01
   3.3358550e-01
   3.0949730e-01
   3.1141260e-01
   3.0130789e-01
   2.5768961e-01
   2.4501103e-01
   2.1136785e-01
   2.1671212e-01
   2.1269614e-01
   1.9948684e-01
   2.0836934e-01
   2.0798958e-01
   2.0074773e-01
   2.0681544e-01
   2.1270153e-01
   2.0936328e-01
   1.9606653e-01
   1.5833305e-01
   1.5520289e-01
   1.5337711e-01
   1.5847263e-01
   1.8744388e-01
   2.0233668e-01
   2.0080832e-01
   2.3028283e-01
   2.4226041e-01
   2.1520826e-01
   2.1885435e-01
   2.1795935e-01
   2.3851991e-01
   2.6273949e-01
   2.8562284e-01
   2.5471119e-01
   2.5597949e-01
   2.5993740e-01
   2.6577976e-01
   2.9432969e-01
   2.7804736e-01
   2.6591106e-01
   2.8375123e-01
   2.8064858e-01
   2.8256399e-01
   2.8989814e-01
   2.9070207e-01
   2.9881736e-01
   3.0152852e-01
   3.0816891e-01
   3.0839880e-01
   2.9964672e-01
   3.0258446e-01
   2.9887430e-01
   2.9691553e-01
   2.7706295e-01
   2.9124271e-01
   2.9830013e-01
   3.1469181e-01
   3.2469421e-01
   3.2560087e-01
   3.6435400e-01
   3.9777257e-01
   4.2842375e-01
   4.3569679e-01
   4.6686896e-01
   4.8596830e-01
   4.7432731e-01
   5.1350841e-01
   5.2666390e-01
   5.4176234e-01
   5.4228869e-01
   5.8319403e-01
   6.0063016e-01
   6.2328177e-01
   6.3352206e-01
   6.5519711e-01
   6.5944595e-01
   6.4989125e-01
   6.6047179e-01
   6.4788156e-01
   6.6201257e-01
   6.7033468e-01
   6.6211090e-01
   6.7459833e-01
   6.7846256e-01
   6.7841382e-01
   6.8161613e-01
   6.8208973e-01
   6.7926811e-01
   6.8014939e-01
   6.7689798e-01
   6.8669822e-01
   6.8652517e-01
   6.8349359e-01
   6.8767855e-01
   6.6784714e-01
   6.7454893e-01
   6.5817002e-01
   6.4878865e-01
   6.3004155e-01
   6.3643676e-01
   6.3973151e-01
   6.4070759e-01
   6.4531682e-01
   6.4472977e-01
   6.4162357e-01
   6.5305882e-01
   6.4993668e-01
   6.6559671e-01
   6.6957531e-01
   6.6955089e-01
   6.7431375e-01
   6.7395551e-01
   6.7522994e-01
   6.7800815e-01
   6.7860392e-01
   6.7516321e-01
   6.7097481e-01
   6.5950133e-01
   6.6742658e-01
   6.6899171e-01
   6.5917642e-01
   6.3608357e-01
   6.6761104e-01
   6.6693275e-01
   6.6343681e-01
   6.5710808e-01
   6.5534932e-01
   6.8000861e-01
   6.7871809e-01
   6.7830066e-01
   6.8495642e-01
   6.8656415e-01
   6.9289433e-01
   6.9715337e-01
   6.8886746e-01
   6.7256303e-01
   6.4140205e-01
   6.2760803e-01
   6.3954176e-01
   6.2377025e-01
   6.0577740e-01
   6.1059190e-01
   6.1040585e-01
   6.0096970e-01
   5.9986590e-01
   5.9236238e-01
   5.8744007e-01
   5.7212727e-01
   5.5583295e-01
   5.6509866e-01
   5.3524538e-01
   5.4385566e-01
   5.2854073e-01
   5.5134824e-01
   5.5684878e-01
   5.6577741e-01
   5.4828836e-01
   5.4433313e-01
   5.5725428e-01
   5.5914665e-01
   5.6349056e-01
   5.6122993e-01
   5.6085821e-01
   5.5924671e-01
   5.5918719e-01
   5.6815068e-01
   5.5645841e-01
   5.6220030e-01
   5.6701899e-01
   5.7120765e-01
   5.6470783e-01
   5.4953000e-01
   5.4829951e-01
   5.4279017e-01
   5.3879444e-01
   5.4110520e-01
   5.4637268e-01
   5.6058788e-01
   5.6715777e-01
   5.6872899e-01
   5.6145370e-01
   5.7084403e-01
   5.7470415e-01
   5.7519729e-01
   5.7292785e-01
   5.7160814e-01
   5.6691434e-01
   5.7115685e-01
   5.6884579e-01
   5.5472880e-01
   5.5347427e-01
   5.5236014e-01
   5.3643040e-01
   5.2617325e-01
   5.3268213e-01
   5.1908963e-01
   5.1796484e-01
   5.1797996e-01
   5.2858339e-01
   5.3443309e-01
   5.3487855e-01
   5.2831740e-01
   5.2921617e-01
   5.3038956e-01
   5.2947936e-01
   5.3073482e-01
   5.3958333e-01
   5.4378403e-01
   5.4287504e-01
   5.2903040e-01
   5.4105838e-01
   5.4313435e-01
   5.3758403e-01
   5.3505066e-01
   5.1118218e-01
   4.8111287e-01
   4.8136196e-01
   4.8621832e-01
   4.8337155e-01
   4.8196869e-01
   4.6459953e-01
   3.9189296e-01
   3.9847855e-01
   3.9068252e-01
   3.7813986e-01
   3.3640607e-01
   3.3546551e-01
   3.4117659e-01
   3.4693959e-01
   3.4531876e-01
   3.4022263e-01
   3.2392009e-01
   3.2393776e-01
   3.2419460e-01
   3.2335864e-01
   3.0441691e-01
   3.3496583e-01
   3.3117867e-01
   3.1536216e-01
   3.1158788e-01
   3.0360150e-01
   2.9690591e-01
   2.9123881e-01
   2.9508753e-01
   2.9778682e-01
   2.9634541e-01
   3.0078091e-01
   3.0246797e-01
   2.9137476e-01
   2.9308156e-01
   2.8398017e-01
   2.7442581e-01
   2.5455889e-01
   2.1679636e-01
   2.1433240e-01
   2.2664922e-01
   2.6818646e-01
   2.8278386e-01
   2.7659053e-01
   2.5152115e-01
   2.6809543e-01
   2.5865947e-01
   2.6559380e-01
   2.5864334e-01
   2.7307552e-01
   2.7277363e-01
   2.8569569e-01
   2.7928131e-01
   2.8145300e-01
   2.9132791e-01
   2.9016197e-01
   3.0232304e-01
   3.0276865e-01
   3.0625083e-01
   3.3054836e-01
   3.3328689e-01
   3.3979149e-01
   3.5690586e-01
   3.6420224e-01
   3.5678410e-01
   3.5899058e-01
   3.7396584e-01
   4.2387551e-01
   4.4669859e-01
   4.7024977e-01
   4.8132440e-01
   4.9641521e-01
   4.9317402e-01
   4.9355827e-01
   4.9866012e-01
   4.8781556e-01
   4.7759507e-01
   4.7930615e-01
   4.8133802e-01
   4.8921878e-01
   5.2690164e-01
   5.1542353e-01
   5.2460562e-01
   5.2938331e-01
   5.0860657e-01
   4.9764340e-01
   5.3947592e-01
   5.4350924e-01
   5.6710514e-01
   5.8734297e-01
   5.9463935e-01
   6.0412656e-01
   6.0658932e-01
   6.1481582e-01
   6.2550596e-01
   6.2647635e-01
   6.2523956e-01
   6.2711735e-01
   5.8361755e-01
   5.9384041e-01
   6.3839155e-01
   6.4771067e-01
   6.5753141e-01
   6.6903118e-01
   6.8054711e-01
   6.7589999e-01
   6.8310786e-01
   6.7694372e-01
   6.7560336e-01
   6.8617283e-01
   6.8515952e-01
   6.8720834e-01
   6.7607215e-01
   6.6645776e-01
   6.7731417e-01
   6.7594446e-01
   6.6536554e-01
   6.7444909e-01
   6.7406175e-01
   6.7409445e-01
   6.7080265e-01
   6.6733653e-01
   6.6386759e-01
   6.6822277e-01
   6.6778353e-01
   6.6917785e-01
   6.6995194e-01
   6.6487205e-01
   6.6843346e-01
   6.6810993e-01
   6.4331861e-01
   6.3509008e-01
   6.4161743e-01
   6.4132452e-01
   6.4447712e-01
   6.3475768e-01
   6.2910536e-01
   6.3072684e-01
   6.1089952e-01
   5.7313561e-01
   5.8231481e-01
   5.8279832e-01
   5.7237431e-01
   5.7556189e-01
   5.5877593e-01
   5.4308916e-01
   5.6109584e-01
   5.5791189e-01
   5.5691282e-01
   5.5151172e-01
   5.4879754e-01
   5.4398923e-01
   5.3068646e-01
   5.1468386e-01
   5.1081899e-01
   5.1876302e-01
   5.2109020e-01
   5.2793940e-01
   5.2865146e-01
   5.2940060e-01
   5.2887633e-01
   5.2531918e-01
   5.2797017e-01
   5.3757456e-01
   5.2173971e-01
   5.3465506e-01
   5.2747924e-01
   5.2921119e-01
   5.2239752e-01
   5.2421539e-01
   5.2119463e-01
   5.1592915e-01
   5.1497926e-01
   4.9799413e-01
   4.9721958e-01
   4.8981310e-01
   4.8743839e-01
   4.8453900e-01
   4.8375041e-01
   4.7392455e-01
   4.7371606e-01
   4.5546202e-01
   4.3538941e-01
   4.1612542e-01
   4.3481440e-01
   4.2355769e-01
   4.4391140e-01
   4.3772161e-01
   4.3340054e-01
   4.3293108e-01
   4.3710684e-01
   4.3446056e-01
   4.2683234e-01
   4.2101690e-01
   4.2531550e-01
   4.1721808e-01
   3.9858495e-01
   4.1334292e-01
   4.6376545e-01
   4.8088166e-01
   4.9095381e-01
   4.8419308e-01
   4.8921128e-01
   4.8012990e-01
   5.0222642e-01
   5.0222053e-01
   5.0562366e-01
   5.1469829e-01
   5.2079846e-01
   5.3577221e-01
   5.4623207e-01
   5.5460347e-01
   5.4262973e-01
   5.3404920e-01
   5.1989108e-01
   5.0717798e-01
   5.0754951e-01
   4.9500856e-01
   4.8220535e-01
   4.7948599e-01
   4.7241187e-01
   4.6398945e-01
   4.4027993e-01
   4.4177796e-01
   4.3005873e-01
   4.1014553e-01
   4.0874411e-01
   4.0034514e-01
   4.1410177e-01
   4.1416310e-01
   4.4058317e-01
   4.4754570e-01
   4.2984236e-01
   4.3093422e-01
   4.0448925e-01
   4.2016553e-01
   4.4682928e-01
   4.4870647e-01
   4.5726046e-01
   5.0658755e-01
   5.1706230e-01
   5.4481932e-01
   5.8280575e-01
   5.8820193e-01
   6.1442868e-01
   6.1788308e-01
   6.2917071e-01
   6.3383790e-01
   6.1832037e-01
   6.2913281e-01
   6.2286032e-01
   6.3721912e-01
   6.2683122e-01
   6.4412725e-01
   6.5132334e-01
   6.3978528e-01
   6.4622326e-01
   6.3817778e-01
   6.6738768e-01
   6.8023008e-01
   6.9124374e-01
   7.0215476e-01
   6.9259636e-01
   6.8898016e-01
   6.7461850e-01
   6.9132267e-01
   6.9203785e-01
   6.9232596e-01
   6.9582041e-01
   6.9768110e-01
   6.9200800e-01
   6.9442098e-01
   7.0535846e-01
   6.9958492e-01
   7.2258707e-01
   7.2699541e-01
   7.1080165e-01
   7.0722023e-01
   7.2494497e-01
   7.3361898e-01
   7.4339841e-01
   7.5456098e-01
   7.5058623e-01
   7.4404992e-01
   7.3638417e-01
   7.3252878e-01
   7.4270273e-01
   7.3708203e-01
   7.2758562e-01
   7.2664651e-01
   7.0554669e-01
   7.2914411e-01
   7.2970900e-01
   7.4543843e-01
   7.4790655e-01
   7.4050014e-01
   7.3454388e-01
   7.2500262e-01
   7.2754744e-01
   7.1380901e-01
   7.1426093e-01
   6.9995822e-01
   7.0191292e-01
   6.9441266e-01
   6.8856358e-01
   6.7718561e-01
   6.6451790e-01
   6.4785603e-01
   6.2962914e-01
   6.0689441e-01
   5.7851330e-01
   5.7286459e-01
   5.5923133e-01
   5.4342397e-01
   5.4766280e-01
   5.4797262e-01
   5.3577397e-01
   5.3415987e-01
   5.2735852e-01
   5.0113623e-01
   4.8947622e-01
   4.5282753e-01
   4.6723312e-01
   4.6827529e-01
   4.5840213e-01
   4.4375084e-01
   4.3605232e-01
   4.4479434e-01
   4.2464281e-01
   4.4358784e-01
   4.3391299e-01
   4.2489232e-01
   3.9563365e-01
   3.4200618e-01
   3.5680886e-01
   3.5567546e-01
   3.4278674e-01
   3.4379429e-01
   3.4837386e-01
   3.6918803e-01
   3.7114003e-01
   3.7928888e-01
   3.8057937e-01
   3.7188234e-01
   4.0518130e-01
   4.4354934e-01
   4.7927297e-01
   4.8350312e-01
   5.0581724e-01
   4.9959947e-01
   5.0719035e-01
   5.0662297e-01
   5.2335454e-01
   5.3025762e-01
   5.2284006e-01
   5.2644839e-01
   5.1676075e-01
   5.2358100e-01
   5.2927674e-01
   5.3030251e-01
   5.2766081e-01
   5.3016304e-01
   5.1249392e-01
   5.1235745e-01
   5.2798600e-01
   5.3621206e-01
   5.3130982e-01
   5.2873553e-01
   5.2437699e-01
   5.0576925e-01
   5.1149034e-01
   5.0629996e-01
   5.1105767e-01
   5.3070734e-01
   5.3966859e-01
   5.4328847e-01
   5.2662022e-01
   5.5481555e-01
   5.6200842e-01
   5.6509917e-01
   5.7277298e-01
   5.6825699e-01
   5.8113056e-01
   5.7923324e-01
   5.8275368e-01
   5.8461070e-01
   5.8315354e-01
   5.7229366e-01
   5.8209134e-01
   5.8651724e-01
   5.7745647e-01
   5.8785905e-01
   5.8039491e-01
   5.8055284e-01
   5.9139954e-01
   5.9410493e-01
   5.9287940e-01
   5.8802326e-01
   6.1831273e-01
   6.2745174e-01
   6.2565172e-01
   6.1999313e-01
   6.3651593e-01
   6.4583257e-01
   6.4548052e-01
   6.5565400e-01
   6.6001150e-01
   6.5992373e-01
   6.6250119e-01
   6.6950673e-01
   6.6499733e-01
   6.7333034e-01
   6.7423244e-01
   6.7026100e-01
   6.7561271e-01
   6.7496251e-01
   6.8041543e-01
   6.8051713e-01
   6.8085852e-01
   6.7859337e-01
   6.9319254e-01
   6.7392937e-01
   6.7127596e-01
   6.6623144e-01
   6.6690767e-01
   6.6962184e-01
   6.6754366e-01
   6.5303685e-01
   6.5881725e-01
   6.4912045e-01
   6.6228383e-01
   6.6326560e-01
   6.6624659e-01
   6.6409749e-01
   6.6430292e-01
   6.5078595e-01
   6.4796034e-01
   6.4420733e-01
   6.2908573e-01
   6.2940435e-01
   6.4517903e-01
   6.4289731e-01
   6.4243016e-01
   6.3232240e-01
   6.0844382e-01
   5.5996889e-01
   5.7710675e-01
   5.5600557e-01
   5.4651308e-01
   5.2511069e-01
   5.2039882e-01
   5.0233768e-01
   4.7826587e-01
   4.7092092e-01
   4.6421182e-01
   4.4505201e-01
   4.6003255e-01
   4.6242348e-01
   4.6442201e-01
   4.6567090e-01
   4.3986204e-01
   4.4346165e-01
   4.5203039e-01
   4.4373558e-01
   4.2339569e-01
   4.1915772e-01
   4.1111854e-01
   3.8836296e-01
   3.7727426e-01
   3.6984596e-01
   3.7838961e-01
   3.8835491e-01
   3.8345009e-01
   3.7935434e-01
   3.7963141e-01
   3.7774129e-01
   3.9239088e-01
   4.0169562e-01
   3.9291091e-01
   3.8302105e-01
   3.8315338e-01
   3.8815030e-01
   3.6314930e-01
   3.8260741e-01
   3.7983734e-01
   3.8152606e-01
   3.9109338e-01
   3.9123811e-01
   3.8856764e-01
   3.9149669e-01
   3.9917424e-01
   4.0596175e-01
   3.9941736e-01
   3.9976512e-01
   4.0821885e-01
   4.0656375e-01
   4.1022481e-01
   3.8861606e-01
   3.5763836e-01
   3.7015596e-01
   3.6503587e-01
   3.5565855e-01
   3.3698738e-01
   3.3360124e-01
   3.3161543e-01
   3.3006695e-01
   3.2714108e-01
   3.2677951e-01
   3.1684162e-01
   3.0720628e-01
   3.1613376e-01
   3.1340261e-01
   3.1108706e-01
   3.3872265e-01
   3.5904666e-01
   3.6209090e-01
   3.5797305e-01
   3.6055701e-01
   3.6198537e-01
   3.6186506e-01
   3.6035040e-01
   3.8159781e-01
   3.7730512e-01
   3.7758151e-01
   3.7735913e-01
   3.7393761e-01
   3.6989851e-01
   3.9615885e-01
   3.9457138e-01
   3.9584088e-01
   3.9425479e-01
   3.8355538e-01
   3.9742732e-01
   4.1946186e-01
   4.1980722e-01
   3.8471181e-01
   4.1275711e-01
   4.1282036e-01
   4.0232796e-01
   3.6926730e-01
   3.6787587e-01
   3.6634404e-01
   3.8917276e-01
   4.0014436e-01
   3.8829444e-01
   3.7760973e-01
   3.9200120e-01
   4.1153392e-01
   4.2549159e-01
   4.3639176e-01
   4.5085732e-01
   4.6554117e-01
   4.5712232e-01
   4.4724533e-01
   4.3844698e-01
   4.4231197e-01
   4.3421247e-01
   4.1909800e-01
   4.1965356e-01
   4.1671019e-01
   4.3416254e-01
   4.2875742e-01
   4.1585820e-01
   4.1725256e-01
   4.1383281e-01
   4.1437444e-01
   4.1134174e-01
   3.8636906e-01
   4.0623664e-01
   4.1748379e-01
   4.0821339e-01
   3.9977927e-01
   4.0056650e-01
   4.0767034e-01
   4.0023390e-01
   4.1507051e-01
   4.1637529e-01
   4.3301940e-01
   4.4732972e-01
   4.5003144e-01
   4.8017441e-01
   4.8238641e-01
   4.7998460e-01
   4.8619289e-01
   4.8872101e-01
   4.8751985e-01
   4.9964910e-01
   5.1025941e-01
   5.2894069e-01
   5.5568985e-01
   5.7437931e-01
   5.7242842e-01
   5.9524574e-01
   6.2538939e-01
   6.4755542e-01
   6.5737539e-01
   6.6843586e-01
   6.6430249e-01
   6.7282696e-01
   6.7428011e-01
   6.9731604e-01
   7.0312577e-01
   7.2112912e-01
   7.3489156e-01
   7.4238448e-01
   7.4261765e-01
   7.4667346e-01
   7.4865309e-01
   7.4826225e-01
   7.5439435e-01
   7.5304093e-01
   7.5218873e-01
   7.5187931e-01
   7.4577186e-01
   7.5432342e-01
   7.4489056e-01
   7.4652604e-01
   7.4911380e-01
   7.5593889e-01
   7.5749463e-01
   7.5986270e-01
   7.6510949e-01
   7.6875386e-01
   7.8831332e-01
   7.8782191e-01
   7.8744775e-01
   7.8193688e-01
   7.8564950e-01
   7.8529537e-01
   7.8262636e-01
   7.7240418e-01
   7.6673621e-01
   7.4626921e-01
   7.4704764e-01
   7.4848134e-01
   7.4912968e-01
   7.4075076e-01
   7.4148279e-01
   7.3918314e-01
   7.2775117e-01
   7.3727504e-01
   7.2730172e-01
   7.0995635e-01
   7.1432131e-01
   6.9604122e-01
   6.8069816e-01
   6.6548515e-01
   6.6498399e-01
   6.5178489e-01
   6.3576083e-01
   6.1720558e-01
   5.9544390e-01
   6.0469995e-01
   6.0652390e-01
   6.0979968e-01
   6.1150573e-01
   6.0468407e-01
   6.1721401e-01
   6.1850882e-01
   6.2260894e-01
   6.2464501e-01
   6.2229239e-01
   5.9734294e-01
   5.9592767e-01
   5.6710783e-01
   5.4737699e-01
   4.9200253e-01
   5.3540340e-01
   5.4823813e-01
   5.3847777e-01
   5.4737051e-01
   5.6945132e-01
   5.7958100e-01
   5.8588418e-01
   6.2079194e-01
   6.3659266e-01
   6.4331874e-01
   6.4495528e-01
   6.4139286e-01
   6.4598195e-01
   6.4660253e-01
   6.4015403e-01
   6.4327814e-01
   6.4033945e-01
   6.4301023e-01
   6.4049944e-01
   6.5067051e-01
   6.4898079e-01
   6.3766900e-01
   6.3609725e-01
   6.4157149e-01
   6.4901319e-01
   6.4872999e-01
   6.4682203e-01
   6.4651937e-01
   6.4889410e-01
   6.4539739e-01
   6.5083866e-01
   6.4707834e-01
   6.4397897e-01
   6.3957045e-01
   6.3292315e-01
   6.3205871e-01
   6.1238526e-01
   6.3859049e-01
   6.4329615e-01
   6.4000977e-01
   6.3392125e-01
   6.3440892e-01
   6.0273715e-01
   6.2078684e-01
   6.1288710e-01
   6.1104833e-01
   6.0205278e-01
   5.5118322e-01
   5.8664159e-01
   5.8923272e-01
   5.9469989e-01
   5.9610215e-01
   5.9111789e-01
   5.9651905e-01
   5.9801554e-01
   6.0087350e-01
   6.0537151e-01
   6.0609718e-01
   6.0242158e-01
   6.0403413e-01
   5.7265027e-01
   5.6345172e-01
   5.5284140e-01
   5.6864959e-01
   5.6252506e-01
   5.8157975e-01
   6.0287638e-01
   6.0746926e-01
   6.0997580e-01
   5.7618453e-01
   5.7928577e-01
   5.6617171e-01
   5.6429099e-01
   5.5682250e-01
   5.4721214e-01
   5.3848259e-01
   5.2986430e-01
   5.5700341e-01
   5.6431626e-01
   5.7220132e-01
   5.7888586e-01
   5.7977531e-01
   5.6397252e-01
   5.5931892e-01
   5.6304006e-01
   5.6393693e-01
   5.4594065e-01
   5.5458459e-01
   5.5737385e-01
   5.5821413e-01
   5.4448240e-01
   5.6071145e-01
   5.6374154e-01
   5.6124089e-01
   5.6189239e-01
   5.5833888e-01
   5.5548087e-01
   5.4672243e-01
   5.3792840e-01
   5.4241882e-01
   5.4561133e-01
   5.4289663e-01
   5.3738985e-01
   5.5306951e-01
   5.5191125e-01
   5.4501333e-01
   5.2989808e-01
   4.9970172e-01
   5.3100733e-01
   5.3646130e-01
   5.3868563e-01
   5.2587498e-01
   5.3503673e-01
   5.2770464e-01
   5.2715464e-01
   5.2238141e-01
   5.3142746e-01
   5.4129612e-01
   5.4627352e-01
   5.4469500e-01
   5.4664110e-01
   5.5632577e-01
   5.5286483e-01
   5.5075950e-01
   5.3208358e-01
   4.9655810e-01
   4.9011667e-01
   5.0692338e-01
   5.0520654e-01
   5.1010425e-01
   5.1120975e-01
   5.1757659e-01
   5.2634617e-01
   5.3159574e-01
   5.2216767e-01
   5.3394254e-01
   5.4371728e-01
   5.4570893e-01
   5.3808023e-01
   5.5291257e-01
   5.7555445e-01
   5.7939367e-01
   5.8401534e-01
   5.8792009e-01
   5.8551735e-01
   5.6594487e-01
   5.7733096e-01
   5.7842236e-01
   5.9573936e-01
   5.9223435e-01
   5.9042602e-01
   5.9111990e-01
   5.9233925e-01
   5.9015595e-01
   5.7999385e-01
   6.0064226e-01
   6.1828722e-01
   6.2237308e-01
   6.2366238e-01
   6.2278839e-01
   6.3601040e-01
   6.5736389e-01
   6.5764652e-01
   6.5470666e-01
   6.4739432e-01
   6.4044123e-01
   6.3433160e-01
   6.2024255e-01
   6.3573284e-01
   6.3079488e-01
   6.4781523e-01
   6.5952485e-01
   6.6762909e-01
   6.7402140e-01
   6.7674375e-01
   6.7507501e-01
   6.6566234e-01
   6.5872958e-01
   6.5412035e-01
   6.4065562e-01
   6.2673800e-01
   6.2210863e-01
   6.2827637e-01
   6.1196092e-01
   6.2574479e-01
   6.3267189e-01
   6.4104870e-01
   6.4317004e-01
   6.4351428e-01
   6.4511906e-01
   6.4054676e-01
   6.6690461e-01
   6.6498543e-01
   6.7736932e-01
   6.8128691e-01
   6.8236831e-01
   6.8603161e-01
   7.1811807e-01
   7.2953344e-01
   7.2967530e-01
   7.3203294e-01
   7.1230567e-01
   7.1656784e-01
   7.0103859e-01
   7.2242883e-01
   7.2879136e-01
   7.3542845e-01
   7.3861071e-01
   7.3706365e-01
   7.3729058e-01
   7.3898661e-01
   7.4048571e-01
   7.3828957e-01
   7.5050229e-01
   7.4442967e-01
   7.5037733e-01
   7.4436162e-01
   7.4078559e-01
   7.5562373e-01
   7.4593368e-01
   7.6832945e-01
   7.7406714e-01
   7.6505281e-01
   7.6259365e-01
   7.6606443e-01
   7.6752712e-01
   7.7136378e-01
   7.7194346e-01
   7.6790543e-01
   7.6714498e-01
   7.6153162e-01
   7.5312974e-01
   7.4543234e-01
   7.5306361e-01
   7.4163796e-01
   7.1579323e-01
   7.2880521e-01
   7.2556829e-01
   7.1036690e-01
   6.8466452e-01
   6.6880227e-01
   6.7860935e-01
   6.7756770e-01
   6.6664525e-01
   6.5630524e-01
   6.8081139e-01
   6.9103593e-01
   6.9032508e-01
   6.9171405e-01
   7.0053394e-01
   6.9754296e-01
   6.9312052e-01
   6.7571618e-01
   6.4152361e-01
   5.9851960e-01
   5.2806776e-01
   5.1624441e-01
   4.8651093e-01
   4.8461357e-01
   4.7698019e-01
   4.6125330e-01
   4.8744050e-01
   4.8216726e-01
   4.7762755e-01
   4.8191159e-01
   4.7204061e-01
   4.7642523e-01
   4.7759251e-01
   4.7620510e-01
   4.7235514e-01
   4.7947755e-01
   4.8250221e-01
   4.7786968e-01
   4.7914166e-01
   4.7867074e-01
   4.7354116e-01
   4.7291858e-01
   4.7625754e-01
   4.7267511e-01
   4.5094721e-01
   4.4523064e-01
   4.0672489e-01
   3.9426976e-01
   4.1387622e-01
   4.1685944e-01
   4.1088881e-01
   4.1397510e-01
   4.0682879e-01
   4.0809951e-01
   4.2340347e-01
   4.3113040e-01
   4.3985130e-01
   4.3750193e-01
   4.3713862e-01
   4.1934826e-01
   4.3078360e-01
   4.0775928e-01
   3.9839278e-01
   3.7052152e-01
   4.2081059e-01
   4.3069966e-01
   4.8060524e-01
   5.0481198e-01
   5.2459415e-01
   5.3311621e-01
   5.3610908e-01
   5.4736723e-01
   5.5647700e-01
   5.8206011e-01
   6.1255336e-01
   6.2388081e-01
   6.1855322e-01
   6.1643564e-01
   6.1545984e-01
   6.0360406e-01
   6.0971290e-01
   6.0517345e-01
   6.0175963e-01
   6.0444499e-01
   6.0765031e-01
   6.0850332e-01
   6.1409060e-01
   6.1213069e-01
   6.1708578e-01
   6.1927282e-01
   6.1962901e-01
   6.0873924e-01
   6.1542103e-01
   6.1836661e-01
   6.1701345e-01
   6.0411688e-01
   6.0277601e-01
   5.9975535e-01
   5.9899285e-01
   5.9092688e-01
   6.0133836e-01
   6.1467853e-01
   6.0188675e-01
   6.0877022e-01
   6.0035816e-01
   5.9822920e-01
   5.8702486e-01
   5.7386034e-01
   5.7820002e-01
   5.8200736e-01
   5.8088332e-01
   5.7854044e-01
   5.7096755e-01
   5.6817372e-01
   5.5980389e-01
   5.6947248e-01
   5.7310920e-01
   5.9227517e-01
   5.9885273e-01
   6.2495950e-01
   6.3334711e-01
   6.3251664e-01
   6.3607928e-01
   6.4076765e-01
   6.3939655e-01
   6.2823501e-01
   6.1953566e-01
   6.2966279e-01
   6.3061550e-01
   6.2187978e-01
   6.1150827e-01
   6.2714244e-01
   6.2800029e-01
   6.2673427e-01
   6.2334005e-01
   6.1320814e-01
   6.1665129e-01
   6.2095038e-01
   6.2505800e-01
   6.2259364e-01
   6.2606104e-01
   6.2524381e-01
   6.2106918e-01
   6.2291208e-01
   6.3765888e-01
   6.4812951e-01
   6.5158973e-01
   6.6039788e-01
   6.5291369e-01
   6.6060414e-01
   6.5744419e-01
   6.8153431e-01
   6.9282897e-01
   7.0602296e-01
   7.2809308e-01
   7.3743069e-01
   7.4155953e-01
   7.4473583e-01
   7.5738350e-01
   7.5777967e-01
   7.6686369e-01
   7.8073579e-01
   7.9139138e-01
   7.7236651e-01
   7.9375876e-01
   7.8691419e-01
   7.9245466e-01
   7.9239404e-01
   7.8257508e-01
   7.9265136e-01
   7.9829455e-01
   7.9318243e-01
   7.8909543e-01
   7.7130494e-01
   7.7744187e-01
   7.7482227e-01
   7.9909814e-01
   8.0460207e-01
   8.0894903e-01
   7.9923430e-01
   8.0337522e-01
   8.1527573e-01
   8.1433994e-01
   8.1573373e-01
   8.0611157e-01
   7.8589916e-01
   7.9586478e-01
   8.0844735e-01
   7.9781030e-01
   8.1284621e-01
   8.1414277e-01
   8.2271766e-01
   8.1963357e-01
   8.2439132e-01
   8.2603632e-01
   8.2111366e-01
   8.3551624e-01
   8.3391478e-01
   8.3678962e-01
   8.2686960e-01
   8.1936810e-01
   8.1612649e-01
   7.9717017e-01
   8.2403737e-01
   8.2774712e-01
   8.2472884e-01
   8.2309787e-01
   8.3815440e-01
   8.4092433e-01
   8.3340655e-01
   8.2374190e-01
   8.3551739e-01
   8.3167240e-01
   8.4161809e-01
   8.4295620e-01
   8.4338366e-01
   8.5199098e-01
   8.5012038e-01
   8.6127175e-01
   8.6435637e-01
   8.5653588e-01
   8.6366780e-01
   8.6519154e-01
   8.5909259e-01
   8.5624557e-01
   8.5079602e-01
   8.3952249e-01
   8.3868328e-01
   8.4080680e-01
   8.2005467e-01
   7.8304505e-01
   7.9249043e-01
   7.9136007e-01
   7.6654516e-01
   7.6294630e-01
   7.6738374e-01
   7.5751233e-01
   7.5531369e-01
   7.3902888e-01
   7.1274022e-01
   6.8838024e-01
   6.7224608e-01
   6.6694528e-01
   6.4225867e-01
   6.5024244e-01
   6.4199520e-01
   6.3511697e-01
   6.1436516e-01
   6.1505013e-01
   6.1563975e-01
   6.2441683e-01
   6.2451500e-01
   6.2647491e-01
   5.9596094e-01
   6.2253070e-01
   6.3016550e-01
   6.4232779e-01
   6.4176063e-01
   6.3468503e-01
   6.3553527e-01
   6.1579033e-01
   6.1899855e-01
   6.0733923e-01
   6.1237145e-01
   6.1323062e-01
   6.0590930e-01
   6.0875992e-01
   6.0654157e-01
   5.9583961e-01
   5.6455143e-01
   5.7298756e-01
   5.8812057e-01
   5.9620915e-01
   6.0077192e-01
   5.9204692e-01
   5.9789299e-01
   5.8869207e-01
   5.9443334e-01
   5.8957874e-01
   5.9596398e-01
   5.9187665e-01
   5.7781515e-01
   5.6570054e-01
   5.3713945e-01
   5.4855363e-01
   5.6141149e-01
   5.4732603e-01
   5.6089870e-01
   5.7072979e-01
   5.8754843e-01
   5.8818477e-01
   5.9206888e-01
   5.9265979e-01
   5.9178668e-01
   5.8814245e-01
   5.8898269e-01
   5.8033765e-01
   5.8645930e-01
   5.8806665e-01
   5.8952048e-01
   5.8288654e-01
   5.7851749e-01
   5.9389212e-01
   5.9858209e-01
   5.9644848e-01
   5.8468295e-01
   5.8614996e-01
   5.8511648e-01
   5.7988524e-01
   5.8758154e-01
   5.7056407e-01
   5.6118144e-01
   5.6557690e-01
   5.6816480e-01
   5.6484636e-01
   5.5311919e-01
   5.3671754e-01
   5.0582468e-01
   5.1972506e-01
   5.2566135e-01
   5.3335186e-01
   5.3214547e-01
   5.7003743e-01
   5.8222179e-01
   5.8841247e-01
   5.9284570e-01
   5.9296918e-01
   5.8820176e-01
   6.0417487e-01
   6.1404325e-01
   6.1563070e-01
   6.0306353e-01
   5.9084240e-01
   5.8581756e-01
   5.9379267e-01
   5.8696048e-01
   5.8874039e-01
   5.9518699e-01
   5.9953329e-01
   6.0042272e-01
   5.8379236e-01
   5.9179368e-01
   5.9808007e-01
   5.9647410e-01
   5.9340591e-01
   5.9131669e-01
   5.8732784e-01
   5.8815333e-01
   6.1008140e-01
   6.1906080e-01
   6.3389336e-01
   6.5752667e-01
   6.6844991e-01
   6.6834040e-01
   6.6250547e-01
   6.4943106e-01
   6.4827279e-01
   6.5464868e-01
   6.5238786e-01
   6.4924276e-01
   6.5961278e-01
   6.6014870e-01
   6.6277515e-01
   6.6054828e-01
   6.7708554e-01
   6.7369170e-01
   6.6438634e-01
   6.6172808e-01
   6.7519882e-01
   7.0131008e-01
   6.9181783e-01
   6.9086765e-01
   6.8058089e-01
   6.9161985e-01
   7.0188703e-01
   6.8621650e-01
   6.9759428e-01
   6.9411171e-01
   7.1068477e-01
   7.0606298e-01
   7.0972015e-01
   7.1375002e-01
   7.1119091e-01
   7.1081253e-01
   7.0703422e-01
   7.1017103e-01
   7.0342475e-01
   6.8992596e-01
   6.8470457e-01
   6.7567432e-01
   6.5733308e-01
   6.4464467e-01
   6.5893645e-01
   6.5131518e-01
   6.5651595e-01
   6.5396175e-01
   6.3681891e-01
   6.3378916e-01
   6.3526815e-01
   6.2005224e-01
   6.2131240e-01
   6.2481582e-01
   6.3052948e-01
   6.2193233e-01
   6.1120789e-01
   6.3757256e-01
   6.4433921e-01
   6.4404357e-01
   6.3891108e-01
   6.4956743e-01
   6.6781107e-01
   6.4792298e-01
   6.4833875e-01
   6.4127780e-01
   6.3212002e-01
   6.3363032e-01
   6.3446135e-01
   6.2495463e-01
   6.3684544e-01
   6.3395697e-01
   6.3274458e-01
   6.1865611e-01
   6.2152136e-01
   6.1290631e-01
   6.1562388e-01
   6.0544828e-01
   6.1499964e-01
   6.0706251e-01
   6.1710818e-01
   6.2470387e-01
   6.2965013e-01
   6.4106869e-01
   6.5730528e-01
   6.4755924e-01
   6.4980255e-01
   6.4329621e-01
   6.4355796e-01
   6.4316650e-01
   6.2045902e-01
   6.3497996e-01
   6.3695819e-01
   6.5661893e-01
   6.5940633e-01
   6.5935514e-01
   6.6093255e-01
   6.5730467e-01
   6.5632642e-01
   6.4209515e-01
   6.4591629e-01
   6.2731954e-01
   6.0518051e-01
   5.8987815e-01
   5.6570968e-01
   5.5812206e-01
   5.6119553e-01
   5.5824466e-01
   5.5292985e-01
   5.5223465e-01
   5.5537778e-01
   5.5465661e-01
   5.5922639e-01
   5.5707374e-01
   5.6128643e-01
   5.6375860e-01
   5.6358310e-01
   5.6661267e-01
   5.6894579e-01
   5.6541660e-01
   5.4895186e-01
   5.4285741e-01
   5.3664114e-01
   5.1764473e-01
   5.2064948e-01
   5.1855852e-01
   5.2116136e-01
   5.2386519e-01
   5.1193033e-01
   4.8541643e-01
   4.7705227e-01
   4.5226657e-01
   4.1452671e-01
   3.7967700e-01
   4.0488198e-01
   4.0506306e-01
   4.0361874e-01
   4.0600296e-01
   4.0924807e-01
   4.1304927e-01
   4.1159561e-01
   4.0898134e-01
   4.1856523e-01
   4.2171768e-01
   4.2093057e-01
   4.2562682e-01
   4.1920100e-01
   4.1906988e-01
   4.2256046e-01
   4.2201857e-01
   4.1848999e-01
   4.2001950e-01
   4.3885358e-01
   4.2931940e-01
   4.1398488e-01
   4.3063585e-01
   4.2276294e-01
   4.2174320e-01
   4.2386734e-01
   4.2318302e-01
   4.1957426e-01
   4.1287812e-01
   3.9546558e-01
   4.3220737e-01
   4.1723126e-01
   4.7943213e-01
   5.0411361e-01
   4.7074786e-01
   4.9278168e-01
   5.0701199e-01
   5.0418735e-01
   4.8659316e-01
   4.9911227e-01
   4.9261587e-01
   4.8943219e-01
   4.8848852e-01
   5.1024444e-01
   5.2229020e-01
   5.2505953e-01
   5.4751742e-01
   5.5619443e-01
   5.5633100e-01
   5.6905892e-01
   5.5243708e-01
   5.7273212e-01
   6.0589916e-01
   6.2009425e-01
   6.4235532e-01
   6.6262422e-01
   6.7303620e-01
   6.7300056e-01
   6.7844871e-01
   6.9114422e-01
   6.9600381e-01
   6.9601203e-01
   7.0694384e-01
   7.0586673e-01
   7.0806373e-01
   7.0313156e-01
   7.2569231e-01
   7.3545878e-01
   7.4693443e-01
   7.7896860e-01
   7.7670297e-01
   7.8435905e-01
   8.1145161e-01
   8.1794678e-01
   8.2647103e-01
   8.4145424e-01
   8.4116047e-01
   8.4643943e-01
   8.4495089e-01
   8.4035357e-01
   8.4300006e-01
   8.2436327e-01
   8.2145970e-01
   8.2097249e-01
   8.1327962e-01
   8.1442273e-01
   8.3687802e-01
   8.5129204e-01
   8.5278942e-01
   8.5875693e-01
   8.4977936e-01
   8.5556600e-01
   8.5600597e-01
   8.5597331e-01
   8.5453982e-01
   8.5133043e-01
   8.4732307e-01
   8.4335138e-01
   8.4474275e-01
   8.4747421e-01
   8.4024088e-01
   8.4111164e-01
   8.4046199e-01
   8.3437563e-01
   8.3259084e-01
   8.2716838e-01
   8.1619306e-01
   8.1024584e-01
   7.9906091e-01
   7.9300619e-01
   7.9218575e-01
   7.9240783e-01
   7.8590533e-01
   7.7390417e-01
   7.7372686e-01
   7.6752270e-01
   7.5154657e-01
   7.5693475e-01
   7.6362376e-01
   7.5697837e-01
   7.4546462e-01
   7.5454860e-01
   7.4039412e-01
   7.4801900e-01
   7.4558865e-01
   7.3784486e-01
   7.3618928e-01
   7.1530072e-01
   6.8962739e-01
   7.0163859e-01
   6.9906315e-01
   7.2239018e-01
   7.3017165e-01
   7.2692634e-01
   7.5444807e-01
   7.6253433e-01
   7.5697946e-01
   7.3996960e-01
   7.6020995e-01
   7.4896599e-01
   7.4826029e-01
   7.2353032e-01
   7.4376639e-01
   7.4177730e-01
   7.1867623e-01
   7.3535779e-01
   7.3359959e-01
   7.2089473e-01
   7.1595630e-01
   7.1272801e-01
   7.2345794e-01
   7.3099049e-01
   7.4094997e-01
   7.4013209e-01
   7.2889524e-01
   7.3723942e-01
   7.3544851e-01
   7.3991120e-01
   7.2396528e-01
   7.4386408e-01
   7.4779460e-01
   7.5182274e-01
   7.5186195e-01
   7.5790596e-01
   7.5758353e-01
   7.5810544e-01
   7.5497766e-01
   7.4412622e-01
   7.5102783e-01
   7.5046377e-01
   7.4701898e-01
   7.4370920e-01
   7.3758366e-01
   7.1797939e-01
   7.2470542e-01
   7.4246111e-01
   7.3738458e-01
   7.3848145e-01
   7.3241779e-01
   7.3487482e-01
   7.3062134e-01
   7.4536648e-01
   7.4399176e-01
   7.4537112e-01
   7.2746105e-01
   7.1449342e-01
   7.1603733e-01
   7.1226110e-01
   7.1010110e-01
   7.2256329e-01
   7.1636732e-01
   7.1819900e-01
   7.1376924e-01
   7.0015550e-01
   7.0775677e-01
   7.0433371e-01
   6.8914215e-01
   6.6739959e-01
   6.4469288e-01
   6.3853124e-01
   6.4350114e-01
   6.4036669e-01
   6.3629710e-01
   6.3530308e-01
   6.2580759e-01
   6.1348736e-01
   6.3886984e-01
   6.3419049e-01
   6.3280715e-01
   6.3727571e-01
   6.3664623e-01
   6.3452185e-01
   6.2718841e-01
   6.2717629e-01
   6.2469121e-01
   6.2526307e-01
   6.2701865e-01
   6.2753888e-01
   6.2735949e-01
   6.2298454e-01
   6.2940215e-01
   6.2416040e-01
   6.3839349e-01
   6.5021413e-01
   6.5716910e-01
   6.5431536e-01
   6.5472274e-01
   6.4977320e-01
   6.4628861e-01
   6.6618575e-01
   6.7818226e-01
   6.9396996e-01
   6.9547145e-01
   6.9764964e-01
   6.9656936e-01
   6.9727482e-01
   6.9539523e-01
   6.8226554e-01
   6.9559495e-01
   6.9808037e-01
   7.0103827e-01
   7.2636210e-01
   7.3644574e-01
   7.4186023e-01
   7.4443567e-01
   7.5604791e-01
   7.5598976e-01
   7.4953243e-01
   7.2466736e-01
   7.3682359e-01
   7.2303293e-01
   7.1321700e-01
   7.0531378e-01
   7.1387220e-01
   7.2114254e-01
   7.2328425e-01
   7.2340216e-01
   7.2033998e-01
   7.1539777e-01
   7.1987561e-01
   7.1940093e-01
   7.1394695e-01
   7.1485853e-01
   7.2055787e-01
   7.1368347e-01
   7.1541010e-01
   7.2088640e-01
   7.1852453e-01
   7.3224916e-01
   7.4276792e-01
   7.4651181e-01
   7.4931476e-01
   7.5048340e-01
   7.3292520e-01
   7.1823308e-01
   7.3173086e-01
   7.4246263e-01
   7.4460768e-01
   7.4258869e-01
   7.3483803e-01
   7.4441996e-01
   7.4047176e-01
   7.3830038e-01
   7.2456164e-01
   7.4048748e-01
   7.4290720e-01
   7.4631936e-01
   7.3745772e-01
   7.2107263e-01
   7.2466481e-01
   7.1012362e-01
   7.3157207e-01
   7.3043201e-01
   7.3628424e-01
   7.3449294e-01
   7.3339140e-01
   7.3295710e-01
   7.3143685e-01
   7.2367924e-01
   7.4202001e-01
   7.4326834e-01
   7.4348137e-01
   7.3989032e-01
   7.4218468e-01
   7.3778435e-01
   7.5048262e-01
   7.4557092e-01
   7.5516189e-01
   7.5306309e-01
   7.5396841e-01
   7.5045580e-01
   7.4582013e-01
   7.5477060e-01
   7.5085069e-01
   7.5306613e-01
   7.4924391e-01
   7.5226437e-01
   7.2255236e-01
   7.3652874e-01
   7.4194949e-01
   7.4390321e-01
   7.3772023e-01
   7.4453518e-01
   7.5183534e-01
   7.5658143e-01
   7.5658153e-01
   7.5877378e-01
   7.5765553e-01
   7.3691093e-01
   7.2284820e-01
   7.0336526e-01
   7.2381465e-01
   7.1953482e-01
   7.1994554e-01
   7.2572831e-01
   7.2238503e-01
   7.2276741e-01
   7.2463802e-01
   7.1928584e-01
   7.0708163e-01
   6.8852246e-01
   6.7639991e-01
   6.7064265e-01
   6.6205301e-01
   6.5770836e-01
   6.6351034e-01
   6.5302490e-01
   6.6778825e-01
   6.6468599e-01
   6.7898671e-01
   6.8778549e-01
   6.8819120e-01
   6.8801855e-01
   6.8462501e-01
   6.9391911e-01
   6.9481622e-01
   7.0036668e-01
   6.9048802e-01
   6.9192892e-01
   6.8284305e-01
   6.8839389e-01
   6.8097973e-01
   6.7623448e-01
   7.1090744e-01
   7.4264338e-01
   7.4188104e-01
   7.3668169e-01
   7.4119319e-01
   7.6001941e-01
   7.5940760e-01
   7.5875300e-01
   7.4588819e-01
   7.7398276e-01
   7.7317303e-01
   7.7658124e-01
   7.6728775e-01
   7.6706535e-01
   7.6174778e-01
   7.6127892e-01
   7.4137641e-01
   7.5052689e-01
   7.4954013e-01
   7.4528698e-01
   7.4696839e-01
   7.5927901e-01
   7.6998264e-01
   7.7506879e-01
   7.7250329e-01
   7.7619865e-01
   7.7584300e-01
   7.7351162e-01
   7.7512678e-01
   7.7706601e-01
   7.4537680e-01
   7.5565169e-01
   7.6141894e-01
   7.6110392e-01
   7.5076961e-01
   7.2987562e-01
   7.3625184e-01
   7.3499857e-01
   7.3614982e-01
   7.3454704e-01
   7.2599414e-01
   7.1766911e-01
   7.3636068e-01
   7.4431066e-01
   7.4470208e-01
   7.3540583e-01
   7.3690502e-01
   7.4516655e-01
   7.5143502e-01
   7.6213236e-01
   7.6637802e-01
   7.5640656e-01
   7.6365763e-01
   7.6400222e-01
   7.6240428e-01
   7.6877797e-01
   7.6672212e-01
   7.6432118e-01
   7.5342847e-01
   7.5295219e-01
   7.5729127e-01
   7.5264637e-01
   7.5061465e-01
   7.5289114e-01
   7.5139888e-01
   7.4890862e-01
   7.5982547e-01
   7.5407396e-01
   7.5101072e-01
   7.4953057e-01
   7.3253921e-01
   7.4366682e-01
   7.4666322e-01
   7.5054239e-01
   7.5472716e-01
   7.2603439e-01
   7.2689994e-01
   7.2663000e-01
   7.2446355e-01
   7.2513945e-01
   7.2423746e-01
   7.2143997e-01
   7.1183283e-01
   7.1751559e-01
   7.1846868e-01
   7.1633408e-01
   7.1537522e-01
   7.0999665e-01
   7.1867756e-01
   7.2339018e-01
   7.2871317e-01
   7.2845473e-01
   7.2528890e-01
   7.2922819e-01
   7.3145897e-01
   7.2990722e-01
   7.2926437e-01
   7.2244079e-01
   7.0429783e-01
   6.7935936e-01
   6.5236686e-01
   6.6799612e-01
   6.6602809e-01
   6.5166378e-01
   6.5158539e-01
   6.5731757e-01
   6.3474773e-01
   6.4530921e-01
   6.7094588e-01
   6.8674118e-01
   6.9330234e-01
   7.0315344e-01
   7.1350394e-01
   7.3064998e-01
   7.5153169e-01
   7.7487155e-01
   7.9757761e-01
   8.0482774e-01
   8.1607178e-01
   8.1878776e-01
   8.1950422e-01
   8.2409713e-01
   8.2691133e-01
   8.2988024e-01
   8.2586658e-01
   8.3438427e-01
   8.2054391e-01
   8.1987169e-01
   8.4040227e-01
   8.4849196e-01
   8.5242956e-01
   8.6287052e-01
   8.6458824e-01
   8.6398221e-01
   8.7367137e-01
   8.7235114e-01
   8.7863001e-01
   8.7539722e-01
   8.7660721e-01
   8.7389682e-01
   8.7153001e-01
   8.6389197e-01
   8.5762300e-01
   8.5692390e-01
   8.6802355e-01
   8.6230781e-01
   8.5198564e-01
   8.5262008e-01
   8.4253781e-01
   8.3958620e-01
   8.4396056e-01
   8.3392485e-01
   8.3403287e-01
   8.3400094e-01
   8.3728884e-01
   8.3333598e-01
   8.3266489e-01
   8.3446208e-01
   8.2681580e-01
   8.2751660e-01
   8.2258718e-01
   8.3103339e-01
   8.2815595e-01
   8.2222061e-01
   8.1156539e-01
   8.1956363e-01
   8.0833063e-01
   8.1042529e-01
   8.0258298e-01
   7.9954583e-01
   7.7650205e-01
   7.7749731e-01
   7.6905820e-01
   7.3424201e-01
   7.3999179e-01
   7.7547544e-01
   7.8503208e-01
   7.7231947e-01
   7.8815921e-01
   7.8444454e-01
   7.6634104e-01
   7.6702737e-01
   7.3713195e-01
   7.6138193e-01
   7.6066605e-01
   7.6075612e-01
   7.5776928e-01
   7.6759800e-01
   7.7220381e-01
   7.7524403e-01
   7.7694409e-01
   7.7123568e-01
   7.6531624e-01
   7.5429837e-01
   7.3918408e-01
   7.0733494e-01
   7.0223600e-01
   6.9991181e-01
   7.1017259e-01
   7.1327196e-01
   7.1694931e-01
   7.0380463e-01
   7.1250662e-01
   7.2100654e-01
   6.9840583e-01
   7.1048231e-01
   7.4626042e-01
   7.5768600e-01
   7.6399468e-01
   7.5904146e-01
   7.5162175e-01
   7.6304559e-01
   7.5361936e-01
   7.4817933e-01
   7.4171130e-01
   7.4174786e-01
   7.4576815e-01
   7.3599855e-01
   7.2884029e-01
   7.4272996e-01
   7.6196336e-01
   7.7059217e-01
   7.7899207e-01
   7.7793604e-01
   7.7899563e-01
   7.7782025e-01
   7.8178097e-01
   7.7142602e-01
   7.8324772e-01
   7.8547429e-01
   7.8075036e-01
   7.7373483e-01
   7.7388816e-01
   7.6564227e-01
   7.7212675e-01
   7.7669631e-01
   7.7166962e-01
   7.7640408e-01
   7.7444760e-01
   7.8206932e-01
   7.7971985e-01
   7.6854369e-01
   7.7903358e-01
   7.7580799e-01
   7.6628358e-01
   7.6060966e-01
   7.4579743e-01
   7.2854341e-01
   7.2276596e-01
   7.4155662e-01
   7.3748909e-01
   7.2674502e-01
   7.5255659e-01
   7.5459540e-01
   7.6030622e-01
   7.6205462e-01
   7.6838960e-01
   7.6149835e-01
   7.6141482e-01
   7.6583816e-01
   7.5644779e-01
   7.4833380e-01
   7.2784056e-01
   7.1895518e-01
   7.2052011e-01
   7.1478028e-01
   6.9343761e-01
   7.1234179e-01
   7.2036197e-01
   7.1556001e-01
   7.1090498e-01
   6.9769080e-01
   6.9953856e-01
   7.2181459e-01
   7.2018261e-01
   7.1997727e-01
   7.2525014e-01
   7.2524544e-01
   7.3075431e-01
   7.3060111e-01
   7.1515902e-01
   7.2737116e-01
   7.2729875e-01
   7.3832425e-01
   7.4050741e-01
   7.4493211e-01
   7.5667843e-01
   7.5339338e-01
   7.5327518e-01
   7.5049218e-01
   7.5245279e-01
   7.5056028e-01
   7.4511879e-01
   7.6133101e-01
   7.6411586e-01
   7.6384907e-01
   7.6779860e-01
   7.7883619e-01
   7.8095986e-01
   7.8272527e-01
   7.8713051e-01
   7.8087654e-01
   7.8179213e-01
   7.8665710e-01
   7.7188883e-01
   7.6353755e-01
   7.6364875e-01
   7.7112348e-01
   7.7006673e-01
   7.7291808e-01
   7.6632980e-01
   7.5886727e-01
   7.7842819e-01
   7.8238388e-01
   7.7738232e-01
   7.7931800e-01
   7.5622038e-01
   7.7751705e-01
   7.7559330e-01
   7.6763341e-01
   7.6523362e-01
   7.7049110e-01
   7.5751479e-01
   7.9122797e-01
   8.0193004e-01
   8.0878377e-01
   8.1226783e-01
   8.2375291e-01
   8.2995430e-01
   8.2752085e-01
   8.3365574e-01
   8.3950038e-01
   8.3899443e-01
   8.3462355e-01
   8.3396231e-01
   8.3820549e-01
   8.3594123e-01
   8.3820803e-01
   8.3637230e-01
   8.3791027e-01
   8.4007427e-01
   8.4362495e-01
   8.4257677e-01
   8.4004885e-01
   8.3718701e-01
   8.3962993e-01
   8.3422883e-01
   8.3411759e-01
   8.2384091e-01
   8.1901907e-01
   8.2540621e-01
   8.2084836e-01
   8.1303248e-01
   8.0676412e-01
   8.0467035e-01
   8.0034491e-01
   7.8677094e-01
   7.7816031e-01
   7.7426663e-01
   7.6378267e-01
   7.7278007e-01
   7.6893773e-01
   7.8467606e-01
   7.9412802e-01
   7.9167870e-01
   7.9161290e-01
   7.9017929e-01
   7.8376664e-01
   7.7919773e-01
   7.8850113e-01
   7.9151981e-01
   7.8170095e-01
   7.9225498e-01
   7.9818972e-01
   7.8541983e-01
   7.9499707e-01
   7.9530444e-01
   7.8827552e-01
   7.9936945e-01
   7.9013625e-01
   7.8788579e-01
   7.8885746e-01
   7.7514494e-01
   7.6982765e-01
   7.7262384e-01
   7.5002427e-01
   7.6929732e-01
   7.7932802e-01
   7.7842574e-01
   7.7969319e-01
   7.7860816e-01
   7.7463816e-01
   7.7265622e-01
   7.7188138e-01
   7.7329782e-01
   7.5658651e-01
   7.4970560e-01
   7.5489497e-01
   7.5290039e-01
   7.5057900e-01
   7.5112449e-01
   7.4219007e-01
   7.3401691e-01
   7.4672229e-01
   7.4851244e-01
   7.5022826e-01
   7.4632740e-01
   7.4597410e-01
   7.4916059e-01
   7.4238026e-01
   7.2092862e-01
   7.2520761e-01
   7.3328146e-01
   7.2816205e-01
   7.2064164e-01
   7.2382682e-01
   7.1101738e-01
   7.0429128e-01
   6.9791576e-01
   7.0217758e-01
   6.8592357e-01
   6.8118546e-01
   6.5543049e-01
   6.4253050e-01
   6.3710167e-01
   6.1816165e-01
   5.9120542e-01
   5.7813887e-01
   5.7577738e-01
   5.7666530e-01
   5.8535214e-01
   5.8413539e-01
   5.8551188e-01
   5.8553584e-01
   5.8966623e-01
   5.8828613e-01
   5.9079625e-01
   5.9504932e-01
   5.9535345e-01
   5.9108732e-01
   5.9032355e-01
   5.9138724e-01
   5.9151393e-01
   5.9368867e-01
   5.9427975e-01
   5.9411594e-01
   5.8160963e-01
   5.9404977e-01
   5.9630650e-01
   5.9454650e-01
   5.9765834e-01
   5.9751771e-01
   5.9764446e-01
   6.0572537e-01
   6.0711199e-01
   6.0714184e-01
   6.0283452e-01
   6.0853626e-01
   6.0743761e-01
   6.0434298e-01
   6.0640694e-01
   6.0858634e-01
   6.0613457e-01
   6.0447638e-01
   5.9071755e-01
   6.1397248e-01
   6.0440482e-01
   6.1506817e-01
   6.1573325e-01
   6.1307417e-01
   6.1565832e-01
   5.9458212e-01
   5.9757819e-01
   5.9718912e-01
   5.7736889e-01
   6.0514623e-01
   6.0488461e-01
   5.9915654e-01
   6.0792887e-01
   5.8545218e-01
   6.3036691e-01
   6.4196482e-01
   6.4161766e-01
   6.3721279e-01
   6.4327502e-01
   6.1404535e-01
   5.9797330e-01
   6.1999579e-01
   6.1609730e-01
   6.1180711e-01
   6.1562741e-01
   6.1664029e-01
   6.4095222e-01
   6.4296306e-01
   6.4166816e-01
   6.6377971e-01
   6.6238144e-01
   6.6873826e-01
   6.6579506e-01
   6.7127199e-01
   6.7280109e-01
   6.7224793e-01
   6.7449351e-01
   6.7623414e-01
   6.7739204e-01
   6.7927112e-01
   6.5983205e-01
   6.6714464e-01
   6.6984796e-01
   6.9846891e-01
   7.0101451e-01
   6.8321447e-01
   6.9566896e-01
   6.9540290e-01
   6.8035964e-01
   6.6678054e-01
   6.6800622e-01
   6.7455287e-01
   6.8008426e-01
   6.8869676e-01
   6.5746208e-01
   6.5986546e-01
   6.6496651e-01
   6.6373831e-01
   6.5098738e-01
   6.6085936e-01
   6.6223674e-01
   6.6142868e-01
   6.6231988e-01
   6.5873378e-01
   6.6665233e-01
   6.6791158e-01
   6.5849587e-01
   6.6418613e-01
   6.6628117e-01
   6.5321674e-01
   6.5446322e-01
   6.4474366e-01
   6.4568868e-01
   6.4304129e-01
   6.4624513e-01
   6.4768714e-01
   6.5058463e-01
   6.5068035e-01
   6.4990021e-01
   6.5006784e-01
   6.5014983e-01
   6.5659872e-01
   6.5815439e-01
   6.6006318e-01
   6.5995567e-01
   6.6283780e-01
   6.6020313e-01
   6.5728832e-01
   6.5398574e-01
   6.6448451e-01
   6.6758586e-01
   6.6747210e-01
   6.6684136e-01
   6.6064953e-01
   6.4869838e-01
   6.5199388e-01
   6.5164417e-01
   6.4807768e-01
   6.4336970e-01
   6.4233320e-01
   6.0014840e-01
   6.2846522e-01
   6.4122374e-01
   6.2365649e-01
   6.6943711e-01
   6.9951159e-01
   7.1896629e-01
   7.3060429e-01
   7.3483913e-01
   7.0604109e-01
   7.2281004e-01
   7.2539595e-01
   7.2957305e-01
   7.1912131e-01
   7.2167999e-01
   7.3666142e-01
   7.4047321e-01
   7.4163178e-01
   7.5412507e-01
   7.5738703e-01
   7.5747095e-01
   7.5736929e-01
   7.5519351e-01
   7.4768790e-01
   7.3406809e-01
   7.0985313e-01
   7.0993337e-01
   7.1385462e-01
   7.1176896e-01
   7.0502283e-01
   6.9348686e-01
   6.9370145e-01
   6.9624728e-01
   6.9887785e-01
   6.9593923e-01
   6.9591194e-01
   6.8750913e-01
   6.7727355e-01
   6.7828166e-01
   6.7640200e-01
   6.8424931e-01
   6.8311675e-01
   6.7650940e-01
   6.8198380e-01
   6.8328036e-01
   6.9336901e-01
   6.9371345e-01
   6.7342387e-01
   6.8109778e-01
   6.7981211e-01
   6.7571298e-01
   6.5634825e-01
   6.4584091e-01
   6.5294010e-01
   6.6079663e-01
   6.7569235e-01
   6.7018999e-01
   6.6710636e-01
   6.7372251e-01
   6.7518852e-01
   6.8970956e-01
   6.9034300e-01
   6.8914378e-01
   6.8009763e-01
   6.7615683e-01
   6.7831948e-01
   6.8359048e-01
   6.8346770e-01
   6.8335141e-01
   6.7826070e-01
   6.7121049e-01
   6.8824840e-01
   6.9390676e-01
   6.8135121e-01
   6.7973977e-01
   6.8141784e-01
   6.8203034e-01
   6.8191657e-01
   6.6349716e-01
   6.6651593e-01
   6.7427371e-01
   6.7038343e-01
   6.7177945e-01
   6.7167242e-01
   6.7303016e-01
   6.7709196e-01
   6.7489918e-01
   6.6113107e-01
   6.3325849e-01
   6.2377979e-01
   5.9390135e-01
   6.1314509e-01
   6.0328337e-01
   6.0889698e-01
   6.0675019e-01
   5.8925204e-01
   5.8536779e-01
   5.8962008e-01
   5.8443677e-01
   5.6956849e-01
   5.9373033e-01
   5.8178956e-01
   5.7258615e-01
   5.4407299e-01
   5.4170891e-01
   5.2963019e-01
   5.3268385e-01
   5.2901019e-01
   5.4857221e-01
   5.6952633e-01
   5.8898081e-01
   5.9207861e-01
   6.0300800e-01
   6.1421692e-01
   6.0431577e-01
   5.8746522e-01
   5.9323584e-01
   5.9411055e-01
   5.9230951e-01
   5.9398011e-01
   5.8842798e-01
   5.7978677e-01
   5.8002264e-01
   5.9145740e-01
   6.0338668e-01
   6.1410630e-01
   6.2847197e-01
   6.3012911e-01
   6.3448844e-01
   6.4393761e-01
   6.1024191e-01
   6.4010097e-01
   6.1882207e-01
   6.2250568e-01
   6.1575019e-01
   6.2322220e-01
   6.1006761e-01
   6.2269920e-01
   6.3664844e-01
   6.3751944e-01
   6.3481266e-01
   6.3261689e-01
   6.4870734e-01
   6.4852692e-01
   6.5871762e-01
   6.8350447e-01
   6.9517794e-01
   7.0398541e-01
   7.2039574e-01
   7.1270866e-01
   7.1967227e-01
   7.0884203e-01
   7.2183204e-01
   7.2454759e-01
   7.2534015e-01
   7.2787336e-01
   7.3043417e-01
   7.2854719e-01
   7.2940026e-01
   7.2937222e-01
   7.2987745e-01
   7.3126199e-01
   7.3046743e-01
   7.3340477e-01
   7.3253560e-01
   7.3274542e-01
   7.3460917e-01
   7.3678095e-01
   7.3579131e-01
   7.2933726e-01
   7.2627621e-01
   7.3359814e-01
   7.4130240e-01
   7.5027080e-01
   7.4737111e-01
   7.4202517e-01
   7.4031154e-01
   7.4406131e-01
   7.5088075e-01
   7.4729689e-01
   7.5412106e-01
   7.4927768e-01
   7.5537474e-01
   7.5967712e-01
   7.6120144e-01
   7.5590514e-01
   7.5847284e-01
   7.5972045e-01
   7.6377784e-01
   7.5753227e-01
   7.5644795e-01
   7.7188754e-01
   7.7086134e-01
   7.7246011e-01
   7.7297087e-01
   7.7047574e-01
   7.7044553e-01
   7.7980017e-01
   7.8173296e-01
   7.8856715e-01
   7.9063674e-01
   7.9882598e-01
   8.0047786e-01
   7.9486149e-01
   7.9294506e-01
   7.8356767e-01
   7.9132810e-01
   7.8651312e-01
   7.8354797e-01
   7.8602947e-01
   7.8585112e-01
   7.8103128e-01
   7.7599358e-01
   7.7569012e-01
   7.7073729e-01
   7.9043907e-01
   7.8821842e-01
   7.8856808e-01
   7.9043373e-01
   7.8853681e-01
   7.9273846e-01
   7.8621770e-01
   7.7588687e-01
   7.7871419e-01
   7.6568432e-01
   7.5798735e-01
   7.6892152e-01
   7.6366207e-01
   7.5556416e-01
   7.5903327e-01
   7.3082545e-01
   7.5933697e-01
   7.9637160e-01
   7.9741232e-01
   7.9403320e-01
   8.0899750e-01
   8.1739830e-01
   8.1320150e-01
   8.1615471e-01
   8.1295135e-01
   8.0807305e-01
   7.9050918e-01
   7.8700581e-01
   7.7752429e-01
   7.6378494e-01
   7.6074068e-01
   7.3216235e-01
   7.3501333e-01
   7.4543280e-01
   7.3584301e-01
   7.2225568e-01
   7.4689085e-01
   7.5510971e-01
   7.6077734e-01
   7.6315301e-01
   7.6687270e-01
   7.6078350e-01
   7.6447544e-01
   7.6443517e-01
   7.6265108e-01
   7.6214269e-01
   7.5396862e-01
   7.4868604e-01
   7.5667342e-01
   7.6188293e-01
   7.5817603e-01
   7.6437657e-01
   7.6511066e-01
   7.6132708e-01
   7.5797111e-01
   7.5573432e-01
   7.6969269e-01
   7.5849581e-01
   7.6763075e-01
   7.6941065e-01
   7.8342965e-01
   7.9268497e-01
   7.9144062e-01
   8.0024656e-01
   7.9447771e-01
   7.8966385e-01
   7.9385226e-01
   7.9605865e-01
   7.9081359e-01
   7.9538414e-01
   7.9070732e-01
   7.9431547e-01
   7.8161158e-01
   7.9123337e-01
   7.8964851e-01
   7.7106874e-01
   7.7673203e-01
   7.9092857e-01
   7.8699113e-01
   7.8124898e-01
   7.9014846e-01
   7.8115722e-01
   7.8638456e-01
   7.7034866e-01
   7.7035375e-01
   7.7597724e-01
   7.9289569e-01
   7.9636642e-01
   7.9303330e-01
   8.0044324e-01
   8.1024001e-01
   8.0536415e-01
   8.1732925e-01
   8.2923039e-01
   8.2897147e-01
   8.4068291e-01
   8.4811528e-01
   8.4188529e-01
   8.4191825e-01
   8.4712062e-01
   8.5502984e-01
   8.5094130e-01
   8.5475336e-01
   8.6246300e-01
   8.6440112e-01
   8.6599386e-01
   8.6629423e-01
   8.6704183e-01
   8.7283939e-01
   8.6455940e-01
   8.7267634e-01
   8.7323632e-01
   8.6592763e-01
   8.6323968e-01
   8.6748487e-01
   8.6537408e-01
   8.6048417e-01
   8.5179971e-01
   8.4603296e-01
   8.2462261e-01
   8.3248124e-01
   8.2835216e-01
   8.1524893e-01
   8.3740491e-01
   8.3225344e-01
   8.3121428e-01
   8.2205013e-01
   7.9574264e-01
   7.6564640e-01
   7.5285406e-01
   7.3540582e-01
   7.3465987e-01
   7.7024737e-01
   7.8178520e-01
   7.8502476e-01
   7.8989528e-01
   7.8598353e-01
   7.8896639e-01
   7.8793248e-01
   7.8477525e-01
   7.7982088e-01
   7.6484334e-01
   7.5198934e-01
   7.5434228e-01
   7.4595597e-01
   7.3147061e-01
   7.4343783e-01
   7.3846286e-01
   7.4085183e-01
   7.3643019e-01
   7.1647715e-01
   7.1405244e-01
   7.0190616e-01
   7.0321522e-01
   7.1226285e-01
   7.1618041e-01
   7.1534098e-01
   7.1902475e-01
   7.1372461e-01
   7.1547427e-01
   7.2369598e-01
   7.1548244e-01
   7.2418285e-01
   7.3001903e-01
   7.3180940e-01
   7.3158663e-01
   7.3868328e-01
   7.2806822e-01
   7.3431891e-01
   7.2951646e-01
   7.2870891e-01
   7.1884718e-01
   7.1916417e-01
   7.2862989e-01
   7.3522623e-01
   7.2607840e-01
   7.3434969e-01
   7.4163727e-01
   7.3948868e-01
   7.3432981e-01
   7.3996376e-01
   7.4882530e-01
   7.3911984e-01
   7.5753566e-01
   7.5822307e-01
   7.5974983e-01
   7.5462738e-01
   7.5705870e-01
   7.5863050e-01
   7.5660587e-01
   7.5666388e-01
   7.5278610e-01
   7.4783460e-01
   7.5064742e-01
   7.3969074e-01
   7.4345892e-01
   7.5158919e-01
   7.4042996e-01
   7.3419776e-01
   7.2528763e-01
   7.3025123e-01
   7.2836541e-01
   7.2281603e-01
   7.2709369e-01
   7.2278662e-01
   7.1976610e-01
   7.0762855e-01
   7.1490328e-01
   7.2202813e-01
   7.0736591e-01
   7.1109370e-01
   7.1239546e-01
   6.9828333e-01
   6.9913363e-01
   6.9632534e-01
   6.9635184e-01
   6.9405224e-01
   6.8295210e-01
   6.6969013e-01
   6.8674537e-01
   6.9327000e-01
   6.9752245e-01
   6.9179729e-01
   6.9738091e-01
   6.9825211e-01
   6.9491608e-01
   6.8443997e-01
   6.8082002e-01
   6.9197034e-01
   6.8632491e-01
   6.6826216e-01
   6.1736505e-01
   5.9669985e-01
   6.3817237e-01
   6.5532009e-01
   6.6053826e-01
   6.5256669e-01
   6.6033251e-01
   6.6054669e-01
   6.5915076e-01
   6.5457538e-01
   6.4518791e-01
   6.4132029e-01
   6.2435717e-01
   6.3751942e-01
   6.2788251e-01
   6.2793155e-01
   6.3486071e-01
   6.3469631e-01
   6.3699674e-01
   6.3464578e-01
   6.4836593e-01
   6.5230656e-01
   6.5423684e-01
   6.5343989e-01
   6.5553272e-01
   6.4842406e-01
   6.5467525e-01
   6.5493739e-01
   6.4676918e-01
   6.4435133e-01
   6.3463586e-01
   6.2972257e-01
   6.3536335e-01
   6.5041780e-01
   6.5271730e-01
   6.7270402e-01
   6.7297492e-01
   6.5619587e-01
   6.7959389e-01
   7.0748742e-01
   7.1282121e-01
   6.8751251e-01
   7.1385837e-01
   7.2408735e-01
   7.2938365e-01
   7.3777587e-01
   7.2856389e-01
   7.5127631e-01
   7.5403650e-01
   7.5378480e-01
   7.6357640e-01
   7.5666499e-01
   7.6043681e-01
   7.5964574e-01
   7.5929471e-01
   7.5529795e-01
   7.5661442e-01
   7.5103651e-01
   7.4121006e-01
   7.3247703e-01
   7.3926126e-01
   7.3911404e-01
   7.4189825e-01
   7.3854400e-01
   7.3932176e-01
   7.5262702e-01
   7.5296093e-01
   7.6739993e-01
   7.6544721e-01
   7.7028413e-01
   7.6852232e-01
   7.6391410e-01
   7.6527740e-01
   7.5759319e-01
   7.5743953e-01
   7.4374039e-01
   7.5375418e-01
   7.5451847e-01
   7.6331982e-01
   7.7108218e-01
   7.7200057e-01
   7.7764868e-01
   7.7871530e-01
   7.8437289e-01
   7.8209142e-01
   7.8850590e-01
   7.9149165e-01
   7.8305169e-01
   7.8286997e-01
   7.8139450e-01
   7.8563886e-01
   7.6181029e-01
   7.7840232e-01
   7.7586787e-01
   7.8663832e-01
   7.7649692e-01
   7.5370536e-01
   7.6570230e-01
   7.8455952e-01
   7.9658620e-01
   8.0567469e-01
   8.1189738e-01
   8.2020751e-01
   8.2733670e-01
   8.3248980e-01
   8.3210874e-01
   8.3003421e-01
   8.2409404e-01
   8.2662928e-01
   8.2165298e-01
   8.2149366e-01
   8.2436057e-01
   8.2973151e-01
   8.2677141e-01
   8.2434579e-01
   8.1544205e-01
   8.1677141e-01
   8.1188525e-01
   8.1223851e-01
   8.0032465e-01
   8.0271510e-01
   7.9507367e-01
   8.0096775e-01
   7.9978465e-01
   7.9869805e-01
   7.8533894e-01
   7.9299112e-01
   7.9288673e-01
   7.9103572e-01
   7.8884518e-01
   7.9114514e-01
   7.9382050e-01
   7.9348954e-01
   7.9425726e-01
   7.9213571e-01
   7.9542803e-01
   7.9587538e-01
   7.9219436e-01
   8.0513658e-01
   8.0752034e-01
   8.0328930e-01
   8.0844650e-01
   8.1894212e-01
   8.1850195e-01
   8.2019800e-01
   8.2049221e-01
   8.1909300e-01
   8.2149021e-01
   8.1580440e-01
   8.1136406e-01
   8.3465778e-01
   8.3720908e-01
   8.4041479e-01
   8.3253546e-01
   8.3356296e-01
   8.4318228e-01
   8.4325309e-01
   8.4879059e-01
   8.4472385e-01
   8.3196667e-01
   8.5292421e-01
   8.5282290e-01
   8.4995881e-01
   8.1844905e-01
   8.0435295e-01
   8.0392655e-01
   7.7234434e-01
   7.9005650e-01
   7.7842721e-01
   7.7541833e-01
   7.9670450e-01
   7.9336890e-01
   8.0286050e-01
   8.1983947e-01
   8.1780196e-01
   8.2389553e-01
   8.2040405e-01
   8.2137510e-01
   8.2066938e-01
   8.2044633e-01
   8.2083750e-01
   8.1778396e-01
   8.1427442e-01
   8.1123816e-01
   8.1670741e-01
   8.1564062e-01
   8.1079766e-01
   8.1297953e-01
   8.1207388e-01
   8.1559541e-01
   8.1403020e-01
   8.2233445e-01
   8.2777587e-01
   8.2663193e-01
   8.2119929e-01
   8.2753242e-01
   8.2906082e-01
   8.2382452e-01
   8.1714355e-01
   8.1182723e-01
   8.1505577e-01
   8.1463536e-01
   8.2159736e-01
   8.1868161e-01
   8.2269124e-01
   8.0975650e-01
   8.1844802e-01
   8.2232661e-01
   8.2585001e-01
   8.2848353e-01
   8.2700623e-01
   8.2976042e-01
   8.3276278e-01
   8.2723603e-01
   8.2956346e-01
   8.3383803e-01
   8.3579734e-01
   8.2982226e-01
   8.1754517e-01
   7.9052231e-01
   7.9059114e-01
   7.5759152e-01
   7.7137983e-01
   7.6700595e-01
   7.5539396e-01
   7.8139798e-01
   7.8186656e-01
   7.8192018e-01
   7.6907419e-01
   7.7038668e-01
   7.7726125e-01
   7.8280799e-01
   7.8234988e-01
   7.7904109e-01
   7.7597491e-01
   7.5424399e-01
   7.6070899e-01
   7.6126770e-01
   7.6115527e-01
   7.6000117e-01
   7.5846926e-01
   7.5400066e-01
   7.7462212e-01
   7.7361529e-01
   7.7426916e-01
   7.7186397e-01
   7.7102280e-01
   7.6945672e-01
   7.7254865e-01
   7.7448726e-01
   7.7113354e-01
   7.7500434e-01
   7.7474614e-01
   7.6783317e-01
   7.6716307e-01
   7.7658020e-01
   7.7922459e-01
   7.9819424e-01
   8.1379894e-01
   8.1516627e-01
   8.2236404e-01
   8.1850158e-01
   8.2619342e-01
   8.1927357e-01
   8.3931973e-01
   8.3324998e-01
   8.0978236e-01
   8.3454489e-01
   8.2542789e-01
   8.0810081e-01
   8.0002619e-01
   7.7254096e-01
   7.7579418e-01
   7.9603325e-01
   8.0216349e-01
   8.0384659e-01
   7.9970220e-01
   7.9965170e-01
   8.0321635e-01
   7.9679160e-01
   8.0293063e-01
   8.0109852e-01
   7.9439900e-01
   7.7108961e-01
   7.8006940e-01
   7.7209932e-01
   7.6692688e-01
   7.6910982e-01
   7.6313813e-01
   7.7410296e-01
   7.6959115e-01
   7.6695665e-01
   7.6522317e-01
   7.6874594e-01
   7.4968994e-01
   7.5590206e-01
   7.5813731e-01
   7.6814887e-01
   7.7133873e-01
   7.5732404e-01
   7.5847490e-01
   7.4897442e-01
   7.4955055e-01
   7.2381303e-01
   7.2913277e-01
   7.3919233e-01
   7.3852637e-01
   7.2928887e-01
   7.3191790e-01
   7.2930911e-01
   7.2715729e-01
   7.2968489e-01
   7.2548520e-01
   7.2605260e-01
   7.2488304e-01
   7.1016067e-01
   7.1072920e-01
   7.1735895e-01
   7.2689499e-01
   7.2847926e-01
   7.3031308e-01
   7.2529679e-01
   7.2621233e-01
   7.3426961e-01
   7.2963522e-01
   7.3967453e-01
   7.4258552e-01
   7.4037303e-01
   7.4242516e-01
   7.3607958e-01
   7.3257858e-01
   7.4173725e-01
   7.3938692e-01
   7.4356033e-01
   7.3529100e-01
   7.5738437e-01
   7.5806124e-01
   7.5762614e-01
   7.5705796e-01
   7.5164451e-01
   7.5133022e-01
   7.6049653e-01
   7.5869226e-01
   7.5770898e-01
   7.5676971e-01
   7.5667512e-01
   7.4776378e-01
   7.5313391e-01
   7.6292698e-01
   7.6851491e-01
   7.5813944e-01
   7.6153232e-01
   7.5868541e-01
   7.5870980e-01
   7.4812068e-01
   7.3604272e-01
   7.0842793e-01
   6.8559077e-01
   6.8874041e-01
   6.8218359e-01
   6.7953950e-01
   6.6286425e-01
   6.6155156e-01
   6.4350588e-01
   6.5208097e-01
   6.4212337e-01
   6.3780013e-01
   6.3879820e-01
   6.3128466e-01
   6.1558723e-01
   6.4617629e-01
   6.5529435e-01
   6.3727117e-01
   6.3122176e-01
   6.2491279e-01
   6.1641011e-01
   6.1637039e-01
   6.2176014e-01
   6.2250693e-01
   6.1829804e-01
   6.1990268e-01
   6.1423191e-01
   6.1471336e-01
   6.2702287e-01
   6.3592056e-01
   6.3095074e-01
   6.2873940e-01
   6.2401677e-01
   6.1359510e-01
   6.2458287e-01
   6.3507652e-01
   6.5527676e-01
   6.7235033e-01
   6.7413156e-01
   6.8225883e-01
   7.0020191e-01
   7.1021704e-01
   7.1634174e-01
   7.1545969e-01
   7.1987082e-01
   7.2141432e-01
   7.2068251e-01
   7.2005815e-01
   7.0071830e-01
   6.8493161e-01
   7.1432455e-01
   7.1247157e-01
   6.9400254e-01
   7.0476089e-01
   7.0325186e-01
   7.0381928e-01
   7.0423530e-01
   7.0436744e-01
   7.0834491e-01
   7.0105431e-01
   7.1884822e-01
   7.1641628e-01
   7.0199658e-01
   7.0758974e-01
   7.0814027e-01
   7.0614529e-01
   7.0251210e-01
   6.9823061e-01
   6.9990701e-01
   6.9850761e-01
   6.7926766e-01
   6.7779230e-01
   6.7890615e-01
   6.9377357e-01
   6.9055963e-01
   6.9676714e-01
   6.9731969e-01
   6.9125328e-01
   6.9578449e-01
   6.8089795e-01
   6.8258811e-01
   7.0742028e-01
   7.0520708e-01
   7.1328716e-01
   7.0775587e-01
   7.2394702e-01
   7.3777266e-01
   7.5702068e-01
   7.5698128e-01
   7.7636405e-01
   7.7943656e-01
   7.6231450e-01
   7.4645557e-01
   7.4428265e-01
   7.4578074e-01
   7.8276997e-01
   7.8639422e-01
   7.8667002e-01
   7.8050126e-01
   7.7220132e-01
   7.7358518e-01
   7.7753090e-01
   7.7189235e-01
   7.6183353e-01
   7.4204808e-01
   7.7034208e-01
   7.7231890e-01
   7.7285237e-01
   7.7824041e-01
   7.7303076e-01
   7.7031570e-01
   7.7227836e-01
   7.7275146e-01
   7.6831402e-01
   7.6970493e-01
   7.7195993e-01
   7.7416001e-01
   7.7871000e-01
   7.7558578e-01
   7.7236845e-01
   7.7416070e-01
   7.8403226e-01
   7.8329866e-01
   7.6126989e-01
   7.6423319e-01
   7.6331181e-01
   7.5815103e-01
   7.6826031e-01
   7.7599713e-01
   7.9231069e-01
   8.0642674e-01
   8.0929631e-01
   8.1225276e-01
   8.1451238e-01
   8.1654535e-01
   8.1594898e-01
   8.1493809e-01
   8.1883375e-01
   8.1630553e-01
   8.1040939e-01
   8.0828511e-01
   8.0625229e-01
   8.1979619e-01
   8.2052522e-01
   8.2061918e-01
   8.2029955e-01
   8.2042556e-01
   8.1308562e-01
   8.1529873e-01
   8.1765002e-01
   8.2198676e-01
   8.2347160e-01
   8.1531544e-01
   8.2316745e-01
   8.3235026e-01
   8.3377839e-01
   8.3397638e-01
   8.2784556e-01
   8.2355176e-01
   8.2762994e-01
   8.2785275e-01
   8.3423344e-01
   8.2987665e-01
   8.3594333e-01
   8.4110019e-01
   8.4289408e-01
   8.3851908e-01
   8.3174611e-01
   8.4194447e-01
   8.4798417e-01
   8.6270408e-01
   8.7320610e-01
   8.7779999e-01
   8.8660538e-01
   8.9642165e-01
   9.0062199e-01
   8.9360053e-01
   8.9627750e-01
   8.9082615e-01
   9.0031183e-01
   8.9319025e-01
   9.0527430e-01
   9.0112480e-01
   9.0027744e-01
   8.9093935e-01
   8.8388504e-01
   8.7805148e-01
   8.7822627e-01
   8.5686429e-01
   8.7224749e-01
   8.8463624e-01
   8.6891058e-01
   8.7328686e-01
   8.6900349e-01
   8.5266991e-01
   8.6458301e-01
   8.5730094e-01
   8.6106515e-01
   8.8056890e-01
   8.8063651e-01
   8.6483284e-01
   8.6274038e-01
   8.7166292e-01
   8.7868215e-01
   8.7458691e-01
   8.6707303e-01
   8.7996316e-01
   8.6787300e-01
   8.7642073e-01
   8.9350255e-01
   8.9987370e-01
   9.0136979e-01
   9.0287106e-01
   8.9400719e-01
   8.9750649e-01
   8.9781317e-01
   8.7420162e-01
   8.7863546e-01
   8.6734333e-01
   8.6710215e-01
   8.6810597e-01
   8.6519318e-01
   8.6711828e-01
   8.8809952e-01
   8.8159658e-01
   8.8748388e-01
   8.8909883e-01
   8.8588277e-01
   8.8661446e-01
   8.8702629e-01
   8.8775605e-01
   8.8375075e-01
   8.7938821e-01
   8.7478855e-01
   8.7589760e-01
   8.7264089e-01
   8.6507954e-01
   8.6053447e-01
   8.5921254e-01
   8.4843152e-01
   8.4338814e-01
   8.3540739e-01
   8.2606409e-01
   8.2242773e-01
   8.1427513e-01
   8.1140102e-01
   8.0417108e-01
   8.1276052e-01
   8.1127914e-01
   8.1133920e-01
   8.0144719e-01
   7.9900758e-01
   8.0185014e-01
   7.9748125e-01
   7.9190514e-01
   7.8710598e-01
   7.7806176e-01
   7.7642617e-01
   7.8677023e-01
   7.8482240e-01
   7.8441453e-01
   7.7672313e-01
   7.6321792e-01
   7.7197943e-01
   7.6578172e-01
   7.5986419e-01
   7.6658635e-01
   7.7150199e-01
   7.7122387e-01
   7.6860049e-01
   7.6695781e-01
   7.6032506e-01
   7.6051525e-01
   7.6150181e-01
   7.6496637e-01
   7.6155568e-01
   7.6616233e-01
   7.6170799e-01
   7.6191189e-01
   7.7017785e-01
   7.5961950e-01
   7.4070212e-01
   7.4748451e-01
   7.4279397e-01
   7.3997994e-01
   7.4119609e-01
   7.3395483e-01
   7.3905497e-01
   7.4211376e-01
   7.3835267e-01
   7.3761882e-01
   7.3667037e-01
   7.4406557e-01
   7.4620025e-01
   7.3737283e-01
   7.4264400e-01
   7.4241464e-01
   7.4094010e-01
   7.4100652e-01
   7.3933066e-01
   7.4488674e-01
   7.4000407e-01
   7.4383211e-01
   7.4324979e-01
   7.3986734e-01
   7.2831704e-01
   7.2264486e-01
   7.0535446e-01
   6.9885834e-01
   7.0293146e-01
   6.9907410e-01
   6.9652134e-01
   7.0122015e-01
   6.8285526e-01
   6.8080664e-01
   6.9836809e-01
   6.8984621e-01
   6.7959793e-01
   6.7805105e-01
   7.3304263e-01
   7.3656884e-01
   7.2584697e-01
   7.2393982e-01
   7.2060809e-01
   7.1659717e-01
   7.2199242e-01
   7.2118584e-01
   7.2294769e-01
   7.1077637e-01
   7.1905036e-01
   7.0748140e-01
   7.2238290e-01
   7.3291022e-01
   7.1902303e-01
   7.5027964e-01
   7.5732389e-01
   7.5880708e-01
   7.6080508e-01
   7.7996374e-01
   7.9941832e-01
   7.9576467e-01
   8.0112841e-01
   8.0770487e-01
   7.9345181e-01
   8.1196240e-01
   8.0696401e-01
   7.9205915e-01
   8.1474184e-01
   8.2959346e-01
   8.3492518e-01
   8.3639578e-01
   8.5439273e-01
   8.5232463e-01
   8.6771160e-01
   8.7129360e-01
   8.7112655e-01
   8.6217038e-01
   8.7724531e-01
   8.8550668e-01
   8.8799600e-01
   8.8992339e-01
   9.0304932e-01
   9.0337759e-01
   8.9319057e-01
   9.0730760e-01
   9.0513843e-01
   9.1132262e-01
   9.1487096e-01
   9.0684066e-01
   9.0967750e-01
   9.0708843e-01
   9.1366560e-01
   9.1348905e-01
   9.1005273e-01
   9.1570859e-01
   9.1432499e-01
   9.1777238e-01
   9.2010012e-01
   9.1827103e-01
   9.1140161e-01
   8.9776208e-01
   8.9830003e-01
   9.0059278e-01
   9.0592239e-01
   9.0684924e-01
   9.0819309e-01
   9.0696105e-01
   9.0579122e-01
   9.0414141e-01
   8.9989309e-01
   8.9679477e-01
   8.9487616e-01
   8.9670673e-01
   8.9417487e-01
   8.8715114e-01
   8.9070977e-01
   8.9354439e-01
   8.8866727e-01
   8.9106939e-01
   8.8407860e-01
   8.8005488e-01
   8.7976292e-01
   8.7280780e-01
   8.7289541e-01
   8.7454306e-01
   8.6745246e-01
   8.6014964e-01
   8.6104863e-01
   8.6064580e-01
   8.5897913e-01
   8.4835136e-01
   8.5137274e-01
   8.5708220e-01
   8.4947058e-01
   8.3348509e-01
   8.3111793e-01
   8.0699927e-01
   7.7443056e-01
   7.6967492e-01
   7.6509688e-01
   7.5580005e-01
   7.7557420e-01
   7.6116719e-01
   7.5891695e-01
   7.5138886e-01
   7.4729198e-01
   7.3641338e-01
   7.4078019e-01
   7.4437727e-01
   7.3589274e-01
   7.3962281e-01
   7.3771798e-01
   7.2027260e-01
   7.2047673e-01
   7.4031249e-01
   7.4766141e-01
   7.4687905e-01
   7.4680883e-01
   7.4790422e-01
   7.4575677e-01
   7.4406012e-01
   7.4398247e-01
   7.4555816e-01
   7.4920579e-01
   7.5258522e-01
   7.4648957e-01
   7.4718101e-01
   7.4959681e-01
   7.5317170e-01
   7.4847547e-01
   7.4131656e-01
   7.4277123e-01
   7.3314456e-01
   7.3793059e-01
   7.3402748e-01
   7.2090839e-01
   6.6643128e-01
   6.8555510e-01
   6.8664598e-01
   6.7760422e-01
   6.7343355e-01
   6.8540043e-01
   6.9604899e-01
   6.9489454e-01
   6.9923881e-01
   6.9702632e-01
   6.9942104e-01
   6.9957935e-01
   7.0444262e-01
   7.0094552e-01
   6.6010367e-01
   6.7846001e-01
   7.1043578e-01
   7.3919770e-01
   7.3730677e-01
   7.4314229e-01
   7.5619852e-01
   7.7060862e-01
   7.8761152e-01
   8.1122450e-01
   8.2895103e-01
   8.2830558e-01
   8.3463646e-01
   8.4595536e-01
   8.4775772e-01
   8.5264092e-01
   8.5472185e-01
   8.5763666e-01
   8.5456987e-01
   8.5866444e-01
   8.6154324e-01
   8.6353982e-01
   8.6000461e-01
   8.6449725e-01
   8.6280806e-01
   8.6158746e-01
   8.6071640e-01
   8.4524474e-01
   8.5334425e-01
   8.5042965e-01
   8.5829523e-01
   8.5812049e-01
   8.5734564e-01
   8.4977888e-01
   8.6491896e-01
   8.7056614e-01
   8.6847002e-01
   8.6743954e-01
   8.6194035e-01
   8.6156085e-01
   8.4884290e-01
   8.3856439e-01
   8.3755301e-01
   8.5382193e-01
   8.5452290e-01
   8.5205686e-01
   8.4803007e-01
   8.4295410e-01
   8.4612440e-01
   8.4163364e-01
   8.4388185e-01
   8.4599028e-01
   8.4716759e-01
   8.4873330e-01
   8.4837568e-01
   8.4777478e-01
   8.4893576e-01
   8.4761562e-01
   8.4860609e-01
   8.4966284e-01
   8.5073855e-01
   8.5086824e-01
   8.4507202e-01
   8.2765383e-01
   8.2890575e-01
   8.4003823e-01
   8.4251532e-01
   8.4978258e-01
   8.5608423e-01
   8.5976197e-01
   8.5768823e-01
   8.6322323e-01
   8.5989236e-01
   8.6215404e-01
   8.6329139e-01
   8.6249267e-01
   8.6059643e-01
   8.6217026e-01
   8.6416699e-01
   8.6155178e-01
   8.6191159e-01
   8.5977948e-01
   8.6267270e-01
   8.6348673e-01
   8.5504837e-01
   8.5358132e-01
   8.6653903e-01
   8.7718083e-01
   8.7964364e-01
   8.8142463e-01
   8.7177346e-01
   8.7523042e-01
   8.7434970e-01
   8.7276113e-01
   8.7824870e-01
   8.7541295e-01
   8.8202259e-01
   8.9009737e-01
   8.8017870e-01
   8.9307835e-01
   8.9816180e-01
   8.9563585e-01
   8.8583821e-01
   9.0149936e-01
   8.8715382e-01
   8.7846980e-01
   8.6589298e-01
   8.5222078e-01
   8.5111623e-01
   8.3313598e-01
   8.4138540e-01
   8.2915472e-01
   8.2986863e-01
   8.3420246e-01
   8.2960183e-01
   8.2389139e-01
   8.2093547e-01
   8.2603086e-01
   8.1302567e-01
   8.0440548e-01
   7.9973228e-01
   8.0642114e-01
   7.8579976e-01
   7.7607925e-01
   8.0502896e-01
   8.0613136e-01
   8.0639798e-01
   8.0854193e-01
   8.1504732e-01
   8.1348693e-01
   8.1655326e-01
   8.2036970e-01
   8.2530213e-01
   8.1900317e-01
   8.1616679e-01
   8.2343804e-01
   8.1361372e-01
   8.1284509e-01
   8.1066638e-01
   8.0329322e-01
   8.0357141e-01
   8.0676649e-01
   8.0334242e-01
   8.0246333e-01
   8.0647552e-01
   8.0071751e-01
   8.1599186e-01
   8.2009453e-01
   7.9873434e-01
   8.0541572e-01
   8.1412158e-01
   8.0486195e-01
   8.1180239e-01
   8.0948538e-01
   8.0738454e-01
   7.9972060e-01
   8.0143284e-01
   8.0176459e-01
   7.9590493e-01
   7.8800597e-01
   7.9315256e-01
   7.8794888e-01
   7.7849980e-01
   7.8748485e-01
   7.9242154e-01
   8.0361874e-01
   8.0521061e-01
   8.0253774e-01
   7.9342962e-01
   8.0041192e-01
   8.1212295e-01
   8.0955813e-01
   8.1382438e-01
   8.0863287e-01
   8.0305094e-01
   7.9745361e-01
   7.9780113e-01
   8.0337725e-01
   7.9722814e-01
   7.9006920e-01
   7.7994045e-01
   7.7407171e-01
   7.6666646e-01
   7.6172117e-01
   7.7854015e-01
   7.7949527e-01
   7.7922632e-01
   7.7990680e-01
   7.7851124e-01
   7.7924398e-01
   7.7890759e-01
   7.6785553e-01
   7.8673792e-01
   7.9146051e-01
   7.9616858e-01
   7.9545273e-01
   7.9099504e-01
   7.8160870e-01
   7.7585244e-01
   7.7978204e-01
   7.8911015e-01
   7.9371301e-01
   7.9490775e-01
   7.9042798e-01
   8.0269661e-01
   8.1042066e-01
   8.1224026e-01
   8.1310132e-01
   8.2094745e-01
   8.2560648e-01
   8.2166991e-01
   8.2034155e-01
   8.2392857e-01
   8.2193926e-01
   8.1390812e-01
   7.9491337e-01
   7.9104356e-01
   7.9970048e-01
   8.3108891e-01
   8.3966635e-01
   8.2131718e-01
   8.2529242e-01
   8.5785108e-01
   8.7372370e-01
   8.7361982e-01
   8.8529796e-01
   8.8762614e-01
   8.8660757e-01
   8.8785880e-01
   8.8487902e-01
   8.8468518e-01
   8.8150579e-01
   8.8664165e-01
   8.9035823e-01
   8.8882218e-01
   8.8667457e-01
   8.9140506e-01
   8.8905987e-01
   8.9089130e-01
   8.9362889e-01
   8.9091045e-01
   8.9098090e-01
   8.9420994e-01
   8.9678128e-01
   8.9851084e-01
   8.9914169e-01
   8.9774779e-01
   8.9781767e-01
   8.9296372e-01
   8.8973777e-01
   8.9906941e-01
   8.9694747e-01
   9.0102946e-01
   9.0071690e-01
   9.0089897e-01
   8.9620079e-01
   8.9529989e-01
   8.9193542e-01
   8.9337069e-01
   8.9494623e-01
   8.9275565e-01
   8.8965457e-01
   8.8286397e-01
   8.5882312e-01
   8.5284301e-01
   8.6962453e-01
   8.7804627e-01
   8.7340950e-01
   8.6279377e-01
   8.5531587e-01
   8.5203674e-01
   8.6365755e-01
   8.5050634e-01
   8.7921948e-01
   8.9602112e-01
   8.7916044e-01
   9.0683522e-01
   9.1878807e-01
   9.2324982e-01
   9.1691859e-01
   9.3263329e-01
   9.4280018e-01
   9.4608394e-01
   9.4469769e-01
   9.3248949e-01
   9.3694387e-01
   9.3361041e-01
   9.3287554e-01
   9.2788249e-01
   9.2989637e-01
   9.3414954e-01
   9.2862054e-01
   9.2161379e-01
   9.2858617e-01
   9.3040856e-01
   9.2690796e-01
   9.3043072e-01
   9.4324342e-01
   9.3345650e-01
   9.3270124e-01
   9.2871887e-01
   9.3961965e-01
   9.4431865e-01
   9.3940541e-01
   9.4430634e-01
   9.4410576e-01
   9.4876245e-01
   9.5038568e-01
   9.4790307e-01
   9.4866322e-01
   9.4893467e-01
   9.4417842e-01
   9.4359101e-01
   9.4430736e-01
   9.4901259e-01
   9.4714481e-01
   9.4954971e-01
   9.5082523e-01
   9.5020946e-01
   9.4965115e-01
   9.5453252e-01
   9.5668663e-01
   9.5780044e-01
   9.5624224e-01
   9.5719781e-01
   9.5240298e-01
   9.5150487e-01
   9.5246113e-01
   9.4954421e-01
   9.4920027e-01
   9.4488188e-01
   9.4720807e-01
   9.4238320e-01
   9.3350209e-01
   9.2929036e-01
   9.3691218e-01
   9.3468143e-01
   9.3706924e-01
   9.3336462e-01
   9.3087334e-01
   9.3225794e-01
   9.2630721e-01
   9.2736568e-01
   9.2367237e-01
   9.1921900e-01
   9.1324180e-01
   9.1404094e-01
   9.0550760e-01
   8.9473303e-01
   8.8435609e-01
   8.8606134e-01
   8.7135222e-01
   8.6483455e-01
   8.5217947e-01
   8.3764294e-01
   8.3864439e-01
   8.0903293e-01
   8.1347822e-01
   8.0045003e-01
   7.8939384e-01
   7.7773490e-01
   7.6074290e-01
   7.3951572e-01
   7.5311124e-01
   7.4877021e-01
   7.4286806e-01
   7.3001586e-01
   7.2196149e-01
   7.1618961e-01
   7.2174808e-01
   7.2541162e-01
   7.2928890e-01
   7.2408335e-01
   7.3266029e-01
   7.3135489e-01
   7.1525849e-01
   7.2382008e-01
   7.2718500e-01
   7.2559314e-01
   7.2129388e-01
   7.2345701e-01
   7.2373725e-01
   7.2755627e-01
   7.2749941e-01
   7.2413190e-01
   7.2984613e-01
   7.2919295e-01
   7.2710506e-01
   7.1528907e-01
   7.0926875e-01
   7.0467736e-01
   7.0979870e-01
   7.1848153e-01
   7.2973879e-01
   7.3086159e-01
   7.1481922e-01
   7.2441900e-01
   7.3703136e-01
   7.3071240e-01
   7.1768579e-01
   6.9105934e-01
   6.9525084e-01
   6.9400014e-01
   6.7768799e-01
   6.7324674e-01
   6.6154078e-01
   6.7203744e-01
   6.7330316e-01
   6.6964312e-01
   6.7258757e-01
   6.7496699e-01
   6.7688611e-01
   6.7899531e-01
   6.7824119e-01
   6.7771643e-01
   6.7654925e-01
   6.7299084e-01
   6.6594622e-01
   6.5941818e-01
   6.4849777e-01
   6.5368627e-01
   6.6444279e-01
   6.7987956e-01
   6.8900761e-01
   6.9133791e-01
   6.9856785e-01
   6.9802223e-01
   7.0113119e-01
   7.0092632e-01
   6.9770385e-01
   7.0085717e-01
   6.8824340e-01
   7.0968747e-01
   7.1364356e-01
   6.9630475e-01
   7.1320656e-01
   7.2554676e-01
   7.3151768e-01
   7.2680778e-01
   7.2426952e-01
   7.0994424e-01
   6.8499276e-01
   7.1227675e-01
   7.1553937e-01
   7.1181144e-01
   7.1782936e-01
   7.2217460e-01
   7.1980473e-01
   7.3385872e-01
   7.3268670e-01
   7.4475080e-01
   7.5148710e-01
   7.5453357e-01
   7.5872036e-01
   7.5768616e-01
   7.4417987e-01
   7.0876800e-01
   7.2659042e-01
   7.0259565e-01
   7.4351889e-01
   7.2794189e-01
   7.5401567e-01
   7.8115382e-01
   7.9040927e-01
   8.1116326e-01
   8.4179036e-01
   8.5221201e-01
   8.5755229e-01
   8.7240642e-01
   8.6976387e-01
   8.8986888e-01
   8.9874657e-01
   9.0464163e-01
   9.1395102e-01
   9.2109077e-01
   9.1815449e-01
   9.1984835e-01
   9.2301192e-01
   9.3156046e-01
   9.3397324e-01
   9.3226788e-01
   9.2841647e-01
   9.2602589e-01
   9.3777524e-01
   9.4020017e-01
   9.5033598e-01
   9.5078317e-01
   9.5250976e-01
   9.5114999e-01
   9.5486298e-01
   9.6200824e-01
   9.6191486e-01
   9.6154134e-01
   9.6025644e-01
   9.5848541e-01
   9.6276114e-01
   9.6351421e-01
   9.6309255e-01
   9.6111735e-01
   9.6156990e-01
   9.6025923e-01
   9.6233429e-01
   9.5872909e-01
   9.6218665e-01
   9.6025403e-01
   9.6272016e-01
   9.6067541e-01
   9.6036083e-01
   9.5676441e-01
   9.5378586e-01
   9.5382376e-01
   9.5330015e-01
   9.5166849e-01
   9.5169198e-01
   9.5511459e-01
   9.5783270e-01
   9.5151119e-01
   9.4910630e-01
   9.5353260e-01
   9.5695762e-01
   9.5642560e-01
   9.5703208e-01
   9.5672912e-01
   9.5626667e-01
   9.4560696e-01
   9.4383100e-01
   9.4468155e-01
   9.3943430e-01
   9.3957654e-01
   9.4502036e-01
   9.4531357e-01
   9.4581648e-01
   9.4942929e-01
   9.5254227e-01
   9.5121144e-01
   9.4608391e-01
   9.5079326e-01
   9.4773363e-01
   9.4375915e-01
   9.4908044e-01
   9.5554182e-01
   9.4885477e-01
   9.3986888e-01
   9.4453589e-01
   9.3782890e-01
   9.3329092e-01
   9.2761524e-01
   9.1469811e-01
   9.1611430e-01
   8.9705094e-01
   8.9404177e-01
   8.9794952e-01
   8.8822717e-01
   8.8002557e-01
   8.6994042e-01
   8.7852921e-01
   8.8599177e-01
   8.8156601e-01
   8.8495037e-01
   8.7922323e-01
   8.9611710e-01
   8.9683645e-01
   8.9680056e-01
   8.9743477e-01
   8.9663177e-01
   8.9777071e-01
   8.9466608e-01
   8.9382954e-01
   8.8851916e-01
   8.7821711e-01
   8.8441836e-01
   8.7671726e-01
   8.8401081e-01
   8.8517129e-01
   8.9249817e-01
   8.8677001e-01
   8.8754810e-01
   8.7514279e-01
   8.8582496e-01
   8.8703053e-01
   8.8643782e-01
   8.8497657e-01
   8.8177239e-01
   8.8058595e-01
   8.8724913e-01
   8.8809720e-01
   8.8784321e-01
   8.7437527e-01
   8.7612065e-01
   8.7294081e-01
   8.7163897e-01
   8.7360883e-01
   8.6749992e-01
   8.6566233e-01
   8.7383978e-01
   8.6976788e-01
   8.5848054e-01
   8.5330999e-01
   8.4840753e-01
   8.4539251e-01
   8.3405538e-01
   8.1286881e-01
   8.1939470e-01
   8.0781385e-01
   8.0067607e-01
   7.9876808e-01
   7.8896422e-01
   7.7806604e-01
   7.6262952e-01
   7.7097810e-01
   7.6282614e-01
   7.5894260e-01
   7.6508432e-01
   7.7007543e-01
   7.6353368e-01
   7.5908529e-01
   7.7012535e-01
   7.7163903e-01
   7.7061553e-01
   7.5970831e-01
   7.6456282e-01
   7.5731070e-01
   7.4494940e-01
   7.5296929e-01
   7.7580778e-01
   7.7549938e-01
   7.6901787e-01
   7.6427894e-01
   7.5908457e-01
   7.6407359e-01
   7.6249475e-01
   7.5408562e-01
   7.5828604e-01
   7.6719934e-01
   7.6582744e-01
   7.5743636e-01
   7.6356883e-01
   7.5845525e-01
   7.5688460e-01
   7.6413201e-01
   7.6087378e-01
   7.5838208e-01
   7.5407681e-01
   7.5735160e-01
   7.7347604e-01
   7.8449579e-01
   7.8829705e-01
   7.8805292e-01
   7.9164442e-01
   7.7663349e-01
   7.7381106e-01
   7.5947755e-01
   7.5314541e-01
   7.4898997e-01
   7.3192265e-01
   7.3716592e-01
   7.3680056e-01
   7.4489404e-01
   7.2000955e-01
   7.3045641e-01
   7.5201934e-01
   7.7869461e-01
   7.8740002e-01
   7.8481631e-01
   8.0407249e-01
   7.9283526e-01
   7.8850237e-01
   8.1382366e-01
   8.2500507e-01
   8.4573593e-01
   8.6371310e-01
   8.5479976e-01
   8.6575895e-01
   8.8424362e-01
   9.0485943e-01
   9.0148984e-01
   9.0479322e-01
   9.0562846e-01
   9.0679875e-01
   9.1399102e-01
   9.2374720e-01
   9.3299888e-01
   9.3594977e-01
   9.4162272e-01
   9.3979690e-01
   9.4441777e-01
   9.5218169e-01
   9.3738024e-01
   9.4034312e-01
   9.3719229e-01
   9.4882710e-01
   9.5681835e-01
   9.5647769e-01
   9.6183055e-01
   9.6042082e-01
   9.6255005e-01
   9.6303226e-01
   9.6225566e-01
   9.6763866e-01
   9.6863882e-01
   9.6650918e-01
   9.6503570e-01
   9.6867483e-01
   9.7172062e-01
   9.7040259e-01
   9.6761881e-01
   9.6837361e-01
   9.6690803e-01
   9.6638413e-01
   9.6524821e-01
   9.6596375e-01
   9.6407198e-01
   9.6470177e-01
   9.6443921e-01
   9.6302660e-01
   9.6236600e-01
   9.6538745e-01
   9.7056182e-01
   9.7084469e-01
   9.7210133e-01
   9.6934737e-01
   9.7271479e-01
   9.7544094e-01
   9.7584516e-01
   9.7308266e-01
   9.7071501e-01
   9.6275433e-01
   9.6927981e-01
   9.6895618e-01
   9.6764917e-01
   9.6763176e-01
   9.6374421e-01
   9.6381038e-01
   9.6326201e-01
   9.6590888e-01
   9.6146391e-01
   9.5939868e-01
   9.6080498e-01
   9.5550077e-01
   9.5821410e-01
   9.5128030e-01
   9.4517132e-01
   9.3561437e-01
   9.2470245e-01
   9.2241883e-01
   9.2329326e-01
   9.2793737e-01
   9.2314744e-01
   9.1091679e-01
   9.0487171e-01
   9.0305486e-01
   9.0306505e-01
   8.9867449e-01
   8.8518911e-01
   8.7695443e-01
   8.7204528e-01
   8.6716872e-01
   8.4750678e-01
   8.7056369e-01
   8.6994258e-01
   8.5890956e-01
   8.3711013e-01
   8.3421403e-01
   8.5625515e-01
   8.4325160e-01
   8.6185677e-01
   8.7446468e-01
   8.7234082e-01
   8.7587450e-01
   8.7918530e-01
   8.8020890e-01
   8.8700423e-01
   8.8908963e-01
   8.9402590e-01
   8.9553208e-01
   8.9745372e-01
   8.9399151e-01
   8.9299519e-01
   8.8798579e-01
   8.7789847e-01
   8.7827668e-01
   8.7846377e-01
   8.7683076e-01
   8.6707856e-01
   8.6079217e-01
   8.6577642e-01
   8.6971266e-01
   8.6374726e-01
   8.5764560e-01
   8.4763794e-01
   8.5118090e-01
   8.5457898e-01
   8.4383653e-01
   8.5126142e-01
   8.4269712e-01
   8.3391723e-01
   8.2819207e-01
   8.0681836e-01
   8.2257599e-01
   8.3410247e-01
   8.3010147e-01
   8.1979487e-01
   8.2771268e-01
   8.2779011e-01
   8.1151002e-01
   7.9734029e-01
   7.9521598e-01
   7.9258693e-01
   7.9622936e-01
   7.7552084e-01
   7.8113084e-01
   7.6846131e-01
   7.6660312e-01
   7.6382153e-01
   7.6700478e-01
   7.6760717e-01
   7.4960336e-01
   7.5830621e-01
   7.5587493e-01
   7.5105004e-01
   7.4196094e-01
   7.3670328e-01
   7.3954040e-01
   7.3835551e-01
   7.1123386e-01
   7.1759523e-01
   7.2168417e-01
   7.5648815e-01
   7.7259198e-01
   7.9413664e-01
   8.2374904e-01
   8.3229813e-01
   8.3522943e-01
   8.3707638e-01
   8.2983041e-01
   8.3131815e-01
   8.2245317e-01
   8.1869646e-01
   8.1181502e-01
   8.0559872e-01
   7.9159341e-01
   8.1461806e-01
   8.1215054e-01
   8.1760562e-01
   8.1097050e-01
   8.0873742e-01
   8.0523226e-01
   8.1060353e-01
   8.2395859e-01
   8.3031004e-01
   8.3298628e-01
   8.2752925e-01
   8.2928592e-01
   8.2784129e-01
   8.3294064e-01
   8.3802705e-01
   8.3080146e-01
   8.3541406e-01
   8.3864434e-01
   8.3203643e-01
   8.3027351e-01
   8.3082492e-01
   8.2707166e-01
   8.4229229e-01
   8.4843221e-01
   8.5082032e-01
   8.5695577e-01
   8.6862171e-01
   8.7107259e-01
   8.6905048e-01
   8.7803435e-01
   8.8326005e-01
   8.8421599e-01
   8.8377085e-01
   8.8364046e-01
   8.8161221e-01
   8.7414193e-01
   8.7461183e-01
   8.6582409e-01
   8.7417876e-01
   8.6912217e-01
   8.7507090e-01
   8.7766545e-01
   8.7493161e-01
   8.7077626e-01
   8.6720953e-01
   8.7790815e-01
   8.8429283e-01
   8.8738813e-01
   8.7544195e-01
   8.8174529e-01
   8.9684323e-01
   9.0689682e-01
   9.1048308e-01
   9.1212745e-01
   9.1283092e-01
   9.0701162e-01
   9.1288534e-01
   9.1686606e-01
   9.1628955e-01
   9.1638103e-01
   9.0728242e-01
   8.9119609e-01
   9.0081970e-01
   9.0244588e-01
   9.1017592e-01
   9.1363150e-01
   9.1212658e-01
   9.2830695e-01
   9.2687542e-01
   9.3481313e-01
   9.3737584e-01
   9.3736048e-01
   9.2571073e-01
   9.2592058e-01
   9.3383641e-01
   9.2516647e-01
   9.3008092e-01
   9.3372613e-01
   9.2235259e-01
   9.2744181e-01
   9.2918608e-01
   9.2882846e-01
   9.2816535e-01
   9.2162480e-01
   9.1172593e-01
   9.0764147e-01
   8.9929433e-01
   8.9280008e-01
   8.8721237e-01
   8.9331168e-01
   9.0045683e-01
   9.0195290e-01
   9.0563145e-01
   8.9999397e-01
   8.9666710e-01
   9.1660909e-01
   9.1927930e-01
   9.1296769e-01
   9.1100996e-01
   8.9662181e-01
   8.9780308e-01
   8.9255955e-01
   8.9030883e-01
   8.9626619e-01
   8.9732974e-01
   8.9866537e-01
   9.0107769e-01
   8.9834461e-01
   8.9334233e-01
   8.8737233e-01
   8.8705336e-01
   8.8450268e-01
   8.8341850e-01
   8.8296283e-01
   8.6688470e-01
   8.7569979e-01
   8.6889140e-01
   8.5806935e-01
   8.5772860e-01
   8.6410633e-01
   8.5503519e-01
   8.5839599e-01
   8.3509955e-01
   8.4192701e-01
   8.5969654e-01
   8.6624904e-01
   8.6960654e-01
   8.7069550e-01
   8.7251190e-01
   8.7042663e-01
   8.6191114e-01
   8.5613052e-01
   8.5356123e-01
   8.4886728e-01
   8.2995215e-01
   7.9762462e-01
   8.0020920e-01
   8.1498630e-01
   8.1377989e-01
   8.1917360e-01
   8.0344160e-01
   7.9438394e-01
   8.0776152e-01
   8.0775088e-01
   8.1572060e-01
   8.1871251e-01
   8.2018501e-01
   8.1625478e-01
   8.2118745e-01
   8.0511858e-01
   8.1395199e-01
   8.1554857e-01
   8.1274961e-01
   8.0827401e-01
   8.0390062e-01
   8.1091430e-01
   8.0856442e-01
   8.0159428e-01
   8.0230986e-01
   8.0052392e-01
   8.0756235e-01
   8.0493254e-01
   7.9862405e-01
   7.9220971e-01
   7.9015575e-01
   7.8980895e-01
   7.8281822e-01
   7.9307395e-01
   7.9089895e-01
   7.8728817e-01
   7.8619184e-01
   7.8516356e-01
   7.9039393e-01
   7.7398774e-01
   7.8317314e-01
   7.8364585e-01
   7.8560078e-01
   7.8377343e-01
   7.8767565e-01
   7.8480686e-01
   7.9039411e-01
   7.8550945e-01
   7.8263558e-01
   7.8143234e-01
   7.7430384e-01
   7.6617807e-01
   7.6360084e-01
   7.6607879e-01
   7.6502355e-01
   7.7653561e-01
   7.8223586e-01
   7.8622434e-01
   7.8115031e-01
   7.8082409e-01
   7.7336541e-01
   7.8554157e-01
   7.7829017e-01
   7.7962647e-01
   7.8187102e-01
   7.7886716e-01
   7.7874865e-01
   7.9073986e-01
   7.9102517e-01
   7.8669162e-01
   7.9196150e-01
   7.8283564e-01
   7.8553620e-01
   7.8886189e-01
   7.9065785e-01
   7.9043108e-01
   7.9039024e-01
   7.8766124e-01
   7.8726409e-01
   7.9698985e-01
   8.0339330e-01
   7.9874870e-01
   8.0576991e-01
   8.0850665e-01
   8.1077833e-01
   8.1308907e-01
   8.0682024e-01
   8.1220957e-01
   7.9444611e-01
   7.7384281e-01
   7.8545540e-01
   7.8803911e-01
   7.9280914e-01
   8.0636950e-01
   8.1691368e-01
   8.3353948e-01
   8.4320104e-01
   8.4875174e-01
   8.5153058e-01
   8.4681239e-01
   8.5160214e-01
   8.5963169e-01
   8.7000745e-01
   8.7274016e-01
   8.7674592e-01
   8.7380101e-01
   8.6960367e-01
   8.6346902e-01
   8.7172205e-01
   8.6564794e-01
   8.6189720e-01
   8.6201147e-01
   8.6666958e-01
   8.7248955e-01
   8.6899762e-01
   8.6314522e-01
   8.6284215e-01
   8.6008716e-01
   8.5513687e-01
   8.6722257e-01
   8.6299440e-01
   8.6303513e-01
   8.5165126e-01
   8.4986247e-01
   8.4427039e-01
   8.5658351e-01
   8.5733541e-01
   8.5160955e-01
   8.6458610e-01
   8.6413426e-01
   8.5601238e-01
   8.4658491e-01
   8.5830380e-01
   8.6287709e-01
   8.5699031e-01
   8.4409719e-01
   8.5419173e-01
   8.4752578e-01
   8.3138103e-01
   7.9817484e-01
   8.4252636e-01
   8.4757904e-01
   8.4462857e-01
   8.3686036e-01
   8.3594865e-01
   8.2749040e-01
   8.2169144e-01
   8.2934835e-01
   8.2131184e-01
   8.2466085e-01
   8.1284130e-01
   8.2462217e-01
   8.2923472e-01
   8.3070690e-01
   8.2299523e-01
   8.2387161e-01
   8.2625347e-01
   8.3379085e-01
   8.3078378e-01
   8.3050416e-01
   8.2437101e-01
   8.2191408e-01
   8.3808768e-01
   8.3211074e-01
   8.2940399e-01
   8.3703010e-01
   8.2768241e-01
   8.2825984e-01
   8.2029748e-01
   8.2028239e-01
   8.2885690e-01
   8.1570900e-01
   8.0698465e-01
   8.0179864e-01
   7.9551728e-01
   7.8979417e-01
   8.0134626e-01
   8.0925038e-01
   8.2942873e-01
   8.3320392e-01
   8.2250354e-01
   8.3357102e-01
   8.4832315e-01
   8.5475052e-01
   8.6604443e-01
   8.7227321e-01
   8.6924335e-01
   8.7350581e-01
   8.7689136e-01
   8.7720056e-01
   8.6410890e-01
   8.5897254e-01
   8.4647414e-01
   8.5794401e-01
   8.7017065e-01
   8.9003932e-01
   8.9854172e-01
   8.9335602e-01
   8.9766148e-01
   8.9988778e-01
   9.0196308e-01
   9.0303290e-01
   9.1308216e-01
   9.1213272e-01
   9.1319146e-01
   9.1823211e-01
   9.1948154e-01
   9.2042610e-01
   9.1951282e-01
   9.1837633e-01
   9.1932580e-01
   9.1504477e-01
   9.1343246e-01
   9.1002788e-01
   9.0096493e-01
   9.0320902e-01
   8.9753392e-01
   9.0254922e-01
   8.9773578e-01
   8.9342154e-01
   8.9352492e-01
   8.9910675e-01
   9.0594941e-01
   9.0563290e-01
   9.0689700e-01
   9.1061927e-01
   9.0567895e-01
   9.0313347e-01
   9.0608808e-01
   9.0393314e-01
   9.0087768e-01
   8.9220027e-01
   8.9651599e-01
   8.9406619e-01
   9.0017593e-01
   9.0227216e-01
   9.0065174e-01
   8.9627924e-01
   8.8529345e-01
   8.8673919e-01
   8.8629564e-01
   8.8516327e-01
   8.7753312e-01
   8.9625345e-01
   8.9443918e-01
   8.9473075e-01
   8.9128128e-01
   8.9035603e-01
   8.8843245e-01
   8.8207652e-01
   8.8191760e-01
   8.9033313e-01
   8.8946153e-01
   8.8226961e-01
   8.6914375e-01
   8.5380133e-01
   8.3836860e-01
   8.4491435e-01
   8.2945686e-01
   8.2645782e-01
   8.1228360e-01
   7.9400199e-01
   8.0626279e-01
   7.9503797e-01
   7.6729705e-01
   7.6965566e-01
   8.0158497e-01
   8.0472037e-01
   8.0638792e-01
   8.1241880e-01
   8.1578445e-01
   8.1853364e-01
   8.0779197e-01
   8.0303828e-01
   8.0690780e-01
   8.1638555e-01
   8.1636916e-01
   8.2442726e-01
   8.3683527e-01
   8.4617076e-01
   8.5368322e-01
   8.4778670e-01
   8.4600501e-01
   8.4610705e-01
   8.4486677e-01
   8.3694030e-01
   8.4581998e-01
   8.4713198e-01
   8.4611093e-01
   8.4180685e-01
   8.5454449e-01
   8.5729593e-01
   8.4333066e-01
   8.3655759e-01
   8.3920383e-01
   8.5485038e-01
   8.5731297e-01
   8.5391834e-01
   8.4987591e-01
   8.5108937e-01
   8.6060207e-01
   8.5594348e-01
   8.6265599e-01
   8.6605753e-01
   8.6588791e-01
   8.7088088e-01
   8.5970571e-01
   8.7985103e-01
   8.8126702e-01
   8.9352767e-01
   8.9887684e-01
   9.0431227e-01
   9.0470326e-01
   9.0058044e-01
   9.0832183e-01
   9.0757920e-01
   8.9925124e-01
   8.9552220e-01
   8.9272336e-01
   8.9554810e-01
   9.0138679e-01
   9.1120217e-01
   9.1204102e-01
   9.0800161e-01
   9.0675350e-01
   9.1107603e-01
   9.1294341e-01
   9.2155391e-01
   9.3359486e-01
   9.3062950e-01
   9.4124776e-01
   9.4607588e-01
   9.4620704e-01
   9.5140273e-01
   9.5201350e-01
   9.5157239e-01
   9.5101235e-01
   9.4814611e-01
   9.5396044e-01
   9.5966090e-01
   9.5625011e-01
   9.6496009e-01
   9.6935588e-01
   9.7081468e-01
   9.7445161e-01
   9.7469623e-01
   9.7539370e-01
   9.7477372e-01
   9.7417280e-01
   9.7354812e-01
   9.7577076e-01
   9.7311222e-01
   9.7408523e-01
   9.7257634e-01
   9.7150141e-01
   9.6854141e-01
   9.6550255e-01
   9.6936058e-01
   9.6886648e-01
   9.7034444e-01
   9.7042773e-01
   9.6559440e-01
   9.6643885e-01
   9.7171991e-01
   9.7141283e-01
   9.6989304e-01
   9.7041566e-01
   9.6928328e-01
   9.6384346e-01
   9.6314583e-01
   9.6007569e-01
   9.6879169e-01
   9.6426629e-01
   9.6292779e-01
   9.5367324e-01
   9.5173743e-01
   9.4358542e-01
   9.3956457e-01
   9.3599230e-01
   9.3830409e-01
   9.4153960e-01
   9.3117820e-01
   9.4615972e-01
   9.4525388e-01
   9.4701200e-01
   9.5134364e-01
   9.4681590e-01
   9.4449278e-01
   9.4423987e-01
   9.4807622e-01
   9.4530092e-01
   9.3891794e-01
   9.3870517e-01
   9.3753172e-01
   9.2469521e-01
   9.1952980e-01
   9.2067496e-01
   9.1860053e-01
   9.2228860e-01
   9.2123070e-01
   9.1456129e-01
   9.1718104e-01
   9.1394198e-01
   9.1230004e-01
   9.1505211e-01
   9.1448220e-01
   9.2370187e-01
   9.2021423e-01
   9.1813256e-01
   9.1389284e-01
   8.9097664e-01
   8.9685540e-01
   8.9251586e-01
   8.9771938e-01
   8.7371408e-01
   8.6927205e-01
   8.8047831e-01
   8.8082508e-01
   8.8878230e-01
   8.9047469e-01
   8.8655122e-01
   8.8699428e-01
   8.8973864e-01
   8.9245927e-01
   8.9143665e-01
   8.8713789e-01
   8.7922360e-01
   8.7733814e-01
   8.8016004e-01
   8.7254349e-01
   8.7482266e-01
   8.7060178e-01
   8.6164602e-01
   8.6462501e-01
   8.5840694e-01
   8.4915617e-01
   8.3546803e-01
   8.0435375e-01
   8.0330024e-01
   8.0246129e-01
   7.8052753e-01
   8.0859251e-01
   8.0719605e-01
   8.0975092e-01
   7.9643974e-01
   7.9739718e-01
   7.9693017e-01
   8.0209828e-01
   8.1102198e-01
   8.1046920e-01
   8.3007934e-01
   8.0797615e-01
   8.2435441e-01
   8.3352010e-01
   8.3434875e-01
   8.4203726e-01
   8.3532899e-01
   8.3052116e-01
   8.4880027e-01
   8.5018685e-01
   8.5190063e-01
   8.5291469e-01
   8.6389325e-01
   8.7037519e-01
   8.7238979e-01
   8.7728954e-01
   8.7627821e-01
   8.6699502e-01
   8.7109470e-01
   8.7382049e-01
   8.7225377e-01
   8.7378779e-01
   8.7707782e-01
   8.6191849e-01
   8.5840787e-01
   8.7234236e-01
   9.0011687e-01
   9.0092732e-01
   9.0429630e-01
   9.0589630e-01
   9.0743127e-01
   9.0394925e-01
   9.0557602e-01
   8.9331157e-01
   8.9028997e-01
   8.8848657e-01
   8.8227567e-01
   8.8638344e-01
   8.9868946e-01
   8.9494474e-01
   8.9970381e-01
   9.0854602e-01
   8.9385315e-01
   9.0522075e-01
   9.1498855e-01
   8.9462330e-01
   9.1239102e-01
   9.2697263e-01
   9.2838658e-01
   9.2499919e-01
   9.3089542e-01
   9.3954849e-01
   9.4243820e-01
   9.4001302e-01
   9.4323255e-01
   9.4340714e-01
   9.4059475e-01
   9.3490597e-01
   9.4058263e-01
   9.4241829e-01
   9.4015224e-01
   9.4083710e-01
   9.3896231e-01
   9.3830369e-01
   9.3349399e-01
   9.3612942e-01
   9.3060275e-01
   9.2324634e-01
   9.2995008e-01
   9.2434453e-01
   9.1483000e-01
   9.1499915e-01
   9.1368750e-01
   9.1732397e-01
   9.1380180e-01
   8.9845286e-01
   9.0055331e-01
   9.0243649e-01
   9.0776412e-01
   9.1112064e-01
   9.0954262e-01
   8.8867435e-01
   8.7216502e-01
   8.8481352e-01
   8.8782184e-01
   9.0037942e-01
   9.0148624e-01
   9.0992550e-01
   9.0352913e-01
   9.0493717e-01
   9.0956437e-01
   9.1364818e-01
   9.0515418e-01
   8.9871303e-01
   9.0876650e-01
   9.0346061e-01
   9.1108755e-01
   9.1207199e-01
   9.1254461e-01
   9.1579789e-01
   8.9646132e-01
   9.0094018e-01
   9.0429056e-01
   9.1002822e-01
   9.1598643e-01
   9.1311492e-01
   9.1579273e-01
   9.1718710e-01
   9.1591422e-01
   9.1104182e-01
   9.1124096e-01
   9.1116444e-01
   9.0891083e-01
   9.0495491e-01
   9.0197812e-01
   8.8877954e-01
   8.8750645e-01
   8.9567128e-01
   8.9031918e-01
   8.8743219e-01
   8.8714741e-01
   8.8874747e-01
   8.8564979e-01
   8.9072380e-01
   8.8568624e-01
   8.8367308e-01
   8.8193428e-01
   8.7682681e-01
   8.7346872e-01
   8.6180073e-01
   8.5714173e-01
   8.5727622e-01
   8.3996780e-01
   8.5409817e-01
   8.5679280e-01
   8.5224448e-01
   8.5919928e-01
   8.5899916e-01
   8.5909173e-01
   8.6151703e-01
   8.6102359e-01
   8.6105856e-01
   8.6354617e-01
   8.5918479e-01
   8.5726271e-01
   8.4471515e-01
   8.5966077e-01
   8.7686698e-01
   8.7888815e-01
   8.7734870e-01
   8.8032321e-01
   8.8395991e-01
   8.8242314e-01
   8.8317537e-01
   8.7073531e-01
   8.7438179e-01
   8.7145549e-01
   8.8514898e-01
   8.8891937e-01
   8.8985137e-01
   8.9862072e-01
   8.9637120e-01
   8.9933988e-01
   8.9444263e-01
   8.9472081e-01
   8.9135667e-01
   8.9310263e-01
   8.8921197e-01
   8.9125050e-01
   8.8582417e-01
   8.7868933e-01
   8.7702632e-01
   8.9218656e-01
   8.9449249e-01
   8.9662050e-01
   8.8704722e-01
   8.9343228e-01
   8.9513354e-01
   8.9594071e-01
   8.8895376e-01
   8.9072170e-01
   8.8409429e-01
   8.6409417e-01
   8.4149194e-01
   8.2996827e-01
   8.4197756e-01
   8.5568956e-01
   8.4940733e-01
   8.4017130e-01
   8.4778240e-01
   8.5951004e-01
   8.7783607e-01
   8.8008622e-01
   8.9481109e-01
   9.0013470e-01
   8.9923703e-01
   8.9880886e-01
   9.1366951e-01
   9.2393104e-01
   9.3302799e-01
   9.2998258e-01
   9.2285204e-01
   9.1970044e-01
   9.2125356e-01
   9.3194016e-01
   9.2933917e-01
   9.2851086e-01
   9.2370098e-01
   9.2378246e-01
   9.2057009e-01
   9.1881317e-01
   9.2335774e-01
   9.1653512e-01
   9.1951129e-01
   9.2017397e-01
   9.0526700e-01
   9.0779865e-01
   9.0436967e-01
   9.0347118e-01
   9.0503994e-01
   9.0677886e-01
   9.0025540e-01
   9.0051409e-01
   9.0734057e-01
   9.0806874e-01
   8.9925692e-01
   9.1419585e-01
   9.1922426e-01
   9.2154537e-01
   9.2668291e-01
   9.2605659e-01
   9.2409818e-01
   9.2011797e-01
   9.2380414e-01
   9.2446824e-01
   9.2778744e-01
   9.2661517e-01
   9.2651312e-01
   9.2512584e-01
   9.2235036e-01
   9.1926731e-01
   9.1777821e-01
   9.1212175e-01
   9.1696834e-01
   9.1930814e-01
   9.2160587e-01
   9.2321818e-01
   9.2639204e-01
   9.2756062e-01
   9.2838068e-01
   9.2839143e-01
   9.2412104e-01
   9.2081496e-01
   9.2508820e-01
   9.2651739e-01
   9.2744178e-01
   9.2582486e-01
   9.2763520e-01
   9.2676467e-01
   9.2442600e-01
   9.2553519e-01
   9.2468015e-01
   9.2731220e-01
   9.2982758e-01
   9.2968986e-01
   9.2953271e-01
   9.2894119e-01
   9.2787846e-01
   9.2644034e-01
   9.3054826e-01
   9.3020689e-01
   9.2865626e-01
   9.3116466e-01
   9.2752962e-01
   9.2785917e-01
   9.3038690e-01
   9.2847190e-01
   9.2993561e-01
   9.2957643e-01
   9.3570131e-01
   9.3629168e-01
   9.3626944e-01
   9.3589969e-01
   9.3054648e-01
   9.2702014e-01
   9.2309093e-01
   9.2111086e-01
   9.1173185e-01
   9.0258862e-01
   8.9899003e-01
   8.9820990e-01
   8.9098933e-01
   8.8114717e-01
   8.7403457e-01
   8.7664845e-01
   8.6902191e-01
   8.3619522e-01
   8.4230828e-01
   8.5208905e-01
   8.6068735e-01
   8.8725710e-01
   8.8876230e-01
   8.8716421e-01
   8.8989541e-01
   8.9090295e-01
   8.8985472e-01
   8.8572538e-01
   8.7758297e-01
   8.7962760e-01
   8.7938657e-01
   8.6492352e-01
   8.6745543e-01
   8.5454625e-01
   8.4699277e-01
   8.5052359e-01
   8.6986650e-01
   8.7018181e-01
   8.7009755e-01
   8.6887676e-01
   8.6929065e-01
   8.7098200e-01
   8.7406513e-01
   8.6022074e-01
   8.5681845e-01
   8.5921807e-01
   8.5345813e-01
   8.5747264e-01
   8.5869408e-01
   8.5856092e-01
   8.6215913e-01
   8.5697295e-01
   8.4529526e-01
   8.5970141e-01
   8.6129801e-01
   8.6029931e-01
   8.5676598e-01
   8.5650424e-01
   8.5514832e-01
   8.4913879e-01
   8.4922072e-01
   8.4501998e-01
   8.4436681e-01
   8.5436813e-01
   8.4948924e-01
   8.5381303e-01
   8.5365991e-01
   8.4869679e-01
   8.5281292e-01
   8.4972767e-01
   8.5195413e-01
   8.5831314e-01
   8.6436330e-01
   8.4131073e-01
   8.4503705e-01
   8.6078165e-01
   8.7110978e-01
   8.7988270e-01
   8.9257581e-01
   8.9979489e-01
   8.9994912e-01
   9.0508580e-01
   9.0788503e-01
   9.0398864e-01
   9.0189797e-01
   8.8532495e-01
   8.9473142e-01
   9.0710757e-01
   9.1420828e-01
   9.1487756e-01
   9.1822563e-01
   9.1379347e-01
   9.1912882e-01
   9.2655806e-01
   9.3103970e-01
   9.3151148e-01
   9.3196620e-01
   9.1536599e-01
   9.1095739e-01
   8.9155069e-01
   9.0271299e-01
   9.1691885e-01
   9.2229195e-01
   9.2244655e-01
   9.2329703e-01
   9.2954515e-01
   9.3225447e-01
   9.3041654e-01
   9.2216969e-01
   9.1552376e-01
   9.1920760e-01
   9.2513436e-01
   9.2026346e-01
   9.1402450e-01
   9.1170491e-01
   9.1326669e-01
   9.1257079e-01
   9.0797499e-01
   9.0693340e-01
   9.0468446e-01
   9.1394971e-01
   9.1467506e-01
   9.1722792e-01
   9.1894887e-01
   9.1896198e-01
   9.2037260e-01
   9.1674870e-01
   9.1747187e-01
   9.1323973e-01
   9.1773105e-01
   9.1980448e-01
   9.1710788e-01
   9.2159282e-01
   9.2365649e-01
   9.2135571e-01
   9.1803940e-01
   9.1834005e-01
   9.1659707e-01
   9.1520956e-01
   9.1509274e-01
   9.1479081e-01
   9.1117941e-01
   8.9926913e-01
   9.1092817e-01
   9.1272949e-01
   9.1975341e-01
   9.2144634e-01
   9.2843918e-01
   9.2881144e-01
   9.2891310e-01
   9.2848353e-01
   9.2764066e-01
   9.2567850e-01
   9.2796379e-01
   9.3021684e-01
   9.3065966e-01
   9.3053381e-01
   9.2870417e-01
   9.2993976e-01
   9.3141886e-01
   9.2842879e-01
   9.2955029e-01
   9.3063674e-01
   9.3057739e-01
   9.2892613e-01
   9.3006274e-01
   9.2904709e-01
   9.2789179e-01
   9.2786004e-01
   9.2380683e-01
   9.2172580e-01
   9.2209379e-01
   9.2098182e-01
   9.1389453e-01
   9.0096782e-01
   9.0013794e-01
   8.9729634e-01
   8.9338601e-01
   8.9783013e-01
   8.9947091e-01
   8.9554827e-01
   8.9704496e-01
   8.9833517e-01
   8.9176171e-01
   8.8035580e-01
   8.5641810e-01
   8.4387939e-01
   8.4863490e-01
   8.5517367e-01
   8.4412498e-01
   8.3819103e-01
   8.1932841e-01
   8.2123642e-01
   8.1630835e-01
   8.2462712e-01
   8.2456042e-01
   8.2435132e-01
   8.4258966e-01
   8.3457352e-01
   8.1422492e-01
   8.1198808e-01
   8.3035476e-01
   8.3360778e-01
   8.2591859e-01
   8.1693535e-01
   8.2579142e-01
   8.2885929e-01
   8.3102073e-01
   8.4325507e-01
   8.4187368e-01
   8.4493473e-01
   8.4041476e-01
   8.4555432e-01
   8.4615240e-01
   8.4570687e-01
   8.4381486e-01
   8.4263346e-01
   8.4607353e-01
   8.3926156e-01
   8.4836516e-01
   8.4344105e-01
   8.3054096e-01
   8.3642603e-01
   8.4025921e-01
   8.4206748e-01
   8.4397701e-01
   8.5252797e-01
   8.5651226e-01
   8.5870829e-01
   8.6429027e-01
   8.6015085e-01
   8.6288421e-01
   8.6613131e-01
   8.6827044e-01
   8.6808309e-01
   8.5938498e-01
   8.7686522e-01
   8.8170782e-01
   8.8206939e-01
   8.8165596e-01
   8.7907227e-01
   8.7369713e-01
   8.6089236e-01
   8.6495903e-01
   8.6225782e-01
   8.6909209e-01
   8.6750071e-01
   8.6654760e-01
   8.7005939e-01
   8.7368595e-01
   8.6908810e-01
   8.5933323e-01
   8.6360126e-01
   8.5550450e-01
   8.4622174e-01
   8.4490144e-01
   8.4110746e-01
   8.2157573e-01
   8.0971656e-01
   8.1020831e-01
   7.8383901e-01
   7.5439961e-01
   7.8224495e-01
   7.8344637e-01
   7.5899364e-01
   7.6191845e-01
   7.8411432e-01
   7.8955467e-01
   7.8250131e-01
   7.8391056e-01
   7.9820199e-01
   7.6523710e-01
   7.8132178e-01
   7.7709672e-01
   8.2257443e-01
   8.3938212e-01
   8.5342296e-01
   8.5386455e-01
   8.7831289e-01
   8.8972679e-01
   9.0029174e-01
   8.9736957e-01
   8.8133940e-01
   8.8663619e-01
   9.0602303e-01
   9.0995904e-01
   9.1064874e-01
   9.1063323e-01
   9.0770585e-01
   9.0840618e-01
   9.1097722e-01
   9.1010592e-01
   9.0686815e-01
   9.0670657e-01
   9.0855501e-01
   8.9915438e-01
   8.9627784e-01
   9.0139682e-01
   8.9777004e-01
   8.9300169e-01
   9.0239295e-01
   9.0947994e-01
   9.1297967e-01
   9.1543144e-01
   9.1987267e-01
   9.1182304e-01
   8.9957377e-01
   9.0690240e-01
   9.1659541e-01
   9.1588737e-01
   9.1971488e-01
   9.2047151e-01
   9.1884498e-01
   9.1813102e-01
   9.1967479e-01
   9.2208557e-01
   9.2216429e-01
   9.2716798e-01
   9.2803535e-01
   9.2470238e-01
   9.2627304e-01
   9.2788888e-01
   9.3097498e-01
   9.3144985e-01
   9.3207034e-01
   9.3149558e-01
   9.3149621e-01
   9.3169635e-01
   9.3232363e-01
   9.3156104e-01
   9.3167476e-01
   9.3015598e-01
   9.3049246e-01
   9.3033576e-01
   9.3161563e-01
   9.3177538e-01
   9.3260724e-01
   9.2992975e-01
   9.3002324e-01
   9.2923657e-01
   9.2319947e-01
   9.2914955e-01
   9.3099238e-01
   9.3082286e-01
   9.2955582e-01
   9.2943507e-01
   9.2822050e-01
   9.3292263e-01
   9.3449925e-01
   9.3133988e-01
   9.3088842e-01
   9.3557874e-01
   9.3557552e-01
   9.2927861e-01
   9.2182034e-01
   9.2293408e-01
   9.2830414e-01
   9.2698334e-01
   9.2953840e-01
   9.2732117e-01
   9.3509804e-01
   9.3859695e-01
   9.4318134e-01
   9.4576929e-01
   9.4164812e-01
   9.3684166e-01
   9.3375187e-01
   9.3411100e-01
   9.2784222e-01
   9.3495404e-01
   9.3479667e-01
   9.2862406e-01
   9.2838398e-01
   9.1527425e-01
   9.0512931e-01
   8.9595189e-01
   8.8982302e-01
   8.7730234e-01
   8.8645921e-01
   8.8813427e-01
   8.9930801e-01
   9.0864301e-01
   9.0086574e-01
   8.7906013e-01
   8.9479673e-01
   9.0689636e-01
   9.1717580e-01
   9.2394953e-01
   9.2261937e-01
   9.2856626e-01
   9.1993552e-01
   9.1874775e-01
   9.2427677e-01
   9.1680078e-01
   9.2303061e-01
   9.1848710e-01
   9.3006154e-01
   9.3979544e-01
   9.4548024e-01
   9.3762891e-01
   9.3942977e-01
   9.4334759e-01
   9.4513169e-01
   9.3867846e-01
   9.4081928e-01
   9.5054554e-01
   9.5406403e-01
   9.5292493e-01
   9.5467424e-01
   9.5266116e-01
   9.5206154e-01
   9.5250019e-01
   9.5059079e-01
   9.5560937e-01
   9.5670636e-01
   9.5574473e-01
   9.5575352e-01
   9.5335449e-01
   9.4849755e-01
   9.5154750e-01
   9.5231898e-01
   9.5307514e-01
   9.4903905e-01
   9.4758541e-01
   9.3097916e-01
   9.2017398e-01
   9.1689934e-01
   9.1505243e-01
   9.2113946e-01
   9.2523148e-01
   9.2999581e-01
   9.2963514e-01
   9.3250289e-01
   9.3306227e-01
   9.3354132e-01
   9.2879990e-01
   9.2916828e-01
   9.3479675e-01
   9.3435242e-01
   9.3172005e-01
   9.3460384e-01
   9.3490287e-01
   9.2694396e-01
   9.2219866e-01
   9.1998943e-01
   9.1451563e-01
   9.1789382e-01
   9.1234630e-01
   9.0570701e-01
   9.0940370e-01
   9.0793471e-01
   8.9552807e-01
   8.8966847e-01
   8.8759299e-01
   9.0116505e-01
   9.0328253e-01
   9.0157339e-01
   9.0325054e-01
   9.0281245e-01
   9.0156462e-01
   8.9638982e-01
   8.8609171e-01
   8.7961710e-01
   8.7649657e-01
   8.8007620e-01
   8.7559430e-01
   8.8205939e-01
   8.7945073e-01
   8.8080817e-01
   8.8079777e-01
   8.7736437e-01
   8.7019062e-01
   8.6532365e-01
   8.7096871e-01
   8.7474342e-01
   8.7270083e-01
   8.7096925e-01
   8.7422006e-01
   8.7481570e-01
   8.6901793e-01
   8.6674673e-01
   8.7576826e-01
   8.7489824e-01
   8.8350164e-01
   8.8367059e-01
   8.8049849e-01
   8.8342587e-01
   8.8349145e-01
   8.7869763e-01
   8.8037303e-01
   8.8532699e-01
   8.8529124e-01
   8.6831524e-01
   8.7525816e-01
   8.7698864e-01
   8.7453300e-01
   8.7950368e-01
   8.7956592e-01
   8.8484808e-01
   8.8357968e-01
   8.8438165e-01
   8.8307102e-01
   8.8163426e-01
   8.8058977e-01
   8.6334815e-01
   8.6428563e-01
   8.7172662e-01
   8.7317926e-01
   8.7248348e-01
   8.7409910e-01
   8.7441165e-01
   8.7777820e-01
   8.7822438e-01
   8.8166957e-01
   8.7591493e-01
   8.7732372e-01
   8.7995743e-01
   8.7908991e-01
   8.8324010e-01
   8.8453057e-01
   8.8766413e-01
   8.8526307e-01
   8.8682974e-01
   8.8491455e-01
   8.7818159e-01
   8.6311334e-01
   8.4891467e-01
   8.2143516e-01
   8.0649342e-01
   7.8300793e-01
   7.5118810e-01
   7.5552078e-01
   7.6741418e-01
   7.6720165e-01
   7.7662119e-01
   7.7413442e-01
   7.8624086e-01
   7.9110909e-01
   7.9566366e-01
   7.9657271e-01
   7.9315221e-01
   8.0716287e-01
   8.1944071e-01
   8.2095744e-01
   8.1801632e-01
   8.2011235e-01
   8.1331714e-01
   8.1384457e-01
   8.1604127e-01
   8.1630534e-01
   8.1518143e-01
   8.1556861e-01
   8.0820212e-01
   8.0633397e-01
   8.1672568e-01
   8.1994752e-01
   8.1906752e-01
   8.1919737e-01
   8.1934033e-01
   8.1905807e-01
   8.0962037e-01
   7.9641080e-01
   7.8920603e-01
   8.0534369e-01
   8.2301183e-01
   8.2298834e-01
   8.2199857e-01
   8.2344811e-01
   8.3340855e-01
   8.3733185e-01
   8.4229132e-01
   8.4185891e-01
   8.4167530e-01
   8.3580848e-01
   8.4009930e-01
   8.4604172e-01
   8.4825157e-01
   8.5560575e-01
   8.5639149e-01
   8.5405020e-01
   8.5118177e-01
   8.5417099e-01
   8.5175503e-01
   8.5562256e-01
   8.5258215e-01
   8.5531738e-01
   8.5407985e-01
   8.5492638e-01
   8.5365214e-01
   8.5357641e-01
   8.5533034e-01
   8.5412296e-01
   8.4740291e-01
   8.4875414e-01
   8.4410695e-01
   8.4858364e-01
   8.5125833e-01
   8.4280768e-01
   8.5009264e-01
   8.4794568e-01
   8.5810276e-01
   8.6257476e-01
   8.6571187e-01
   8.6572832e-01
   8.7488906e-01
   8.6818924e-01
   8.7995918e-01
   8.7900290e-01
   8.7674968e-01
   8.7231594e-01
   8.7108405e-01
   8.7547519e-01
   8.7887278e-01
   8.7555929e-01
   8.7469493e-01
   8.7034072e-01
   8.6565368e-01
   8.6357008e-01
   8.6374038e-01
   8.5161855e-01
   8.5229589e-01
   8.5441551e-01
   8.6293559e-01
   8.7740766e-01
   8.7891029e-01
   8.8027406e-01
   8.8227004e-01
   8.8005807e-01
   8.8067995e-01
   8.8539792e-01
   8.6935947e-01
   8.6998132e-01
   8.8885008e-01
   8.7911271e-01
   8.7028226e-01
   8.4932728e-01
   8.4990359e-01
   8.5770372e-01
   8.4555503e-01
   8.2885719e-01
   8.1261672e-01
   8.1552708e-01
   8.3414463e-01
   8.3221695e-01
   8.4523457e-01
   8.4234771e-01
   8.5295706e-01
   8.5735632e-01
   8.5924560e-01
   8.6081423e-01
   8.6824764e-01
   8.6933609e-01
   8.7250331e-01
   8.7807561e-01
   8.7997794e-01
   8.7859859e-01
   8.7835904e-01
   8.7906428e-01
   8.7233333e-01
   8.7026183e-01
   8.7071470e-01
   8.6726888e-01
   8.7570411e-01
   8.8492629e-01
   8.9132150e-01
   8.9458085e-01
   8.8202587e-01
   8.7887906e-01
   8.6691608e-01
   8.7019848e-01
   8.7266281e-01
   8.7679507e-01
   8.6675565e-01
   8.7426572e-01
   8.7936244e-01
   8.8266500e-01
   8.9244094e-01
   9.0255555e-01
   9.0050381e-01
   9.0135945e-01
   9.0129206e-01
   8.9316585e-01
   8.9217234e-01
   8.8397786e-01
   8.8613787e-01
   9.0021200e-01
   9.0733154e-01
   9.1288096e-01
   9.1570247e-01
   9.1701392e-01
   9.1637827e-01
   9.1765878e-01
   9.1802399e-01
   9.1617750e-01
   9.1221430e-01
   9.1303758e-01
   9.1661168e-01
   9.1379521e-01
   9.1444694e-01
   9.1517343e-01
   9.1432366e-01
   9.1491920e-01
   9.1488045e-01
   9.1451705e-01
   9.1483435e-01
   9.1375408e-01
   9.1747175e-01
   9.1784649e-01
   9.1571497e-01
   9.1653995e-01
   9.1349094e-01
   9.0265117e-01
   9.0017922e-01
   9.0472874e-01
   9.1316956e-01
   9.1681367e-01
   9.2203253e-01
   9.2428051e-01
   9.2551187e-01
   9.2294985e-01
   9.1687002e-01
   9.1554098e-01
   9.1713126e-01
   9.2383624e-01
   9.2335916e-01
   9.2243783e-01
   9.1592471e-01
   9.1440685e-01
   9.1710719e-01
   9.1903126e-01
   9.1740710e-01
   9.2094913e-01
   9.2405452e-01
   9.2154032e-01
   9.2460384e-01
   9.2197513e-01
   9.2340614e-01
   9.2198929e-01
   9.1891131e-01
   9.2451755e-01
   9.1307136e-01
   9.1131454e-01
   9.1895869e-01
   9.1524413e-01
   9.2280849e-01
   9.2002304e-01
   9.1812719e-01
   9.2571636e-01
   9.2672105e-01
   9.2896494e-01
   9.2925904e-01
   9.2791581e-01
   9.2607837e-01
   9.2822805e-01
   9.2925216e-01
   9.2788810e-01
   9.2488082e-01
   9.2491975e-01
