   0.0000000e+00
   0.0000000e+00
   0.0000000e+00
   0.0000000e+00
   0.0000000e+00
   0.0000000e+00
   0.0000000e+00
   0.0000000e+00
   0.0000000e+00
   0.0000000e+00
   0.0000000e+00
   0.0000000e+00
   0.0000000e+00
   0.0000000e+00
   0.0000000e+00
   0.0000000e+00
   0.0000000e+00
   0.0000000e+00
   0.0000000e+00
   0.0000000e+00
   0.0000000e+00
   0.0000000e+00
   0.0000000e+00
   0.0000000e+00
   0.0000000e+00
   0.0000000e+00
   0.0000000e+00
   0.0000000e+00
   0.0000000e+00
   0.0000000e+00
   0.0000000e+00
   0.0000000e+00
   0.0000000e+00
   0.0000000e+00
   0.0000000e+00
   0.0000000e+00
   0.0000000e+00
   0.0000000e+00
   0.0000000e+00
   0.0000000e+00
   0.0000000e+00
   0.0000000e+00
   0.0000000e+00
   0.0000000e+00
   0.0000000e+00
   0.0000000e+00
   0.0000000e+00
   0.0000000e+00
   0.0000000e+00
   0.0000000e+00
   0.0000000e+00
   0.0000000e+00
   0.0000000e+00
   0.0000000e+00
   0.0000000e+00
   0.0000000e+00
   0.0000000e+00
   0.0000000e+00
   0.0000000e+00
   0.0000000e+00
   0.0000000e+00
   0.0000000e+00
   0.0000000e+00
   0.0000000e+00
   0.0000000e+00
   0.0000000e+00
   0.0000000e+00
   0.0000000e+00
   0.0000000e+00
   0.0000000e+00
   0.0000000e+00
   0.0000000e+00
   0.0000000e+00
   0.0000000e+00
   0.0000000e+00
   0.0000000e+00
   0.0000000e+00
   0.0000000e+00
   0.0000000e+00
   0.0000000e+00
   0.0000000e+00
   0.0000000e+00
   0.0000000e+00
   0.0000000e+00
   0.0000000e+00
   0.0000000e+00
   0.0000000e+00
   0.0000000e+00
   0.0000000e+00
   0.0000000e+00
   0.0000000e+00
   0.0000000e+00
   0.0000000e+00
   0.0000000e+00
   0.0000000e+00
   0.0000000e+00
   0.0000000e+00
   0.0000000e+00
   0.0000000e+00
   0.0000000e+00
  -1.8216564e-01
  -1.5298194e-01
  -2.3205881e-03
  -1.6068606e-01
  -3.5680229e-01
   1.2669167e-01
  -4.1584663e-01
  -8.2208795e-01
   2.5601121e-01
   5.8921004e-01
   3.5181965e-01
   8.0944590e-01
   4.1226140e-01
   5.4797686e-01
   5.9139134e-01
   5.8457241e-01
   4.2848328e-01
   2.1671777e-01
   1.7128775e-01
   2.3267081e-01
   1.4535017e-01
  -1.1829156e-02
  -1.9672895e-01
  -8.4173030e-02
  -3.4356050e-02
  -3.9741271e-02
  -9.7376832e-02
  -1.0214097e-01
  -1.0253776e-01
  -1.1909059e-01
  -1.6494901e-01
  -1.8578372e-01
  -4.1728537e-01
  -1.8440937e-01
  -4.0924520e-01
  -5.4984891e-01
  -6.1934877e-01
  -3.1573603e-01
  -5.4044904e-01
  -5.1331605e-01
  -4.7294344e-01
  -5.1622823e-01
  -5.7083931e-01
  -6.2096823e-01
  -3.6832635e-01
  -3.5413111e-01
  -3.7505111e-01
  -3.9427923e-01
  -3.6076578e-01
  -3.6315610e-01
  -3.4579181e-01
  -3.6886069e-01
  -1.6456306e-01
  -3.3455780e-01
  -3.4547144e-01
  -3.5214916e-01
  -3.3854602e-01
  -2.6307934e-01
  -7.9960652e-02
   2.8779417e-01
  -1.0655426e-02
   1.2108711e-01
  -8.6681762e-01
  -8.9061768e-01
  -1.6446576e+00
  -1.3624790e+00
  -1.2711025e+00
  -1.4789265e+00
  -1.6051996e+00
  -1.2026955e+00
  -1.8034162e+00
  -1.2072632e+00
  -7.2887212e-01
  -7.6152330e-01
  -8.0416041e-01
  -1.1056539e+00
  -1.0848476e+00
  -9.5018202e-01
  -9.1883597e-01
  -4.0088057e-01
  -3.4522770e-01
  -3.1914978e-01
  -3.1017779e-01
  -3.0842470e-01
  -3.2070640e-01
  -3.3397225e-01
  -3.1485919e-01
  -2.3807439e-01
  -5.1095279e-01
  -5.3145372e-01
  -5.9684191e-01
  -6.6223110e-01
  -5.3290478e-01
  -2.6218522e-01
  -2.4576908e-01
  -2.4953427e-01
  -3.0311954e-01
  -3.0003950e-01
  -2.8262065e-01
  -2.6544199e-01
  -1.0500704e-01
  -2.2201711e-01
  -3.9182598e-01
  -5.3174822e-01
  -5.0105402e-01
  -5.2606837e-01
  -4.4051040e-01
  -3.4056485e-01
  -5.2150464e-01
  -4.0675645e-01
  -2.9231412e-01
  -2.9401704e-01
  -3.0129610e-01
  -2.1377759e-01
  -4.2873613e-01
  -3.3423265e-01
  -3.3663930e-01
  -4.5327676e-01
  -7.9225505e-01
  -9.6265665e-02
  -2.2589189e-01
  -2.5001314e-01
  -1.8209285e-01
   1.3935439e-02
   1.3788650e-01
   2.8186004e-01
   2.2122819e-01
   2.1564081e-01
   2.0185270e-01
   2.0328512e-01
   5.0558247e-01
   5.0277495e-01
   6.7625142e-01
   6.1993221e-01
   6.8896991e-01
   6.6116431e-01
   7.7583636e-01
   6.4279006e-01
   2.0418501e-01
   2.2647303e-01
   1.8816816e-01
   1.5398745e-01
   2.6883796e-01
   3.4443128e-01
   2.7994427e-01
   3.2315399e-01
   2.6774213e-01
   3.7519637e-02
   9.0789753e-02
   2.3375699e-02
   9.7873334e-02
   1.8541265e-01
   2.9320973e-01
   5.4347648e-01
   6.3453695e-01
   7.0295908e-01
   7.3551354e-01
   7.9096086e-01
   1.0305768e+00
   9.1060097e-01
   9.3195616e-01
   8.6159406e-01
   1.2070667e+00
   1.1286638e+00
   1.3403051e+00
   1.4169686e+00
   1.3491187e+00
   1.6789978e+00
   1.8869659e+00
   1.6601083e+00
   1.5163752e+00
   1.5972494e+00
   1.4628067e+00
   1.5464603e+00
   1.5290799e+00
   1.5101679e+00
   8.4282647e-01
   9.0820852e-01
   9.1202446e-01
   9.1236276e-01
   8.8294414e-01
   8.9387061e-01
   7.4111087e-01
   7.4733249e-01
   7.1230577e-01
   8.0918810e-01
   9.4703375e-01
   9.4306619e-01
   5.8659211e-01
   4.1392049e-01
   3.0649458e-01
   3.5798601e-01
   3.3758794e-01
   3.4742224e-01
   3.6013030e-01
   3.7704552e-01
   2.1143103e-01
   1.0588663e-01
   9.6828193e-02
  -7.1921354e-03
  -1.2312501e-01
  -1.3896722e-01
  -1.9529982e-01
  -1.1810976e-01
  -5.8578888e-01
  -4.0368521e-01
  -5.5740653e-01
  -6.8849452e-01
  -6.7814872e-01
  -6.5547707e-01
  -7.0299827e-01
  -6.7262606e-01
  -7.1441130e-01
  -6.5362681e-01
  -6.7020444e-01
  -6.5885388e-01
  -6.6902867e-01
  -6.8134413e-01
  -6.8828750e-01
  -6.8322302e-01
  -7.0285216e-01
  -7.5562281e-01
  -7.2094129e-01
  -6.0753368e-01
  -6.1088852e-01
  -6.5103201e-01
  -7.4384793e-01
  -1.0921169e+00
  -8.1523488e-01
  -8.6282347e-01
  -6.1376131e-01
  -3.3493985e-01
  -2.3227895e-01
  -6.3980011e-01
  -1.0101323e+00
  -1.2114872e+00
  -1.3947123e+00
  -1.3180189e+00
  -1.1255013e+00
  -1.0669493e+00
  -1.1026214e+00
  -1.1684593e+00
  -9.6767057e-01
  -1.0256643e+00
  -1.4729720e+00
  -1.4779331e+00
  -1.3420240e+00
  -1.5941370e+00
  -1.2739104e+00
  -1.2166895e+00
  -1.2646507e+00
  -1.0212028e+00
  -1.0023166e+00
  -1.0499322e+00
  -8.5100625e-01
  -6.8168963e-01
  -6.3250288e-01
  -4.8376399e-01
  -3.3482420e-01
  -2.5769891e-01
  -2.3802848e-01
  -2.2441891e-01
  -1.4812978e-01
  -1.7593722e-01
  -2.8472862e-01
  -2.6669699e-01
   1.8328388e-02
   1.8553111e-01
   1.0461615e-01
   1.0102373e-01
  -7.4838271e-02
  -6.3715516e-02
   3.1234891e-01
   9.4302628e-01
   7.9955059e-01
   7.6551602e-01
   6.5104556e-01
   5.4764946e-01
   5.4877060e-01
   6.1021248e-01
   5.5958005e-01
   5.5292534e-01
   5.5522279e-01
   3.9813141e-01
   3.9349662e-01
   4.2916216e-01
   4.2828172e-01
   4.5615068e-01
   4.6499361e-01
   3.0866938e-01
   3.4292891e-01
   2.1007111e-01
   9.6786294e-02
  -4.0715101e-02
  -2.0310267e-02
   1.0598828e-01
  -5.5630477e-02
  -1.7187110e-01
  -3.4664099e-01
  -3.4920779e-01
  -4.5088042e-01
  -7.2562436e-01
  -1.0789235e+00
  -9.8524133e-01
  -1.1250136e+00
  -7.1624091e-01
  -8.8979826e-01
  -4.3141104e-01
  -3.3956360e-01
  -1.2710417e-01
  -8.1245242e-02
  -1.9700546e-01
  -2.3954613e-01
  -2.3913679e-01
  -4.4865488e-01
  -4.1068742e-01
  -4.2184124e-01
  -3.0356857e-01
  -4.1870114e-01
  -7.5505444e-01
  -1.0915613e+00
  -1.3370463e+00
  -1.5156818e+00
  -1.1522953e+00
  -1.1124652e+00
  -1.0018919e+00
  -1.0706603e+00
  -1.1483286e+00
  -1.0055981e+00
  -1.0789718e+00
  -9.1230434e-01
  -9.3376080e-01
  -1.0952664e+00
  -1.0089042e+00
  -1.2969794e+00
  -1.3499283e+00
  -1.4032626e+00
  -1.8386795e+00
  -1.7648456e+00
  -1.7150353e+00
  -1.5948180e+00
  -1.1588494e+00
  -1.1380795e+00
  -8.7564291e-01
  -7.5048036e-01
  -9.7909157e-01
  -9.5185167e-01
  -1.0105469e+00
  -1.0001184e+00
  -1.0390204e+00
  -9.4818291e-01
  -8.6173329e-01
  -7.7489782e-01
  -8.8672702e-01
  -9.2923002e-01
  -8.8024873e-01
  -7.0439551e-01
  -8.7866427e-01
  -7.6402732e-01
  -5.5156287e-01
  -4.9746092e-01
  -5.5351839e-01
  -5.4111030e-01
  -4.8812993e-01
  -4.4191272e-01
  -4.3652491e-01
  -5.4059622e-01
  -5.9946049e-01
  -6.3002167e-01
  -6.0031371e-01
  -5.1145706e-01
  -5.9432633e-01
  -5.9591664e-01
  -5.7700364e-01
  -6.6482961e-01
  -6.8372493e-01
  -7.8199738e-01
  -6.8849071e-01
  -7.0356089e-01
  -7.9369516e-01
  -6.6511555e-01
  -7.3032010e-01
  -7.9873819e-01
  -8.2825097e-01
  -1.0798774e+00
  -6.6283399e-01
  -6.4786457e-01
  -6.0917135e-01
  -5.9906079e-01
  -5.4834181e-01
   1.4152084e-01
   1.7982300e-01
  -4.6360937e-01
  -2.9617104e-01
  -2.5747953e-01
  -1.8672505e-01
  -3.0976452e-01
  -2.9102654e-01
  -2.8485047e-01
  -2.8817776e-01
  -3.4415994e-01
  -1.0640747e-02
  -2.1287816e-01
  -1.1290100e-01
  -2.5575553e-01
  -7.1169194e-02
  -6.4315113e-01
  -9.1577673e-01
  -2.2467874e-01
  -3.3124307e-01
   2.3627161e-03
  -2.6307707e-01
  -5.2506889e-02
  -4.6930545e-02
  -2.8126869e-02
   3.8178497e-01
   4.8642031e-01
   8.4885450e-01
   8.6236037e-01
   8.5520215e-01
   8.0453174e-01
   1.0593440e+00
   1.0099366e+00
   9.7796034e-01
   8.1966187e-01
   9.4147704e-01
   6.7291204e-01
   7.6731680e-01
   7.7230745e-01
   6.1879174e-01
   5.8357576e-01
   1.6373421e-01
   2.3897115e-01
   3.0050682e-01
   1.9778760e-01
   2.4877518e-01
   2.6458133e-01
   2.7236611e-01
   2.4255688e-01
   3.4514682e-01
   3.1889272e-01
   1.8629600e-01
   2.3997511e-01
   3.3443340e-01
   3.5329304e-01
   3.9004246e-01
   6.3984673e-01
   4.3817796e-01
  -1.0228175e-01
  -6.3347288e-02
  -6.6348631e-02
  -5.3718469e-02
  -5.4459359e-02
   8.1281457e-02
   8.6894831e-02
   9.1003295e-03
  -1.3326532e-01
  -4.3243973e-01
  -5.7150024e-01
  -7.2582856e-01
  -6.8408065e-01
  -7.9506625e-01
  -1.2115803e+00
  -1.2096689e+00
  -9.3680137e-01
   9.1237934e-02
   1.4144649e-01
  -3.2736460e-01
  -5.8125738e-01
  -7.4545839e-01
  -4.5005464e-01
  -3.3476035e-01
  -2.0600953e-01
  -3.3733488e-01
  -7.0077198e-01
  -6.7097510e-01
  -7.0441597e-01
  -6.6573536e-01
  -6.7153329e-01
  -6.8422132e-01
  -6.2781995e-01
  -7.6015735e-01
  -6.5557622e-01
  -5.2817658e-01
   1.1708857e+00
   2.8288005e-01
   2.3366760e-01
   1.0680207e-01
   3.5966423e-01
   3.2070457e-01
   2.9005076e-01
   3.2275766e-01
   4.3459278e-01
   4.5206626e-01
   5.8406535e-01
   2.9861014e-01
   3.0806259e-02
   1.1016431e-01
   9.2868108e-02
  -1.6404109e-01
  -1.7089841e-01
  -5.2155653e-02
   1.5136997e-01
  -8.1382192e-02
  -2.9182574e-02
  -2.3036315e-02
   3.3105496e-02
   5.0592763e-02
   2.7174647e-01
   1.8124849e-02
   5.2137911e-01
   3.2681220e-01
   4.4139585e-01
   2.3229343e-01
   9.9830730e-02
   1.2236493e-01
  -5.9589447e-02
   4.3751231e-01
   3.0558059e-01
   2.9090517e-01
   1.6064981e-01
   1.5198754e-01
   4.2781101e-01
   3.1073926e-01
   4.7774880e-01
   4.9783100e-01
   5.2179739e-01
   5.5305469e-01
   6.3635741e-01
  -6.1950595e-01
  -4.2131618e-01
  -8.1760051e-01
  -8.1533407e-01
  -7.7762165e-01
  -9.2586678e-01
  -1.1992856e+00
  -1.1661791e+00
  -8.0530625e-01
  -1.0517406e+00
  -1.8553842e-01
   6.7084761e-01
   5.9090936e-01
   5.4276067e-01
   5.4392519e-01
   5.4198085e-01
   5.7478629e-01
   5.6024904e-01
   2.2690608e-01
   7.3696553e-01
   1.0117933e+00
   1.0068572e+00
   9.9576075e-01
   6.8089024e-01
   3.9691316e-01
  -8.9969470e-02
  -1.1295480e-01
  -1.3122399e-01
  -8.3919288e-02
   6.2411172e-03
   1.6310958e-01
   3.2093996e-01
   3.4828937e-01
   4.5626122e-01
   5.6710536e-01
   1.0889276e+00
   1.3400183e+00
   1.2725787e+00
   1.8372850e+00
   1.3168890e+00
   1.3634387e+00
   1.1912555e+00
   1.1995349e+00
   1.1614512e+00
   7.6948856e-01
   7.1913718e-01
   7.1679890e-01
   7.2133307e-01
   7.8923334e-01
   1.0607128e+00
   1.4335545e+00
   1.2464069e+00
   1.4790638e+00
   1.4812340e+00
   1.4897485e+00
   1.1245287e+00
   1.3784124e+00
   1.6219944e+00
   1.6880537e+00
   2.3912360e+00
   1.2699388e+00
   1.1027178e+00
   1.2606038e+00
   1.1061607e+00
   1.0677072e+00
   1.0690853e+00
   1.1243652e+00
   1.3333798e+00
   1.2723190e+00
   1.0073934e+00
   9.2735604e-01
   9.2927695e-01
   9.1638398e-01
   9.1726932e-01
   9.0728911e-01
   1.0761778e+00
   9.6744941e-01
   8.4789985e-01
   8.1007764e-01
   8.3320782e-01
   7.5114086e-01
   7.9313468e-01
   8.3880892e-01
   8.3049139e-01
   8.6499008e-01
   8.4861680e-01
   9.4051032e-01
   7.9102041e-01
   7.6712752e-01
   8.4428514e-01
   8.1136267e-01
   7.9480159e-01
   8.1697001e-01
   8.1766926e-01
   8.9071189e-01
   9.7026668e-01
   1.0849473e+00
   1.2363392e+00
   1.3882932e+00
   1.3737046e+00
   1.4337360e+00
   1.3580415e+00
   1.3509548e+00
   1.2368967e+00
   7.1314632e-01
   7.7506382e-01
   7.7651234e-01
   5.6886699e-01
   2.5991036e-01
   4.1903591e-01
   6.6776556e-01
   6.5619578e-01
   6.6377461e-01
   7.1267258e-01
   7.8183304e-01
   8.0294954e-01
   7.0605188e-01
   7.6769437e-01
   1.0966942e+00
   1.5889029e+00
   1.3626272e+00
   1.3898070e+00
   1.3205535e+00
   1.4413863e+00
   1.3963948e+00
   1.2502579e+00
   9.6952344e-01
   7.0289430e-01
   5.9111803e-01
   5.6071636e-01
   4.9901779e-01
   8.4583956e-01
   1.2300207e+00
   1.3716437e-01
  -9.3299180e-02
  -4.8013262e-01
  -5.5543709e-01
  -7.3417135e-01
  -2.6757015e-01
  -2.5661926e-01
  -2.3150234e-01
  -8.2956398e-02
  -1.8526673e-01
  -2.5277242e-01
  -2.5848787e-01
  -3.1077130e-01
  -3.4130793e-01
  -3.2807764e-01
  -3.1190475e-01
  -2.7724948e-01
  -2.8001431e-01
  -2.1342253e-01
  -3.6513046e-01
  -2.7311144e-01
  -3.7180702e-01
  -2.8238613e-01
  -2.6365441e-01
  -2.2545305e-01
  -2.2167727e-01
  -3.6572882e-01
  -3.8170880e-02
  -5.8273428e-02
  -7.8055073e-02
  -6.7026749e-02
  -6.7477024e-02
  -1.5308972e-01
  -2.4494786e-01
  -2.9180162e-01
  -3.7582072e-01
  -4.0809872e-01
  -4.5943665e-01
  -4.2440326e-01
  -5.2974844e-01
  -4.9515277e-01
  -2.1915738e-01
   1.6141281e-01
   8.4638655e-01
   1.0125580e+00
   1.0335817e+00
   1.0412371e+00
   1.0417541e+00
   9.7848982e-01
   9.5518075e-01
   9.4586597e-01
   1.0522692e+00
   1.2326485e+00
   1.2041587e+00
   1.2190708e+00
   1.3068989e+00
   1.5655440e+00
   1.5387338e+00
   9.7860716e-01
   5.4631573e-01
   2.3831993e-01
   1.6114565e-01
   6.3977633e-02
  -5.2938500e-01
   3.8535238e-02
   4.8564562e-02
   4.1172218e-01
   8.8219759e-01
   9.2122322e-01
   8.2654006e-01
   9.6845345e-01
   1.0961180e+00
   1.1726057e+00
   1.1688358e+00
   1.2237185e+00
   1.5355128e+00
   7.3835201e-01
   5.3204418e-01
   4.5844569e-01
   9.4153952e-02
   3.9262509e-02
   3.7265555e-02
   2.0422293e-01
  -5.2746652e-01
   5.2570570e-01
   8.2877546e-01
   9.9152808e-01
   1.2386968e+00
   1.6214735e+00
   1.7272991e+00
   1.6800639e+00
   2.5904328e+00
   2.6059061e+00
   1.6891007e+00
   1.7759158e+00
   1.6262057e+00
   1.3421715e+00
   1.2650755e+00
   1.2854951e+00
   1.4521377e+00
   1.5307140e+00
   1.4446192e+00
   1.3482081e+00
   1.3205794e+00
   1.0630837e+00
   1.0792180e+00
   1.1637489e+00
   1.2062535e+00
   1.1769155e+00
   1.2423776e+00
   1.4511508e+00
   1.4172808e+00
   1.5219498e+00
   1.3836286e+00
   1.3929672e+00
   1.3877640e+00
   1.3936933e+00
   1.5007199e+00
   1.7345252e+00
   1.9026651e+00
   1.8325644e+00
   1.9475537e+00
   2.0162158e+00
   1.3368537e+00
   1.2371189e+00
   6.7975808e-01
   3.0671950e-01
   9.8716894e-03
   2.7409435e-03
  -1.6079216e-01
   2.9886246e-01
   8.9225473e-01
   2.2847352e+00
   1.3022005e+00
   1.0537138e+00
   1.1020134e+00
   1.0722162e+00
   9.9460648e-01
   9.0043393e-01
   8.7956874e-01
   7.9487674e-01
   8.8682021e-01
   8.8689342e-01
   8.3023820e-01
   8.2222926e-01
   8.8158260e-01
   9.8889027e-01
   8.5887441e-01
   6.0973438e-01
   7.0447908e-01
   7.2121018e-01
   7.5948371e-01
   6.8573488e-01
   5.7202352e-01
   6.8291188e-01
   7.2152856e-01
   7.1876066e-01
   7.3615244e-01
   7.1757068e-01
   7.2073081e-01
   7.3517179e-01
   7.0946274e-01
   7.0175733e-01
   6.1022207e-01
   7.8649455e-01
   5.4162297e-01
   3.7339719e-01
   4.7882255e-01
   3.4954759e-01
   2.7945399e-01
   3.3453674e-01
   4.3742116e-01
   3.7582717e-01
   4.0708256e-01
   3.4548598e-01
   3.4500592e-01
   3.3370388e-01
   3.3546952e-01
   2.8391134e-01
   2.5070415e-01
   1.4928320e-01
   3.4301638e-01
   4.1343498e-01
   4.7946625e-01
   5.8642802e-01
   5.5028993e-01
   7.3706965e-01
   1.0795313e+00
   9.2366659e-01
   9.1869561e-01
   9.4129843e-01
   9.8290239e-01
   9.7689915e-01
   9.4038616e-01
   9.1938214e-01
   1.0986823e+00
   1.2333067e+00
   1.4335464e+00
   1.0876863e+00
   9.4245654e-01
   7.1069001e-01
   7.0865145e-01
   8.4337552e-01
   8.0392635e-01
   9.4002514e-01
   6.8957445e-01
   7.5721695e-01
   8.4036877e-01
   7.2163755e-01
   7.0399937e-01
   1.0686425e+00
   1.3660588e+00
   1.3255858e+00
   1.4667000e+00
   1.2058570e+00
   1.1470889e+00
   8.1482457e-01
   9.8066414e-01
   1.5028568e+00
   1.4910491e+00
   1.4565503e+00
   1.5863640e+00
   1.4569146e+00
   1.5834436e+00
   1.5856520e+00
   1.3371532e+00
  -8.7549933e-02
  -4.8584524e-01
  -7.9568730e-01
  -7.9726868e-01
  -5.3447449e-01
  -3.4431816e-01
   1.0051459e-01
   3.4064571e-01
   3.8155333e-01
   3.6887846e-01
   5.5489246e-01
   5.0080816e-01
   6.8400186e-01
   9.2696087e-01
   7.7997383e-01
   4.5492635e-01
   3.2860485e-01
   4.7637952e-01
   8.9960893e-01
   1.3207394e+00
   1.8277573e+00
   2.0167599e+00
   1.8656025e+00
   1.8243455e+00
   2.3530770e+00
   2.5102552e+00
   2.3073803e+00
   2.2715402e+00
   2.5065499e+00
   2.2231079e+00
   2.2336699e+00
   1.9979214e+00
   2.0062271e+00
   1.8134333e+00
   1.6806307e+00
   1.5140797e+00
   1.4868168e+00
   1.2454892e+00
   1.1015096e+00
   7.2616674e-01
   6.3355663e-01
   1.0336315e+00
   1.5827824e+00
   1.7043573e+00
   1.3954726e+00
   1.1135831e+00
   1.1501552e+00
   1.1521696e+00
   1.1144655e+00
   1.1893141e+00
   1.2343865e+00
   1.4318007e+00
   1.3399239e+00
   8.7022798e-01
   7.1557523e-01
   5.5481421e-01
   4.9359277e-01
   3.0741719e-02
  -3.2254091e-01
  -5.8937539e-01
  -5.9716185e-01
  -1.7334277e-01
   1.0970640e-01
   1.4664647e-01
   4.9034976e-01
   5.3632462e-01
   5.7638352e-01
   6.5497398e-01
   9.0095465e-01
   8.0411238e-01
   1.2317917e+00
   1.2747924e+00
   1.2799574e+00
   1.3372719e+00
   1.2197312e+00
   1.1323015e+00
   7.8583369e-01
   6.1886490e-01
  -2.8944107e-01
   4.6326349e-01
   9.6294837e-01
   1.0957418e+00
   1.0448144e+00
   1.3550492e+00
   1.4458690e+00
   1.7105111e+00
   1.4382702e+00
   1.3688126e+00
   1.3882005e+00
   1.4693514e+00
   1.4876570e+00
   1.4678226e+00
   1.5356942e+00
   1.6646701e+00
   1.6054906e+00
   1.5248863e+00
   1.4663594e+00
   1.4228051e+00
   1.0831423e+00
   1.0991568e+00
   9.4723143e-01
   8.5679937e-01
   8.6271931e-01
   4.0113596e-01
   2.0072067e-01
  -1.7269712e-01
  -1.3775494e-01
  -5.5279138e-01
  -1.0734684e+00
  -1.4196731e+00
  -1.1962921e+00
  -4.9100004e-03
   1.6482592e-01
   3.5969429e-01
   5.7792415e-01
   6.2862896e-01
   7.1027346e-01
   6.6800528e-01
   6.7841040e-01
   6.7146284e-01
   5.3974619e-01
   5.7607981e-01
   9.0037842e-01
   9.4699574e-01
   9.4389805e-01
   9.2524789e-01
   1.1105338e+00
   1.2113672e+00
   6.3546993e-01
   6.1138587e-01
   5.7553477e-01
   5.6750714e-01
   4.9536276e-01
   7.8098412e-01
   5.6834307e-01
   6.0802547e-01
   5.8534941e-01
   5.8139031e-01
   5.2555125e-01
   5.2699706e-01
   5.2167281e-01
   6.2848740e-01
   8.4162186e-01
   1.4287196e+00
   1.1528926e+00
   2.0723411e+00
   1.9383676e+00
   9.9188256e-01
   1.0055542e+00
   8.9345469e-01
   8.6322993e-01
   1.0941933e+00
   1.1940044e+00
   1.3389021e+00
   1.3430752e+00
   1.3393910e+00
   1.3406478e+00
   1.3711717e+00
   1.2177303e+00
   1.2107802e+00
   1.4252058e+00
   1.5011709e+00
   1.4349969e+00
   1.4308999e+00
   1.4660543e+00
   1.5572694e+00
   1.5117477e+00
   1.4529200e+00
   1.4531942e+00
   1.3741626e+00
   1.2855752e+00
   1.2706023e+00
   1.2745828e+00
   1.2626385e+00
   1.1603728e+00
   1.1958174e+00
   1.1868542e+00
   1.2981494e+00
   1.2872142e+00
   1.1904640e+00
   1.1051069e+00
   8.9192165e-01
   8.4905661e-01
   1.0712656e+00
   1.1193790e+00
   1.1171572e+00
   1.2482352e+00
   1.3221636e+00
   1.2480497e+00
   1.2619297e+00
   1.1870407e+00
   1.1241399e+00
   1.1124221e+00
   1.0749248e+00
   1.2357532e+00
   1.1238469e+00
   1.1544167e+00
   1.1268792e+00
   1.0717992e+00
   1.0623349e+00
   1.1581460e+00
   8.5726795e-01
   9.6545026e-01
   1.2989140e+00
   1.2700353e+00
   1.4400045e+00
   1.3946068e+00
   1.8982074e+00
   1.8247395e+00
   1.8168702e+00
   1.8379714e+00
   2.2719893e+00
   1.2776692e+00
   7.7494693e-01
   8.8622937e-02
  -1.9308774e+00
  -4.2540357e-01
   4.8303719e-01
   1.0496358e+00
   9.9559150e-01
   1.0922024e+00
   1.3056751e+00
   1.5013996e+00
   1.7716998e+00
   2.2650520e+00
   2.5646997e+00
   3.3645314e+00
   2.4210423e+00
   1.9527280e+00
   1.5002788e+00
   1.0417070e+00
   8.9597069e-01
   8.1713170e-01
   8.9914495e-01
   1.1805614e+00
   1.3921789e+00
   1.8528332e+00
   2.6009523e+00
   2.9444861e+00
   2.9127451e+00
   2.4400785e+00
   1.8930553e+00
   1.6695105e+00
   1.4898394e+00
   1.4351469e+00
   1.4297958e+00
   1.5896954e+00
   2.1131529e+00
   2.0120866e+00
   1.6778499e+00
   1.6421670e+00
   1.6667450e+00
   2.0724743e+00
   2.9836849e+00
   2.3115550e+00
   1.9409740e+00
   1.7900033e+00
   1.6080942e+00
   1.0771694e+00
   7.6207963e-01
   5.1549224e-01
   2.6410205e-01
   2.6253082e-01
   5.2579880e-01
   1.3036901e+00
   1.9156743e+00
   1.9055308e+00
   2.1111408e+00
   2.0156218e+00
   1.5697023e+00
   1.1903144e+00
   1.1010362e+00
   9.6599330e-01
   1.0548977e+00
   1.3600528e+00
   2.3265726e+00
   1.5810074e+00
   1.1404297e+00
   6.8395183e-01
   1.5288692e+00
   1.0860537e+00
   9.1510677e-01
   9.1344595e-01
   1.0113788e+00
   1.3074551e+00
   1.6363273e+00
   2.2853951e+00
   2.2189315e+00
   2.3062137e+00
   2.2767234e+00
   2.0362072e+00
   1.9603131e+00
   1.9515372e+00
   1.8202600e+00
   1.8182115e+00
   2.0397126e+00
   2.2877253e+00
   3.0388024e+00
   1.8018969e+00
   1.7452583e+00
   1.4520812e+00
   1.4398282e+00
   1.4571243e+00
   1.5306088e+00
   1.5751838e+00
   1.5195973e+00
   7.3675881e-01
   1.8628329e-01
  -6.4821843e-01
  -7.5982655e-01
  -1.8286644e-01
   1.3606801e-01
   3.4118174e-01
   7.6588823e-01
   9.1211835e-01
   1.3554535e+00
   1.7095045e+00
   2.0206548e+00
   2.0192135e+00
   1.3909292e+00
   1.7470219e+00
   1.4247255e+00
   1.6727723e+00
   1.8071914e+00
   2.1747384e+00
   2.1611352e+00
   1.2739416e+00
   1.1044635e+00
   1.0576029e+00
   1.1245454e+00
   8.7473708e-01
   6.4630661e-01
   6.8731673e-01
   6.5380625e-01
   6.0309086e-01
   5.6482741e-01
   1.8923217e-01
  -4.8557905e-02
  -4.8431342e-03
  -4.1307642e-03
   2.5589262e-02
  -2.4258458e-01
  -4.0799835e-01
  -5.6452643e-01
  -5.4325696e-01
  -5.9868627e-01
  -3.8684017e-01
  -1.1471429e-01
   3.8676630e-02
   1.5668569e-01
   1.6586997e-01
   1.1367875e-01
   1.7685456e-01
   2.8776329e-01
   3.1276679e-01
   4.7046916e-01
   5.0611151e-01
   5.3613854e-01
   5.2178625e-01
   5.2099968e-01
   3.7091572e-01
  -1.5669990e-02
  -2.0389270e-01
  -1.4137451e-01
  -2.7507179e-01
  -7.8854411e-01
  -2.2981628e-01
  -4.5262251e-01
  -2.7619773e-02
  -1.4203328e-01
  -2.6796079e-01
  -2.2708045e-01
  -1.7363446e-01
  -4.6698430e-02
   5.5035928e-01
   8.6808717e-01
   9.5521190e-01
   9.3002375e-01
   9.3138110e-01
   8.5849091e-01
   8.5841191e-01
   8.5882787e-01
   8.2958237e-01
   6.8902169e-01
   7.6770815e-01
   8.2170329e-01
   7.9312563e-01
   8.1693028e-01
   8.2022338e-01
   8.3490841e-01
   7.9739664e-01
   8.1453499e-01
   8.2276497e-01
   3.8789917e-01
   5.5543280e-01
   6.6430373e-01
   5.8302549e-01
   7.9052001e-01
   1.1352973e+00
   1.1236123e+00
   1.0454676e+00
   1.0236414e+00
   1.1713607e+00
   1.1826889e+00
   1.3146448e+00
   1.2547284e+00
   1.3893445e+00
   1.3750193e+00
   1.3954317e+00
   1.2954724e+00
   1.0427164e+00
   1.3316676e+00
   1.3477591e+00
   1.0850024e+00
   1.3973867e+00
   1.2216026e+00
   7.6961954e-01
   5.0255168e-01
   2.2374453e-01
   4.6752250e-02
   7.4933093e-02
  -4.3378108e-02
  -2.9758949e-01
  -1.7149959e-01
  -1.7191478e-01
  -2.2366289e-01
  -2.2778356e-01
  -3.6688616e-01
  -5.4625377e-01
  -9.8828848e-02
  -2.2102480e-01
   5.6741979e-01
   8.9392937e-01
   9.4155372e-01
   9.3032480e-01
   9.7596485e-01
   8.2747045e-01
   1.0039229e+00
   1.2744900e+00
   8.4853620e-01
   1.6916231e-01
   1.1682157e-01
   1.8018125e-01
   1.7052749e-01
  -1.4537663e-02
   2.5705041e-01
   5.7859549e-01
   6.7815378e-01
   7.6311698e-01
   7.5931139e-01
   7.1526317e-01
   6.4910886e-01
   7.3857588e-01
   7.4521666e-01
   7.4692653e-01
   8.2145831e-01
   8.9563244e-01
   9.5393476e-01
   9.5502902e-01
   6.5439346e-01
   6.3185047e-01
   5.2759813e-01
   4.2081244e-01
   4.1291079e-01
   3.3696059e-01
   2.9931952e-01
   5.5492054e-01
   4.4023679e-01
   7.8544971e-01
   5.6711299e-01
   4.9407415e-01
   4.7003777e-01
   5.4527298e-01
   5.4532688e-01
   5.4769811e-01
   5.7624421e-01
   5.3763909e-01
   2.1716676e-01
  -1.8312160e-02
  -2.2813751e-02
   6.0402469e-02
   5.9304929e-02
   2.3065101e-02
   1.9858582e-01
   4.2248699e-01
   2.5083000e-01
  -1.8113134e-02
   6.2590090e-02
  -2.3576012e-01
  -2.6192107e-01
  -3.2743700e-01
  -3.5386045e-01
  -2.8199636e-01
  -3.0954975e-01
  -2.7308381e-01
  -2.7358859e-01
  -2.3114670e-01
  -1.3090502e-01
  -1.1840113e-01
  -1.6011620e-01
  -1.2471403e-02
  -2.0586334e-03
  -1.0796144e-01
  -1.2120680e-01
  -4.0031518e-01
  -2.8913304e-01
  -3.0356419e-01
  -1.8766154e-01
  -1.2720359e-01
  -1.3368590e-01
  -8.2648328e-02
   3.8976494e-02
   1.2596191e-01
   1.2379590e-01
   1.4355727e-01
   9.7104971e-02
   4.3006563e-02
   2.9957549e-02
   1.8046261e-02
  -1.1591130e-02
  -1.2379534e-01
  -3.5553966e-02
  -3.1540097e-01
  -6.4620443e-01
  -5.6494563e-02
   2.2120640e-01
   6.5128265e-01
   9.9486393e-01
   8.8000137e-01
   7.1018656e-01
   7.1195838e-01
   8.2753916e-01
   8.8490968e-01
   7.3631294e-01
   7.8806420e-01
   7.8638835e-01
   7.3807724e-01
   7.6259977e-01
   7.3183956e-01
   7.1714228e-01
   7.3898771e-01
   6.4654056e-01
   4.9054660e-01
   4.3388731e-01
   4.1015765e-01
   4.5785693e-01
   4.2454454e-01
   4.5355936e-01
   5.0847173e-01
  -2.2208714e-02
   3.2923337e-02
  -2.7965572e-02
  -4.9235007e-02
  -5.6577558e-02
   9.2073495e-02
   5.5489559e-01
   7.5743571e-01
   6.6392600e-01
   6.7197712e-01
   7.5723478e-01
   4.2357579e-01
   3.1370293e-01
   4.6451301e-01
   4.6462482e-01
   4.9418080e-01
   4.7250131e-01
   5.1538007e-01
   3.0616337e-01
   2.8906259e-01
   3.7937004e-01
   3.4253449e-01
   3.9850544e-01
   3.7083163e-01
   4.0761204e-01
   4.8380453e-01
   4.6884549e-01
   5.0556872e-01
   5.6836411e-01
   5.2744867e-01
   1.6101012e-01
   1.6490499e-02
   1.2189450e-01
   1.1893287e-01
   1.2026932e-01
   1.1535688e-01
   3.8528659e-01
   6.2856479e-01
   6.2319838e-01
   2.0354804e-01
   1.2361645e+00
   1.4116354e+00
   2.4407559e-01
   5.3112248e-01
   4.6277635e-02
  -5.9198368e-01
  -5.6259998e-01
  -3.6188069e-01
  -3.7025140e-01
  -1.7139084e-01
  -2.9917861e-01
  -7.8522517e-01
  -4.1666840e-01
  -2.6790294e-01
  -3.1565163e-01
  -1.7275918e-01
  -7.9283146e-02
  -3.3818852e-01
   3.7036982e-02
   1.0880650e+00
   1.1441995e+00
   1.1278719e+00
   1.3469838e+00
   9.3591294e-01
   2.9123784e-01
   1.5896358e-02
   2.8363523e-02
   1.8853609e-01
   3.9062508e-01
   5.7029037e-01
   9.8082816e-01
   1.4645491e+00
   1.7565070e+00
   2.2920259e+00
   2.2946520e+00
   2.1036126e+00
   2.0017218e+00
   1.9970702e+00
   1.8281152e+00
   1.7386065e+00
   1.7184337e+00
   1.8671381e+00
   2.4317425e+00
   2.4437876e+00
   1.8971241e+00
   1.8777461e+00
   1.6622646e+00
   1.4879496e+00
   1.2404509e+00
   9.9359899e-01
   9.3709732e-01
   9.9018806e-01
   1.1063128e+00
   1.2568090e+00
   2.0760322e+00
   8.5746814e-01
   8.1561334e-01
   8.1451389e-01
   8.4903266e-01
   9.4112038e-01
   9.4810542e-01
   1.2354400e+00
   1.4651394e+00
   1.6939880e+00
   1.6112646e+00
   1.2412490e+00
   1.0339613e+00
   5.6294162e-01
   3.0271651e-01
   2.4533831e-01
   2.1915243e-01
   3.3559467e-01
   5.1974739e-01
   7.3495316e-01
   9.7307465e-01
   9.3880204e-01
   9.4033277e-01
   9.5301702e-01
   1.1590819e+00
   1.2852055e+00
   1.5999334e+00
   1.7465281e+00
   1.8135687e+00
   2.1028814e+00
   1.5922151e+00
   1.4629903e+00
   1.4715793e+00
   1.4646358e+00
   1.4531297e+00
   1.4205980e+00
   1.3568099e+00
   1.0217921e+00
   1.0075594e+00
   1.0242395e+00
   9.2817130e-01
   8.5013326e-01
   8.8447412e-01
   1.2932698e+00
   1.8660593e+00
   2.0608058e+00
   2.7101756e+00
   2.1525465e+00
   1.7424015e+00
   1.4640527e+00
   1.3426221e+00
   1.3067120e+00
   1.3942401e+00
   1.6419592e+00
   1.7873365e+00
   1.9209423e+00
   3.3776662e+00
   2.5786909e+00
   2.2891936e+00
   1.9104304e+00
   1.3397682e+00
   1.1293722e+00
   1.1238760e+00
   1.0006787e+00
   1.0010539e+00
   1.1429406e+00
   1.1152972e+00
   8.7084912e-01
   5.1212263e-01
   2.8824002e-01
   8.7718409e-02
   3.8517514e-02
   2.7226059e-02
  -3.2596005e-02
  -5.0649862e-02
  -5.4834525e-02
  -4.0840216e-02
   2.8204287e-02
   8.6376769e-02
   2.6672929e-02
   2.6619271e-02
  -2.9600331e-02
   9.1136826e-02
   3.1560547e-02
  -8.5420129e-02
  -1.7897646e-01
  -2.2994444e-01
  -2.8231102e-01
  -3.0113269e-01
  -2.6530022e-01
  -2.8708698e-01
  -2.0039421e-01
  -2.0948158e-01
  -1.3130694e-01
  -1.4529923e-01
  -3.9776579e-01
  -6.3405733e-01
  -1.4337515e+00
  -1.1471284e+00
  -6.9116802e-01
  -7.1451249e-01
  -7.5181593e-01
  -9.6136649e-01
  -1.2757737e+00
  -1.0773568e+00
  -1.1581185e+00
  -1.3486038e+00
  -1.3948824e+00
  -1.2785940e+00
  -1.0309610e+00
  -1.0522668e+00
  -1.2790869e+00
  -9.8392808e-01
  -4.8356604e-01
  -3.2042447e-01
  -2.7986590e-01
  -2.4101473e-01
  -1.8392135e-01
  -3.5785042e-02
   1.6357173e-02
   3.7479183e-02
  -1.0167080e-02
   1.7941115e-03
   4.7693066e-02
   3.7769953e-02
   2.1083308e-01
   2.5653628e-01
   6.7548731e-01
   6.8638145e-01
   5.7241751e-01
   6.0402567e-01
   7.4284720e-01
   6.5565797e-01
   3.8310719e-01
   3.6514906e-01
   3.6846421e-01
   3.9787445e-01
   4.5720118e-01
   4.1481992e-01
   4.0082796e-01
   2.8610986e-01
   1.5695381e-01
   9.0412271e-02
   2.2072541e-01
  -3.4394422e-01
  -1.4971347e-01
  -2.9390191e-01
  -1.8070854e-01
  -3.2370759e-01
  -3.4567214e-01
  -3.1023280e-01
  -3.0383211e-01
  -1.1946721e-01
  -1.4927187e-01
  -1.4043407e-01
  -1.2455376e-01
  -1.3672056e-01
  -1.0474451e-01
  -2.8004781e-01
  -1.2371822e-01
   2.3911688e-01
   5.2053665e-01
   6.3151035e-01
   5.0562079e-01
   6.7096165e-01
   7.5110172e-01
   7.3270178e-01
   6.4582814e-01
   7.9340671e-01
   8.8482481e-01
   8.7775437e-01
   9.4884170e-01
   9.2772214e-01
   8.9127956e-01
   9.4040349e-01
   9.5119005e-01
   9.6176860e-01
   9.7166899e-01
   1.0222253e+00
   1.0289338e+00
   9.5177761e-01
   9.0321064e-01
   1.0040180e+00
   1.4669501e+00
   1.8446827e+00
   1.5252693e+00
   1.5442133e+00
   1.4582005e+00
   1.5421676e+00
   1.1592433e+00
   7.1866877e-01
   7.1125849e-01
   6.5409412e-01
   6.5693356e-01
   8.4948712e-01
   1.4779569e+00
   1.9738135e+00
   1.8161579e+00
   1.5485917e+00
   1.5181779e+00
   1.3665355e+00
   1.8441877e+00
   1.9056241e+00
   2.2842575e+00
   1.8312827e+00
   1.9272634e+00
   1.6656849e+00
   1.9439112e+00
   1.9274703e+00
   1.9769753e+00
   1.0201074e+00
   5.7095986e-01
   6.9451024e-01
   6.8423014e-01
   8.5608997e-01
   1.1797042e+00
   1.3545196e+00
   1.5366173e+00
   1.5332355e+00
   1.5322158e+00
   1.3630045e+00
   1.3851666e+00
   1.3896764e+00
   1.3627415e+00
   1.2402621e+00
   7.5355374e-01
   2.9230556e-01
   2.6528413e-01
   2.6101767e-01
   4.0977467e-01
   4.4359897e-01
   4.3737005e-01
   4.5999430e-01
   5.1233043e-01
   3.9001891e-01
   4.4957835e-01
   5.0443783e-01
   5.0388100e-01
   5.0470804e-01
   4.7262632e-01
   4.5053574e-01
   4.7866883e-01
   2.4915094e-01
   2.9677621e-01
   2.5346236e-01
   2.3660774e-01
   3.1322964e-01
   2.1963109e-01
   3.5864902e-01
   2.9685361e-01
   1.3543011e-01
   7.5104648e-02
   7.2619193e-02
   6.8495108e-02
   6.4355940e-02
   1.1134344e-01
   5.4747407e-02
  -3.3455331e-02
   1.9456441e-01
  -1.4535669e-02
   3.4112358e-01
   2.6051931e-01
   1.2323996e-01
   2.5306857e-02
   2.3186073e-02
   2.1436908e-02
  -1.4449853e-01
  -1.9402169e-01
  -8.2737776e-01
  -4.1535962e-01
  -4.7556966e-01
  -4.3969881e-01
  -6.6042369e-01
  -1.9088264e+00
  -1.1530048e+00
  -1.8500139e+00
  -3.1151462e+00
  -1.1742911e+00
  -1.4076688e+00
  -7.9362848e-01
  -6.4062995e-01
  -4.9174629e-01
  -4.6507679e-01
  -4.1378281e-01
  -4.1938486e-01
  -3.9831634e-01
  -3.9274938e-01
  -3.8652760e-01
  -5.0463927e-01
  -5.1644320e-01
  -5.0845337e-01
  -4.2312916e-01
  -4.0055503e-01
  -5.0914553e-01
  -5.0763690e-01
  -7.4612226e-01
  -8.7375417e-01
  -8.2388561e-01
  -6.8696295e-01
  -6.9005643e-01
  -3.3236745e-01
  -2.7827481e-01
  -1.4676510e-01
   1.7545837e-01
   2.4105554e-01
   1.0933519e-01
   1.0919742e-01
   1.1063527e-01
   1.0871024e-01
   1.1856950e-01
   1.0503230e-01
   5.5383837e-02
  -3.0027743e-02
   2.0949186e-02
  -2.0870070e-03
  -1.4955108e-01
  -5.0745309e-01
  -9.6769773e-01
  -1.0819408e+00
  -1.1355744e+00
  -6.6990887e-01
  -5.1302524e-01
  -6.0319744e-01
  -2.1156003e-01
  -4.3903242e-01
  -7.8107849e-01
  -6.8976775e-01
  -6.7099269e-01
  -9.3843315e-01
  -5.8021762e-01
  -3.1809183e-01
   7.2062956e-02
  -3.9720972e-03
  -2.4513415e-03
  -4.0753254e-02
  -1.5815480e-01
  -3.6760025e-01
  -3.7864064e-01
  -3.6435670e-01
  -3.5549647e-01
  -5.7140574e-01
  -6.2986202e-01
  -7.2267613e-01
  -6.4528738e-01
  -7.3889517e-01
  -7.3705494e-01
  -4.9495475e-01
  -5.6953656e-01
  -5.7150405e-01
  -7.6108279e-01
  -7.5555980e-01
  -4.3804183e-01
  -7.9158121e-01
  -5.8093147e-01
  -3.7715291e-01
  -3.2641067e-01
  -3.3231484e-01
  -3.4378738e-01
  -3.0393291e-01
  -2.4455353e-01
  -2.4384322e-01
  -2.4986591e-01
  -1.5641370e-01
  -7.9674226e-02
  -1.1416112e-01
  -2.8598559e-02
  -4.8610070e-02
  -1.0160609e-02
  -1.1105510e-01
  -3.5159185e-01
  -4.2878334e-01
  -5.9964102e-01
  -6.1730548e-01
  -4.5449005e-01
  -2.0369624e-01
  -1.7822339e-01
   6.3219255e-03
   1.1862502e-01
   2.5176773e-01
   1.9544004e-01
   3.4961988e-01
   6.6425991e-01
   7.4098335e-01
   7.3771000e-01
   7.0950882e-01
   6.4912886e-01
   6.2480548e-01
   4.1968655e-01
   2.5429558e-01
   1.3865438e-01
   1.7816675e-01
   1.3325970e-01
  -3.0715015e-02
  -1.9343917e-01
  -1.9074869e-01
  -1.9754177e-01
  -2.4346928e-01
  -2.0163069e-01
  -2.1891197e-01
  -2.0117389e-01
  -1.9558139e-01
  -2.0191137e-01
  -1.3603374e-01
  -3.8784889e-02
  -3.8753489e-02
   2.4986405e-01
   2.9688302e-01
   2.7025519e-01
   2.4861985e-01
   1.4553280e-01
   1.4929855e-01
   2.2379209e-01
   2.2175671e-01
   2.3420908e-01
   2.1203005e-01
   4.7192177e-01
   4.1387328e-01
  -6.7993321e-02
   1.3348004e-01
   2.0069232e-01
  -1.1277714e-01
  -1.9035447e-01
  -2.1745349e-01
  -2.7909947e-01
  -2.9128480e-01
  -2.6931328e-01
  -2.6804161e-01
  -2.1187750e-01
  -1.3212866e-01
   3.8472886e-01
   8.6745164e-01
   9.3401703e-01
   9.4007121e-01
   8.7983452e-01
   8.3589313e-01
   7.3545111e-01
   6.7679882e-01
   6.6473211e-01
   6.9965152e-01
   8.7646322e-01
   1.3452872e+00
   1.4264472e+00
   1.3810032e+00
   1.4084666e+00
   1.3234433e+00
   1.3038276e+00
   1.3185772e+00
   1.6776485e+00
   1.6750002e+00
   1.6123321e+00
   1.1423124e+00
   1.0647752e+00
   1.0426761e+00
   8.4595667e-01
   7.8913040e-01
   8.2912093e-01
   7.3426251e-01
   7.4112007e-01
   7.0643380e-01
   7.6924766e-01
   8.5395758e-01
   7.4608444e-01
   6.5643273e-01
   5.4358429e-01
   4.9500409e-01
   2.4333260e-01
   2.4260997e-01
   4.0599218e-01
   5.3916952e-01
   5.5006906e-01
   4.2021349e-01
   2.8041386e-01
   2.7846653e-01
   3.0395209e-01
   3.6495094e-01
   4.7549245e-01
   5.5435340e-01
   5.9769072e-01
   5.5871467e-01
   6.1936340e-01
   8.5377877e-01
   8.7190114e-01
   8.6552067e-01
   8.5618779e-01
   8.4061956e-01
   8.8099893e-01
   6.3437873e-01
   6.2279189e-01
   5.0927136e-01
   2.8306433e-01
   2.7528263e-01
   4.0267260e-01
   3.3261615e-01
   5.6211702e-01
   7.5907697e-01
   8.0907327e-01
   6.2415918e-01
   5.3264280e-01
   5.0509732e-01
   5.0102440e-01
   6.2082139e-01
   6.1490413e-01
   6.0801188e-01
   6.0363959e-01
   1.3225933e-01
  -2.5722432e-01
  -3.6175514e-01
  -4.1591230e-01
  -1.1344635e+00
  -1.4585871e+00
  -1.5017815e+00
  -1.1545772e+00
   5.1228271e-02
   4.4614395e-01
   5.4101688e-01
   4.4377754e-01
   4.7991609e-01
   4.7272459e-01
   3.9158494e-01
   6.3407521e-01
   9.1648242e-01
   7.8948035e-01
   1.0740371e+00
   7.2048687e-01
   6.2844027e-01
   6.3760489e-01
   7.3769184e-01
   8.1554732e-01
   8.4765216e-01
   6.9572481e-01
   9.0300957e-01
   9.5308682e-01
   9.6088191e-01
   9.6022418e-01
   9.8032543e-01
   1.0898568e+00
   1.2041484e+00
   1.2164353e+00
   1.2252612e+00
   1.9532338e+00
   2.0232605e+00
   1.8624530e+00
   1.3673137e+00
   1.8141472e+00
   7.8437489e-01
   4.6491814e-01
   3.7582201e-01
   3.7515151e-01
   2.9002276e-01
   5.2211968e-01
   9.1714066e-01
   1.3370321e+00
   1.3088590e+00
   8.7291208e-01
   1.0470796e+00
   1.1604554e+00
   1.1417378e+00
   1.0903397e+00
   1.3801121e+00
   1.2076779e+00
   1.2496972e+00
   1.9535200e+00
   1.5657982e+00
   1.4501076e+00
   1.1965467e+00
   8.9032634e-01
   9.6120436e-01
   7.8415378e-01
   7.5256918e-01
   9.2436764e-01
   8.5325098e-01
   9.3698078e-01
   8.7522066e-01
   1.0477730e+00
   1.2129996e+00
   1.6762134e+00
   1.6473608e+00
   1.6546868e+00
   1.5177353e+00
   1.8624574e+00
   1.7589963e+00
   1.6945297e+00
   1.6062426e+00
   1.6434592e+00
   1.6224313e+00
   1.4099112e+00
   1.2168402e+00
   1.2138634e+00
   1.3595579e+00
   1.3892062e+00
   1.5278615e+00
   1.3699496e+00
   1.6112710e+00
   1.5837367e+00
   1.4990971e+00
   1.5110420e+00
   1.5098295e+00
   1.9328814e+00
   2.1450036e+00
   2.2443182e+00
   1.6497771e+00
   1.6211710e+00
   1.6598750e+00
   1.5924665e+00
   1.5426235e+00
   1.2226903e+00
   1.1463474e+00
   1.1774173e+00
   1.1947229e+00
   1.1698577e+00
   7.7582353e-01
   5.0215972e-01
   3.2056640e-01
   2.5848460e-01
   2.5909733e-01
   2.5884919e-01
   4.2743276e-01
   8.1555790e-01
   1.0884943e+00
   8.3295475e-01
   8.2809156e-01
   7.9560346e-01
   5.8142288e-01
   7.3274819e-01
   6.6555880e-01
   2.9926091e-01
   4.0648949e-01
   3.9842447e-01
   3.0724934e-01
   9.4309048e-02
  -4.0790300e-01
  -2.8800424e-01
  -3.9143836e-01
  -3.6478608e-01
  -3.8301591e-01
  -9.9151575e-01
   2.1726805e-01
   6.7090325e-01
   8.7220446e-01
   9.9821765e-01
   1.0091452e+00
   9.8979208e-01
   1.0038287e+00
   9.8188243e-01
   9.5999609e-01
   9.7801645e-01
   9.8348681e-01
   9.8508714e-01
   9.9158579e-01
   9.9994923e-01
   1.0328654e+00
   1.1819170e+00
   9.6295110e-01
   1.2791079e+00
   9.3612444e-01
   8.6497224e-01
   9.9892902e-01
   8.0125071e-01
   7.0073845e-01
   3.6767445e-01
   4.3254791e-01
   4.2186694e-01
   4.8325878e-01
   5.0166656e-01
   3.8449882e-01
   4.5096782e-01
   2.5798273e-01
   7.6760161e-02
  -3.0118836e-02
  -7.5409350e-02
  -5.6984750e-02
  -9.3239099e-02
  -1.3440932e-01
  -1.7827796e-01
  -1.1193967e-01
  -5.7480797e-03
  -2.2667198e-02
   6.2236313e-03
   3.9799016e-04
   1.3894652e-01
   1.2982906e-02
   1.0921576e-01
   1.3090393e-01
   1.4753648e-01
   1.4885894e-01
   1.8022733e-01
   2.1618462e-01
   2.8553676e-01
   2.6067299e-01
   3.6618838e-01
   3.1408408e-01
   4.0907061e-01
  -1.0497967e-02
  -5.6361050e-02
  -1.0679718e-01
  -7.5355717e-02
  -1.5495881e-01
  -1.6254085e-01
  -1.8763352e-01
  -1.9428134e-01
  -1.9863130e-01
  -2.6895916e-01
  -2.8511868e-01
  -2.8708472e-01
  -2.8500802e-01
  -2.6410665e-01
  -2.3847942e-01
  -4.2459492e-01
  -6.2208670e-01
  -7.2737308e-01
  -7.5279936e-01
  -7.8356188e-01
  -8.4306606e-01
  -9.1269963e-01
  -1.1668133e+00
  -1.7063371e+00
  -1.3663608e+00
  -1.3594010e+00
  -1.2848415e+00
  -1.3444699e+00
  -1.2625848e+00
  -1.2553878e+00
  -1.2072502e+00
  -9.6881374e-01
  -9.6590920e-01
  -9.6569616e-01
  -1.0292046e+00
  -8.9024320e-01
  -1.1232228e+00
  -1.3044297e+00
  -1.2845233e+00
  -1.1647486e+00
  -1.1929410e+00
  -1.2794266e+00
  -9.1109443e-01
  -2.2345354e-01
  -1.1065450e-01
  -6.6737154e-02
  -5.4147816e-02
  -1.5088043e-01
  -1.8911575e-01
  -1.8932336e-01
  -1.7386672e-01
  -6.0541074e-02
  -5.5035395e-02
   1.9754065e-01
   3.9449453e-01
   5.5958615e-01
   7.7384119e-01
   8.6702712e-01
   9.6960139e-01
   1.0519189e+00
   1.2062629e+00
   1.1360694e+00
   1.4240026e+00
   1.3346178e+00
   1.5453055e+00
   7.2184077e-01
   1.2330901e+00
   1.0273127e+00
   7.6076116e-01
   8.3180214e-01
   8.0267650e-01
   8.0601007e-01
   6.9950997e-01
   5.2904072e-01
   1.5094461e-01
   9.2353494e-02
   9.4593908e-02
   2.1012682e-02
   2.0780317e-02
   7.3239789e-02
   2.4543185e-01
   6.5430673e-01
   9.5874353e-01
   4.6884657e-01
   4.0220671e-01
   4.0123106e-01
   3.3883716e-01
   4.0058112e-01
   5.6057413e-01
   2.8039655e-01
   3.2662628e-01
   4.2727089e-01
   4.1000387e-01
   4.7682257e-01
   4.9987043e-01
   4.1583923e-01
   5.3656671e-01
   5.2474316e-01
   4.1959445e-01
   3.9578751e-01
   2.5114981e-01
   6.1441734e-01
   7.4970172e-01
   8.5077629e-01
   8.1773924e-01
   8.0352898e-01
   4.8376842e-01
   8.8133300e-01
   7.9981039e-01
   5.5401579e-01
   4.4953883e-01
   4.4460672e-01
   4.3285500e-01
   4.3925856e-01
   6.3765895e-01
   7.9504689e-01
   1.0910595e+00
   1.1655147e+00
   1.1571423e+00
   1.0531723e+00
   1.0547649e+00
   1.0184803e+00
   1.0161904e+00
   1.0189362e+00
   1.0522386e+00
   1.3340173e+00
   1.3550910e+00
   1.3784299e+00
   1.3969686e+00
   1.4755584e+00
   1.1393650e+00
   1.0380361e+00
   9.5397996e-01
   9.5499036e-01
   9.8899517e-01
   1.2786098e+00
   1.3182566e+00
   1.4804973e+00
   1.3164925e+00
   1.2258360e+00
   1.2192133e+00
   1.2159732e+00
   1.1803785e+00
   1.1443541e+00
   1.1535601e+00
   9.7729442e-01
   8.3406363e-01
   8.5051671e-01
   7.7245322e-01
   6.5990790e-01
   5.7697180e-01
   3.2277723e-01
   1.0730573e-01
  -1.7645400e-01
  -3.7938203e-01
  -4.1363609e-01
  -4.0486280e-01
  -3.4528496e-01
  -1.0038803e-02
   4.5302360e-01
   5.1594135e-01
   2.8999031e-01
  -2.4483282e-01
  -1.7354879e-01
   1.6061931e-02
   1.5999303e-02
  -1.0145510e-01
  -8.6210651e-02
  -7.4281172e-02
  -3.4394444e-02
  -4.9116833e-02
  -4.8846383e-02
  -4.4415984e-02
   1.3443534e-02
  -2.5143207e-01
  -7.7174502e-01
  -8.9992318e-01
  -1.0263783e+00
  -1.0261232e+00
  -8.3452026e-01
  -7.4785227e-01
  -6.7576634e-01
  -3.2878309e-01
   2.5774695e-01
   9.2774379e-01
   1.3129157e+00
   1.1845022e+00
   1.0772178e+00
   1.1687973e+00
   8.7700730e-01
   9.9360471e-01
   8.3911538e-01
   9.3952719e-01
   1.2023418e+00
   9.2199687e-01
   8.5470023e-01
   8.6330961e-01
   1.0439238e+00
   7.2709730e-01
   6.5240869e-01
   4.2939619e-01
   6.5349203e-01
   7.2768427e-01
   7.2115425e-01
   8.8167629e-01
   9.7036559e-01
   9.8237499e-01
   1.0870770e+00
   9.6976237e-01
   9.6368768e-01
   9.0525644e-01
   7.5385222e-01
   7.8906438e-01
   7.7861322e-01
   8.9992765e-01
   9.4895865e-01
   1.0290235e+00
   1.0023530e+00
   1.0070327e+00
   9.8553198e-01
   9.6779561e-01
   9.6215739e-01
   9.4635868e-01
   7.4252447e-01
   6.4081807e-01
   6.7106783e-01
   6.1971039e-01
   6.0551531e-01
   7.8177476e-01
   8.2675979e-01
   8.6816254e-01
   8.6345589e-01
   8.6627545e-01
   7.6890524e-01
   6.8530555e-01
   6.8382605e-01
   7.6920301e-01
   8.2025698e-01
   8.9908447e-01
   9.8663994e-01
   1.3472667e+00
   1.4450002e+00
   1.4858664e+00
   1.4712369e+00
   1.3769964e+00
   1.2867117e+00
   1.1303955e+00
   1.1071601e+00
   1.0607768e+00
   1.0532694e+00
   1.1139614e+00
   1.0684864e+00
   1.1296531e+00
   1.1464505e+00
   1.1330546e+00
   1.0441946e+00
   9.3974288e-01
   9.7375000e-01
   9.5481997e-01
   9.4056582e-01
   9.3710419e-01
   9.0361400e-01
   8.8442604e-01
   9.1185948e-01
   9.0358054e-01
   1.0022157e+00
   1.0161332e+00
   1.0669155e+00
   1.0796505e+00
   1.0733816e+00
   1.0724770e+00
   1.0732115e+00
   1.0769814e+00
   1.0769936e+00
   1.0790382e+00
   1.0788124e+00
   1.0944475e+00
   1.0874683e+00
   1.0869891e+00
   1.0576643e+00
   9.3457103e-01
   8.0813449e-01
   8.3566863e-01
   8.9007104e-01
   6.1771037e-01
   5.3172559e-01
   5.2224503e-01
   5.1541485e-01
   4.1107400e-01
   2.3476245e-01
   2.1743702e-01
   6.1530944e-02
   9.3915887e-02
   2.0712642e-01
   2.2814383e-01
   3.6158549e-01
   5.3474865e-01
   5.8859656e-01
   3.6169286e-01
   2.3630281e-01
   2.2246695e-01
   2.0387323e-01
  -2.1440485e-01
  -3.9078929e-01
  -5.6682177e-01
  -8.0157112e-01
  -1.1264297e+00
  -1.1530325e+00
  -3.1485367e-01
  -3.3014732e-01
  -3.3373890e-01
  -3.3126817e-01
  -2.7979305e-01
  -2.8686057e-01
  -3.0440285e-01
  -2.9145322e-01
  -3.8879192e-01
  -2.5385913e-01
  -2.8660612e-01
  -3.2608970e-01
  -6.8975241e-02
   3.8079396e-01
   8.7497118e-01
   8.8482149e-01
   8.2954702e-01
   9.0904332e-01
   7.1636017e-01
   7.2321457e-01
   7.6434061e-01
   6.0383012e-01
   5.0476736e-01
   4.2391897e-01
   4.0819652e-01
   4.3475003e-01
   5.0474175e-01
   6.4563689e-01
   6.9409627e-01
   7.2401900e-01
   8.0725326e-01
   7.8637654e-01
   7.7553895e-01
   7.0508628e-01
   5.6880479e-01
   6.7845921e-01
   7.3524967e-01
   7.2519938e-01
   7.5120748e-01
   8.2784046e-01
   9.4755240e-01
   9.5054156e-01
   8.9364375e-01
   5.8317265e-01
   1.0596164e+00
   1.0109368e+00
   8.6204070e-01
   5.5247813e-01
   5.4973308e-01
   5.5131928e-01
   7.6173622e-01
   8.5249876e-01
   9.1313222e-01
   1.3043820e+00
   8.2860291e-01
   7.7938994e-01
   7.9778810e-01
   7.0202692e-01
   5.2203496e-01
   5.0566618e-01
   5.9076561e-01
   5.5064096e-01
   6.2387562e-01
   6.2357631e-01
   6.2340019e-01
   6.2230904e-01
   6.0932134e-01
   6.3871736e-01
   6.0676099e-01
   5.7358250e-01
   5.7608909e-01
   5.6461821e-01
   5.7156339e-01
   6.3922176e-01
   6.1567848e-01
   8.2586642e-01
   9.6972830e-01
   9.5983352e-01
   9.6127319e-01
   9.8169168e-01
   8.5281865e-01
   9.3029319e-01
   1.3279816e+00
   8.1224605e-01
   6.7720521e-01
   6.7182019e-01
   7.5036192e-01
   8.2294449e-01
   8.2222931e-01
   6.3036513e-01
   1.5438726e-01
   4.6409677e-02
  -1.2790922e-01
  -1.2907641e-01
  -1.0555452e-01
   8.5111690e-02
   1.2446759e-01
   1.5928971e-01
   3.9027806e-01
   2.1396975e-02
  -1.8525743e-01
  -4.3337323e-01
  -1.8268632e-01
  -2.7615243e-01
  -4.8794564e-01
  -5.4578896e-01
  -5.9845684e-01
  -5.8105763e-01
  -5.4021951e-01
  -5.1139716e-01
  -3.1643475e-01
  -2.0028136e-01
  -3.4285249e-02
   1.0250667e-01
   1.2970752e-01
   1.6003148e-01
   1.7235091e-01
   1.3762222e-01
   1.3420585e-01
   1.0710782e-01
   9.9411602e-02
   7.3900139e-02
   5.4891449e-02
   1.3120715e-02
   3.7999609e-03
   5.1603076e-02
   6.7372797e-02
   1.1706583e-01
   1.4904064e-01
   2.0496585e-01
   1.8926789e-01
   1.9457662e-01
   1.3819849e-01
   1.2900619e-01
   1.3811123e-01
   1.3933056e-01
   1.6496496e-01
   1.8192968e-01
   2.1687887e-01
   2.0316776e-01
   2.0053452e-01
   2.5696308e-01
   2.6522443e-01
   2.8672022e-01
   3.0397651e-01
   2.9403355e-01
   2.9202708e-01
   3.1633528e-01
   4.6552131e-01
   5.3762747e-01
   3.7733236e-01
   1.0555119e-01
   1.0745638e-01
   8.1756081e-02
   2.4869537e-02
   3.4812671e-02
   5.3977460e-02
   1.0328891e-01
   3.5422223e-01
   9.0744487e-01
   1.0895362e+00
   1.1196867e+00
   1.1057038e+00
   1.3983230e+00
   1.3568758e+00
   1.2431020e+00
   9.7118073e-01
   8.7815284e-01
   8.6592079e-01
   7.6424550e-01
   6.6158082e-01
   6.0741006e-01
   5.9287285e-01
   6.4270122e-01
   9.0979096e-01
   8.7930230e-01
   1.0069902e+00
   9.6970445e-01
   1.0170714e+00
   7.3524319e-01
   7.0784845e-01
   9.9022888e-01
   9.7479251e-01
   9.5960438e-01
   8.6798885e-01
   1.5121785e+00
   1.6357336e+00
   1.4008459e+00
   1.1355421e+00
   1.0568664e+00
   1.1034563e+00
   1.1164893e+00
   1.0963181e+00
   1.0853519e+00
   1.0831166e+00
   1.1234533e+00
   1.1133453e+00
   1.2115472e+00
   1.9528348e+00
   1.9753264e+00
   2.0630726e+00
   2.0184999e+00
   1.9874543e+00
   1.7576796e+00
   1.6647180e+00
   1.5037185e+00
   1.3327581e+00
   1.2922804e+00
   1.2797257e+00
   1.2238821e+00
   1.2120579e+00
   1.1519020e+00
   1.1527075e+00
   1.2865937e+00
   1.3365528e+00
   8.1908370e-01
   7.4869479e-02
  -1.0747971e-01
  -1.5475345e-01
  -1.4090235e-01
  -1.7774367e-01
  -3.0296320e-01
  -1.9606898e-01
  -7.6227153e-02
   3.0816741e-01
   5.7663439e-01
   3.8322959e-01
   3.4619357e-01
   2.8699659e-01
   2.3464124e-01
   2.4034261e-01
   2.4333602e-01
   1.7948894e-01
   1.7629489e-01
   1.6775740e-01
   1.6298134e-01
   1.8496579e-01
  -1.0459616e-01
  -6.6364264e-01
  -4.1929797e-01
  -5.1190397e-02
   2.7484880e-01
   3.6713632e-01
  -5.5603582e-02
  -1.3811165e-01
  -1.0354977e-01
  -1.1669507e-01
  -4.8921780e-02
  -2.2388390e-02
   1.1070162e-03
   2.3367667e-02
   1.9431858e-02
  -1.2431738e-02
  -2.7164256e-03
   5.4996433e-02
   1.9909668e-01
   2.4268139e-01
   5.0849154e-01
   7.3898268e-01
   7.5123105e-01
   3.5077704e-01
   1.6965961e-01
   1.2683289e-01
   1.1192058e-01
   1.3264980e-01
   2.1900265e-01
   5.6988296e-01
   1.1388281e+00
   2.1897566e+00
   2.1036568e+00
   2.1994340e+00
   2.1831560e+00
   2.2985697e+00
   2.3413184e+00
   1.5908009e+00
   1.3183833e+00
   1.2702421e+00
   1.1290393e+00
   1.1221269e+00
   1.1310767e+00
   1.0928563e+00
   1.0867374e+00
   1.0552530e+00
   1.2679355e+00
   1.5028059e+00
   1.4779413e+00
   1.5830124e+00
   1.5604384e+00
   1.6099151e+00
   1.6576556e+00
   1.9061401e+00
   1.8474861e+00
   1.9367201e+00
   1.9632638e+00
   2.0468565e+00
   2.3758405e+00
   2.4024828e+00
   2.3908196e+00
   2.3529128e+00
   1.8494577e+00
   2.3112936e+00
   2.7739538e+00
   2.3624612e+00
   2.1074169e+00
   2.0585001e+00
   1.5406188e+00
   1.3733764e+00
   1.3090061e+00
   1.3576105e+00
   1.4661885e+00
   1.4057071e+00
   2.1307794e+00
   1.9130715e+00
   2.2600395e+00
   1.7904269e+00
   2.1486499e+00
   2.0583740e+00
   1.6301669e+00
   1.2470132e+00
   1.1656763e+00
   1.1744380e+00
   1.3128297e+00
   1.6826682e+00
   2.0641701e+00
   2.7148545e+00
   2.6024893e+00
   2.5141852e+00
   2.7140729e+00
   2.1819661e+00
   1.9089386e+00
   1.6724376e+00
   1.6792306e+00
   1.7308600e+00
   1.5956287e+00
   1.6657342e+00
   1.7778005e+00
   1.8578894e+00
   1.6325062e+00
   1.5358986e+00
   1.5426237e+00
   1.3720043e+00
   1.3737859e+00
   1.3089437e+00
   1.2398609e+00
   1.2410608e+00
   1.3299639e+00
   1.1152408e+00
   1.1317900e+00
   1.2278048e+00
   1.4561839e+00
   1.2964931e+00
   1.5014133e+00
   1.5200869e+00
   1.4748056e+00
   1.5064832e+00
   1.3504071e+00
   1.5640342e+00
   1.7991547e+00
   1.7970305e+00
   1.6697264e+00
   2.2446268e+00
   1.6467634e+00
   1.7111505e+00
   1.7079830e+00
   1.7473452e+00
   1.7541023e+00
   1.6945604e+00
   1.6845282e+00
   1.6006028e+00
   1.5740974e+00
   1.5933839e+00
   1.6708763e+00
   2.2771093e+00
   2.2304473e+00
   2.8872971e+00
   1.9516685e+00
   1.9236389e+00
   1.9281834e+00
   2.1269547e+00
   1.8796966e+00
   1.8366775e+00
   1.6241614e+00
   1.8158684e+00
   1.8152337e+00
   1.9905353e+00
   1.6887130e+00
   1.2472094e+00
   9.6149754e-01
   9.9208313e-01
   8.7029753e-01
   8.6247371e-01
   8.8004784e-01
   1.1859449e+00
   1.8384626e+00
   2.0997805e+00
   1.7106572e+00
   1.7515410e+00
   1.4994294e+00
   1.3224294e+00
   1.2873264e+00
   1.2913361e+00
   1.5564971e+00
   1.6242886e+00
   1.7141257e+00
   1.7957300e+00
   1.5975569e+00
   9.8194381e-01
   3.4416623e-01
   2.7686774e-02
  -3.6670580e-02
  -1.5072731e-01
  -1.4877794e-01
  -1.3251278e-01
  -1.5482349e-01
  -1.4483982e-01
  -1.5376675e-01
  -1.3911816e-01
  -2.0879599e-01
  -3.5410403e-01
   2.0625144e-01
  -1.6353862e-01
  -5.7128965e-03
  -2.1774539e-02
  -2.0586398e-02
  -1.5656268e-02
  -4.0615712e-02
   2.6614398e-02
  -2.3778445e-03
  -9.2942349e-02
   2.7083994e-01
   3.1617880e-01
   2.3254465e-01
   1.5526931e-01
   1.2745779e-01
  -2.4413928e-01
  -2.3112312e-01
  -8.7900493e-02
  -2.7446755e-01
  -3.8536739e-01
  -4.1799707e-01
  -4.1887400e-01
  -4.4872214e-01
  -3.9399622e-01
  -3.0582683e-01
  -2.8961996e-01
  -2.7502448e-01
  -2.0526935e-01
  -1.1043550e-01
  -2.7347508e-02
   1.1597048e-01
   2.1558399e-01
   3.6428559e-01
   6.3490512e-01
   5.9471147e-01
   6.2858299e-01
   6.3067993e-01
   6.7357481e-01
   4.6603088e-01
   5.0939591e-01
   4.8925943e-01
   3.9842920e-01
   2.5207349e-01
   2.0588570e-01
   3.8110492e-02
   2.9007614e-01
   3.5386336e-01
   3.5485456e-01
   3.5073639e-01
   3.5849626e-01
   3.6408265e-01
   3.5991802e-01
   3.3141773e-01
   3.2610370e-01
   3.5704388e-01
   2.4600483e-01
   3.7978068e-01
   4.0054660e-01
   3.7368550e-01
   4.5851149e-01
   4.6741088e-01
   5.0804769e-01
   6.1690753e-01
   6.4888731e-01
   5.8838496e-01
   5.5666572e-01
   3.3507486e-01
   6.4218875e-01
   7.8514928e-01
   7.5247961e-01
   6.9821532e-01
   6.8124443e-01
   6.8454747e-01
   6.8121856e-01
   6.9081749e-01
   6.1127402e-01
   6.9556988e-01
   8.2542294e-01
   8.1438420e-01
   7.5831187e-01
   8.0932168e-01
   6.2381189e-01
   8.0236065e-01
   6.1170260e-01
   5.6910723e-01
   5.6874164e-01
   4.6573433e-01
   5.2524589e-01
   6.2292414e-01
   5.2189325e-01
   4.9215689e-01
   2.1457379e-01
   7.2100557e-02
   2.9605283e-01
   5.9267787e-01
   7.9469760e-01
   8.0058916e-01
   8.0741047e-01
   8.4348963e-01
   1.1440590e+00
   1.2222236e+00
   1.1870636e+00
   1.0524128e+00
   1.0376003e+00
   1.0523279e+00
   9.8914849e-01
   1.1620465e+00
   9.4472208e-01
   6.1345183e-01
   8.6777049e-01
   2.6991880e-01
   2.7688974e-01
  -2.6814895e-01
  -2.9556076e-01
  -6.2599719e-01
  -5.3143638e-01
  -1.1481203e-01
  -2.1243972e-01
   2.3767540e-01
   1.2398375e+00
   1.5863483e+00
   1.6192776e+00
   1.4867878e+00
   1.3555278e+00
   7.6314678e-01
   3.8172944e-01
   4.8477760e-01
   4.7451167e-01
   4.7071440e-01
   4.4399155e-01
   3.9444041e-01
   4.9224057e-01
   4.5357151e-01
   3.8712126e-01
   3.3477380e-01
   2.4840383e-01
   2.3875256e-01
   4.1059351e-01
   6.2196131e-01
   8.9177384e-01
   8.4594444e-01
   7.3746464e-01
   7.1048676e-01
   3.7768707e-01
   4.9262880e-01
   9.9237951e-01
   8.6690476e-01
   7.9251438e-01
   7.5655980e-01
   6.8192318e-01
   7.2821799e-01
   7.2886490e-01
   7.2461787e-01
   7.4553231e-01
   5.0632055e-01
   3.1564559e-01
   8.2313465e-02
   1.3007329e-01
   3.9762118e-01
   7.3417683e-01
   2.8507944e-01
   2.0943936e-01
   1.5791819e-01
   1.8020241e-02
   8.6423020e-02
   2.3057897e-01
   1.7337271e-01
  -3.2695219e-02
  -1.5951114e-01
  -9.0708489e-01
  -1.9816706e-01
  -1.6664902e-01
  -6.2174406e-02
   4.6799482e-02
   2.3628085e-01
   1.7448608e-01
   3.3082148e-01
   4.1622173e-01
   3.5879440e-01
  -1.8272165e-01
  -7.2055608e-01
  -7.8444983e-01
  -8.7926549e-01
  -1.5497714e+00
  -1.7402274e+00
  -1.6450159e+00
  -3.6215121e-01
   1.2237253e+00
   1.1119753e+00
   9.0935414e-01
   7.8274955e-01
   6.5616532e-01
   6.5316731e-01
   6.8029470e-01
   1.1058367e+00
   1.5706251e+00
   2.0493377e+00
   2.4678197e+00
   1.4713070e+00
   1.0104004e+00
   8.8028792e-01
   8.7297146e-01
   1.7786622e+00
   2.1555168e+00
   2.4921125e+00
   2.3949166e+00
   2.3486625e+00
   3.1320922e+00
   2.6232872e+00
   3.3140389e+00
   3.2000262e+00
   3.6845864e+00
   2.2532025e+00
   1.3093809e+00
   9.9813389e-01
   7.7252396e-01
   7.9617648e-01
   8.7124084e-01
   9.8751399e-01
   1.5734881e+00
   2.4994611e+00
   2.5909167e+00
   1.5368380e+00
   1.6802418e+00
   1.7408069e+00
   1.7590055e+00
   1.5061325e+00
   1.4384167e+00
   1.4602627e+00
   1.3508753e+00
   1.3204612e+00
   7.9174698e-01
   1.0841948e+00
   1.1334553e+00
   1.0685588e+00
   1.0913304e+00
   1.1324319e+00
   1.1598017e+00
   1.0565607e+00
   1.0807698e+00
   9.2231569e-01
   5.9573748e-01
   3.4325279e-01
   4.0081889e-01
   1.1279955e+00
   1.1924470e+00
   1.1412297e+00
   1.1259213e+00
   1.1413784e+00
   1.1843555e+00
   1.3481065e+00
   1.4603724e+00
   1.4270044e+00
   1.4754757e+00
   1.3690316e+00
   1.2988486e+00
   1.2794093e+00
   1.2103322e+00
   1.1122123e+00
   1.0012620e+00
   8.8712415e-01
   7.4522688e-01
   7.3446956e-01
   7.0426146e-01
   6.9677701e-01
   5.6209589e-01
  -4.4758925e-01
   5.5772946e-01
   5.8894591e-01
   6.0406839e-01
   7.9574871e-01
   1.0249287e+00
   1.1396082e+00
   8.4293766e-01
   8.2171994e-01
   5.7241312e-01
   3.7551491e-01
   1.8265174e-01
   1.6159725e-01
   1.4041332e-01
   1.2177618e-01
   8.0742532e-02
   2.1529190e-01
   2.8241309e-01
   4.0944196e-01
   4.6942261e-01
   4.4926552e-01
   3.8045870e-01
   3.4849278e-01
   9.8574684e-02
   1.3506657e-01
   2.8662601e-01
   7.6154490e-02
   2.0915270e-02
   1.2546039e-01
   7.5299495e-02
   3.9971077e-02
   4.9628802e-02
   2.1505960e-01
   2.3053333e-01
   2.3499317e-01
  -6.6331656e-02
   1.2443759e-01
   5.3371976e-01
   2.5773644e-01
   1.9780085e-01
  -7.8582421e-01
  -2.0643336e+00
  -1.3953796e+00
  -1.6339793e+00
  -1.9551686e+00
  -5.6655644e-01
   4.9577760e-01
   6.2542981e-01
   6.0810628e-01
   6.3116031e-01
   6.4436023e-01
   6.0870856e-01
   7.2146053e-01
   1.5128843e-01
   3.3943736e-01
   1.0107279e-01
  -1.9884527e-01
  -3.1875894e-01
  -6.2771578e-01
  -9.0788625e-01
  -9.9186947e-01
  -1.0630810e+00
  -1.0308824e+00
  -5.6649143e-01
  -8.8057398e-01
  -6.4587327e-01
  -6.4759316e-01
  -2.9950327e-01
  -1.8812344e-01
  -1.1817224e-01
  -1.1786406e-01
  -1.1148101e-01
  -6.5422463e-02
   7.5291158e-03
  -6.6685006e-02
  -9.3108279e-02
  -1.4471118e-01
  -9.4193122e-02
   3.5428218e-02
   6.5143882e-02
   1.8585958e-01
   2.1673249e-01
   1.0977736e-01
   1.7372972e-01
   1.8767750e-01
   2.3788370e-01
   2.3820442e-01
   2.9635825e-02
  -1.1954826e-01
  -1.6112933e-01
  -1.2244275e-01
  -1.2029020e-01
  -9.9520512e-02
  -1.1712868e-01
  -1.1536578e-01
  -1.0955098e-01
  -1.0453013e-01
  -9.1905689e-02
  -9.5315510e-02
  -1.0531188e-01
  -6.9503204e-02
  -1.4569347e-01
  -1.8312350e-01
   4.7021436e-02
   1.4711267e-01
   1.5201680e-01
   1.2372662e-01
   1.3062713e-01
   7.5486470e-02
   4.0009146e-02
  -6.9334703e-02
  -1.4136233e-01
  -2.6602199e-01
  -3.7939430e-01
  -3.8735682e-01
  -2.5275109e-01
  -1.7100485e-01
   5.2092739e-03
   2.1732724e-01
   5.3149203e-01
   6.5191799e-01
   6.4951842e-01
   5.8821928e-01
   5.6798376e-01
   6.3659818e-01
   5.8329268e-01
   6.3374756e-01
   6.2310745e-01
   4.5333953e-01
   5.3134736e-01
   6.1687585e-01
   6.4599214e-01
   5.7068010e-01
   5.3682967e-01
   5.4405982e-01
   5.4492638e-01
   5.5453084e-01
   4.9060160e-01
   5.4102480e-01
   5.3048617e-01
   5.2434183e-01
   5.3071021e-01
   4.9861612e-01
   3.6518427e-01
   4.7976044e-01
   4.8090103e-01
   4.4536019e-01
   7.4095452e-01
   1.0310403e+00
   1.2356176e+00
   1.2262988e+00
   1.0773722e+00
   1.0880037e+00
   1.1639364e+00
   1.3680718e+00
   1.6446957e+00
   1.7764104e+00
   2.2853349e+00
   2.4687821e+00
   2.4517695e+00
   1.8867424e+00
   1.6357040e+00
   1.6298811e+00
   1.6281094e+00
   1.8170439e+00
   1.5672042e+00
   1.3958997e+00
   1.3881869e+00
   1.3374006e+00
   1.3446665e+00
   1.3621343e+00
   1.2905392e+00
   1.2879824e+00
   1.2768019e+00
   1.1427948e+00
   1.1266594e+00
   1.1294423e+00
   1.0917110e+00
   1.1885098e+00
   1.3213824e+00
   1.3009812e+00
   1.3121522e+00
   1.3124292e+00
   1.3166539e+00
   1.3447965e+00
   1.3327330e+00
   1.4147762e+00
   1.3705474e+00
   1.3823845e+00
   1.2405109e+00
   1.6197701e+00
   1.8375996e+00
   1.8020023e+00
   1.7295166e+00
   1.7091741e+00
   2.2945342e+00
   2.5881221e+00
   2.5653178e+00
   2.3611229e+00
   2.2506237e+00
   3.0806586e+00
   2.8437478e+00
   2.8483049e+00
   2.4392532e+00
   2.2290069e+00
   2.1821528e+00
   2.1389852e+00
   2.2539064e+00
   2.4154003e+00
   2.7633707e+00
   2.3524093e+00
   2.2837506e+00
   2.2431745e+00
   2.0830782e+00
   1.8954717e+00
   1.7543295e+00
   1.7903755e+00
   1.7811486e+00
   1.8621340e+00
   2.2519945e+00
   1.7923332e+00
   1.1847612e+00
   8.6121428e-01
   7.8662475e-01
   7.4187707e-01
   7.2960552e-01
   7.8818578e-01
   1.0300221e+00
   9.2969358e-01
   8.5525215e-01
   7.5338588e-01
   4.1706475e-01
   3.3612468e-01
   3.4494984e-01
   4.8643878e-01
   4.8250617e-01
   5.0234150e-01
   4.3125756e-01
   2.8735813e-01
   3.0752751e-01
   3.0614879e-01
   3.6131242e-01
   4.6735093e-01
   6.9481949e-01
   7.1028689e-01
   9.5649333e-01
   9.3214347e-01
   1.0321548e+00
   1.6060875e+00
   1.7631528e+00
   1.3065212e+00
   1.5355719e+00
   1.2965648e+00
   1.7616896e+00
   1.6803639e+00
   1.3574213e+00
   1.1021037e+00
   1.2615632e+00
   9.9637246e-01
   1.0279326e+00
   1.0184029e+00
   9.2353565e-01
   6.3710430e-01
   7.7563784e-01
   7.3452579e-01
   4.9051607e-01
   1.0384709e-01
  -2.4134729e-01
  -4.4071217e-01
  -5.7081644e-01
  -5.8698555e-01
  -5.9573309e-01
  -6.1156845e-01
  -6.8987571e-01
  -6.9745569e-01
  -7.8828779e-01
  -8.2505678e-01
  -6.1841497e-01
  -3.7570217e-01
  -3.7425708e-01
  -3.1473802e-01
  -1.7490200e-01
   6.6779053e-02
   1.8803502e-01
   6.2805581e-01
   3.7815223e-01
   4.0556636e-01
   3.7851898e-01
   4.9107791e-01
   4.9679699e-01
   5.7768163e-01
   8.1860262e-01
   8.2413549e-01
   6.5358956e-01
   8.4442547e-01
   7.2436416e-01
   6.6262672e-01
   6.7151359e-01
   6.5131901e-01
   8.1919495e-01
   7.7050714e-01
   6.7324483e-01
   6.3680960e-01
   6.2881856e-01
   5.9871702e-01
   3.1855186e-01
   3.8680518e-02
  -3.6650343e-01
  -5.4331856e-01
  -7.1173810e-01
  -7.0725547e-01
  -5.9357128e-01
  -4.2693916e-01
  -6.0312437e-01
  -8.0625869e-01
  -3.9121911e-01
  -1.4352198e-01
  -5.0882717e-01
  -6.5499528e-01
  -7.2567724e-01
  -7.2477661e-01
   5.5780159e-03
   4.7342951e-01
   6.6719565e-01
   6.1499222e-01
   1.0798957e+00
   1.1859557e+00
   1.1338536e+00
   1.2266132e+00
   1.3030050e+00
   1.3368905e+00
   1.4208288e+00
   1.4083724e+00
   1.3915634e+00
   1.3752344e+00
   1.3657365e+00
   1.3734185e+00
   1.3579316e+00
   1.3899784e+00
   1.3907924e+00
   1.3855253e+00
   1.3929600e+00
   1.3824065e+00
   1.3733204e+00
   1.3980651e+00
   1.4527793e+00
   1.5806659e+00
   1.4376033e+00
   1.3834169e+00
   1.3535691e+00
   1.3454371e+00
   1.3904521e+00
   1.4396502e+00
   1.4648368e+00
   1.4295994e+00
   1.4200909e+00
   1.4019807e+00
   1.4098233e+00
   1.4742366e+00
   1.4471436e+00
   1.4722388e+00
   1.3619567e+00
   1.3001238e+00
   1.3376002e+00
   1.2789099e+00
   1.3116762e+00
   1.3923285e+00
   1.4181856e+00
   1.4320892e+00
   1.6827677e+00
   1.6543981e+00
   1.6335535e+00
   1.6565404e+00
   1.6439232e+00
   1.6281904e+00
   1.6323458e+00
   1.9117633e+00
   1.7823313e+00
   1.3912928e+00
   1.3677528e+00
   1.3637303e+00
   1.3808580e+00
   1.0192390e+00
   9.3701243e-01
   6.3612120e-01
   6.6833702e-01
   8.1579556e-01
   8.0386350e-01
   8.6413650e-01
   1.1772169e+00
   1.3376881e+00
   1.2522444e+00
   1.1267316e+00
   1.2110127e+00
   1.0133325e+00
   9.4793383e-01
   9.2779225e-01
   1.0858840e+00
   1.1592709e+00
   1.3104500e+00
   9.6218445e-01
   9.3145054e-01
   8.8658802e-01
   9.0956675e-01
   8.5545273e-01
   7.7910506e-01
   7.9437887e-01
   7.4293341e-01
   8.3110115e-01
   6.5561421e-01
   8.5742769e-01
   6.0565504e-01
   4.3385620e-01
   4.3404355e-01
   4.3955667e-01
   4.3123396e-01
   7.0260413e-01
   7.2058233e-01
   5.3793485e-01
   4.6225951e-01
   5.5845011e-01
   7.5535200e-01
   1.1339551e+00
   6.8809201e-01
   6.9320740e-01
   6.6274064e-01
   7.0122752e-01
   8.4173081e-01
   6.8038720e-01
   9.5276419e-01
  -1.6921855e+00
  -9.1865771e-01
  -7.9238565e-01
  -1.7153076e+00
  -4.0211471e-01
   2.4083668e-02
  -1.0547456e-01
  -3.3484956e-01
   2.2797249e-01
  -1.3378254e-01
  -1.3651876e-03
   3.2589332e-02
   2.4798984e-02
   4.5042053e-02
   6.3865007e-02
   1.1253673e-01
   1.8347031e-01
   3.0846339e-01
   2.0408610e-01
   1.3258836e-01
   4.8305463e-01
   3.8841100e-01
   3.7497990e-01
   4.1409714e-01
   5.3452095e-01
  -2.1192477e-01
   6.2138150e-01
  -2.0388555e-01
  -4.6059553e-01
  -3.8278460e-01
  -5.1679449e-01
  -5.9177803e-01
  -5.8225546e-01
  -5.7516611e-01
  -4.5950330e-01
  -5.3354802e-01
  -5.4633788e-01
  -4.8454487e-01
  -4.1161459e-01
  -3.5114052e-01
   8.5183879e-02
   2.7510003e-01
  -2.1262777e-01
  -4.0867846e-02
  -2.6295364e-02
  -5.4569932e-02
  -7.3568437e-02
  -4.6851302e-02
  -1.6549576e-03
   1.2897556e-01
   3.3792399e-01
   4.8501340e-01
   7.3150313e-01
   1.0775619e+00
   1.1153265e+00
   8.4113733e-01
   6.3590651e-01
   5.6731259e-01
   5.4304256e-01
   5.7017313e-01
   6.7111335e-01
   9.3313810e-01
   1.3228317e+00
   1.9612306e+00
   1.6684645e+00
   1.5459091e+00
   1.4968950e+00
   8.7766465e-01
   6.7278498e-01
   6.3436363e-01
   5.2136048e-01
   5.4949726e-01
   8.4654939e-01
   1.0148409e+00
   1.0483757e+00
   1.1089117e+00
   1.0999948e+00
   1.0989860e+00
   1.0339048e+00
   9.1552680e-01
   9.6419719e-01
   9.4083014e-01
   9.3769013e-01
   9.3829412e-01
   9.0751837e-01
   9.1749206e-01
   9.9231620e-01
   1.0855983e+00
   8.6961754e-01
   5.6438995e-01
   5.8215690e-01
   5.3813331e-01
   6.9988855e-01
   9.0678499e-01
   8.3387698e-01
   8.8733950e-01
   7.1451754e-01
   6.8425793e-01
   7.0388243e-01
   7.6161705e-01
   8.2040684e-01
   1.0702015e+00
   1.2080700e+00
   1.9531795e+00
   2.0054608e+00
   1.6099397e+00
   1.5333506e+00
   1.5295760e+00
   1.5311314e+00
   1.5733056e+00
   1.6975650e+00
   2.1113432e+00
   1.7897054e+00
   1.1922203e+00
   5.8411909e-01
   7.0162255e-02
   5.8827544e-02
   6.2104763e-02
   1.3925084e-01
   5.2013472e-01
   1.0352337e+00
   1.6179100e+00
   1.7895812e+00
   2.0886496e+00
   2.0308194e+00
   1.8798486e+00
   1.7330032e+00
   1.7156632e+00
   1.5980932e+00
   1.6357225e+00
   1.6214430e+00
   1.7546908e+00
   1.9468011e+00
   2.0523691e+00
   2.3098961e+00
   2.0530466e+00
   1.8100164e+00
   1.5824442e+00
   1.4567931e+00
   1.4437888e+00
   1.4392050e+00
   1.5315648e+00
   1.8818616e+00
   2.4974977e+00
   1.5959143e+00
   1.2139120e+00
   8.3574545e-01
   5.8472213e-01
   5.8773788e-01
   6.7192865e-01
   5.9472951e-01
   6.2698833e-01
   6.6053586e-01
   6.2646482e-01
   6.2550693e-01
   5.6782777e-01
   5.7447440e-01
   7.4226935e-01
   7.4812802e-01
   6.9772507e-01
   6.9749427e-01
   6.5068243e-01
   6.0980899e-01
   6.6369476e-01
   6.4739333e-01
   6.4683651e-01
   6.7713168e-01
   6.7983047e-01
   6.8326531e-01
   6.6068822e-01
   6.5308521e-01
   5.5964069e-01
   6.7848660e-01
   6.4987237e-01
   5.4855324e-01
   5.3257287e-01
   5.2687086e-01
   5.2794087e-01
   5.2894257e-01
   5.3366661e-01
   5.2752321e-01
   5.6268463e-01
   5.9764257e-01
   5.8220578e-01
   5.8281803e-01
   5.8017069e-01
   5.2478433e-01
   3.9813165e-01
   3.9672800e-01
   3.7869732e-01
   3.9429692e-01
   2.3330183e-01
   1.8946805e-01
   2.3566925e-01
   1.6419920e-01
   8.6535605e-02
  -1.1969138e-01
  -1.7517300e-01
  -2.2748931e-01
  -2.3387591e-01
  -2.2360381e-01
  -2.6187725e-01
  -2.8212258e-01
  -1.7055346e-01
   1.3587146e-03
   5.7377702e-02
   2.8906769e-02
   5.9815570e-02
   3.5350246e-01
   3.7236561e-01
   7.6966585e-01
   9.0324037e-01
   7.0465388e-01
   6.2149566e-01
   6.2049106e-01
   7.8325904e-01
  -2.0119625e-01
  -5.4064833e-01
  -5.9131424e-01
  -6.5401462e-01
  -2.9592118e-01
  -1.9531315e-01
  -5.4052985e-01
  -4.9891522e-01
  -1.6864892e-01
  -2.6437477e-01
  -5.8811820e-02
  -2.2479155e-03
   6.3349091e-02
   1.8246543e-01
   6.8227003e-01
   4.4608467e-01
   4.1136203e-01
   8.8272575e-02
   1.5187310e-01
   1.0789820e-01
  -1.3154126e-02
  -1.0437065e-02
  -9.4921598e-02
  -3.4305055e-02
   6.1150046e-01
   6.5408288e-01
   2.8910857e-01
   9.3225752e-02
   8.5183661e-02
  -1.6644873e-01
  -2.0801698e-01
  -1.6700746e-01
   4.5822590e-01
   4.9643958e-01
   6.6147348e-01
   6.4556659e-01
   5.8792049e-01
   2.8775372e-01
   1.2567648e-01
   1.0889739e-01
   6.3579593e-02
   6.5433000e-02
   1.1695439e-01
   6.3503314e-02
   4.7333908e-02
   2.4560217e-01
   4.2847949e-01
   5.1741182e-01
   3.4695582e-01
   3.7664886e-01
   1.1867059e-01
   7.8080193e-03
  -3.6410684e-01
  -4.4698046e-01
  -7.0238416e-01
  -8.1653128e-01
  -7.5404533e-01
  -6.3353793e-01
  -3.1695823e-01
  -1.1892039e-01
   1.6457178e-03
   3.9023640e-01
   6.2789704e-01
   1.0620641e+00
   1.2996865e+00
   1.1683530e+00
   1.2078188e+00
   1.2771714e+00
   1.1176193e+00
   1.0288611e+00
   9.5811799e-01
   9.6236379e-01
   9.5866022e-01
   1.1187907e+00
   1.1643210e+00
   1.3459095e+00
   1.4035398e+00
   1.1059520e+00
   4.0377269e-01
   6.6911661e-02
  -3.9398729e-01
  -7.3455295e-01
  -7.3292436e-01
  -4.2711822e-01
   1.1560537e-01
   7.0790447e-01
   9.9859433e-01
   1.1320026e+00
   1.0899345e+00
   1.0747221e+00
   1.0760876e+00
   9.4956133e-01
   8.8920146e-01
   7.8307410e-01
   7.6019818e-01
   7.9322359e-01
   8.6515145e-01
   8.8586279e-01
   9.6054410e-01
   1.2137543e+00
   1.6071701e+00
   1.8523081e+00
   1.4205692e+00
   1.2769987e+00
   1.0629781e+00
   1.0313325e+00
   9.9993861e-01
   1.0099322e+00
   1.0107224e+00
   1.0790053e+00
   1.2672340e+00
   1.2837574e+00
   1.2513409e+00
   1.1343532e+00
   9.9789986e-01
   8.6356850e-01
   8.0643779e-01
   8.0982620e-01
   8.0926390e-01
   8.0489009e-01
   8.0826673e-01
   8.0010280e-01
   7.3841878e-01
   3.6174697e-01
   5.2125835e-02
  -3.1812333e-01
  -3.9722301e-01
  -1.5037868e-01
   3.9075098e-01
   4.6240473e-01
   5.7883973e-01
   8.1605037e-01
   7.0912229e-01
   5.4120310e-01
   3.4920206e-01
   3.8893262e-01
   4.1496305e-01
   4.4887132e-01
   5.2268023e-01
   5.5537659e-01
   5.3821288e-01
   4.7912578e-01
   4.7949506e-01
   5.0195437e-01
   5.0513239e-01
   5.7729326e-01
   7.4395401e-01
   9.5039957e-01
   1.3303642e+00
   1.6381110e+00
   1.9207711e+00
   2.2696651e+00
   1.8306456e+00
   1.6835684e+00
   1.5185549e+00
   1.4918565e+00
   1.3869383e+00
   1.6872274e+00
   1.8194776e+00
   1.7495677e+00
   1.5646175e+00
   1.5225555e+00
   1.5574096e+00
   1.6223544e+00
   1.6063135e+00
   1.6902951e+00
   1.3049522e+00
   1.2905257e+00
   1.2037464e+00
   1.1476935e+00
   1.2381737e+00
   1.1544231e+00
   6.3711756e-01
   4.4049373e-01
   3.8943300e-01
   4.8973769e-01
   6.8736968e-01
   8.7096830e-01
   8.7257086e-01
   8.8506305e-01
   8.7500881e-01
   8.7604465e-01
   8.8300476e-01
   8.7821313e-01
   8.4287108e-01
   8.9878139e-01
   7.4641532e-01
   6.6291163e-01
   9.2216861e-01
   1.2611323e+00
   1.4206077e+00
   1.4706318e+00
   1.4635050e+00
   1.5438102e+00
   1.7302360e+00
   1.6906158e+00
   1.6504452e+00
   1.5863836e+00
   1.5478712e+00
   1.3941353e+00
   1.2053959e+00
   1.1215123e+00
   1.0881126e+00
   1.0494886e+00
   1.0658439e+00
   1.1824000e+00
   1.4818883e+00
   1.5725792e+00
   1.5765875e+00
   1.3882989e+00
   1.3600986e+00
   1.0816844e+00
   8.5427679e-01
   6.1933455e-01
   3.6597621e-01
   3.5037423e-01
   3.6445483e-01
   3.2519125e-01
   2.7892619e-01
   1.9855164e-01
   3.5799589e-01
   3.6080971e-01
   3.6151658e-01
   3.6254629e-01
   2.4145964e-01
   2.9072578e-01
   2.8907227e-01
   2.9591241e-01
   3.3838199e-01
   4.2126239e-01
   4.1583128e-01
   3.4769175e-01
   9.0761212e-01
   1.0769616e+00
   1.0094241e+00
   1.0337318e+00
   8.0101720e-01
   8.2412684e-01
   8.6499040e-01
   9.0414745e-01
   7.8218884e-01
   1.0354275e+00
   1.2235715e+00
   1.2034827e+00
   1.2297758e+00
   9.5628738e-01
   7.3955625e-01
   5.9185754e-01
   4.7394854e-01
   2.7152143e-01
  -1.1337705e-02
  -1.6658500e-01
  -2.2428012e-01
  -4.5485517e-02
   1.6592984e-01
   1.7378486e-01
   2.0345858e-01
  -6.9521212e-02
  -2.0925702e-01
  -2.4768262e-01
  -2.9093742e-01
  -3.1811609e-01
  -2.9901269e-01
  -3.4953995e-01
  -3.8442419e-01
  -5.1326588e-01
  -7.6171777e-01
  -1.0796340e+00
  -1.1134552e+00
  -1.1325307e+00
  -5.2992720e-01
   1.1269681e-01
   5.4513670e-01
   9.9823052e-01
   1.6516213e+00
   1.6165728e+00
   1.5527953e+00
   1.3271415e+00
   1.1743857e+00
   1.0750390e+00
   1.0891306e+00
   1.2053136e+00
   1.3732715e+00
   1.4057877e+00
   1.3269178e+00
   1.3888260e+00
   1.6968677e+00
   2.0063147e+00
   2.4144731e+00
   1.8367912e+00
   1.8579074e+00
   1.8639068e+00
   1.7971688e+00
   1.8612598e+00
   1.6044217e+00
   1.2894775e+00
   1.1961758e+00
   1.3167795e+00
   1.6647578e+00
   1.3379464e+00
   9.0533862e-01
   6.7172533e-01
   7.0335105e-01
   1.2881777e+00
   1.7131285e+00
   1.2353596e+00
   1.1639144e+00
   1.0599781e+00
   1.0520480e+00
   1.0156473e+00
   8.3217373e-01
   7.1509045e-01
   5.2993251e-01
   4.7719799e-01
   2.6938512e-01
  -7.7503718e-02
  -2.1295707e-01
  -2.9047894e-01
  -3.9831518e-01
  -5.9155035e-01
  -7.5567486e-01
  -1.2148432e+00
  -9.8114112e-02
   2.8143059e-01
   1.5013436e-01
  -1.6365150e-02
  -2.2360577e-01
  -2.2314181e-01
  -2.0178056e-01
  -2.7776724e-01
  -2.8443372e-01
  -2.7710951e-01
  -3.0611057e-01
  -3.0209963e-01
  -2.6092681e-01
  -3.0276020e-01
  -5.0869698e-01
  -6.1942984e-01
  -5.4126279e-01
  -3.8744939e-01
  -1.3875554e-01
   7.8087800e-02
   1.6061499e-01
   2.6846438e-01
   5.0024581e-01
   7.0589700e-01
   7.1885452e-01
   7.6483350e-01
   8.7001921e-01
   8.6099888e-01
   8.5856261e-01
   8.8079201e-01
   8.8845326e-01
   8.5508633e-01
   8.4114106e-01
   8.3736965e-01
   6.5643524e-01
   5.1441234e-01
   5.7236657e-01
   4.8788888e-01
   3.9667456e-01
   3.3468696e-01
   3.0272453e-01
   1.4037313e-01
   1.8155805e-01
   2.6913410e-01
   2.8667818e-01
   3.1251625e-01
   3.1694548e-01
   3.5437776e-01
   4.6775625e-01
   7.3557441e-01
   1.1456147e+00
   1.2513573e+00
   1.2685050e+00
   1.2691402e+00
   1.2957559e+00
   1.3101825e+00
   1.2444716e+00
   1.2645745e+00
   1.2638898e+00
   1.2619980e+00
   1.2663520e+00
   1.2826266e+00
   1.2170216e+00
   1.2318906e+00
   1.4078082e+00
   1.2269447e+00
   1.1527420e+00
   9.0534102e-01
   7.3773560e-01
   6.9042336e-01
   6.9164089e-01
   7.2618076e-01
   7.5127530e-01
   6.3323218e-01
   5.4983306e-01
   4.8028836e-01
   4.3599113e-01
   4.2921651e-01
   4.1965369e-01
   4.1092790e-01
   3.4483127e-01
   2.9449947e-01
   1.4118113e-01
  -2.5146658e-03
  -1.4666915e-02
   1.6945725e-01
   1.3401175e-01
   4.1536335e-02
  -1.5418475e-01
  -5.6780449e-01
  -6.3895492e-01
  -3.3736159e-01
   1.5091962e-02
   9.1283469e-02
   3.8475801e-01
   5.8988450e-01
   5.1278262e-01
   6.1966611e-01
   3.4077118e-01
   3.2871691e-01
   4.8556190e-01
   6.2070050e-01
   5.6850170e-01
   6.2726727e-01
   7.4589995e-01
   7.7742669e-01
   3.7848702e-01
   4.5917958e-01
   4.7401447e-01
   7.5562281e-01
   1.0444672e+00
   1.4646918e+00
   1.3560038e+00
   1.1996123e+00
   1.2042771e+00
   1.0602331e+00
   9.1040819e-01
   5.3586426e-01
   3.0045624e-01
  -2.1893737e-01
  -1.0728489e+00
  -7.5955108e-01
  -3.8381493e-01
  -1.0187415e-01
   2.8665109e-01
   5.7139916e-01
   8.7992570e-01
   1.6173113e+00
   1.3664198e+00
   1.2315565e+00
   1.2440881e+00
   1.0663579e+00
   6.4050726e-01
   5.5611369e-01
   5.5534542e-01
   6.4770174e-01
   7.8405906e-01
   9.2938217e-01
   1.7322296e+00
   1.6064630e+00
   1.2072101e+00
   1.2634324e+00
   1.4444813e+00
   1.3202206e+00
   1.3186471e+00
   1.2675299e+00
   1.2828941e+00
   1.1914531e+00
   1.3451469e+00
   1.5741219e+00
   1.8054071e+00
   1.8392781e+00
   1.8765515e+00
   1.7737540e+00
   1.2972794e+00
   1.2940800e+00
   1.3001071e+00
   1.3786090e+00
   1.2644682e+00
   1.3095091e+00
   1.3581893e+00
   1.2646867e+00
   1.2456418e+00
   1.2346964e+00
   1.2471641e+00
   1.2566497e+00
   1.3905538e+00
   1.4977589e+00
   1.1821038e+00
   8.9226159e-01
   5.5561640e-01
   7.0635239e-01
   6.5093227e-01
   4.2146572e-01
   3.7711948e-01
   3.7705141e-01
   3.6148838e-01
   4.2477340e-01
   4.9320723e-01
   7.1777564e-01
   7.8706390e-01
   7.6622995e-01
   8.0609126e-01
   8.7109633e-01
   6.9283331e-01
   6.4793999e-01
   6.5743187e-01
   8.3127095e-01
   6.5126472e-01
   8.4931250e-01
   1.1532475e+00
   1.4316899e+00
   1.4788207e+00
   1.4198115e+00
   1.3735523e+00
   1.3618644e+00
   1.2791976e+00
   1.1893386e+00
   1.1505068e+00
   1.1497298e+00
   1.1469125e+00
   1.1841965e+00
   1.6707392e+00
   1.2916465e+00
   1.1391030e+00
   1.1102463e+00
   1.0959765e+00
   1.0426938e+00
   1.0474714e+00
   1.0607305e+00
   7.5231639e-01
   5.1056815e-01
   3.2961665e-01
   2.4922814e-01
   2.0215209e-01
   2.3758757e-01
   3.6168195e-01
   3.2230673e-01
   3.2468060e-01
   3.4958219e-01
   3.5719580e-01
   3.9329614e-01
   4.8070395e-01
   5.1695606e-01
   6.2010696e-01
   5.7808094e-01
   5.8724404e-01
   4.1626973e-01
   5.5623292e-01
   4.9977014e-01
   8.0233585e-01
   7.0413322e-01
   8.8426849e-01
   8.4959419e-01
   9.1952929e-01
   1.3286604e+00
   9.9105248e-01
   6.5586882e-01
   7.4506238e-01
   7.8536722e-01
   7.7999604e-01
   7.8551803e-01
   9.8486989e-01
   1.1246253e+00
   8.9835235e-01
   1.1897306e+00
   1.2071672e+00
   9.5285297e-01
   8.6385008e-01
   9.3854824e-01
   1.0248107e+00
   1.0077556e+00
   1.2566066e+00
   1.6904392e+00
   1.5656175e+00
   1.6595339e+00
   1.4775397e+00
   1.5636976e+00
   1.4175044e+00
   1.1708925e+00
   1.1208404e+00
   1.1583735e+00
   1.4301113e+00
   1.8824461e+00
   1.8191937e+00
   1.8637263e+00
   1.9315581e+00
   2.0278682e+00
   2.2464266e+00
   2.4607134e+00
   1.6911707e+00
   1.5238382e+00
   1.3090490e+00
   1.2555417e+00
   1.3000412e+00
   1.3866039e+00
   1.4719350e+00
   1.7061097e+00
   1.7770764e+00
   1.7530507e+00
   1.7160967e+00
   1.7112131e+00
   1.7048022e+00
   1.7505323e+00
   1.6430996e+00
   1.4734472e+00
   1.1927893e+00
   9.7277236e-01
   3.2964421e-01
   1.6167113e-01
   3.3242471e-02
  -5.8692035e-02
  -1.1695635e-01
  -2.9651125e-01
  -8.9209799e-01
  -1.4004019e-01
  -3.4238923e-02
   4.4341788e-01
   5.9967230e-01
   6.4784034e-01
   6.6925165e-01
   8.2525698e-01
   1.0514314e+00
   1.5833009e+00
   1.6659963e+00
   1.9686926e+00
   2.0618029e+00
   1.6516477e+00
   1.7029007e+00
   1.8030732e+00
   1.7989034e+00
   1.8019132e+00
   1.7696708e+00
   1.4299326e+00
   1.0741769e+00
   8.2845028e-01
   7.7300696e-01
   9.6092069e-01
   1.3618308e+00
   1.6791805e+00
   1.7888665e+00
   1.4973494e+00
   1.4897180e+00
   1.5860710e+00
   1.5538891e+00
   1.5305090e+00
   1.5340864e+00
   1.5436365e+00
   1.6989913e+00
   1.7114323e+00
   1.5129413e+00
   1.4584099e+00
   1.4326659e+00
   1.4394719e+00
   1.6545502e+00
   1.6916649e+00
   1.5468777e+00
   1.4118434e+00
   1.2740248e+00
   1.1228233e+00
   7.3187527e-01
   4.9209839e-01
   1.4857139e-01
   2.6053696e-02
   1.5195087e-01
   6.8694314e-01
   6.7694307e-01
   7.9574227e-01
   8.1232033e-01
   8.6500198e-01
   8.4679502e-01
   7.8090946e-01
   6.0744657e-01
   5.0219272e-01
   4.8428796e-01
   5.1669042e-01
   6.2196700e-01
   5.9744728e-01
   7.0325473e-01
   7.1282839e-01
   9.0798553e-01
   1.7214446e+00
   1.6593274e+00
   1.2374777e+00
   1.3683821e+00
   1.5389714e+00
   1.6141002e+00
   1.4827827e+00
   1.3853740e+00
   1.3510304e+00
   1.3387684e+00
   1.2577131e+00
   1.2326559e+00
   1.0343798e+00
   1.1041303e+00
   1.1037718e+00
   1.0033569e+00
   9.8561143e-01
   9.2451932e-01
   8.9461014e-01
   9.1063067e-01
   1.0511918e+00
   1.3140657e+00
   1.6064373e+00
   1.6402804e+00
   1.5301315e+00
   1.5261760e+00
   1.5635247e+00
   1.6166085e+00
   1.5986264e+00
   1.6869191e+00
   1.7155672e+00
   1.6954286e+00
   1.5624527e+00
   1.4634501e+00
   1.4107866e+00
   1.3731288e+00
   1.4240341e+00
   1.2499471e+00
   1.3872723e+00
   1.5633950e+00
   1.7448642e+00
   1.7430020e+00
   1.7941031e+00
   2.1255917e+00
   2.1701732e+00
   2.2948890e+00
   2.3915464e+00
   2.2769169e+00
   2.4004001e+00
   2.4200071e+00
   2.2952033e+00
   2.2632997e+00
   2.2873308e+00
   2.1599761e+00
   2.2223507e+00
   1.9283389e+00
   1.7783787e+00
   1.7242618e+00
   1.7192305e+00
   1.4888016e+00
   1.2902768e+00
   1.1265255e+00
   1.1073084e+00
   1.0878106e+00
   1.0322011e+00
   1.0364068e+00
   1.0364393e+00
   9.7300424e-01
   9.7385828e-01
   9.8772351e-01
   9.8162926e-01
   9.2678543e-01
   8.9734408e-01
   8.5324251e-01
   8.4802095e-01
   8.9411258e-01
   1.0160293e+00
   1.0372380e+00
   1.0305946e+00
   1.0673113e+00
   1.0671521e+00
   1.0745738e+00
   1.0740220e+00
   1.0323807e+00
   8.5291930e-01
   7.0391167e-01
   7.8665283e-01
   8.0066070e-01
   7.4178818e-01
   7.3558887e-01
   7.2494811e-01
   7.3033937e-01
   6.6773262e-01
   4.8081402e-01
   3.9848049e-01
   3.9174379e-01
   4.4666861e-01
   4.5137766e-01
   4.4560366e-01
   4.6476223e-01
   4.0730995e-01
   3.7022919e-01
   2.1850620e-01
   3.5980014e-02
  -1.4987145e-01
  -2.1937687e-01
  -2.5727323e-01
  -2.8569817e-01
  -3.5166256e-01
  -4.1093556e-01
  -4.6258058e-01
  -5.4908344e-01
  -5.9076986e-01
  -5.8796164e-01
  -5.9375971e-01
  -5.7724389e-01
  -4.9618326e-01
  -2.4152494e-01
  -2.1715163e-01
  -1.9292476e-01
  -2.0154506e-01
  -1.9453883e-01
  -1.2898280e-02
   5.7072871e-02
   5.9487341e-02
  -8.5481603e-02
  -2.1389797e-01
  -2.1392513e-01
  -1.6055840e-01
  -1.2316855e-01
  -1.0443997e-01
  -3.6571883e-03
   4.4158561e-02
   4.6399658e-02
   5.9365436e-02
   7.9947766e-02
   6.2992519e-02
  -7.9177433e-02
   7.1145030e-02
   4.9333516e-02
  -8.8938060e-04
  -1.6084471e-02
   3.9837038e-02
   4.2489800e-02
   6.5251183e-02
   7.8913154e-02
   7.7780630e-02
  -4.7714402e-02
   3.5256699e-02
   3.1750324e-01
   4.0402098e-01
   4.8751019e-01
   5.1849472e-01
   4.7349670e-01
   4.3549713e-01
   4.1210575e-01
   2.9978917e-01
   2.1967911e-01
   1.1994251e-01
   9.1439752e-02
   2.0822465e-01
   3.2971795e-01
   6.6083682e-01
   9.8000281e-01
   8.8731974e-01
   8.8305954e-01
   6.8962539e-01
   5.0385775e-01
   9.3979875e-01
   9.0249201e-01
   8.9192218e-01
   9.7762976e-01
   1.1963422e+00
   6.0915304e-01
   6.0394771e-01
   5.6522565e-01
   6.9872636e-01
   9.1821564e-01
   7.6408070e-01
   7.8108570e-01
   4.4066296e-01
   4.0439855e-01
   5.0301409e-01
   6.7623815e-01
   7.6468921e-01
   8.9727606e-01
   1.1171398e+00
   1.3166561e+00
   1.4336218e+00
   1.4469658e+00
   1.5260366e+00
   1.1478996e+00
   9.6119857e-01
   6.8412705e-01
   5.4523757e-01
   6.0009633e-01
   8.8921983e-01
   8.8493513e-01
   8.9848572e-01
   1.1757766e+00
   1.4136632e+00
   1.5556052e+00
   1.4821725e+00
   1.3029967e+00
   1.2239557e+00
   1.2328952e+00
   1.2960074e+00
   1.3640501e+00
   1.6393759e+00
   1.7641609e+00
   1.6993506e+00
   1.6337641e+00
   1.1848386e+00
   8.4606684e-01
   7.1016506e-01
   6.0321479e-01
   5.4234867e-01
   6.3294539e-01
   7.9520508e-01
   8.5210861e-01
   1.0253561e+00
   1.2036391e+00
   1.0446144e+00
   1.0141614e+00
   8.3351964e-01
   3.5449006e-01
   8.0809987e-02
  -8.7953880e-02
  -2.0108939e-01
  -3.4012114e-01
  -5.5450038e-01
  -4.7016123e-01
  -8.0586066e-02
   5.5499113e-01
   7.5250770e-01
   1.1180133e+00
   1.2927738e+00
   1.0775046e+00
   9.5326233e-01
   9.6133683e-01
   7.7337504e-01
   6.1161528e-01
   7.7237815e-01
   5.8894024e-01
   5.4775309e-01
   5.2911967e-01
   3.7491318e-01
   2.9539489e-01
   2.7753004e-01
   2.7365826e-01
   3.0453924e-01
   3.1061394e-01
   1.4683337e-01
   1.1487573e-01
  -3.0156938e-02
   3.9707452e-02
  -2.1005649e-02
  -5.2259533e-02
  -5.2081176e-02
  -1.3533027e-01
  -2.6876694e-01
  -2.5902795e-01
  -2.1698576e-01
  -1.7765294e-01
  -1.6899539e-01
   2.0701423e-02
   1.6395529e-01
   3.2195966e-01
   1.9879343e-01
   5.5330732e-01
   5.3735127e-01
   5.7811134e-01
   5.4942985e-01
   6.2999854e-01
   5.9569119e-01
   8.1529101e-01
   8.5974138e-01
   1.1359515e+00
   1.2877461e+00
   1.3526083e+00
   1.6138848e+00
   1.6048139e+00
   1.4072276e+00
   1.2205998e+00
   9.8942941e-01
   7.8482509e-01
   9.6437345e-01
   1.3988378e+00
   1.5642613e+00
   1.5834026e+00
   1.5681305e+00
   1.4519571e+00
   1.4408300e+00
   1.4589609e+00
   1.4964246e+00
   1.6172174e+00
   1.7044443e+00
   1.6809556e+00
   1.6672901e+00
   1.6585301e+00
   1.7611213e+00
   1.5936893e+00
   1.5040840e+00
   1.6612376e+00
   1.6776382e+00
   1.6918711e+00
   1.7007145e+00
   1.9034598e+00
   2.0363508e+00
   2.1489851e+00
   2.2981819e+00
   2.0080085e+00
   1.4777847e+00
   1.3682793e+00
   1.1188513e+00
   1.1084102e+00
   1.1019104e+00
   1.1960415e+00
   1.4311787e+00
   1.5743408e+00
   1.6459359e+00
   1.6434211e+00
   1.6503124e+00
   1.7499225e+00
   1.7063164e+00
   1.7051756e+00
   1.5256885e+00
   1.4164588e+00
   1.3389464e+00
   1.3696017e+00
   1.4261150e+00
   1.2882331e+00
   1.2967156e+00
   1.3235237e+00
   1.3827286e+00
   1.2758179e+00
   1.2446787e+00
   1.2323068e+00
   1.2903081e+00
   1.4292798e+00
   1.4242642e+00
   1.4813823e+00
   1.4852101e+00
   1.3026789e+00
   1.2637323e+00
   1.2288865e+00
   1.2212157e+00
   1.2364262e+00
   1.2730836e+00
   1.2393464e+00
   1.2131309e+00
   1.2017965e+00
   1.1231316e+00
   1.2284760e+00
   1.4040882e+00
   1.5566923e+00
   1.6333511e+00
   1.6716808e+00
   1.5867869e+00
   1.6043511e+00
   1.4823936e+00
   1.3723330e+00
   1.3366789e+00
   1.3908926e+00
   1.5938759e+00
   2.2459250e+00
   2.6701547e+00
   2.2236190e+00
   1.8666794e+00
   1.7142272e+00
   1.4902983e+00
   1.7373019e+00
   1.9447979e+00
   2.0667390e+00
   2.0773784e+00
   2.4680871e+00
   2.6794816e+00
   2.5170625e+00
   2.3664812e+00
   1.9900081e+00
   1.8976040e+00
   2.1380800e+00
   1.9493411e+00
   1.6273714e+00
   1.6151054e+00
   1.9971419e+00
   1.9043788e+00
   1.5201756e+00
   1.4491837e+00
   1.4597392e+00
   1.5283019e+00
   1.7159589e+00
   1.9907728e+00
   2.0827177e+00
   2.0800288e+00
   2.0572023e+00
   1.9299747e+00
   1.5189309e+00
   1.2352821e+00
   1.1348262e+00
   1.2454903e+00
   1.4445393e+00
   1.4373701e+00
   1.6023732e+00
   1.8886916e+00
   2.2908376e+00
   2.3327440e+00
   1.3759741e+00
   5.9221766e-01
   1.0706750e-01
  -1.9783585e-01
  -2.3422645e-01
   1.0228164e-01
   6.5012033e-01
   1.1477884e+00
   1.9667998e+00
   2.4839555e+00
   2.4143125e+00
   1.6002603e+00
   1.1347186e+00
   8.9365672e-01
   3.9671014e-01
   8.0682301e-04
   7.1412541e-01
   1.0289004e+00
   1.6802040e+00
   2.2491611e+00
   2.4777770e+00
   3.1812323e+00
   2.5838261e+00
   2.4916414e+00
   2.5062671e+00
   2.6745991e+00
   3.0762111e+00
   3.0977141e+00
   3.0471570e+00
   2.9656183e+00
   2.9405916e+00
   3.3406019e+00
   2.5416381e+00
   2.1528620e+00
   1.9570318e+00
   1.8359866e+00
   1.7893600e+00
   1.8838386e+00
   2.3146130e+00
   1.8599804e+00
   1.3017045e+00
   1.0629125e+00
   1.0108165e+00
   1.0528491e+00
   1.1535753e+00
   1.1367357e+00
   1.0630866e+00
   1.2064091e+00
   1.2192261e+00
   1.2560006e+00
   1.1274686e+00
   9.6367223e-01
   8.4168044e-01
   8.0372872e-01
   7.1746873e-01
   6.9699787e-01
   7.0371292e-01
   6.1892287e-01
   7.8023385e-01
   7.3876133e-01
   5.9410739e-01
   3.8251596e-01
   4.1034608e-01
   5.1653686e-01
   8.1694907e-01
   6.7190483e-01
   6.0880441e-01
   7.2375934e-01
   7.2747663e-01
   7.3690161e-01
   7.2177111e-01
   5.4086752e-01
   4.1840317e-01
   4.5585884e-01
   3.7548790e-01
   3.2056007e-01
   3.3844796e-01
   3.8774175e-01
   4.0750399e-01
   4.1385855e-01
   3.0874349e-01
   6.6124032e-01
   8.8535049e-01
   7.6670194e-01
   4.3199657e-01
   2.6131638e-01
  -9.2027720e-02
   5.5838987e-01
   1.4934699e+00
   1.3362791e+00
   1.2535753e+00
   1.2742696e+00
   1.2769023e+00
   1.3940083e+00
   1.2524188e+00
   1.5162017e+00
   1.2768888e+00
   1.1885656e+00
   1.1699254e+00
   1.1660319e+00
   1.1401720e+00
   1.2279240e+00
   1.3493497e+00
   1.3362365e+00
   1.2120745e+00
   1.5172598e+00
   1.9426718e+00
   1.7475505e+00
   1.6176425e+00
   1.6265902e+00
   1.7669042e+00
   1.7387331e+00
   1.7201926e+00
   1.6237034e+00
   1.5624683e+00
   1.5728768e+00
   1.8035460e+00
   2.0247310e+00
   1.7968550e+00
   1.5627179e+00
   1.2501100e+00
   9.9315316e-01
   7.2189035e-01
   4.8654355e-02
  -2.8156108e-02
   8.0555906e-02
   3.8429709e-01
   6.4223260e-01
   7.3819711e-01
   8.9856184e-01
   1.0430635e+00
   1.1105313e+00
   1.0850185e+00
   8.7306418e-01
   9.0495708e-01
   6.0439143e-01
   7.8265150e-01
   7.5796885e-01
   8.0978850e-01
   9.9958131e-01
   1.4062459e+00
   2.4288736e+00
   1.1978600e+00
   6.3834401e-01
   7.0386199e-01
   5.0208179e-01
   4.7931092e-01
   5.7317734e-01
   6.5172403e-01
   2.4141495e-01
   1.6785324e-01
   3.2257428e-01
   2.3841942e-01
  -6.7806702e-02
  -3.8528666e-01
  -1.0014708e+00
  -1.3245166e+00
  -1.5376243e+00
  -1.1084743e+00
  -2.5906243e-01
   5.1092972e-01
   2.4796394e+00
   1.7584285e+00
   1.7497810e+00
   1.8069460e+00
   1.8344177e+00
   1.4768918e+00
   1.4022129e+00
   1.3902173e+00
   1.5611650e+00
   1.4171821e+00
   1.5990568e+00
   1.6152951e+00
   1.7990562e+00
   1.8530324e+00
   1.9665397e+00
   2.3742075e+00
   2.4927474e+00
   2.5542382e+00
   2.6183657e+00
   1.8872067e+00
   1.1531187e+00
   8.2168834e-01
   7.6505427e-01
   4.8497607e-01
   2.1470424e-01
   8.0273733e-01
   1.1024124e+00
   1.1959063e+00
   1.2958002e+00
   2.6625153e+00
   2.2792253e+00
   1.7792356e+00
   1.5042311e+00
   1.4064944e+00
   1.4005172e+00
   1.3861779e+00
   1.4299700e+00
   1.5406924e+00
   1.8229848e+00
   1.8698686e+00
   1.8189168e+00
   1.9294013e+00
   1.7383421e+00
   1.7763827e+00
   1.5123272e+00
   1.4691007e+00
   1.4635188e+00
   1.3782266e+00
   1.1418438e+00
   1.1186378e+00
   1.0919567e+00
   1.0803778e+00
   1.1591709e+00
   1.4055254e+00
   1.7316166e+00
   1.3326296e+00
   1.2945234e+00
   1.3477047e+00
   1.3614322e+00
   1.3990255e+00
   1.4107858e+00
   1.4101295e+00
   1.4068118e+00
   1.4795671e+00
   1.5596651e+00
   1.5461565e+00
   1.5748356e+00
   1.6100205e+00
   1.6535370e+00
   1.6492373e+00
   1.6060326e+00
   1.4827501e+00
   1.4135320e+00
   1.4720347e+00
   1.5184988e+00
   1.6138467e+00
   1.5200629e+00
   1.5591984e+00
   1.5540780e+00
   1.5193207e+00
   1.4923948e+00
   1.4691675e+00
   1.4803388e+00
   1.4772922e+00
   1.4641182e+00
   1.4656037e+00
   1.4721963e+00
   1.4592410e+00
   1.4126112e+00
   1.3669206e+00
   1.2377619e+00
   9.7072024e-01
   5.1512697e-01
   2.6472288e-01
   1.8430573e-01
   2.3220411e-01
   4.8274604e-01
   6.1467207e-01
   6.4766739e-01
   6.4616688e-01
   6.4646968e-01
   6.5042250e-01
   6.4803234e-01
   6.5491246e-01
   6.9422243e-01
   6.8252783e-01
   6.5531044e-01
   7.0974199e-01
   7.4949469e-01
   7.3228405e-01
   7.6979479e-01
   7.4389938e-01
   6.8799170e-01
   5.3202861e-01
   3.4992960e-01
   3.6153199e-01
   3.6124894e-01
   3.9450856e-01
   4.5696249e-01
   4.7366039e-01
   3.5301597e-01
   2.9629003e-01
   2.6951200e-01
   2.9181061e-01
   3.0378874e-01
   1.1743164e-01
  -1.0584160e-01
  -7.0640651e-02
  -1.5478080e-01
  -1.7624562e-01
  -2.4276055e-01
  -1.8007378e-01
  -2.7787439e-01
  -3.2193115e-01
  -3.5547157e-01
  -3.3181059e-01
  -3.2072118e-01
  -2.9880477e-01
  -5.1837665e-01
  -6.5275295e-01
  -7.0282706e-01
  -7.1069518e-01
  -7.1087554e-01
  -7.5971430e-01
  -8.4191455e-01
  -7.0926487e-01
  -7.2714811e-01
  -6.4963278e-01
  -7.4160484e-01
  -6.2303919e-01
  -4.4347798e-01
  -2.6986327e-01
  -3.6790265e-01
  -3.3888207e-01
  -3.4305372e-01
  -3.3332137e-01
  -3.1065491e-01
  -2.2192148e-01
  -1.4140951e-01
  -1.8765714e-02
  -3.7664808e-02
  -3.4947304e-02
  -8.3165765e-03
   1.3649426e-01
   1.7430193e-01
   1.5482205e-01
   2.2447756e-01
   1.7075748e-01
   5.3798106e-02
   1.0565156e-02
  -5.1012096e-02
  -7.4459603e-03
   1.7333424e-01
   4.2242576e-01
   3.8373435e-01
  -1.5571649e-01
  -6.3239455e-01
  -4.0030020e-01
   2.2244710e-01
   4.4236495e-01
   7.9369043e-01
   9.4432665e-01
   1.1304563e+00
   1.1821868e+00
   1.2156516e+00
   1.2154209e+00
   1.1966405e+00
   1.1626879e+00
   9.6936251e-01
   7.8726793e-01
   6.6972254e-01
   5.3978077e-01
   6.2831119e-01
   7.5573252e-01
   1.0376668e+00
   1.5143474e+00
   2.7918955e+00
   1.9612743e+00
   1.7669998e+00
   1.5552559e+00
   1.4743661e+00
   1.4593895e+00
   1.5851673e+00
   1.7532194e+00
   2.1777718e+00
   2.3968533e+00
   2.1369852e+00
   1.6969846e+00
   1.4975470e+00
   1.0472378e+00
   4.3802058e-01
   4.5161743e-02
  -3.7800910e-02
   4.5328217e-02
   1.7937349e-01
   4.1085100e-01
   6.6623097e-01
   7.6735365e-01
   8.0157142e-01
   7.9681839e-01
   7.6205381e-01
   7.4077660e-01
   7.4590377e-01
   7.0802849e-01
   6.0081227e-01
   4.7964740e-01
   2.3412498e-01
  -3.0222733e-02
  -3.1006281e-01
  -7.8904662e-01
  -1.0208708e+00
  -1.2569913e+00
  -8.6997259e-01
  -5.6980471e-01
  -4.1111044e-01
  -3.8617773e-01
  -5.3822058e-01
  -7.9733370e-01
  -7.6710183e-01
  -4.7288488e-01
  -1.2833221e-01
   3.3135007e-01
   8.4875278e-01
   1.0970030e+00
   1.1347909e+00
   1.1621528e+00
   1.1170622e+00
   1.0034246e+00
   9.1491564e-01
   9.3936097e-01
   1.0618224e+00
   1.1165363e+00
   1.1472607e+00
   1.3138017e+00
   1.3477674e+00
   1.3161977e+00
   1.5990572e+00
   1.5149292e+00
   1.2949341e+00
   9.6975802e-01
   9.0443535e-01
   8.6758825e-01
   9.1201938e-01
   1.0223880e+00
   1.0999128e+00
   1.0930517e+00
   9.5606993e-01
   9.7068517e-01
   9.7502718e-01
   9.3357445e-01
   8.7505648e-01
   8.7105630e-01
   8.6083929e-01
   8.2807441e-01
   8.7432414e-01
   8.8485648e-01
   8.7059413e-01
   9.3856332e-01
   8.7046277e-01
   7.0731368e-01
   4.5771490e-01
   2.0213516e-01
  -2.2577882e-01
  -2.7137412e-01
  -7.6238923e-02
   2.2588534e-01
   5.1163704e-01
   7.0977093e-01
   7.7585775e-01
   7.7819832e-01
   7.7842795e-01
   7.8259120e-01
   7.5864842e-01
   6.6824723e-01
   6.0990925e-01
   6.0333767e-01
   5.0967319e-01
   6.6367430e-01
   8.8320023e-01
   1.1433662e+00
   1.2989518e+00
   1.2633757e+00
   1.2617300e+00
   1.2448624e+00
   1.2750767e+00
   1.3503107e+00
   1.4972133e+00
   1.4310450e+00
   1.3924211e+00
   1.3721916e+00
   1.4714733e+00
   1.7386048e+00
   1.3137274e+00
   1.0361960e+00
   9.2353178e-01
   9.0014547e-01
   9.0355115e-01
   8.3354005e-01
   6.6689397e-01
   5.8825073e-01
   5.9161500e-01
   7.1557480e-01
   1.1992622e+00
   8.9153178e-01
   5.9989282e-01
   4.2469607e-01
   2.9126949e-01
   4.1218882e-02
  -1.5666851e-01
  -2.5428324e-01
  -2.1680616e-01
  -8.8195388e-02
  -3.7280844e-02
   3.0237638e-01
   3.9695394e-01
   4.1500342e-01
   3.9221656e-01
   3.4637777e-01
   2.3572291e-01
   1.7118490e-01
   1.2713755e-01
   1.2055357e-01
   1.2612981e-01
   1.2568600e-01
   1.7615487e-01
   2.8918364e-01
   3.4523161e-01
   3.0683610e-01
   2.8436593e-01
   2.8070062e-01
   2.8995224e-01
   2.9230608e-01
   3.9399869e-01
   6.0524300e-01
   8.1946825e-01
   1.1226992e+00
   1.1921311e+00
   1.1892700e+00
   1.1211945e+00
   1.1994920e+00
   1.4613463e+00
   1.5482450e+00
   1.4934815e+00
   1.4940038e+00
   1.4368983e+00
   9.9939602e-01
   3.8221831e-01
   1.9961915e-01
   8.2549158e-02
   2.8825772e-02
   2.8489587e-02
   1.8347017e-01
   2.7367618e-01
   2.9916875e-01
   1.8824427e-01
   2.9185679e-02
  -1.0678375e-01
  -1.0860991e-01
  -8.4214934e-02
  -8.3679151e-02
  -1.4459267e-01
  -1.5858361e-01
  -1.2577160e-01
  -1.3253721e-01
  -1.4027225e-01
  -1.2472350e-01
  -8.1265086e-02
   2.5079618e-03
   1.2037439e-01
   2.2800305e-01
   1.8677143e-01
   1.5524772e-02
  -1.1204185e-01
  -1.5617791e-02
  -2.0617219e-02
   5.7059163e-02
   3.8461517e-01
   3.9368872e-01
   1.4184255e-01
  -2.2040751e-01
   5.6395550e-02
   3.3223474e-01
   3.9917301e-01
   5.8404217e-01
   9.9774521e-01
   1.1966278e+00
   1.2385057e+00
   1.2412930e+00
   1.2400532e+00
   1.2336710e+00
   1.2340055e+00
   1.2269523e+00
   1.2503462e+00
   1.3586018e+00
   1.2437439e+00
   1.0152459e+00
   7.7904071e-01
   7.5672770e-01
   7.5664846e-01
   6.9630073e-01
   6.9833543e-01
   7.1187643e-01
   7.1398832e-01
   5.7877403e-01
   3.7811727e-01
   4.0582550e-01
   3.9859400e-01
   1.8507260e-01
   9.4068203e-02
   6.5714276e-02
   5.4813621e-03
   4.5654004e-02
   2.7036193e-01
   2.1686087e-01
   1.9356964e-01
   3.3310139e-01
   3.1879325e-01
   3.7040888e-01
   3.9652900e-01
   3.9153848e-01
   3.8274635e-01
   3.9687426e-01
   4.2513733e-01
   4.8060607e-01
   5.3113981e-01
   6.6229422e-01
   8.9242471e-01
   1.1899875e+00
   1.3356972e+00
   1.3452190e+00
   1.3082942e+00
   1.3427295e+00
   1.3354525e+00
   1.3767777e+00
   1.4857812e+00
   1.6234249e+00
   1.7849283e+00
   1.7787647e+00
   1.7851274e+00
   1.7179613e+00
   1.7982382e+00
   1.8776012e+00
   1.9423682e+00
   1.7940808e+00
   1.7616623e+00
   1.7927130e+00
   2.1139262e+00
   2.8515262e+00
   3.1165855e+00
   2.4855616e+00
   2.3771574e+00
   2.3608196e+00
   1.9995904e+00
   2.4132955e+00
   2.0404975e+00
   1.8649071e+00
   1.8897064e+00
   1.8873279e+00
   1.7870510e+00
   1.8556367e+00
   1.6811238e+00
   1.5906101e+00
   1.5977748e+00
   1.6707402e+00
   1.8936012e+00
   2.1743670e+00
   3.0494290e+00
   2.2109484e+00
   2.0748496e+00
   2.0909880e+00
   2.1188512e+00
   2.1769677e+00
   2.2443540e+00
   2.1847443e+00
   2.2205666e+00
   2.2043683e+00
   2.2201029e+00
   2.3804380e+00
   2.1742447e+00
   2.1093243e+00
   2.2013394e+00
   2.1947191e+00
   2.2683941e+00
   2.3863562e+00
   2.3595552e+00
   2.4727610e+00
   2.4500746e+00
   2.4247312e+00
   2.4810928e+00
   2.7563598e+00
   2.8658738e+00
   2.8718834e+00
   2.8463833e+00
   2.8531023e+00
   2.6841714e+00
   2.5307060e+00
   2.3959032e+00
   2.3324749e+00
   2.2928859e+00
   2.2111391e+00
   2.0141211e+00
   1.9394113e+00
   1.9817915e+00
   1.9893293e+00
   1.9283217e+00
   1.9297174e+00
   1.9345810e+00
   1.9343350e+00
   1.9258116e+00
   1.8591731e+00
   1.8444109e+00
   1.8234052e+00
   1.8162837e+00
   1.9020858e+00
   2.1954570e+00
   2.3137152e+00
   2.4000104e+00
   2.4130472e+00
   2.3663802e+00
   2.2227276e+00
   2.1851699e+00
   2.1607852e+00
   2.1642805e+00
   2.2077419e+00
   2.2918660e+00
   2.4160084e+00
   2.8072071e+00
   3.0968479e+00
   2.8243015e+00
   2.8571307e+00
   2.8203222e+00
   2.8361915e+00
   2.5451122e+00
   2.5236289e+00
   2.6532229e+00
   2.4673999e+00
   2.4536576e+00
   2.4079906e+00
   2.4724843e+00
   2.4406217e+00
   2.3664741e+00
   2.3375463e+00
   2.3339742e+00
   2.1163745e+00
   2.2225779e+00
   2.1980173e+00
   1.9824771e+00
   2.0207824e+00
   2.0067595e+00
   2.0627713e+00
   2.0476561e+00
   2.2759685e+00
   2.2802242e+00
   2.2829982e+00
   2.0897914e+00
   1.5366092e+00
   1.1748300e+00
   9.5418660e-01
   9.1797033e-01
   9.1922609e-01
   9.0286141e-01
   8.4417138e-01
   7.6814872e-01
   7.2496158e-01
   6.9648777e-01
   6.8270290e-01
   6.8223625e-01
   6.8711888e-01
   6.7298130e-01
   6.1777012e-01
   5.9778233e-01
   6.2639459e-01
   5.3732392e-01
   3.6221234e-01
   4.4041553e-01
   5.7533337e-01
   6.6074607e-01
   6.9350253e-01
   7.5026168e-01
   8.2024920e-01
   9.3530777e-01
   1.0089620e+00
   1.0564365e+00
   1.0046042e+00
   9.5826470e-01
   9.8879983e-01
   1.1345506e+00
   1.3127820e+00
   1.2375945e+00
   1.1767846e+00
   1.2541607e+00
   1.4022261e+00
   1.5403515e+00
   1.5064987e+00
   1.3277533e+00
   8.8616071e-01
   7.7171166e-01
   8.8545035e-01
   1.0786441e+00
   1.3088955e+00
   1.2706510e+00
   1.2926159e+00
   1.3483215e+00
   1.3490679e+00
   1.2977591e+00
   1.2292996e+00
   1.1687875e+00
   1.1278233e+00
   1.1283086e+00
   1.1208700e+00
   9.3675587e-01
   6.0934086e-01
   3.3371514e-01
   2.4680665e-01
   9.5372845e-03
  -2.9864104e-01
  -6.6570913e-01
  -7.0310673e-01
  -5.5456230e-01
  -4.7062389e-01
  -8.6828874e-02
  -6.8400309e-02
  -2.3764738e-01
  -3.2101036e-01
  -3.1236411e-01
  -2.2487107e-01
  -1.5618219e-01
   4.8326897e-02
   1.5960294e-01
   3.1989332e-01
   3.9513274e-01
   6.0924691e-01
   7.9864142e-01
   8.2098583e-01
   8.1745607e-01
   8.5590708e-01
   6.9062923e-01
   5.5349700e-01
   4.9154487e-01
   5.1636161e-01
   6.2310743e-01
   9.5162027e-01
   1.1241773e+00
   4.1039422e-01
   3.8038815e-01
   3.4291821e-01
   4.0528660e-01
   4.9660521e-01
   7.3908450e-01
   1.1397088e+00
   1.6516926e+00
   2.7924807e+00
   3.2630754e+00
   3.5838214e+00
   2.5452453e+00
   1.9809083e+00
   1.8232773e+00
   1.7426324e+00
   1.7491187e+00
   1.8256071e+00
   1.9508115e+00
   2.2547420e+00
   2.4760096e+00
   2.2965859e+00
   1.4923792e+00
   1.0186686e+00
   7.4081154e-01
   6.1874169e-01
   5.6879063e-01
   5.3724361e-01
   5.4056417e-01
   5.3441077e-01
   4.1020624e-01
  -2.5234567e-01
  -1.0775460e+00
  -9.6873395e-01
  -1.0194313e+00
  -8.7378502e-01
  -5.4967729e-01
  -3.0638298e-01
  -4.2685916e-01
  -5.4706696e-01
  -6.1790152e-01
  -6.1341856e-01
  -5.8196852e-01
  -6.7414698e-01
  -8.1535994e-01
  -8.0901550e-01
  -6.4957517e-01
  -4.0681553e-01
  -2.0061691e-02
   4.3926261e-02
   5.9623500e-02
   9.5240530e-02
   1.9427659e-01
   1.8215170e-01
   2.4145151e-01
   2.4131137e-01
   3.4602412e-01
   2.7085544e-01
   1.9958770e-01
   2.6911579e-02
  -3.4651761e-01
  -8.5013351e-01
  -6.8224356e-01
  -2.8968493e-01
  -3.5488057e-01
  -4.4275469e-02
   3.4822162e-02
   2.1371592e-01
   3.7894178e-01
   3.9424034e-01
   3.9932383e-01
   3.6591575e-01
   2.8080805e-01
   1.7525275e-01
   1.5693748e-01
   1.5811821e-01
   1.5607414e-01
   1.8185844e-01
   1.8787446e-01
   2.1854656e-01
   3.1778534e-01
   4.5887771e-01
   6.2114778e-01
   7.3402456e-01
   8.0642390e-01
   7.8503763e-01
   7.6992351e-01
   7.9272967e-01
   1.0337003e+00
   1.2893515e+00
   2.1610993e+00
   2.5962412e+00
   1.8060564e+00
   1.2887041e+00
   1.3331995e+00
   1.3359505e+00
   1.4249546e+00
   1.4390799e+00
   1.8825459e+00
   2.4881870e+00
   1.8190876e+00
   1.4196901e+00
   1.2407418e+00
   1.2611283e+00
   1.3032579e+00
   1.2534417e+00
   9.8915779e-01
   9.1763958e-01
   8.6783713e-01
   8.5510674e-01
   8.5201460e-01
   9.1538146e-01
   1.0021841e+00
   9.5259760e-01
   9.2284394e-01
   9.0878670e-01
   9.4492860e-01
   1.0469052e+00
   1.1453335e+00
   1.1381769e+00
   1.4184593e+00
   1.5598641e+00
   1.5888240e+00
   1.6064950e+00
   1.6295237e+00
   1.6194599e+00
   1.6004995e+00
   1.6039645e+00
   1.7835643e+00
   1.9770580e+00
   1.9673323e+00
   2.0823324e+00
   1.8835299e+00
   1.8363372e+00
   1.8331783e+00
   1.7963290e+00
   1.8288162e+00
   1.8348486e+00
   1.8477704e+00
   1.8986788e+00
   2.0411995e+00
   2.2028559e+00
   2.5171694e+00
   2.6735324e+00
   2.6828633e+00
   2.6489854e+00
   2.6681351e+00
   2.6580873e+00
   2.5084451e+00
   2.4155404e+00
   2.4033281e+00
   2.5847534e+00
   2.6991315e+00
   2.6121058e+00
   2.5804812e+00
   2.5672315e+00
   2.5331366e+00
   2.6641573e+00
   2.6346242e+00
   2.6161348e+00
   2.6005187e+00
   2.6615512e+00
   2.6414257e+00
   2.7160486e+00
   2.6416229e+00
   2.5266528e+00
   2.5004299e+00
   2.4939486e+00
   2.5012423e+00
   2.5035001e+00
   2.5033498e+00
   2.5523928e+00
   2.6601128e+00
   2.6775191e+00
   2.6473623e+00
   2.5564598e+00
   2.4593353e+00
   2.4485987e+00
   2.4427451e+00
   2.3349264e+00
   2.2121061e+00
   2.1419652e+00
   2.2431804e+00
   2.4269948e+00
   2.7544747e+00
   2.6751933e+00
   2.5031935e+00
   2.4939469e+00
   2.5036740e+00
   2.3369962e+00
   2.1776287e+00
   2.1897987e+00
   2.2331105e+00
   2.2356265e+00
   2.1955456e+00
   2.1810671e+00
   2.3315416e+00
   2.5404899e+00
   2.6024632e+00
   2.6697901e+00
   2.5169709e+00
   2.5224380e+00
   2.4622735e+00
   2.2026974e+00
   2.0764192e+00
   1.8929888e+00
   1.8663707e+00
   1.7710800e+00
   1.7601720e+00
   2.1447505e+00
   2.5276574e+00
   1.6920118e+00
   1.3527321e+00
   1.2746069e+00
   1.2682642e+00
   1.2788962e+00
   1.2834119e+00
   1.3271098e+00
   1.3239455e+00
   1.3184867e+00
   1.3179881e+00
   1.3179774e+00
   1.3115727e+00
   1.3529602e+00
   1.4965218e+00
   1.6505271e+00
   1.8529373e+00
   1.7787520e+00
   1.6115937e+00
   1.3919265e+00
   1.3899911e+00
   1.3790452e+00
   1.3157342e+00
   1.2278325e+00
   1.1991018e+00
   1.1990259e+00
   1.2210941e+00
   1.1913252e+00
   1.1294079e+00
   1.1121968e+00
   1.1697090e+00
   1.3227689e+00
   1.1386980e+00
   3.4696004e-01
   1.4476678e-01
  -2.3829448e-01
  -7.8437980e-02
  -1.3753330e-01
  -5.5859501e-01
   3.6876341e-01
   4.1332184e-01
   9.4027130e-01
   8.1763676e-01
   6.8282723e-01
   6.4965263e-01
   6.4437427e-01
   5.9625860e-01
   6.0953359e-01
   6.4261893e-01
   6.5031927e-01
   6.7786693e-01
   5.7991488e-01
   5.2370016e-01
   5.1175084e-01
   5.3083804e-01
   5.2404282e-01
   4.5303628e-01
   3.2870641e-01
   3.3835858e-01
   4.0306474e-01
   4.4252280e-01
   4.7206955e-01
   5.8682232e-01
   5.8993749e-01
   5.9523235e-01
   6.2584290e-01
   7.3910114e-01
   7.2712713e-01
   6.4473683e-01
   7.4916599e-01
   7.3457467e-01
   7.6828645e-01
   7.6643694e-01
   7.9538962e-01
   8.2841901e-01
   8.2352269e-01
   8.1618962e-01
   8.0917062e-01
   7.6048880e-01
   7.7820091e-01
   7.6754214e-01
   7.8275688e-01
   8.8053092e-01
   1.0532960e+00
   1.2553395e+00
   1.5080727e+00
   1.4758385e+00
   1.3881232e+00
   1.1454605e+00
   8.0183054e-01
   2.6694357e-01
  -1.8540852e-01
  -2.8660969e-01
  -1.3221657e-01
   9.8352123e-02
   3.0722907e-01
   6.6126473e-01
   7.9541286e-01
   1.0681475e+00
   1.4598181e+00
   1.5869137e+00
   1.6358720e+00
   1.7863241e+00
   1.7975115e+00
   1.7994788e+00
   1.8439498e+00
   2.0204340e+00
   2.2202806e+00
   2.1843726e+00
   2.1956829e+00
   2.1923096e+00
   2.1888088e+00
   2.3886722e+00
   2.2190850e+00
   2.1688573e+00
   2.1595682e+00
   2.1691671e+00
   2.1943104e+00
   2.3478714e+00
   2.3489443e+00
   2.3359261e+00
   2.4499121e+00
   3.2493480e+00
   1.8802713e+00
   1.1349752e+00
   8.7256871e-01
   9.4449910e-01
   9.6971109e-01
   1.0907002e+00
   1.1502688e+00
   1.4300217e+00
   1.8214147e+00
   1.7600515e+00
   1.8354732e+00
   2.0238969e+00
   2.0531253e+00
   2.1303105e+00
   2.0960373e+00
   1.6483875e+00
   1.5407917e+00
   1.4814655e+00
   1.4975694e+00
   1.4829062e+00
   1.4658493e+00
   1.4342976e+00
   1.4404401e+00
   1.2906892e+00
   1.2445577e+00
   1.4949454e+00
   1.5862597e+00
   1.6251632e+00
   1.6804185e+00
   1.8368802e+00
   1.8203472e+00
   1.8870184e+00
   1.8871649e+00
   1.7608292e+00
   1.7375856e+00
   1.8018872e+00
   1.7954008e+00
   1.8281508e+00
   1.7527024e+00
   1.6134214e+00
   1.6976621e+00
   1.6592204e+00
   1.5713280e+00
   1.5726841e+00
   1.5753206e+00
   1.6043845e+00
   1.6077860e+00
   1.5990801e+00
   1.6032050e+00
   1.6546354e+00
   1.5629295e+00
   1.6682504e+00
   1.4074750e+00
   1.5042904e+00
   1.5395636e+00
   1.5400393e+00
   1.6457477e+00
   1.6864188e+00
   1.4008481e+00
   9.9788549e-01
   8.9163178e-01
   9.6965284e-01
   1.1587536e+00
   1.3389998e+00
   1.5018795e+00
   1.6599733e+00
   1.8583531e+00
   1.9521625e+00
   2.2904844e+00
   2.3686660e+00
   2.3728903e+00
   2.3630079e+00
   3.0237153e+00
   2.4359201e+00
   2.3069200e+00
   2.2580284e+00
   2.2581756e+00
   2.2202403e+00
   2.5131600e+00
   2.3664080e+00
   2.2741919e+00
   2.3121819e+00
   2.2421315e+00
   1.8644782e+00
   1.5075970e+00
   1.2661924e+00
   1.2219538e+00
   1.1696265e+00
   1.1619201e+00
   1.1866951e+00
   1.1635053e+00
   1.1147892e+00
   1.1226850e+00
   1.0454525e+00
   9.0626236e-01
   8.2752883e-01
   7.4587838e-01
   7.5858427e-01
   7.7058235e-01
   7.7814532e-01
   7.7338659e-01
   7.9957419e-01
   9.4674526e-01
   9.2090033e-01
   8.4048535e-01
   8.7174828e-01
   9.4886427e-01
   9.4892932e-01
   9.3337156e-01
   9.4855039e-01
   9.6312488e-01
   9.7653402e-01
   9.4318582e-01
   9.5183400e-01
   9.1780400e-01
   9.4308774e-01
   9.9514316e-01
   1.0318819e+00
   1.0676907e+00
   1.0631626e+00
   1.0999024e+00
   1.1245426e+00
   1.1911951e+00
   1.2984069e+00
   1.4316465e+00
   1.4855213e+00
   1.4805282e+00
   1.5029974e+00
   1.5164130e+00
   1.4242362e+00
   1.2977766e+00
   1.2523391e+00
   1.2648669e+00
   1.2688621e+00
   1.2682813e+00
   1.2684080e+00
   1.3135735e+00
   1.4572648e+00
   1.6294940e+00
   1.6543728e+00
   1.6582295e+00
   1.6272157e+00
   1.5906088e+00
   1.5975663e+00
   1.5489164e+00
   1.5541562e+00
   1.5841514e+00
   1.6822096e+00
   1.8034047e+00
   1.8029913e+00
   1.6025436e+00
   1.4180589e+00
   9.5955796e-01
   8.6012390e-01
   7.9763590e-01
   8.7089212e-01
   9.7012199e-01
   1.0047432e+00
   1.2884930e+00
   1.4665357e+00
   1.3939587e+00
   1.4114056e+00
   1.3561381e+00
   1.4867367e+00
   1.5163815e+00
   1.5277135e+00
   1.5636763e+00
   1.7718393e+00
   2.1796895e+00
   1.7428113e+00
   1.9738580e+00
   1.9501858e+00
   1.7550791e+00
   1.7307943e+00
   1.9655058e+00
   1.8356039e+00
   1.7404848e+00
   1.7538744e+00
   1.8021969e+00
   1.7910416e+00
   1.7988328e+00
   1.8630341e+00
   1.9516637e+00
   2.0039256e+00
   2.0540382e+00
   2.0758691e+00
   2.0467562e+00
   1.9425492e+00
   1.9352721e+00
   1.9230171e+00
   1.9092105e+00
   1.9361699e+00
   1.9747044e+00
   2.0937493e+00
   2.1582907e+00
   2.1612352e+00
   2.2662175e+00
   2.2150124e+00
   2.3995445e+00
   2.5616932e+00
   2.2607119e+00
   2.1858203e+00
   2.3041208e+00
   2.0254856e+00
   1.8477593e+00
   1.7667730e+00
   1.8463920e+00
   2.1574928e+00
   2.5445623e+00
   3.1027624e+00
   3.1258255e+00
   2.8598629e+00
   2.8356690e+00
   2.8082300e+00
   2.8359347e+00
   2.8216912e+00
   2.8121101e+00
   2.8056369e+00
   2.7981538e+00
   2.7764508e+00
   2.7711860e+00
   2.7802832e+00
   2.7940914e+00
   2.7636524e+00
   2.7144786e+00
   2.6956816e+00
   2.7737769e+00
   2.7766919e+00
   2.8183405e+00
   3.0688998e+00
   3.1585588e+00
   2.9301372e+00
   2.8070147e+00
   2.8417320e+00
   2.8445322e+00
   2.7951906e+00
   2.6794392e+00
   2.6453831e+00
   2.8211466e+00
   3.0030152e+00
   3.0889262e+00
   3.1014366e+00
   3.1378878e+00
   3.2608125e+00
   3.4219641e+00
   3.2700234e+00
   3.1087696e+00
   2.9458104e+00
   2.8108892e+00
   2.7656705e+00
   2.7688352e+00
   2.6934478e+00
   2.6268740e+00
   2.6347527e+00
   2.6140491e+00
   2.7590839e+00
   2.7481260e+00
   2.5306072e+00
   2.4381890e+00
   2.4393183e+00
   2.3824559e+00
   2.4434332e+00
   2.3212544e+00
   2.2142695e+00
   2.1203302e+00
   2.1099988e+00
   2.1148469e+00
   2.1860258e+00
   2.2308445e+00
   2.2511495e+00
   2.3011255e+00
   2.3465605e+00
   2.2222437e+00
   2.0545481e+00
   1.9572861e+00
   1.9803461e+00
   1.9947508e+00
   1.9820021e+00
   1.9724953e+00
   1.9625524e+00
   1.9392493e+00
   1.9171914e+00
   1.8458797e+00
   1.8441800e+00
   1.8164286e+00
   1.8201660e+00
   1.8344300e+00
   1.8525949e+00
   1.8397548e+00
   1.7924487e+00
   1.6146274e+00
   1.5897928e+00
   1.6476675e+00
   1.6656067e+00
   1.6419279e+00
   1.6053138e+00
   1.4827995e+00
   1.4584497e+00
   1.4409305e+00
   1.4255427e+00
   1.3989487e+00
   1.4682104e+00
   1.1683324e+00
   9.9965343e-01
   8.6755549e-01
   9.3311234e-01
   1.1489981e+00
   1.3698057e+00
   1.4086266e+00
   1.2389605e+00
   1.1756988e+00
   1.1100117e+00
   1.1042363e+00
   1.0707244e+00
   1.0303808e+00
   9.1264824e-01
   6.6416613e-01
   6.5558477e-01
   6.1603770e-01
   5.5267616e-01
   5.6072924e-01
   5.8428686e-01
   6.0121710e-01
   6.0633483e-01
   6.2182583e-01
   6.2354101e-01
   6.2372927e-01
   6.2706600e-01
   6.7546749e-01
   8.3868604e-01
   1.1057811e+00
   1.1291894e+00
   1.0542176e+00
   1.1235517e+00
   1.2184673e+00
   1.3378405e+00
   1.3090776e+00
   1.2707149e+00
   1.1649356e+00
   1.0601810e+00
   1.0339301e+00
   1.0215564e+00
   9.8783525e-01
   9.0374340e-01
   8.0143754e-01
   6.0462135e-01
   1.9957196e-01
  -3.9546083e-01
  -7.5232839e-01
  -9.3908494e-01
  -1.1910890e+00
  -1.5308235e+00
  -1.7907642e+00
  -2.0100609e+00
  -1.8123037e+00
  -2.0362074e+00
  -1.7898262e+00
  -1.8887459e+00
  -1.9740130e+00
  -1.9525621e+00
  -1.9561298e+00
  -1.7733459e+00
  -1.5782624e+00
  -1.4670282e+00
  -1.0438841e+00
  -1.6127013e-01
   2.5929104e-01
   3.8276585e-01
   5.4158223e-01
   6.4103854e-01
   6.8006054e-01
   7.3652173e-01
   9.0089251e-01
   1.1385112e+00
   1.3580936e+00
   1.5615848e+00
   1.6086520e+00
   1.1684022e+00
   9.1348103e-01
   9.6171687e-01
   1.0494327e+00
   1.2511852e+00
   1.4142760e+00
   1.4873875e+00
   1.6536619e+00
   1.8149687e+00
   1.8505900e+00
   1.8340401e+00
   1.6639193e+00
   1.5481401e+00
   1.4637091e+00
   1.4309373e+00
   1.4208405e+00
   1.4412496e+00
   1.4004989e+00
   1.3567116e+00
   1.4116258e+00
   7.4610982e-01
   5.0630815e-01
   2.0912379e-01
   1.5038776e-01
   2.3799385e-01
   5.0470936e-01
   6.0598041e-01
   6.9039467e-01
  -1.5764394e-01
   4.7526656e-01
   7.9356566e-01
   9.6221591e-01
   1.0139960e+00
   7.5263158e-01
   7.2494610e-01
   7.4607173e-01
   7.5949925e-01
   7.6179238e-01
   7.6302933e-01
   7.7176967e-01
   7.1697886e-01
   6.1540872e-01
   6.1425053e-01
   8.1059404e-01
   1.3090164e+00
   1.5342233e+00
   1.3105536e+00
   8.5529029e-01
   8.0982689e-01
   8.0541232e-01
   8.2739549e-01
   8.0749677e-01
   7.4174277e-01
   6.7514424e-01
   7.3025324e-01
   7.2901803e-01
   7.7815210e-01
   9.1980551e-01
   1.0857600e+00
   1.2263767e+00
   1.3091164e+00
   1.2924899e+00
   1.2730179e+00
   1.2080482e+00
   1.3892965e+00
   1.7248551e+00
   1.2133119e+00
   1.0497160e+00
   7.2277388e-01
   5.0789375e-01
   4.9126287e-01
   4.9752361e-01
   6.7647616e-01
   1.1662691e+00
   1.6152203e+00
   1.6378682e+00
   1.3598416e+00
   1.1300117e+00
   1.0925778e+00
   1.0837626e+00
   1.0925533e+00
   1.0517838e+00
   1.0050416e+00
   9.3085027e-01
   8.7338466e-01
   9.0921704e-01
   7.9176846e-01
   6.5337479e-01
   5.7082921e-01
   6.2117423e-01
   6.8461349e-01
   7.0533546e-01
   7.7914084e-01
   8.7207416e-01
   1.0586876e+00
   1.1406868e+00
   1.0875848e+00
   1.0846658e+00
   1.0844432e+00
   1.0892605e+00
   1.0347956e+00
   1.0322799e+00
   1.0167103e+00
   1.0484307e+00
   1.0552924e+00
   1.1562799e+00
   1.3978090e+00
   1.4620818e+00
   1.6583439e+00
   1.5069218e+00
   1.3939150e+00
   1.4053679e+00
   1.4727597e+00
   1.4478928e+00
   1.7028428e+00
   2.4074561e+00
   1.7683493e+00
   1.4433457e+00
   1.2869056e+00
   1.1675855e+00
   1.1655925e+00
   1.2123485e+00
   1.1739838e+00
   1.3611561e+00
   2.0275808e+00
   2.0961808e+00
   2.1244423e+00
   2.4602625e+00
   2.0215224e+00
   9.8663623e-01
   4.4282418e-01
   4.5292869e-01
   5.0038875e-01
   5.8154847e-01
   4.9717294e-01
   4.5418795e-01
   4.1962943e-01
   4.0418299e-01
   4.2925628e-01
   5.2241118e-01
   5.4650511e-01
   6.5544688e-01
   7.6361758e-01
   8.2930141e-01
   8.0746729e-01
   8.3962532e-01
   9.3613664e-01
   9.4080324e-01
   9.7268933e-01
   9.8369979e-01
   1.0581032e+00
   1.2253966e+00
   1.3473498e+00
   1.4393216e+00
   1.4491943e+00
   1.4638408e+00
   1.4978406e+00
   1.4162273e+00
   1.4221576e+00
   1.4143107e+00
   1.4143991e+00
   1.3173759e+00
   1.2245163e+00
   1.2333650e+00
   1.2053210e+00
   1.1362985e+00
   1.1445836e+00
   8.6031367e-01
   7.0559887e-01
   6.6463456e-01
   9.2473726e-01
   1.2948907e+00
   1.6333855e+00
   1.9445023e+00
   2.5391490e+00
   2.2656752e+00
   2.3569592e+00
   2.4154036e+00
   2.4349751e+00
   2.3713735e+00
   2.5096423e+00
   2.5068441e+00
   2.5039117e+00
   2.5945694e+00
   2.5742311e+00
   2.7498989e+00
   2.7012781e+00
   2.5054344e+00
   2.4642601e+00
   2.4554609e+00
   2.5472093e+00
   2.8616921e+00
   3.2191424e+00
   2.7122001e+00
   2.5640129e+00
   2.5547910e+00
   2.6300881e+00
   2.5276852e+00
   2.2886670e+00
   2.2685755e+00
   2.1877176e+00
   2.1222410e+00
   2.1567913e+00
   2.4905400e+00
   3.2513040e+00
   3.6055618e+00
   3.6292558e+00
   3.6267772e+00
   4.3189801e+00
   4.5588831e+00
   3.5914560e+00
   3.1858981e+00
   3.0565929e+00
   3.0209122e+00
   3.0592116e+00
   3.2727811e+00
   3.5382879e+00
   3.2359483e+00
   2.9001022e+00
   2.4859856e+00
   2.2211271e+00
   2.1257976e+00
   2.1391882e+00
   2.2490151e+00
   2.7445782e+00
   3.2569994e+00
   3.7522710e+00
   3.2637206e+00
   2.7362532e+00
   2.5851702e+00
   2.5901017e+00
   2.6304012e+00
   2.7596347e+00
   2.7706230e+00
   2.8256014e+00
   3.0156396e+00
   3.0368674e+00
   2.9029211e+00
   2.6019552e+00
   2.4300742e+00
   2.3226515e+00
   2.3453261e+00
   2.3440686e+00
   2.3718049e+00
   2.4600812e+00
   2.5012912e+00
   2.5057317e+00
   2.5360121e+00
   2.5482006e+00
   2.5421710e+00
   2.4895028e+00
   2.4708796e+00
   2.4741794e+00
   2.4580379e+00
   2.2572567e+00
   2.0860018e+00
   2.0726331e+00
   2.0690059e+00
   2.1090331e+00
   2.1583037e+00
   2.1834495e+00
   2.1683900e+00
   2.1778951e+00
   2.1737187e+00
   2.1097490e+00
   2.0449121e+00
   2.0510723e+00
   2.0469242e+00
   2.1059418e+00
   2.2631469e+00
   2.1772609e+00
   2.1257641e+00
   2.1011521e+00
   2.1060804e+00
   2.1054313e+00
   2.1653592e+00
   2.1331897e+00
   2.1782977e+00
   2.1688665e+00
   2.2611788e+00
   2.2721001e+00
   2.8276314e+00
   2.9872008e+00
   2.7073339e+00
   2.5144243e+00
   2.2571364e+00
   2.0882467e+00
   1.8305474e+00
   1.4417187e+00
   1.1596544e+00
   8.8777910e-01
   6.3403207e-01
   1.4321843e+00
   2.5940765e+00
   2.3868095e+00
   1.7422925e+00
   1.3976930e+00
   1.1817998e+00
   1.1162482e+00
   1.1627528e+00
   1.3089034e+00
   1.4339217e+00
   1.4746590e+00
   1.5017686e+00
   1.4980494e+00
   1.4783611e+00
   1.4613598e+00
   1.3649212e+00
   1.2849815e+00
   1.1927763e+00
   1.0818984e+00
   1.1344851e+00
   1.2232868e+00
   1.2644285e+00
   1.2336538e+00
   1.1613329e+00
   1.0630001e+00
   1.0043014e+00
   9.5268961e-01
   9.0635388e-01
   8.9940089e-01
   9.1660524e-01
   1.0411003e+00
   1.3021522e+00
   1.3353992e+00
   1.2421949e+00
   1.2209805e+00
   1.2131202e+00
   1.2037406e+00
   1.2576032e+00
   1.2996825e+00
   1.2930175e+00
   1.3038308e+00
   1.2712301e+00
   1.3633624e+00
   1.3255419e+00
   1.2303677e+00
   1.2248197e+00
   1.1921076e+00
   1.1780863e+00
   1.1571578e+00
   1.1574778e+00
   1.1301867e+00
   1.0429325e+00
   9.2352342e-01
   9.2001032e-01
   8.4083307e-01
   6.7496890e-01
   5.6338212e-01
   5.6058873e-01
   6.1885711e-01
   6.6665541e-01
   6.7811278e-01
   5.7435513e-01
   5.4508832e-01
   5.4116653e-01
   7.0411455e-01
   7.3331706e-01
   8.3364032e-01
   7.3676883e-01
   7.2432042e-01
   7.6747727e-01
   1.0015640e+00
   8.1630841e-01
   7.2811196e-01
   5.9944324e-01
   4.7737300e-01
   3.9811271e-01
   3.4329397e-01
   4.1858723e-01
   7.0553576e-01
   6.7966711e-01
   5.9931399e-01
   6.1341788e-01
   6.2666982e-01
   6.4370538e-01
   6.3067222e-01
   5.1707235e-01
   4.4725212e-01
   4.2613978e-01
   4.2916703e-01
   5.7957309e-01
   5.3272388e-01
   1.4381522e-01
   2.7791524e-01
   5.3913424e-01
   8.0354434e-01
   1.2517645e+00
   1.7920566e+00
   2.7298319e+00
   3.9079228e+00
   3.0151286e+00
   2.6923859e+00
   2.2686546e+00
   1.7566153e+00
   1.3751391e+00
   1.2340979e+00
   1.1973690e+00
   1.2612133e+00
   1.4999438e+00
   2.0593399e+00
   2.7334702e+00
   2.5167669e+00
   2.5605157e+00
   2.4995132e+00
   2.5157873e+00
   2.7792309e+00
   2.5704308e+00
   2.3665153e+00
   2.2439330e+00
   2.2322943e+00
   1.8287338e+00
   1.4761177e+00
   1.5646061e+00
   1.5727856e+00
   1.6145250e+00
   1.6965884e+00
   2.0631262e+00
   2.1480735e+00
   2.4528814e+00
   2.4076852e+00
   2.3495086e+00
   2.7207848e+00
   2.6964333e+00
   2.6897546e+00
   2.6311194e+00
   2.5757892e+00
   2.6188848e+00
   2.4332986e+00
   2.0276879e+00
   1.8683810e+00
   1.6942131e+00
   1.5254530e+00
   1.5247326e+00
   1.5280807e+00
   1.7097263e+00
   1.7202951e+00
   1.6596164e+00
   1.5541213e+00
   1.5267461e+00
   1.6072448e+00
   1.6865619e+00
   1.7317429e+00
   2.0206978e+00
   2.2572313e+00
   2.4632050e+00
   2.4661047e+00
   2.3487955e+00
   2.2499500e+00
   2.0534122e+00
   1.8194391e+00
   1.8388761e+00
   1.9753696e+00
   2.0180536e+00
   1.9437677e+00
   1.9263387e+00
   1.9398912e+00
   1.9767776e+00
   2.1727607e+00
   2.1936803e+00
   2.1916342e+00
   2.2004724e+00
   2.2372903e+00
   2.2919098e+00
   2.2522302e+00
   2.2550062e+00
   2.2425941e+00
   2.1658622e+00
   2.0645933e+00
   1.9824981e+00
   1.9713714e+00
   1.9549109e+00
   1.8800316e+00
   1.6725685e+00
   1.4041213e+00
   1.2196488e+00
   1.2053275e+00
   1.2530612e+00
   1.1839019e+00
   1.0843947e+00
   1.1287173e+00
   1.1692853e+00
   1.1660431e+00
   1.2330540e+00
   1.3460511e+00
   1.3587086e+00
   1.3502095e+00
   1.3514438e+00
   1.4783174e+00
   1.6750651e+00
   1.6024227e+00
   1.3858165e+00
   1.2597265e+00
   1.2382573e+00
   1.2453731e+00
   1.1837050e+00
   1.0786275e+00
   1.0276928e+00
   1.1471653e+00
   1.3282956e+00
   1.5281285e+00
   1.6543588e+00
   1.7810345e+00
   1.8826048e+00
   1.7433358e+00
   1.6706230e+00
   1.7493510e+00
   1.8063220e+00
   1.8520285e+00
   1.8184733e+00
   1.7769627e+00
   1.8252288e+00
   1.7350998e+00
   1.7194310e+00
   1.7956711e+00
   1.8172930e+00
   1.7765627e+00
   1.6478658e+00
   1.4891427e+00
   1.4862220e+00
   1.5816083e+00
   1.7499612e+00
   1.9595363e+00
   2.0284718e+00
   2.1044800e+00
   2.1107239e+00
   2.1256361e+00
   2.1234793e+00
   2.0661411e+00
   2.0218911e+00
   1.9685015e+00
   2.0010781e+00
   2.2097228e+00
   2.3999612e+00
   2.3882817e+00
   2.4460495e+00
   2.1091689e+00
   1.7768978e+00
   1.7296020e+00
   1.7740349e+00
   1.7931248e+00
   1.7722324e+00
   1.7485007e+00
   1.8626476e+00
   1.7826349e+00
   1.6492064e+00
   1.6408760e+00
   1.6240388e+00
   1.5538280e+00
   1.5760083e+00
   1.5582417e+00
   1.4973646e+00
   1.3810844e+00
   1.4387983e+00
   1.6148349e+00
   1.5969724e+00
   1.4876613e+00
   1.4916954e+00
   1.4580521e+00
   1.4796122e+00
   1.4751282e+00
   1.4948529e+00
   1.7395561e+00
   2.1793025e+00
   2.5471319e+00
   3.0738464e+00
   3.4260852e+00
   3.3240010e+00
   2.9945749e+00
   2.4799463e+00
   2.1991988e+00
   1.9631859e+00
   1.9266332e+00
   1.9886993e+00
   2.2438870e+00
   2.9372365e+00
   3.8113055e+00
   2.9662803e+00
   2.4501227e+00
   2.3226449e+00
   2.3693054e+00
   2.4220712e+00
   2.4688287e+00
   2.9909141e+00
   3.5720960e+00
   3.1122488e+00
   2.7246921e+00
   2.4733283e+00
   2.2004271e+00
   2.1730703e+00
   2.1718091e+00
   2.1456391e+00
   2.1183342e+00
   1.9977315e+00
   1.9567102e+00
   2.1150671e+00
   2.4603956e+00
   2.6168211e+00
   2.2672655e+00
   2.2146106e+00
   2.1728954e+00
   2.2862745e+00
   2.4270592e+00
   2.5946949e+00
   2.7893385e+00
   2.7961220e+00
   2.8348282e+00
   2.9935181e+00
   3.2784406e+00
   3.0312407e+00
   2.7939245e+00
   2.6377480e+00
   2.6233914e+00
   2.6822200e+00
   2.8232075e+00
   2.8758210e+00
   3.0861856e+00
   3.6254146e+00
   3.0107428e+00
   2.5353623e+00
   2.3838664e+00
   2.3692095e+00
   2.4029353e+00
   2.5427798e+00
   2.7062038e+00
   2.7554514e+00
   2.7648113e+00
   2.8393903e+00
   2.7980401e+00
   2.8588309e+00
   2.5828340e+00
   2.4089374e+00
   2.1154227e+00
   2.0970278e+00
   2.0972855e+00
   2.1703415e+00
   2.0735549e+00
   2.0442256e+00
   2.1612686e+00
   2.1535547e+00
   2.1455478e+00
   2.0504547e+00
   1.9519374e+00
   1.8955823e+00
   1.9007597e+00
   1.8976404e+00
   1.8892201e+00
   2.0033252e+00
   2.0866768e+00
   2.0910642e+00
   1.9551825e+00
   1.7868230e+00
   1.7511593e+00
   1.8079039e+00
   2.0538402e+00
   2.5137605e+00
   2.7143816e+00
   2.7015903e+00
   2.7442157e+00
   2.7419556e+00
   2.6656730e+00
   2.5480808e+00
   2.5679825e+00
   2.6863800e+00
   2.4509447e+00
   2.3857261e+00
   2.4357576e+00
   2.6054491e+00
   2.7099450e+00
   2.3735885e+00
   2.0568647e+00
   1.8011139e+00
   8.9254986e-01
   2.1506915e-01
   3.4162254e-02
   2.4859814e-01
   4.7196476e-01
   7.6354586e-01
   1.1165155e+00
   1.4031184e+00
   1.7598035e+00
   1.8205566e+00
   1.8117332e+00
   1.6222209e+00
   1.1903663e+00
   1.0092507e+00
   9.8706670e-01
   1.1354460e+00
   1.0430855e+00
   8.6728756e-01
   7.8640365e-01
   9.5349660e-01
   1.3862052e+00
   1.9584240e+00
   2.0777175e+00
   1.8783144e+00
   1.7463666e+00
   1.7767514e+00
   1.5823722e+00
   1.1757681e+00
   8.0004278e-01
   5.3794421e-01
   3.8671532e-01
   2.5159647e-01
   3.4602181e-01
   6.3836710e-01
   1.1666356e+00
   1.6159383e+00
   1.7547378e+00
   1.7365605e+00
   1.7956279e+00
   1.9133334e+00
   1.9498914e+00
   2.0531052e+00
   1.9202073e+00
   1.9376925e+00
   1.9284098e+00
   1.9264042e+00
   1.8884008e+00
   1.8865019e+00
   1.8864111e+00
   1.9654535e+00
   1.9598906e+00
   1.3726320e+00
   1.2064328e+00
   1.1494906e+00
   1.2101114e+00
   1.3402735e+00
   1.4708162e+00
   1.5314635e+00
   1.4368448e+00
   1.4310229e+00
   1.4694394e+00
   1.6780140e+00
   1.8292530e+00
   1.7270190e+00
   1.5788542e+00
   1.4714262e+00
   1.4319705e+00
   1.3950233e+00
   1.2939204e+00
   1.2184482e+00
   1.1923684e+00
   1.2288613e+00
   1.2698519e+00
   1.6750454e+00
   2.3000410e+00
   2.0826894e+00
   1.9752166e+00
   1.8321493e+00
   1.7918666e+00
   1.8122536e+00
   1.7837915e+00
   1.7106234e+00
   1.7159640e+00
   1.8072049e+00
   1.8590802e+00
   1.8552006e+00
   1.8339916e+00
   1.7546904e+00
   1.9194173e+00
   2.0249173e+00
   2.1337862e+00
   1.9235181e+00
   1.8797578e+00
   1.5727332e+00
   1.4363172e+00
   1.4504984e+00
   1.5281627e+00
   1.5515445e+00
   1.6441193e+00
   1.6364809e+00
   1.6364722e+00
   1.6106940e+00
   1.5573215e+00
   1.7519115e+00
   1.7761859e+00
   1.6302887e+00
   1.5955183e+00
   1.5946365e+00
   1.6001219e+00
   1.5921659e+00
   1.6222664e+00
   1.6663186e+00
   1.6496992e+00
   1.6303839e+00
   1.5912074e+00
   1.5213643e+00
   1.5029847e+00
   1.5130999e+00
   1.6021302e+00
   1.9812687e+00
   2.1729389e+00
   2.1558142e+00
   2.0956569e+00
   2.0479018e+00
   2.0958498e+00
   2.2160344e+00
   2.1742191e+00
   2.0076150e+00
   1.9746631e+00
   1.9652446e+00
   1.7967459e+00
   1.8291978e+00
   1.6667703e+00
   1.7351506e+00
   1.5885642e+00
   1.5502989e+00
   1.4873004e+00
   1.4746527e+00
   1.4418444e+00
   1.4408440e+00
   1.4271974e+00
   1.5103518e+00
   1.6397346e+00
   1.9198881e+00
   2.1090354e+00
   2.1242225e+00
   2.2571993e+00
   2.2584568e+00
   2.1834302e+00
   2.1218400e+00
   2.1149097e+00
   2.0867556e+00
   2.0837528e+00
   2.0727766e+00
   2.3497296e+00
   2.4102333e+00
   2.6438347e+00
   2.4374700e+00
   1.8751129e+00
   1.4792012e+00
   1.1258663e+00
   1.0948919e+00
   1.3532011e+00
   1.5591915e+00
   1.6646421e+00
   1.8024838e+00
   2.2779257e+00
   2.0000271e+00
   1.7578335e+00
   1.1238816e+00
   7.3130616e-01
   8.7368233e-01
   1.2667295e+00
   1.7369867e+00
   1.7309442e+00
   2.0759551e+00
   3.1088128e+00
   2.2946260e+00
   1.9252755e+00
   1.6714479e+00
   1.5746022e+00
   1.4593461e+00
   1.2997296e+00
   1.2319317e+00
   1.2560974e+00
   1.4638993e+00
   1.6740595e+00
   1.7407789e+00
   1.5347871e+00
   1.6553254e+00
   1.3128694e+00
   8.0710012e-01
   4.2944844e-01
  -3.8340513e-01
  -7.4422317e-01
  -6.1267261e-01
  -3.3115936e-01
  -2.4216329e-01
  -1.5992025e-01
   4.2851074e-02
   4.8507280e-02
  -1.8627410e-02
  -1.1902294e-01
  -1.0272000e-01
   6.3015475e-02
   2.6522862e-01
   5.3847405e-01
   6.1968310e-01
   7.2207953e-01
   9.2023912e-01
   9.6557486e-01
   9.6063178e-01
   9.0149688e-01
   8.8576900e-01
   8.8464986e-01
   9.2728525e-01
   1.0217180e+00
   1.2130548e+00
   1.4287760e+00
   1.5304261e+00
   1.5763480e+00
   1.5594762e+00
   1.5821687e+00
   1.6367926e+00
   1.5176872e+00
   1.1203328e+00
   8.0276776e-01
   5.3325092e-01
   1.5642290e-01
  -3.2053886e-01
  -5.6056992e-01
  -4.7071398e-01
  -2.0035709e-01
  -8.6253294e-02
  -2.6955113e-01
  -6.3753420e-01
  -1.0959321e+00
  -1.3455563e+00
  -1.4221729e+00
  -1.2431420e+00
  -1.2057431e+00
  -9.7154445e-01
  -9.5972207e-01
  -1.0039486e+00
  -7.4657035e-01
  -3.7725414e-01
  -2.5075733e-01
  -3.2570930e-02
   1.7615152e-01
   3.2901428e-01
   2.8348894e-01
   2.8366126e-01
   2.7398216e-01
   2.3258265e-01
   2.1310775e-01
   2.3124078e-01
   2.6192379e-01
   3.2663319e-01
   4.9188609e-01
   4.9826994e-01
   3.7838408e-01
   2.1203178e-01
   3.3869249e-02
   5.3508560e-03
   5.4401564e-02
   8.0249082e-02
   2.6383438e-01
   2.1025640e-01
   3.3938959e-01
   3.8966238e-01
   3.8793925e-01
   4.1791524e-01
   4.8860025e-01
   5.6881990e-01
   6.2895022e-01
   6.2211129e-01
   6.1940444e-01
   6.2761814e-01
   6.2727593e-01
   6.4970932e-01
   5.8825285e-01
   7.1100546e-01
   8.0335063e-01
   1.0731818e+00
   9.6185998e-01
   7.2440046e-01
   6.8904185e-01
   9.4668221e-01
   1.0421259e+00
   6.9721552e-01
   7.5723586e-01
   9.2297830e-01
   9.9912884e-01
   1.0755427e+00
   1.1058197e+00
   1.1211059e+00
   1.1064931e+00
   1.1017021e+00
   1.1430603e+00
   1.1561905e+00
   1.1323313e+00
   1.1395444e+00
   1.1814567e+00
   1.2896020e+00
   1.3905250e+00
   1.3799526e+00
   1.3597365e+00
   1.3593476e+00
   1.3927618e+00
   1.4164008e+00
   1.4165602e+00
   1.4070606e+00
   1.2811446e+00
   1.3099037e+00
   1.3617262e+00
   1.3223652e+00
   1.3013201e+00
   1.2018754e+00
   1.1590963e+00
   1.1029097e+00
   1.1200494e+00
   1.2178903e+00
   1.4829580e+00
   2.0132279e+00
   2.7450596e+00
   2.7021476e+00
   2.7456497e+00
   2.8018018e+00
   2.6313380e+00
   2.5387399e+00
   2.5588125e+00
   2.1969188e+00
   1.9820960e+00
   1.9692938e+00
   1.9706630e+00
   1.8895036e+00
   1.8276390e+00
   1.7224740e+00
   1.7023228e+00
   1.6916774e+00
   1.7039378e+00
   1.6864023e+00
   1.7452234e+00
   1.7458094e+00
   1.7818392e+00
   1.9111703e+00
   1.9384195e+00
   1.8196839e+00
   1.8042815e+00
   1.8019463e+00
   1.8058548e+00
   2.0788609e+00
   2.0720508e+00
   2.2308941e+00
   2.2325720e+00
   2.1896090e+00
   2.0966337e+00
   2.1016539e+00
   2.1010828e+00
   2.0938254e+00
   2.0718548e+00
   1.9895930e+00
   1.9416488e+00
   1.8843528e+00
   1.8739959e+00
   1.8398885e+00
   1.7610795e+00
   1.6730040e+00
   1.2222765e+00
   8.1235087e-01
   6.1419988e-01
   1.0917235e+00
   1.5510621e+00
   2.1789802e+00
   2.7943965e+00
   2.7435374e+00
   2.3397002e+00
   2.2619006e+00
   2.2875063e+00
   2.3196090e+00
   2.3969581e+00
   2.4254166e+00
   2.4628305e+00
   2.5562240e+00
   2.6665660e+00
   2.6547379e+00
   2.3943421e+00
   1.9271786e+00
   1.6232383e+00
   1.4724413e+00
   1.3996317e+00
   1.4182949e+00
   1.3612320e+00
   1.3509712e+00
   1.5154668e+00
   1.5442702e+00
   1.4058490e+00
   1.2695581e+00
   9.4175981e-01
   6.4448123e-01
   2.5074986e-01
  -6.6076202e-02
  -2.0474594e-01
  -1.4650549e-01
   1.4556172e-01
   4.7589284e-01
   6.8693483e-01
   7.9571012e-01
   7.9641441e-01
   8.0166478e-01
   7.1838406e-01
   6.6896590e-01
   6.3874903e-01
   6.4619326e-01
   6.6966738e-01
   7.0717989e-01
   7.3889193e-01
   7.2186743e-01
   6.8681899e-01
   5.4631680e-01
   4.6163142e-01
   3.7754546e-01
   3.3285527e-01
   3.8233549e-01
   1.0305308e+00
   1.3787129e-01
   2.8256852e-01
  -2.5161732e-01
  -1.7948645e-01
   5.2683774e-04
   6.5674109e-02
   6.9509132e-02
   6.3783235e-02
  -3.3527311e-02
  -1.1869680e-01
  -1.8253026e-01
  -2.5356118e-01
  -2.9404454e-01
  -2.4444669e-01
  -1.7340874e-01
  -3.4122465e-03
   2.7322814e-01
   5.8414705e-01
   1.0749445e+00
   1.7681252e+00
   2.0719971e+00
   1.9360148e+00
   1.8857078e+00
   1.7540021e+00
   1.5724063e+00
   1.4901333e+00
   1.5111426e+00
   1.5414824e+00
   1.6470961e+00
   1.7786993e+00
   1.8214944e+00
   1.8022391e+00
   1.7973279e+00
   1.8132364e+00
   1.8323521e+00
   1.5599090e+00
   1.4546343e+00
   1.3951927e+00
   1.3796190e+00
   1.3666642e+00
   1.3781774e+00
   1.3780202e+00
   1.3867502e+00
   1.3857414e+00
   1.2760890e+00
   1.2062299e+00
   1.1229893e+00
   1.0834028e+00
   1.0891043e+00
   1.1146351e+00
   1.1312344e+00
   1.1328051e+00
   1.1266256e+00
   1.1881047e+00
   1.2499306e+00
   1.5091744e+00
   1.8346048e+00
   2.0585346e+00
   2.0375203e+00
   2.0316968e+00
   1.9863221e+00
   1.8222469e+00
   1.7074340e+00
   1.6095869e+00
   1.5800420e+00
   1.5987874e+00
   1.7502654e+00
   1.9368479e+00
   2.2523880e+00
   2.5251718e+00
   2.1095778e+00
   1.6455605e+00
   1.3373596e+00
   8.7601054e-01
   6.7423739e-01
   6.5131680e-01
   7.7037125e-01
   9.0104842e-01
   1.1096863e+00
   1.3761268e+00
   1.6155228e+00
   1.6837221e+00
   1.7275210e+00
   1.6626208e+00
   1.5433424e+00
   1.4787229e+00
   1.4812401e+00
   1.5284403e+00
   1.5762596e+00
   1.5951375e+00
   1.5959064e+00
   1.5976007e+00
   1.5902305e+00
   1.4226008e+00
   1.3290703e+00
   1.1719201e+00
   1.0943020e+00
   1.0806057e+00
   1.1602454e+00
   1.2903733e+00
   1.3842564e+00
   1.3974767e+00
   1.3725031e+00
   1.3837966e+00
   1.5578048e+00
   2.1683506e+00
   2.3816656e+00
   2.2005185e+00
   2.0195645e+00
   1.9923019e+00
   1.9867983e+00
   1.9788144e+00
   1.9176639e+00
   1.6578434e+00
   1.3980850e+00
   1.2995869e+00
   1.2736330e+00
   1.2868643e+00
   1.3371865e+00
   1.7159481e+00
   1.4009729e+00
   1.0068932e+00
   5.0992417e-01
   2.5429621e-01
   1.6333147e-01
   8.2458830e-01
   1.4418893e+00
   2.1170827e+00
   2.7291562e+00
   2.4926106e+00
   2.3411901e+00
   2.1107681e+00
   2.0374453e+00
   2.0981741e+00
   2.2859499e+00
   2.6265182e+00
   3.1490423e+00
   3.6176795e+00
   4.0601597e+00
   4.4400399e+00
   4.6210707e+00
   3.4227226e+00
   2.6543586e+00
   2.1802684e+00
   1.7432967e+00
   1.3028916e+00
   8.1431860e-01
   1.3669447e+00
   1.7758908e+00
   2.1824506e+00
   2.7143003e+00
   2.8179857e+00
   2.1862567e+00
   1.9000758e+00
   1.7684629e+00
   1.8397980e+00
   1.8475789e+00
   1.6997487e+00
   1.7118313e+00
   1.8712293e+00
   2.1437057e+00
   2.3863737e+00
   2.4094504e+00
   2.1933414e+00
   1.9939159e+00
   2.0720972e+00
   1.9058894e+00
   1.4113007e+00
   1.1488057e+00
   9.9819690e-01
   8.0993907e-01
   7.9943809e-01
   1.0085719e+00
   1.3115803e+00
   1.5702936e+00
   1.7250607e+00
   1.8694624e+00
   1.9783078e+00
   1.9282000e+00
   2.1893649e+00
   2.4764691e+00
   2.2266073e+00
   1.9078058e+00
   1.8786655e+00
   1.8370641e+00
   1.5157341e+00
   1.2551011e+00
   1.2175583e+00
   1.3894567e+00
   2.2109657e+00
   2.3583190e+00
   2.3631626e+00
   2.0865412e+00
   1.8125988e+00
   1.7722042e+00
   2.0295854e+00
   2.5451320e+00
   2.5209485e+00
   2.6225743e+00
   2.9331470e+00
   2.9402000e+00
   2.5816276e+00
   2.4410007e+00
   2.5311606e+00
   2.7458979e+00
   2.6968568e+00
   2.9461702e+00
   2.9250154e+00
   2.4142809e+00
   2.3661921e+00
   2.6448817e+00
   3.4586118e+00
   3.3240542e+00
   2.5867150e+00
   2.4103797e+00
   2.2953152e+00
   2.3345572e+00
   2.1141550e+00
   1.5700861e+00
   1.2850977e+00
   1.2547352e+00
   1.2960291e+00
   1.4655713e+00
   1.5402925e+00
   1.4058186e+00
   1.3480282e+00
   1.3520359e+00
   1.3420946e+00
   1.2884982e+00
   1.1217814e+00
   1.0842762e+00
   1.0892927e+00
   1.2338706e+00
   1.3698268e+00
   1.3920011e+00
   1.4125910e+00
   1.4062608e+00
   1.5591171e+00
   2.5843305e+00
   1.9311788e+00
   1.7305377e+00
   1.7320716e+00
   1.7459612e+00
   1.6632084e+00
   1.6654687e+00
   1.6295583e+00
   1.7793044e+00
   2.0499837e+00
   2.1972967e+00
   2.3409335e+00
   2.0424747e+00
   1.4711608e+00
   1.1060656e+00
   1.0324794e+00
   1.0338223e+00
   9.8036125e-01
   1.0843425e+00
   1.5756728e+00
   1.8732964e+00
   2.2835220e+00
   2.4439985e+00
   2.3041487e+00
   2.2119607e+00
   2.2076680e+00
   2.1837792e+00
   2.1465556e+00
   2.0586613e+00
   2.0002172e+00
   1.9909353e+00
   1.9887692e+00
   1.9683805e+00
   1.8616801e+00
   1.6773629e+00
   1.5028438e+00
   1.4489568e+00
   1.5792868e+00
   1.9772397e+00
   2.7340829e+00
   2.7789141e+00
   2.7393679e+00
   2.7329413e+00
   2.7884184e+00
   2.7758623e+00
   2.7806498e+00
   2.7083977e+00
   2.6643797e+00
   2.5686648e+00
   2.6772235e+00
   2.6674863e+00
   2.5990652e+00
   2.0025065e+00
   1.1545850e+00
   7.6103866e-01
   6.7745891e-01
   6.9880887e-01
   7.0126579e-01
   8.4672932e-01
   1.0136751e+00
   1.1296582e+00
   1.1187344e+00
   1.1755628e+00
   1.2834694e+00
   1.6052007e+00
   1.7616411e+00
   1.7065444e+00
   1.4588278e+00
   1.3034953e+00
   1.2704958e+00
   1.2561273e+00
   1.2812827e+00
   1.3601280e+00
   1.4245568e+00
   1.4998066e+00
   1.6377452e+00
   1.6493851e+00
   1.6572945e+00
   2.5269716e+00
   1.9840638e+00
   1.7679246e+00
   1.7284874e+00
   1.8017910e+00
   1.9653449e+00
   2.3768059e+00
   2.9320231e+00
   2.8045681e+00
   2.9143565e+00
   3.0905128e+00
   3.1255788e+00
   3.0292667e+00
   3.2436128e+00
   3.1346527e+00
   2.9734941e+00
   2.9129605e+00
   2.9097172e+00
   3.0077648e+00
   3.1954205e+00
   3.1499305e+00
   2.9634726e+00
   2.4929937e+00
   2.0113622e+00
   1.7076545e+00
   1.4351097e+00
   1.8612690e+00
   2.2341673e+00
   2.6096193e+00
   3.1757639e+00
   3.6529611e+00
   3.8829199e+00
   4.1051036e+00
   3.9641394e+00
   2.9564620e+00
   2.6350785e+00
   2.6535440e+00
   2.6568912e+00
   2.7350144e+00
   3.0610868e+00
   3.3646413e+00
   3.6177958e+00
   3.8276571e+00
   3.3858411e+00
   2.9970200e+00
   2.5359251e+00
   2.3113148e+00
   2.1804765e+00
   2.2081686e+00
   2.4385196e+00
   2.9196953e+00
   3.1630257e+00
   2.6667312e+00
   2.4470020e+00
   2.3879371e+00
   2.4434529e+00
   2.6256118e+00
   3.0467062e+00
   3.3788510e+00
   3.7623430e+00
   3.6698961e+00
   3.6313174e+00
   3.4325162e+00
   3.2365105e+00
   2.8513720e+00
   2.1822399e+00
   1.7014586e+00
   1.3516919e+00
   1.4213826e+00
   1.5751933e+00
   2.1051484e+00
   2.7745182e+00
   3.5102390e+00
   3.6761828e+00
   3.3864946e+00
   3.8104511e+00
   3.6920213e+00
   3.6383956e+00
   3.1101976e+00
   3.0247231e+00
   3.1168315e+00
   3.3799220e+00
   4.0992930e+00
   4.0982989e+00
   3.4443938e+00
   3.2239097e+00
   3.5239070e+00
   2.8349612e+00
   2.4244237e+00
   2.3032434e+00
   2.3080266e+00
   2.4713969e+00
   2.8156301e+00
   3.1295349e+00
   2.7697120e+00
   2.6352007e+00
   2.2863994e+00
   2.5284246e+00
   1.8347668e+00
   1.4836299e+00
   1.3895230e+00
   1.3927971e+00
   1.4090134e+00
   1.4296120e+00
   1.4046667e+00
   1.3711004e+00
   1.3840029e+00
   1.3846372e+00
   1.3813076e+00
   1.3456958e+00
   1.3467455e+00
   1.3271454e+00
   1.3359501e+00
   1.3618332e+00
   1.3553973e+00
   1.3875368e+00
   1.3656557e+00
   1.3968634e+00
   1.3768254e+00
   1.3522356e+00
   1.3079036e+00
   1.2716138e+00
   1.2591880e+00
   1.2997480e+00
   1.3167637e+00
   1.2962157e+00
   1.2664251e+00
   1.3490725e+00
   1.4833194e+00
   1.7045890e+00
   1.1473889e+00
   8.0438087e-01
   7.8738799e-01
   1.0258981e+00
   1.3069031e+00
   1.3718982e+00
   1.4129679e+00
   1.4834628e+00
   1.6368123e+00
   1.8455377e+00
   1.4855446e+00
   1.2242867e+00
   1.1493593e+00
   1.1112711e+00
   1.0198128e+00
   8.9837731e-01
   8.3180555e-01
   7.1393019e-01
   1.0583544e+00
   1.2778232e+00
   1.1808873e+00
   8.9682611e-01
   7.1523191e-01
   6.3917710e-01
   6.2647042e-01
   6.4981626e-01
   6.7347752e-01
   6.7838705e-01
   6.5619654e-01
   6.4459506e-01
   6.6613931e-01
   6.6799148e-01
   6.6710004e-01
   6.7889020e-01
   6.7024852e-01
   6.9539944e-01
   6.9168261e-01
   6.9832613e-01
   6.6999813e-01
   6.0640502e-01
   5.4966989e-01
   4.9856850e-01
   3.4353927e-01
   2.6044207e-01
   2.3589157e-01
   2.1480052e-01
   1.9997167e-01
   2.1490548e-01
   2.2854291e-01
   2.2979938e-01
   2.4011541e-01
   3.1905351e-01
   4.0812822e-01
   4.9273948e-01
   5.6485569e-01
   5.8281495e-01
   5.6395057e-01
   5.3820063e-01
   4.7116556e-01
   2.2709641e-01
   1.7465511e-02
  -3.4176864e-02
  -1.2106097e-02
   4.9957075e-02
   7.2796786e-02
   6.6286757e-02
   5.8693962e-02
   3.6848535e-02
   2.5720317e-01
   6.5126459e-01
   1.3321517e+00
   1.9189730e+00
   2.6290202e+00
   1.8433406e+00
   1.6717478e+00
   1.6138774e+00
   1.6735267e+00
   1.7547429e+00
   2.0836615e+00
   1.7773273e+00
   1.5026327e+00
   1.4501430e+00
   1.4914616e+00
   1.5519066e+00
   1.6635045e+00
   1.8545505e+00
   2.1384127e+00
   2.3309233e+00
   2.7360572e+00
   3.3366270e+00
   2.7587853e+00
   2.2952622e+00
   2.0166137e+00
   1.8695016e+00
   1.8239188e+00
   1.8219789e+00
   1.7456036e+00
   1.5765868e+00
   1.6078361e+00
   2.1220591e+00
   2.4236353e+00
   2.3562936e+00
   2.0111185e+00
   1.8756451e+00
   1.9149733e+00
   2.1912509e+00
   2.6522566e+00
   2.2799603e+00
   2.1746839e+00
   2.2857441e+00
   2.5967335e+00
   2.4976283e+00
   2.4519671e+00
   2.5948793e+00
   2.5677303e+00
   2.4132407e+00
   2.4591158e+00
   1.9209635e+00
   1.4021543e+00
   1.0114494e+00
   7.3036401e-01
   3.3038510e-01
  -1.9811611e-01
  -8.6114215e-01
  -1.1477415e+00
  -1.5906763e-02
   1.0750798e+00
   1.5736883e+00
   1.3550612e+00
   1.2038341e+00
   1.1509181e+00
   1.3342069e+00
   2.0682398e+00
   1.8406830e+00
   1.5339681e+00
   1.5110447e+00
   1.6418939e+00
   1.4423559e+00
   1.1871210e+00
   1.0976054e+00
   1.1725506e+00
   1.4137081e+00
   1.8340550e+00
   2.4636717e+00
   2.9641645e+00
   3.3546392e+00
   2.9496604e+00
   2.7126950e+00
   2.6329426e+00
   2.6375446e+00
   2.6551290e+00
   2.4560104e+00
   2.2583335e+00
   2.0972536e+00
   1.8485305e+00
   1.9061081e+00
   2.2189378e+00
   2.2028138e+00
   1.4829478e+00
   1.1588971e+00
   1.0256776e+00
   1.0976857e+00
   1.3407304e+00
   1.6140442e+00
   1.5657176e+00
   1.6239138e+00
   1.8350725e+00
   1.9752161e+00
   1.8385993e+00
   1.7491862e+00
   1.7576814e+00
   1.6718093e+00
   1.6162289e+00
   1.7252304e+00
   1.7232272e+00
   1.6391696e+00
   1.6119422e+00
   2.0320779e+00
   2.6010974e+00
   2.7956680e+00
   2.7405349e+00
   2.7743840e+00
   2.5980049e+00
   2.2311506e+00
   2.1801025e+00
   2.1809002e+00
   2.1671688e+00
   2.2258600e+00
   2.3605423e+00
   3.0932716e+00
   2.8402203e+00
   2.3389068e+00
   2.1430959e+00
   1.8281812e+00
   1.3682652e+00
   1.1304224e+00
   1.0388413e+00
   1.0873782e+00
   1.4543650e+00
   2.3984306e+00
   1.7526765e+00
   9.8538301e-01
   3.9826463e-01
  -5.8450216e-01
   5.6306280e-01
   1.7803182e+00
   1.7791626e+00
   1.8947090e+00
   2.5083169e+00
   3.2297727e+00
   2.8269939e+00
   2.4527452e+00
   2.1538961e+00
   2.0081487e+00
   2.0020671e+00
   2.0167261e+00
   2.1043009e+00
   2.2351442e+00
   2.4451641e+00
   2.4374796e+00
   2.2652995e+00
   2.1478403e+00
   1.9616963e+00
   1.8743884e+00
   1.8801365e+00
   1.8678048e+00
   1.8921697e+00
   1.8923915e+00
   1.8950246e+00
   1.8865198e+00
   1.8870203e+00
   1.9112922e+00
   1.9506368e+00
   1.9335506e+00
   1.7913503e+00
   1.6797929e+00
   1.6076864e+00
   1.5929577e+00
   1.7088495e+00
   2.4633258e+00
   1.9177374e+00
   1.8788689e+00
   1.8597795e+00
   1.6331363e+00
   1.7792963e+00
   1.9626933e+00
   1.9668640e+00
   1.9116154e+00
   1.7645212e+00
   1.3372825e+00
   1.0308324e+00
   7.9802249e-01
   7.5199102e-01
   7.4981263e-01
   7.3066951e-01
   7.0250765e-01
   6.8518915e-01
   7.0118229e-01
   7.6093369e-01
   7.9078081e-01
   7.8400597e-01
   7.0795774e-01
   6.4787466e-01
   5.9255030e-01
   5.6588775e-01
   5.7246981e-01
   6.3984726e-01
   7.4631877e-01
   8.1055415e-01
   8.7967947e-01
   9.4430846e-01
   9.5103362e-01
   9.5099687e-01
   9.4895227e-01
   9.3565281e-01
   9.1172277e-01
   9.0882089e-01
   9.6302393e-01
   1.0402486e+00
   1.1407874e+00
   1.1558653e+00
   1.1655212e+00
   1.1577294e+00
   1.0977948e+00
   1.0406632e+00
   1.0424584e+00
   1.0609777e+00
   9.8666009e-01
   9.0938278e-01
   7.6097563e-01
   4.3179280e-01
   2.5630306e-01
   2.1984944e-01
   2.1385939e-01
   2.6548265e-01
   4.0795275e-01
   6.6201953e-01
   9.0565474e-01
   1.2785867e+00
   1.9510648e+00
   1.3233810e+00
   1.1371331e+00
   1.1362953e+00
   1.1989254e+00
   1.3199424e+00
   1.4824060e+00
   1.6893300e+00
   2.0066265e+00
   2.1609017e+00
   2.1216581e+00
   1.8317254e+00
   1.5557448e+00
   1.4145412e+00
   1.1754194e+00
   1.0361324e+00
   1.0593054e+00
   1.2461782e+00
   1.5527031e+00
   1.8876193e+00
   2.3329034e+00
   3.1432716e+00
   2.8924685e+00
   2.4048222e+00
   2.1517901e+00
   2.0646313e+00
   2.0930850e+00
   2.1654778e+00
   2.2092719e+00
   2.2620935e+00
   2.4511068e+00
   2.8976975e+00
   3.2735549e+00
   2.6298763e+00
   2.0849762e+00
   1.7580971e+00
   1.4765096e+00
   1.2991683e+00
   1.1998909e+00
   1.1978181e+00
   1.3223770e+00
   1.7192421e+00
   1.9736795e+00
   2.2235044e+00
   2.5154125e+00
   2.0084352e+00
   1.4739204e+00
   1.2504643e+00
   1.2167218e+00
   1.2907866e+00
   1.5238713e+00
   1.5403742e+00
   2.0225687e+00
   1.9634079e+00
   1.6221423e+00
   1.4983279e+00
   1.2955185e+00
   1.0820978e+00
   9.9034151e-01
   9.8435035e-01
   1.0879945e+00
   1.3763839e+00
   1.1104593e+00
   5.6823178e-01
   4.2845892e-01
   4.0031350e-01
   5.5540998e-01
   6.5197015e-01
   7.2229301e-01
   1.0297540e+00
   1.3194568e+00
   1.5335667e+00
   1.3897895e+00
   1.3851122e+00
   1.2949666e+00
   1.3869731e+00
   1.1760323e+00
   1.1538997e+00
   1.2318660e+00
   1.1332787e+00
   9.3569487e-01
   8.8426200e-01
   7.1958497e-01
   3.6111583e-01
   4.1233646e-02
  -1.2963120e-01
  -3.1650146e-01
  -8.5998483e-01
  -1.5186538e-02
   1.6400696e-01
   2.2199713e-01
   3.3393470e-01
   5.5031086e-01
   9.2626306e-01
   1.4448772e+00
   2.3178133e+00
   2.3591146e+00
   2.1977327e+00
   2.1246381e+00
   2.1220137e+00
   2.1115894e+00
   2.1148138e+00
   2.1281025e+00
   2.2542040e+00
   2.3158179e+00
   1.8627943e+00
   1.5000607e+00
   1.3718331e+00
   1.3579226e+00
   1.4269056e+00
   1.5690032e+00
   1.6802693e+00
   1.8940310e+00
   1.9636061e+00
   1.8415145e+00
   1.8603242e+00
   1.9183160e+00
   1.9393186e+00
   2.1111853e+00
   2.6872528e+00
   2.6788928e+00
   2.5560181e+00
   2.5049564e+00
   2.4332175e+00
   2.3157552e+00
   2.2231986e+00
   2.2080869e+00
   2.2099163e+00
   2.0273832e+00
   1.9127064e+00
   1.8845945e+00
   1.8634024e+00
   1.9248374e+00
   2.0534994e+00
   2.2583252e+00
   2.6515906e+00
   2.7151702e+00
   2.2261253e+00
   1.9811405e+00
   1.8009441e+00
   1.6133116e+00
   1.4379538e+00
   1.3035960e+00
   1.2828908e+00
   1.3641904e+00
   1.5622268e+00
   1.6829716e+00
   1.6543543e+00
   1.5137903e+00
   1.3880804e+00
   1.3714999e+00
   1.3129505e+00
   1.2194291e+00
   1.2069003e+00
   1.2126344e+00
   1.2032583e+00
   1.1565189e+00
   1.1616131e+00
   1.2518431e+00
   1.4629315e+00
   1.6487802e+00
   1.7600548e+00
   1.7567767e+00
   1.5172256e+00
   1.1637083e+00
   1.1515912e+00
   1.1459028e+00
   1.2929490e+00
   1.4220569e+00
   1.4661591e+00
   1.4503503e+00
   1.4607395e+00
   1.5252776e+00
   1.5078414e+00
   1.5177872e+00
   1.1605487e+00
   8.7772423e-01
   8.2748303e-01
   8.7746743e-01
   9.0113314e-01
   8.6769309e-01
   8.5874299e-01
   8.7794199e-01
   9.0843690e-01
   9.6186445e-01
   1.0910528e+00
   1.2770384e+00
   1.5086477e+00
   1.5378823e+00
   1.4081961e+00
   1.3185356e+00
   1.2954459e+00
   1.3370940e+00
   1.4549810e+00
   1.4984119e+00
   1.5118377e+00
   1.5541557e+00
   1.5945051e+00
   1.5659046e+00
   1.4778814e+00
   1.5682019e+00
   1.5410717e+00
   1.3607901e+00
   1.2066798e+00
   1.0115801e+00
   1.1755214e+00
   1.2169768e+00
   1.3872221e+00
   1.6485406e+00
   1.4187778e+00
   1.1715120e+00
   1.1268392e+00
   1.1841004e+00
   1.2402540e+00
   1.0771191e+00
   1.0362748e+00
   1.0372505e+00
   1.0604310e+00
   1.0452048e+00
   9.8445635e-01
   9.1251710e-01
   8.1299641e-01
   8.7226232e-01
   1.0201852e+00
   1.2287925e+00
   1.4609752e+00
   1.3249298e+00
   1.3437662e+00
   1.3480389e+00
   1.2785364e+00
   1.1955669e+00
   1.0617439e+00
   9.9111141e-01
   1.0313151e+00
   1.1311580e+00
   1.3492028e+00
   1.6674318e+00
   2.1664749e+00
   2.1359168e+00
   2.1233193e+00
   2.1861887e+00
   2.1809827e+00
   2.2139726e+00
   2.3870519e+00
   2.5567442e+00
   2.5658500e+00
   2.5999007e+00
   2.8914554e+00
   2.4838737e+00
   2.5713089e+00
   2.3701259e+00
   2.4961079e+00
   2.6931129e+00
   2.3402917e+00
   1.8348822e+00
   1.6252689e+00
   1.7029696e+00
   1.5583478e+00
   1.1961965e+00
   1.0767100e+00
   1.1230698e+00
   1.3362771e+00
   1.6698687e+00
   1.7388239e+00
   1.6312192e+00
   1.5842741e+00
   1.5728381e+00
   1.5641870e+00
   1.6176774e+00
   1.7435519e+00
   1.7530504e+00
   1.7630535e+00
   1.8687450e+00
   2.0146863e+00
   2.1729964e+00
   2.3741677e+00
   1.8414955e+00
   1.2008525e+00
   7.7985278e-01
   1.0129146e+00
   1.2824301e+00
   1.4527098e+00
   1.7187951e+00
   2.3773092e+00
   2.1754379e+00
   2.1561914e+00
   2.1289000e+00
   2.1202936e+00
   2.1204273e+00
   2.0838337e+00
   2.1639295e+00
   2.1676265e+00
   2.1392340e+00
   2.1552240e+00
   2.1740653e+00
   2.3046974e+00
   2.3651791e+00
   2.3289692e+00
   2.0575333e+00
   1.6243527e+00
   1.1137242e+00
   6.4231909e-01
   3.7297718e-01
   2.0382767e-01
   1.7069776e-01
   3.3170029e-01
   6.6690998e-01
   9.2954111e-01
   9.4159338e-01
   9.4190106e-01
   9.4229880e-01
   9.1705035e-01
   9.6357085e-01
   1.1086747e+00
   1.2394590e+00
   1.5279059e+00
   1.5710522e+00
   1.2650998e+00
   1.1991797e+00
   1.2939133e+00
   1.3208674e+00
   1.3062592e+00
   1.3187435e+00
   1.4084140e+00
   1.6928652e+00
   2.1031262e+00
   1.7083839e+00
   1.4962054e+00
   1.4718448e+00
   1.6442407e+00
   1.6963276e+00
   1.7300239e+00
   1.7712006e+00
   1.8572928e+00
   1.9071430e+00
   1.9002952e+00
   1.8628409e+00
   1.8374914e+00
   1.8155579e+00
   1.7037945e+00
   1.6066708e+00
   1.5431643e+00
   1.3000288e+00
   6.1599989e-01
   5.3572007e-01
   9.3160477e-01
   1.0187487e+00
   8.0966384e-01
   7.0736302e-01
   7.4775057e-01
   9.4697462e-01
   1.2622744e+00
   1.2667072e+00
   1.2312002e+00
   1.1822598e+00
   1.1444048e+00
   1.0881742e+00
   9.8876894e-01
   6.1638676e-01
   1.1181129e-01
  -8.7931626e-01
  -1.3517900e+00
  -4.2686990e-01
   1.8232131e-01
   5.6230069e-01
   9.8634349e-01
   1.1205190e+00
   1.0591436e+00
   1.3025492e+00
   1.6988990e+00
   1.4988275e+00
   1.3295923e+00
   1.2866279e+00
   1.1335912e+00
   1.0098541e+00
   9.3138391e-01
   9.5205208e-01
   1.1231959e+00
   1.4889642e+00
   2.0351907e+00
   2.2016814e+00
   2.1770258e+00
   2.1958743e+00
   2.3160322e+00
   3.0075340e+00
   2.5578304e+00
   2.1406066e+00
   1.9746636e+00
   1.9337983e+00
   1.9826625e+00
   2.0389150e+00
   2.0074296e+00
   1.9863994e+00
   1.9817714e+00
   2.0461432e+00
   2.3077712e+00
   2.3466315e+00
   2.3831221e+00
   2.5301549e+00
   2.3832924e+00
   2.3227944e+00
   2.2138220e+00
   2.0675205e+00
   1.9999262e+00
   2.5910220e+00
   1.9211935e+00
   1.7402578e+00
   1.7011809e+00
   1.6769266e+00
   1.6511785e+00
   1.7236653e+00
   1.6718506e+00
   1.3131970e+00
   1.0381971e+00
   9.3194782e-01
   1.0298510e+00
   1.2882719e+00
   1.5633364e+00
   1.8946064e+00
   2.0671652e+00
   2.1901303e+00
   2.3575923e+00
   2.6262118e+00
   1.9733125e+00
   1.6496031e+00
   1.4938153e+00
   1.4375054e+00
   1.4680708e+00
   1.6041333e+00
   1.8477848e+00
   2.2765819e+00
   3.0419900e+00
   3.5244387e+00
   3.7810671e+00
   2.9895379e+00
   2.0548936e+00
   1.5859112e+00
   1.2738559e+00
   1.0669938e+00
   8.6910556e-01
   9.8877659e-01
   1.6139152e+00
   1.7524967e+00
   1.9845027e+00
   2.5525381e+00
   2.0937430e+00
   1.8703460e+00
   1.8186009e+00
   1.8942937e+00
   2.0902346e+00
   2.3928487e+00
   3.2688992e+00
   2.9217410e+00
   2.6098322e+00
   2.6053250e+00
   2.7800156e+00
   1.9998478e+00
   1.5716073e+00
   1.3959407e+00
   1.3122714e+00
   1.3397264e+00
   1.4840012e+00
   1.2455330e+00
   8.8227333e-01
   8.5104816e-01
   8.5497922e-01
   6.3077873e-01
   5.0292837e-01
   4.8424905e-01
   5.4534671e-01
   6.6582162e-01
   8.0561396e-01
   9.0517308e-01
   1.2191026e+00
   1.8334080e+00
   2.3983584e+00
   2.5942066e+00
   2.2192828e+00
   1.9437873e+00
   1.7609101e+00
   1.6806426e+00
   1.6579365e+00
   1.5547276e+00
   1.4276030e+00
   1.4605548e+00
   1.5797723e+00
   1.8519630e+00
   2.2298156e+00
   2.6594747e+00
   3.3112565e+00
   2.8124854e+00
   2.5131741e+00
   2.3444875e+00
   2.2917276e+00
   2.2367841e+00
   2.2113460e+00
   2.2353820e+00
   2.5404524e+00
   3.1462089e+00
   2.2566443e+00
   1.8459884e+00
   1.5982350e+00
   1.3756844e+00
   9.6637665e-01
   7.7097948e-01
   6.7975249e-01
   6.7477625e-01
   7.4777600e-01
   8.4267526e-01
   8.6989615e-01
   8.4982196e-01
   8.4469963e-01
   8.6782806e-01
   1.0570927e+00
   1.3418577e+00
   1.5069808e+00
   1.6081570e+00
   1.6907212e+00
   1.7103274e+00
   1.7370426e+00
   1.3010675e+00
   1.0203047e+00
   9.1039785e-01
   9.4607521e-01
   1.2058160e+00
   1.3686716e+00
   1.3941568e+00
   1.3487259e+00
   1.3424721e+00
   1.3531454e+00
   1.4287619e+00
   1.5136235e+00
   1.7302009e+00
   2.0130913e+00
   2.0281144e+00
   1.5279394e+00
   1.3940601e+00
   1.4405902e+00
   1.1992009e+00
   9.5883165e-01
   8.8247077e-01
   9.3008212e-01
   1.0549801e+00
   1.3176250e+00
   1.6397969e+00
   2.1099348e+00
   3.0353924e+00
   3.0910810e+00
   2.5679454e+00
   2.1869054e+00
   1.9821237e+00
   2.0207005e+00
   2.0262774e+00
   2.1849805e+00
   2.5066908e+00
   2.4774535e+00
   2.5399708e+00
   2.6176949e+00
   2.4451928e+00
   2.1467045e+00
   1.9589573e+00
   1.9208513e+00
   1.9075096e+00
   2.1511129e+00
   2.4210120e+00
   2.6321097e+00
   2.8589251e+00
   2.8824856e+00
   2.7598005e+00
   2.1625616e+00
   1.6120663e+00
   1.1915258e+00
   7.1735054e-01
   3.1873622e-01
   5.6485657e-02
   1.9108482e-01
   7.3600956e-01
   1.4535311e+00
   2.2312921e+00
   1.7049052e+00
   1.6398247e+00
   2.2247592e+00
   1.6302547e+00
   1.5437864e+00
   1.5971521e+00
   1.7650582e+00
   2.0385263e+00
   2.5292759e+00
   3.0692895e+00
   3.5955535e+00
   3.4872133e+00
   3.0412294e+00
   2.7402210e+00
   2.6090566e+00
   2.5717403e+00
   2.4554045e+00
   2.1752166e+00
   2.1276161e+00
   2.2054852e+00
   2.3189825e+00
   2.1321871e+00
   1.6704213e+00
   9.3602209e-01
   8.5058195e-01
   1.3101060e+00
   1.8140843e+00
   1.9565687e+00
   1.9043054e+00
   2.1386867e+00
   2.7826786e+00
   2.3487895e+00
   2.0347299e+00
   2.2840223e+00
   1.5398761e+00
   1.1258659e+00
   9.3286696e-01
   8.3686537e-01
   8.6958986e-01
   1.6759410e+00
   1.4727651e+00
   1.2457792e+00
   1.2593582e+00
   1.3735209e+00
   1.5357930e+00
   1.7632235e+00
   1.9761849e+00
   2.0982393e+00
   2.2633559e+00
   2.7632723e+00
   2.9608243e+00
   2.4491595e+00
   2.1674613e+00
   1.9983344e+00
   1.9393933e+00
   1.9971965e+00
   2.1674896e+00
   2.7939317e+00
   2.7580472e+00
   2.7154031e+00
   2.3026692e+00
   2.0769328e+00
   1.9878458e+00
   2.0245374e+00
   2.1507994e+00
   2.2800468e+00
   2.6365316e+00
   3.5144536e+00
   3.4905078e+00
   3.2098373e+00
   2.6040701e+00
   2.1815301e+00
   1.8419140e+00
   1.6310675e+00
   1.5618000e+00
   1.6239171e+00
   1.8745463e+00
   2.1739100e+00
   2.5514575e+00
   2.7615759e+00
   2.6964174e+00
   2.8264882e+00
   3.2860174e+00
   3.2548532e+00
   3.0765386e+00
   2.9338564e+00
   2.8678553e+00
   2.7917826e+00
   2.5563671e+00
   2.2048092e+00
   2.0426448e+00
   2.0298334e+00
   2.0570594e+00
   2.1707726e+00
   2.1574477e+00
   2.1961138e+00
   2.2790337e+00
   2.2733747e+00
   2.2435196e+00
   2.2212395e+00
   2.4471458e+00
   2.3298722e+00
   1.9015924e+00
   1.5383744e+00
   1.4560182e+00
   1.4754369e+00
   1.5770560e+00
   1.7935311e+00
   1.8253256e+00
   1.8207284e+00
   1.8187163e+00
   1.7022392e+00
   1.6927321e+00
   1.6062860e+00
   1.5366489e+00
   1.4990112e+00
   1.5263274e+00
   1.4846079e+00
   1.5017174e+00
   1.3426873e+00
   1.3529990e+00
   1.3159938e+00
   1.2913612e+00
   1.3119559e+00
   1.3865365e+00
   1.5756793e+00
   1.6137311e+00
   1.5222556e+00
   1.4774779e+00
   1.4864333e+00
   1.5355726e+00
   1.5547571e+00
   1.5499990e+00
   1.5586070e+00
   1.5762175e+00
   1.6178740e+00
   1.7500743e+00
   1.8010601e+00
   1.3094105e+00
   2.2286485e-01
   9.3673630e-01
   5.6096011e-01
   2.8465836e-01
   2.9604593e-01
   4.6102607e-01
   7.5592072e-01
   1.3914718e+00
   1.6851204e+00
   1.6583129e+00
   1.9705133e+00
   2.6346634e+00
   2.9049413e+00
   2.4258742e+00
   2.1991300e+00
   1.8240405e+00
   1.7483041e+00
   1.8290178e+00
   1.9462354e+00
   2.2925887e+00
   2.6349775e+00
   2.5089900e+00
   2.3904632e+00
   2.3223833e+00
   2.2202683e+00
   2.0897919e+00
   1.9754395e+00
   1.9114419e+00
   1.8609574e+00
   1.8706112e+00
   2.0434787e+00
   2.0952191e+00
   1.8851035e+00
   1.8830482e+00
   1.8010500e+00
   1.8025113e+00
   1.7809688e+00
   1.7127825e+00
   1.7899534e+00
   1.8288826e+00
   1.8236128e+00
   1.8140182e+00
   1.8974834e+00
   2.1482906e+00
   2.3110063e+00
   2.4511441e+00
   2.6771895e+00
   2.7382773e+00
   2.7486965e+00
   2.7438952e+00
   2.7399844e+00
   2.7307382e+00
   2.7301048e+00
   2.6488154e+00
   2.6422719e+00
   2.6880719e+00
   2.8163669e+00
   2.9791384e+00
   3.0934182e+00
   2.9427596e+00
   2.9289388e+00
   2.9362015e+00
   2.9344179e+00
   2.8251527e+00
   2.6566133e+00
   2.6201438e+00
   2.6336018e+00
   2.6380408e+00
   2.6913242e+00
   2.7969958e+00
   2.7529094e+00
   2.7375314e+00
   2.7319842e+00
   2.6830014e+00
   2.6217119e+00
   2.5594659e+00
   2.5978039e+00
   2.8315854e+00
   3.6176605e+00
   3.1355428e+00
   2.8679442e+00
   2.8809764e+00
   2.8745178e+00
   2.7762221e+00
   2.6564613e+00
   2.4726696e+00
   2.3977587e+00
   2.4043756e+00
   2.4402487e+00
   2.4362197e+00
   2.3040514e+00
   2.2417216e+00
   2.2544915e+00
   2.2876595e+00
   2.4831795e+00
   2.7564271e+00
   2.9114662e+00
   2.8297066e+00
   2.8415490e+00
   2.8493095e+00
   2.8087796e+00
   2.6346872e+00
   2.5390073e+00
   2.6138273e+00
   2.3688621e+00
   2.0074453e+00
   1.7727258e+00
   1.6983486e+00
   1.7657225e+00
   2.0052861e+00
   2.0010064e+00
   1.5549774e+00
   1.2296591e+00
   1.0531477e+00
   1.0449729e+00
   1.2052520e+00
   1.4288843e+00
   1.6387610e+00
   1.8678096e+00
   2.0239557e+00
   2.1295215e+00
   2.1935027e+00
   2.2300620e+00
   2.2304518e+00
   2.1969161e+00
   2.1340625e+00
   1.9879119e+00
   1.8361791e+00
   1.8577127e+00
   1.8317399e+00
   1.8147192e+00
   1.8857362e+00
   1.8540269e+00
   1.7834107e+00
   1.7662473e+00
   1.7236698e+00
   1.7109854e+00
   1.7128196e+00
   1.7141956e+00
   1.7362297e+00
   1.6749952e+00
   1.5463533e+00
   1.5085583e+00
   1.5851728e+00
   1.7400750e+00
   1.8432981e+00
   1.9826891e+00
   2.0869713e+00
   2.1043243e+00
   2.1399853e+00
   2.0607182e+00
   2.0500911e+00
   2.0273861e+00
   1.9833926e+00
   1.9534939e+00
   1.9663024e+00
   2.0027578e+00
   2.0865660e+00
   2.1440695e+00
   2.2099364e+00
   2.2573934e+00
   2.0479554e+00
   1.9410492e+00
   1.8617501e+00
   1.8365222e+00
   1.9182355e+00
   2.0873494e+00
   2.1948822e+00
   2.1956706e+00
   2.1551507e+00
   2.1442540e+00
   2.3973219e+00
   1.9778143e+00
   1.7767760e+00
   1.6411620e+00
   1.6056265e+00
   1.6451312e+00
   1.7737323e+00
   1.9024564e+00
   1.9345120e+00
   1.9982292e+00
   2.2502539e+00
   2.7879830e+00
   2.3304469e+00
   2.0261832e+00
   1.8566828e+00
   1.7694076e+00
   1.7255422e+00
   1.7152486e+00
   1.7328691e+00
   1.7545768e+00
   1.7787702e+00
   1.8864147e+00
   1.9650315e+00
   1.6868898e+00
   1.3889287e+00
   8.9587970e-01
   4.8163131e-01
   6.1989170e-01
   9.2744396e-01
   1.3543963e+00
   1.7979651e+00
   2.0116588e+00
   2.0874470e+00
   1.9329302e+00
   1.9215660e+00
   1.9035549e+00
   1.8479957e+00
   1.8727853e+00
   1.8990789e+00
   1.9789791e+00
   2.1699421e+00
   2.3839829e+00
   2.5502945e+00
   2.8820599e+00
   2.3994196e+00
   2.2345928e+00
   2.1788625e+00
   2.1812552e+00
   2.1729811e+00
   2.1301893e+00
   2.0347410e+00
   1.9755366e+00
   1.9378853e+00
   1.9293646e+00
   1.9165421e+00
   1.9089572e+00
   1.9374215e+00
   2.0309488e+00
   2.3150078e+00
   2.4340110e+00
   2.4372395e+00
   2.5573882e+00
   2.6514234e+00
   2.5716198e+00
   2.2889408e+00
   2.1030840e+00
   1.9598340e+00
   1.8221887e+00
   1.6659693e+00
   1.6024216e+00
   1.6064824e+00
   1.6820976e+00
   1.8279231e+00
   1.9633420e+00
   1.9170881e+00
   1.9087357e+00
   1.8839515e+00
   1.8697101e+00
   1.8796940e+00
   1.9224570e+00
   1.9511485e+00
   1.9840339e+00
   2.0634833e+00
   2.2470558e+00
   2.3700397e+00
   2.3394469e+00
   2.2139514e+00
   2.0789906e+00
   2.0555538e+00
   2.0582069e+00
   2.0569047e+00
   2.0283482e+00
   1.9905265e+00
   1.9571605e+00
   1.9149221e+00
   1.8990046e+00
   1.8358282e+00
   1.8274108e+00
   1.8541807e+00
   1.9203667e+00
   2.3027190e+00
   2.4323438e+00
   2.2528393e+00
   2.2348018e+00
   3.0765297e+00
   2.0983060e+00
   1.6423539e+00
   1.4098439e+00
   1.3118040e+00
   1.2618172e+00
   1.2178163e+00
   1.0649177e+00
  -1.4228950e-01
   1.4178687e-01
   2.5722860e-01
   2.5446421e-01
   2.6570294e-01
   3.3535692e-01
   5.6228892e-01
   8.8481299e-01
   1.3041599e+00
   1.6691739e+00
   2.3195269e+00
   2.3147216e+00
   2.0824342e+00
   1.9749675e+00
   1.9231778e+00
   1.6625687e+00
   1.5143869e+00
   1.4178363e+00
   1.3848488e+00
   1.3850409e+00
   1.3835071e+00
   1.3510019e+00
   1.2940495e+00
   1.2912796e+00
   1.2829435e+00
   1.3249199e+00
   1.4035470e+00
   1.4107011e+00
   1.4106347e+00
   1.3993643e+00
   1.3760584e+00
   1.3229467e+00
   1.3320498e+00
   1.2970086e+00
   1.2902531e+00
   1.3420469e+00
   1.4693622e+00
   1.6889373e+00
   2.0466721e+00
   2.0990263e+00
   1.6904559e+00
   1.4995256e+00
   1.4088017e+00
   1.4203597e+00
   1.3702852e+00
   1.3745274e+00
   1.4463947e+00
   1.6434218e+00
   1.8842528e+00
   1.8473088e+00
   1.9973230e+00
   1.7075947e+00
   1.6939995e+00
   1.6761059e+00
   1.4193724e+00
   1.4192786e+00
   1.0780464e+00
   3.6937931e-01
  -4.7905161e-01
   4.1998196e-01
   6.8026747e-01
   7.2506009e-01
   5.5193755e-01
   2.4313372e-01
   1.9844354e-01
   3.2735175e-01
   5.9898755e-01
   7.4873367e-01
   9.3660503e-01
   1.0781445e+00
   1.1148112e+00
   1.1368433e+00
   1.2667221e+00
   1.1725997e+00
   8.4258391e-01
   4.3402379e-01
   2.8000191e-01
   2.8702881e-01
   2.4667818e-01
   7.5646985e-02
  -4.7867573e-03
  -4.1711009e-02
   8.5774433e-02
   2.7695241e-01
   6.9386104e-01
   1.1735296e+00
   1.5372465e+00
   1.6797744e+00
   2.2440074e+00
   2.9131902e+00
   2.8229975e+00
   2.1557177e+00
   1.7298377e+00
   1.5432923e+00
   1.5044070e+00
   1.5687990e+00
   1.7832632e+00
   2.1195485e+00
   2.4443053e+00
   2.6095474e+00
   2.6324242e+00
   2.5465665e+00
   2.5152139e+00
   2.5452922e+00
   2.6293254e+00
   2.7613952e+00
   3.1425492e+00
   3.1007991e+00
   2.9058713e+00
   2.9795170e+00
   2.8998680e+00
   2.7531657e+00
   2.4873264e+00
   2.2847349e+00
   2.2430838e+00
   2.1786926e+00
   2.1093175e+00
   2.1096038e+00
   2.1002476e+00
   2.1221533e+00
   2.1050389e+00
   1.9422624e+00
   1.8511518e+00
   1.7704353e+00
   1.7507663e+00
   1.7509937e+00
   1.8281543e+00
   1.9432773e+00
   1.9487981e+00
   1.8899511e+00
   1.8070549e+00
   1.7780556e+00
   1.7647642e+00
   1.7745062e+00
   1.7746521e+00
   1.8402727e+00
   2.0526708e+00
   2.4044768e+00
   2.6351723e+00
   2.7509784e+00
   2.6536317e+00
   2.4952438e+00
   2.4129184e+00
   2.4620749e+00
   2.4737869e+00
   2.4693584e+00
   2.4724383e+00
   2.4451420e+00
   2.4355664e+00
   2.4060013e+00
   2.4077793e+00
   2.3589720e+00
   2.3473849e+00
   2.3204605e+00
   2.2279650e+00
   2.2074611e+00
   2.1723519e+00
   2.1723241e+00
   2.1794777e+00
   2.1694845e+00
   2.1843308e+00
   2.2142116e+00
   2.2738127e+00
   2.3273432e+00
   2.4012122e+00
   2.4287375e+00
   2.4664691e+00
   2.4453680e+00
   2.3741759e+00
   2.3499386e+00
   2.2950299e+00
   2.1122442e+00
   1.9409183e+00
   1.9166587e+00
   2.1200220e+00
   2.2722857e+00
   2.5045965e+00
   2.7938139e+00
   3.2653546e+00
   3.4160117e+00
   3.2849978e+00
   2.9641859e+00
   2.5259454e+00
   2.1256751e+00
   1.9482230e+00
   1.8801542e+00
   1.9179123e+00
   2.0886475e+00
   2.5093183e+00
   3.4014916e+00
   2.4715177e+00
   1.6455065e+00
   1.1985677e+00
   9.7954434e-01
   9.0626557e-01
   9.3963132e-01
   1.0560790e+00
   1.3305298e+00
   1.7533922e+00
   2.4420724e+00
   2.8452341e+00
   2.6784885e+00
   1.7914004e+00
   1.3152220e+00
   9.3375091e-01
   6.0107072e-01
   3.9925873e-01
   3.3771979e-01
   5.1457433e-01
   9.6591602e-01
   9.5885171e-01
   1.1130795e+00
   1.6436609e+00
   1.5023639e+00
   1.3317184e+00
   1.4566821e+00
   1.6110349e+00
   1.4808028e+00
   1.6459652e+00
   1.5043836e+00
   1.1103337e+00
   7.8083819e-01
   4.4629712e-01
   1.0199728e+00
   1.4506759e+00
   1.5104383e+00
   1.6637525e+00
   2.0219042e+00
   2.2135470e+00
   2.2924667e+00
   2.2527345e+00
   2.0298732e+00
   1.6439868e+00
   1.4373370e+00
   2.3179901e+00
   1.8592982e+00
   1.5564197e+00
   1.4349862e+00
   1.5067062e+00
   1.8030592e+00
   1.4518827e+00
   1.0250873e+00
   8.5400379e-01
   8.5698569e-01
   1.0006853e+00
   1.2716674e+00
   1.7088055e+00
   2.2555836e+00
   2.5473047e+00
   3.0064112e+00
   3.1515916e+00
   3.0473164e+00
   3.7858177e+00
   2.4863217e+00
   2.1058314e+00
   2.0032555e+00
   2.0227855e+00
   2.1924078e+00
   2.5519849e+00
   2.5611549e+00
   2.2285255e+00
   1.9293523e+00
   1.8078714e+00
   1.8810708e+00
   2.1313988e+00
   2.3007018e+00
   2.0772062e+00
   2.0109210e+00
   1.9722379e+00
   1.9446000e+00
   1.8890760e+00
   1.8132801e+00
   1.7643211e+00
   1.7609288e+00
   1.7440413e+00
   1.6990655e+00
   1.7028444e+00
   1.8286957e+00
   2.0428949e+00
   2.0852881e+00
   2.0077233e+00
   1.8916107e+00
   1.7752510e+00
   1.7054157e+00
   1.6702983e+00
   1.6854672e+00
   1.7543404e+00
   1.9883976e+00
   2.1313953e+00
   2.1011972e+00
   2.0369333e+00
   2.0481943e+00
   2.1074274e+00
   2.2786793e+00
   2.5319364e+00
   2.6574996e+00
   2.6104728e+00
   2.7287259e+00
   2.7066134e+00
   2.6196793e+00
   2.5154391e+00
   2.5109656e+00
   2.4984880e+00
   2.4810287e+00
   2.4817112e+00
   2.4911475e+00
   2.7262342e+00
   2.5054595e+00
   2.3737482e+00
   2.4727808e+00
   2.4138776e+00
   2.1635717e+00
   2.1508250e+00
   2.1759471e+00
   2.2080689e+00
   2.2119123e+00
   2.2273814e+00
   2.2474974e+00
   2.2228512e+00
   2.1687314e+00
   2.0939315e+00
   2.0385322e+00
   2.0314309e+00
   2.1098825e+00
   2.2489394e+00
   2.4010121e+00
   2.4154370e+00
   2.3929463e+00
   2.2876612e+00
   1.7987040e+00
   1.4113452e+00
   1.1228431e+00
   9.1882990e-01
   8.3439138e-01
   8.4170983e-01
   9.0382902e-01
   9.9014020e-01
   9.2375647e-01
   8.0805578e-01
   6.9104420e-01
   6.2927345e-01
   6.4959741e-01
   7.9703888e-01
   1.2610770e+00
   1.4992369e+00
   6.1745903e-01
   6.6033235e-01
   9.1944945e-01
   1.1332610e+00
   1.2592954e+00
   1.3689483e+00
   1.5287768e+00
   1.8422647e+00
   2.1243399e+00
   2.3768436e+00
   2.2882860e+00
   2.1911492e+00
   2.1820667e+00
   2.1822737e+00
   2.2233631e+00
   2.1779945e+00
   2.1750762e+00
   2.2054883e+00
   2.2084165e+00
   2.2155425e+00
   2.2847060e+00
   2.5863027e+00
   2.8286056e+00
   3.0304621e+00
   3.0704089e+00
   3.0737590e+00
   3.0679415e+00
   3.0691293e+00
   3.0695947e+00
   2.9442251e+00
   2.8888700e+00
   3.4527048e+00
   3.0169688e+00
   2.3268875e+00
   2.0657775e+00
   1.9833672e+00
   2.0885610e+00
   2.2281726e+00
   2.4585442e+00
   2.6126562e+00
   2.7765906e+00
   2.9571215e+00
   3.1752351e+00
   3.0385665e+00
   2.6593398e+00
   2.3066921e+00
   2.1842145e+00
   2.1806644e+00
   2.1520314e+00
   2.2050595e+00
   2.3312893e+00
   2.3160775e+00
   2.3105580e+00
   2.2875207e+00
   2.3054183e+00
   2.1782685e+00
   2.1270036e+00
   2.1323994e+00
   2.0790071e+00
   2.0698195e+00
   2.0807764e+00
   2.1120194e+00
   2.1583762e+00
   1.9544175e+00
   1.7360021e+00
   1.6399546e+00
   1.6305201e+00
   1.8979201e+00
   1.9859426e+00
   1.6577842e+00
   1.6130579e+00
   1.6055602e+00
   1.5438671e+00
   1.3769261e+00
   1.4751715e+00
   1.7581579e+00
   1.9062674e+00
   1.9902883e+00
   1.9514956e+00
   1.8188832e+00
   1.7164426e+00
   1.6794638e+00
   1.6770757e+00
   1.7226101e+00
   1.8197451e+00
   2.1075680e+00
   2.2916671e+00
   2.2044236e+00
   2.0883366e+00
   2.3067470e+00
   2.3817570e+00
   1.6717324e+00
   1.4113734e+00
   1.3569404e+00
   1.3588913e+00
   1.3810053e+00
   1.4180194e+00
   1.4615880e+00
   1.4339305e+00
   1.3204760e+00
   1.3161816e+00
   1.3447569e+00
   1.3220449e+00
   1.2696362e+00
   1.2240152e+00
   1.2396327e+00
   1.2562126e+00
   1.2094867e+00
   9.0830008e-01
   7.0115916e-01
   7.9871108e-01
   9.5692138e-01
   9.2658542e-01
   8.1028070e-01
   8.0085203e-01
   8.9094800e-01
   9.8187306e-01
   1.1678128e+00
   1.3483890e+00
   1.5420686e+00
   1.6652520e+00
   1.7332503e+00
   1.7299915e+00
   1.7126293e+00
   1.6302496e+00
   1.5858477e+00
   1.5572232e+00
   1.5906957e+00
   1.6922481e+00
   1.7994975e+00
   1.8645633e+00
   1.9191738e+00
   1.9386205e+00
   1.9632972e+00
   1.9576998e+00
   2.1435566e+00
   2.3022583e+00
   1.7834430e+00
   1.3595441e+00
   1.0620148e+00
   9.5620788e-01
   9.2754276e-01
   1.0161307e+00
   1.3024386e+00
   1.7341493e+00
   2.0602999e+00
   2.2581620e+00
   2.4057103e+00
   2.4926281e+00
   2.4807243e+00
   2.5994729e+00
   2.5002370e+00
   2.2472397e+00
   2.1035193e+00
   2.0769920e+00
   2.0670140e+00
   2.0918720e+00
   2.1127619e+00
   2.1145206e+00
   2.1517398e+00
   2.1979375e+00
   2.1852268e+00
   2.1647651e+00
   2.0146859e+00
   1.8718576e+00
   1.8635919e+00
   2.0479024e+00
   2.6523060e+00
   2.0319254e+00
   1.7508161e+00
   1.6166842e+00
   1.5463941e+00
   1.3980095e+00
   1.2808999e+00
   1.2050336e+00
   1.2056371e+00
   1.2581139e+00
   1.3653672e+00
   1.3999761e+00
   1.4349459e+00
   1.4454232e+00
   1.3482385e+00
   1.1422876e+00
   1.0547423e+00
   1.0217307e+00
   1.0737193e+00
   1.1249854e+00
   1.1344175e+00
   1.1511481e+00
   1.0678043e+00
   9.3567934e-01
   8.6183442e-01
   8.6719175e-01
   9.1425353e-01
   9.7410125e-01
   1.2020834e+00
   1.3616562e+00
   1.3171699e+00
   1.2552108e+00
   1.2372974e+00
   1.3131120e+00
   1.3163526e+00
   1.3787144e+00
   1.4110894e+00
   1.7095333e+00
   1.8588732e+00
   2.0454858e+00
   1.7826828e+00
   1.4830483e+00
   1.2869673e+00
   1.2161686e+00
   1.2134690e+00
   1.2532063e+00
   1.2963972e+00
   1.4103148e+00
   1.5134034e+00
   1.5295582e+00
   1.5206560e+00
   1.6632774e+00
   1.8810856e+00
   2.0811692e+00
   2.3332229e+00
   2.5808613e+00
   2.6780685e+00
   2.5851877e+00
   2.0603805e+00
   1.7951538e+00
