   0.0000000e+00   3.2311743e-31
   1.0000000e-04   2.6649511e+02
   2.0000000e-04   1.1509674e+02
   3.0000000e-04   4.1301826e+02
   4.0000000e-04   3.3782396e+01
   5.0000000e-04   3.9704731e+01
   6.0000000e-04   7.6772515e-01
   7.0000000e-04   1.1410923e+02
   8.0000000e-04   2.0350329e+01
   9.0000000e-04   2.4502520e+01
   1.0000000e-03   5.4544501e+01
   1.1000000e-03   1.8237711e+02
   1.2000000e-03   5.3813632e+00
   1.3000000e-03   2.4145331e+01
   1.4000000e-03   1.5773216e+01
   1.5000000e-03   5.1044613e+01
   1.6000000e-03   3.0223576e+01
   1.7000000e-03   1.4122149e+02
   1.8000000e-03   4.0194713e-01
   1.9000000e-03   9.2976195e+00
   2.0000000e-03   1.4873553e+01
   2.1000000e-03   7.5665955e+00
   2.2000000e-03   1.3781041e+01
   2.3000000e-03   3.2426599e+01
   2.4000000e-03   8.4995539e+01
   2.5000000e-03   5.8786798e+00
   2.6000000e-03   1.8018465e+01
   2.7000000e-03   2.7277306e+00
   2.8000000e-03   2.0195492e+01
   2.9000000e-03   4.5360840e+00
   3.0000000e-03   1.8005630e+01
   3.1000000e-03   7.0018985e+01
   3.2000000e-03   2.4066422e+01
   3.3000000e-03   2.4783781e+01
   3.4000000e-03   6.7136360e+01
   3.5000000e-03   1.5721843e+01
   3.6000000e-03   5.3424053e+00
   3.7000000e-03   9.0088744e+01
   3.8000000e-03   1.0158953e+01
   3.9000000e-03   8.8146135e+00
   4.0000000e-03   5.2123942e+01
   4.1000000e-03   4.9015691e+00
   4.2000000e-03   4.0839345e+01
   4.3000000e-03   1.3017193e+01
   4.4000000e-03   9.0974750e+00
   4.5000000e-03   2.6177268e+01
   4.6000000e-03   2.8134957e+01
   4.7000000e-03   5.3848740e+00
   4.8000000e-03   1.7121856e+01
   4.9000000e-03   9.5193445e+00
   5.0000000e-03   6.0061929e+01
   5.1000000e-03   1.3998080e+01
   5.2000000e-03   1.4633326e+01
   5.3000000e-03   2.4872474e+01
   5.4000000e-03   2.6408454e+01
   5.5000000e-03   3.1318595e+00
   5.6000000e-03   2.3704364e+00
   5.7000000e-03   2.8836580e+00
   5.8000000e-03   3.9533295e+00
   5.9000000e-03   2.9655592e+01
   6.0000000e-03   3.2814943e+01
   6.1000000e-03   4.7466729e+00
   6.2000000e-03   6.1155689e-01
   6.3000000e-03   2.7571097e+00
   6.4000000e-03   1.2614410e+00
   6.5000000e-03   2.6344628e+01
   6.6000000e-03   5.6670339e+01
   6.7000000e-03   3.9513696e+00
   6.8000000e-03   4.1349930e+01
   6.9000000e-03   7.4760557e+00
   7.0000000e-03   5.1038493e+00
   7.1000000e-03   1.7743690e+01
   7.2000000e-03   2.7033539e+00
   7.3000000e-03   3.4487666e+01
   7.4000000e-03   8.1813046e+00
   7.5000000e-03   1.7126110e+01
   7.6000000e-03   3.5825463e+01
   7.7000000e-03   3.3076641e+01
   7.8000000e-03   1.3478915e-01
   7.9000000e-03   1.0732951e+01
   8.0000000e-03   2.3603482e+01
   8.1000000e-03   5.5563838e+00
   8.2000000e-03   7.6378359e-01
   8.3000000e-03   3.7758339e+01
   8.4000000e-03   3.4960572e+01
   8.5000000e-03   1.1613550e+01
   8.6000000e-03   4.0174897e+00
   8.7000000e-03   2.0696014e+01
   8.8000000e-03   8.3518000e+00
   8.9000000e-03   8.2414135e+00
   9.0000000e-03   4.7107178e+00
   9.1000000e-03   4.9585995e+00
   9.2000000e-03   6.7920240e-01
   9.3000000e-03   4.9554102e+01
   9.4000000e-03   1.7371545e+01
   9.5000000e-03   1.1485826e+01
   9.6000000e-03   1.8198952e+01
   9.7000000e-03   1.5466159e+01
   9.8000000e-03   2.6213171e-02
   9.9000000e-03   4.9528503e-01
   1.0000000e-02   1.7423079e+01
   1.0100000e-02   4.9503957e+00
   1.0200000e-02   4.8976431e+00
   1.0300000e-02   6.7943086e+00
   1.0400000e-02   7.9271323e+00
   1.0500000e-02   5.4658873e+00
   1.0600000e-02   9.0074062e+00
   1.0700000e-02   1.5683025e+01
   1.0800000e-02   6.5035892e+01
   1.0900000e-02   7.6959932e-02
   1.1000000e-02   2.9555750e-01
   1.1100000e-02   1.0964407e+01
   1.1200000e-02   2.2386461e+01
   1.1300000e-02   5.0759265e+01
   1.1400000e-02   2.4367795e+01
   1.1500000e-02   9.0986657e+00
   1.1600000e-02   9.7252516e+00
   1.1700000e-02   2.3470826e+00
   1.1800000e-02   3.1948161e+01
   1.1900000e-02   6.9364548e+00
   1.2000000e-02   7.1943604e+00
   1.2100000e-02   1.0045337e+01
   1.2200000e-02   1.7003090e+00
   1.2300000e-02   6.4141307e-01
   1.2400000e-02   1.5416462e+00
   1.2500000e-02   8.8850829e-01
   1.2600000e-02   5.6874584e+00
   1.2700000e-02   4.0691652e+00
   1.2800000e-02   6.7208909e-02
   1.2900000e-02   7.2370999e+00
   1.3000000e-02   3.4779639e-01
   1.3100000e-02   3.3608643e+01
   1.3200000e-02   1.9043926e+01
   1.3300000e-02   8.8669175e+00
   1.3400000e-02   1.6170601e+01
   1.3500000e-02   2.9083218e+00
   1.3600000e-02   7.7418449e+00
   1.3700000e-02   2.4110671e+00
   1.3800000e-02   4.3969145e+00
   1.3900000e-02   2.7322577e+00
   1.4000000e-02   2.0499005e+00
   1.4100000e-02   4.3469957e+00
   1.4200000e-02   2.0001814e+00
   1.4300000e-02   6.6912598e-01
   1.4400000e-02   1.2377192e+01
   1.4500000e-02   4.0432354e+00
   1.4600000e-02   1.0411307e+01
   1.4700000e-02   2.9517710e+00
   1.4800000e-02   3.7315408e+00
   1.4900000e-02   2.9373114e+00
   1.5000000e-02   1.4026995e+01
   1.5100000e-02   4.0737153e+01
   1.5200000e-02   9.2190583e-01
   1.5300000e-02   6.9801733e+00
   1.5400000e-02   2.9076239e+00
   1.5500000e-02   3.0284619e+00
   1.5600000e-02   5.4314673e-02
   1.5700000e-02   7.5209021e-01
   1.5800000e-02   1.1248538e+01
   1.5900000e-02   7.9215311e-01
   1.6000000e-02   9.3625802e-02
   1.6100000e-02   1.3449319e+01
   1.6200000e-02   1.6708312e+00
   1.6300000e-02   7.3722370e+00
   1.6400000e-02   9.7480670e-01
   1.6500000e-02   1.0278869e+01
   1.6600000e-02   3.2680328e+00
   1.6700000e-02   1.1993954e+01
   1.6800000e-02   8.9503391e+00
   1.6900000e-02   5.3316793e+00
   1.7000000e-02   1.0973327e+01
   1.7100000e-02   1.3989714e+00
   1.7200000e-02   2.3127042e+00
   1.7300000e-02   1.3148909e+01
   1.7400000e-02   2.9116639e+00
   1.7500000e-02   1.5450556e+01
   1.7600000e-02   4.5524872e+00
   1.7700000e-02   1.7365797e+01
   1.7800000e-02   3.3857186e+00
   1.7900000e-02   1.8010921e+00
   1.8000000e-02   6.4774019e+00
   1.8100000e-02   1.5518069e+00
   1.8200000e-02   1.4542422e+01
   1.8300000e-02   2.3354229e+00
   1.8400000e-02   4.8330117e+00
   1.8500000e-02   4.5141057e+00
   1.8600000e-02   1.0887707e+00
   1.8700000e-02   1.8807774e+01
   1.8800000e-02   9.0210337e+00
   1.8900000e-02   1.0225392e+01
   1.9000000e-02   7.2600904e-01
   1.9100000e-02   9.7750751e+00
   1.9200000e-02   2.7071866e-01
   1.9300000e-02   9.7678299e+00
   1.9400000e-02   1.0717267e+01
   1.9500000e-02   4.3122308e+00
   1.9600000e-02   3.2090505e+00
   1.9700000e-02   2.7176337e+00
   1.9800000e-02   7.1189699e+00
   1.9900000e-02   1.3145324e+01
   2.0000000e-02   1.2807121e+01
   2.0100000e-02   8.7518202e+00
   2.0200000e-02   7.3988861e+00
   2.0300000e-02   2.2827774e+00
   2.0400000e-02   1.3951923e+01
   2.0500000e-02   2.0933248e+01
   2.0600000e-02   8.8257647e+00
   2.0700000e-02   2.9916076e+00
   2.0800000e-02   1.2539109e+00
   2.0900000e-02   2.8845926e+00
   2.1000000e-02   5.3480969e+00
   2.1100000e-02   6.2774117e+00
   2.1200000e-02   3.4849806e+00
   2.1300000e-02   4.5241756e+00
   2.1400000e-02   6.8188046e+00
   2.1500000e-02   9.7070864e-01
   2.1600000e-02   4.2646985e+00
   2.1700000e-02   1.1146749e+00
   2.1800000e-02   1.4570795e+00
   2.1900000e-02   3.2858392e+00
   2.2000000e-02   1.1004104e+00
   2.2100000e-02   3.6887771e-01
   2.2200000e-02   3.5943669e+00
   2.2300000e-02   1.2254495e+01
   2.2400000e-02   9.4851559e+00
   2.2500000e-02   1.9530626e+00
   2.2600000e-02   2.3528063e+00
   2.2700000e-02   1.1481887e+01
   2.2800000e-02   3.0663672e+00
   2.2900000e-02   8.9888271e+00
   2.3000000e-02   1.7759210e+00
   2.3100000e-02   7.2084593e+00
   2.3200000e-02   3.0242498e+00
   2.3300000e-02   5.4732741e+00
   2.3400000e-02   2.6955124e+00
   2.3500000e-02   9.7997930e-02
   2.3600000e-02   1.3519479e+00
   2.3700000e-02   8.8435356e+00
   2.3800000e-02   5.8367326e+00
   2.3900000e-02   1.5140482e+01
   2.4000000e-02   1.6988205e+00
   2.4100000e-02   5.6050530e+00
   2.4200000e-02   7.4142617e+00
   2.4300000e-02   2.4653637e+00
   2.4400000e-02   4.8492099e+00
   2.4500000e-02   7.0555301e+00
   2.4600000e-02   2.3814577e+00
   2.4700000e-02   4.4953303e+00
   2.4800000e-02   1.0170492e+01
   2.4900000e-02   3.1432197e+00
   2.5000000e-02   2.1338856e+00
   2.5100000e-02   7.3406333e+00
   2.5200000e-02   9.7350384e+00
   2.5300000e-02   5.9431217e+00
   2.5400000e-02   2.4355055e+00
   2.5500000e-02   5.4895943e+00
   2.5600000e-02   1.5492624e+01
   2.5700000e-02   5.9308852e+00
   2.5800000e-02   2.8392595e+00
   2.5900000e-02   2.5160956e+01
   2.6000000e-02   1.2194805e+00
   2.6100000e-02   1.7625792e+01
   2.6200000e-02   2.1295479e-01
   2.6300000e-02   8.7377446e+00
   2.6400000e-02   1.6673156e+00
   2.6500000e-02   1.7913736e+00
   2.6600000e-02   3.1838152e+00
   2.6700000e-02   3.1283006e+00
   2.6800000e-02   5.6017029e+00
   2.6900000e-02   2.2553854e+01
   2.7000000e-02   1.6887857e-01
   2.7100000e-02   9.1552781e+00
   2.7200000e-02   2.8329929e-01
   2.7300000e-02   1.4689997e+00
   2.7400000e-02   4.4975134e+00
   2.7500000e-02   7.1147875e+00
   2.7600000e-02   5.7034752e+00
   2.7700000e-02   3.9872297e+00
   2.7800000e-02   2.3789416e+00
   2.7900000e-02   6.4272184e+00
   2.8000000e-02   1.6669518e+00
   2.8100000e-02   1.0696486e+01
   2.8200000e-02   8.2397159e+00
   2.8300000e-02   2.9369333e+00
   2.8400000e-02   1.7300803e+00
   2.8500000e-02   3.7106686e+00
   2.8600000e-02   1.0399362e+01
   2.8700000e-02   2.2642707e+01
   2.8800000e-02   4.2581796e+00
   2.8900000e-02   1.9038123e+00
   2.9000000e-02   6.6430337e+00
   2.9100000e-02   3.1377295e+00
   2.9200000e-02   5.9307869e+00
   2.9300000e-02   1.2750240e-01
   2.9400000e-02   4.3015416e+00
   2.9500000e-02   2.6313468e+00
   2.9600000e-02   1.2304197e+00
   2.9700000e-02   3.0866284e+00
   2.9800000e-02   1.2374444e+01
   2.9900000e-02   5.8310100e+00
   3.0000000e-02   6.4843561e+00
   3.0100000e-02   5.3355446e+00
   3.0200000e-02   5.9367975e+00
   3.0300000e-02   5.2622063e+00
   3.0400000e-02   5.6950247e+00
   3.0500000e-02   2.4140151e+00
   3.0600000e-02   5.3628648e+00
   3.0700000e-02   4.5054920e+00
   3.0800000e-02   1.4311234e+00
   3.0900000e-02   4.5022882e+00
   3.1000000e-02   3.5948259e+00
   3.1100000e-02   1.2474419e+01
   3.1200000e-02   2.4942852e+00
   3.1300000e-02   1.8132270e+00
   3.1400000e-02   2.0123581e+01
   3.1500000e-02   1.9103944e+00
   3.1600000e-02   1.4904105e+00
   3.1700000e-02   1.6953089e+01
   3.1800000e-02   1.0636682e+01
   3.1900000e-02   6.2827853e+00
   3.2000000e-02   4.9160629e+00
   3.2100000e-02   2.3715442e+00
   3.2200000e-02   7.4585311e-01
   3.2300000e-02   1.3709306e+00
   3.2400000e-02   2.8258448e+00
   3.2500000e-02   2.8597957e+00
   3.2600000e-02   8.2370396e+00
   3.2700000e-02   1.0512407e+01
   3.2800000e-02   4.4687198e+00
   3.2900000e-02   2.8469490e+00
   3.3000000e-02   9.9890179e+00
   3.3100000e-02   1.9743525e+01
   3.3200000e-02   8.4504213e-01
   3.3300000e-02   1.7045707e+00
   3.3400000e-02   2.4590744e+00
   3.3500000e-02   7.4653240e-01
   3.3600000e-02   1.8168920e+00
   3.3700000e-02   4.3014404e+00
   3.3800000e-02   5.5353616e+00
   3.3900000e-02   2.6392210e+00
   3.4000000e-02   1.0073504e+00
   3.4100000e-02   2.9087416e+00
   3.4200000e-02   1.7575543e+00
   3.4300000e-02   4.5886020e-01
   3.4400000e-02   2.4922816e+00
   3.4500000e-02   2.0153605e+00
   3.4600000e-02   1.9062373e-01
   3.4700000e-02   1.1069504e+00
   3.4800000e-02   7.0613123e+00
   3.4900000e-02   1.1574035e+00
   3.5000000e-02   4.0988429e-01
   3.5100000e-02   2.0594951e-01
   3.5200000e-02   3.2318838e+00
   3.5300000e-02   2.7515335e+00
   3.5400000e-02   6.5056749e+00
   3.5500000e-02   9.0913733e+00
   3.5600000e-02   5.9885700e+00
   3.5700000e-02   1.2607442e+00
   3.5800000e-02   4.9230214e+00
   3.5900000e-02   3.0822434e+00
   3.6000000e-02   1.8676211e+01
   3.6100000e-02   4.1404804e+00
   3.6200000e-02   6.5783974e+00
   3.6300000e-02   1.6726429e+00
   3.6400000e-02   1.5434249e+00
   3.6500000e-02   5.2729289e+00
   3.6600000e-02   1.7815397e+01
   3.6700000e-02   6.6411440e+00
   3.6800000e-02   8.5682863e-01
   3.6900000e-02   5.2925682e+00
   3.7000000e-02   8.7268290e-01
   3.7100000e-02   6.1473714e+00
   3.7200000e-02   1.3596169e+01
   3.7300000e-02   5.2449224e+00
   3.7400000e-02   4.1177388e+00
   3.7500000e-02   3.5321069e-01
   3.7600000e-02   2.4562912e-01
   3.7700000e-02   7.7688973e-02
   3.7800000e-02   3.4874178e-01
   3.7900000e-02   1.3499502e+00
   3.8000000e-02   4.8142930e+00
   3.8100000e-02   5.2635056e+00
   3.8200000e-02   1.6009294e+00
   3.8300000e-02   3.9961786e+00
   3.8400000e-02   1.0042878e+01
   3.8500000e-02   7.1471444e-01
   3.8600000e-02   7.9861669e+00
   3.8700000e-02   8.2918515e+00
   3.8800000e-02   1.2426059e+00
   3.8900000e-02   3.2714702e-01
   3.9000000e-02   8.3327310e+00
   3.9100000e-02   5.9957939e+00
   3.9200000e-02   3.0251142e+00
   3.9300000e-02   6.6530037e+00
   3.9400000e-02   2.5145726e-01
   3.9500000e-02   3.8808648e+00
   3.9600000e-02   8.3653923e-01
   3.9700000e-02   8.8454265e-01
   3.9800000e-02   1.7236046e+00
   3.9900000e-02   1.9814851e+00
   4.0000000e-02   2.7503653e+00
   4.0100000e-02   1.3861617e+01
   4.0200000e-02   2.2473402e+00
   4.0300000e-02   2.1964367e+00
   4.0400000e-02   6.3155493e+00
   4.0500000e-02   7.7677132e+00
   4.0600000e-02   1.6263321e+01
   4.0700000e-02   2.9733986e+00
   4.0800000e-02   8.5386397e-01
   4.0900000e-02   8.5611355e+00
   4.1000000e-02   3.6189266e+00
   4.1100000e-02   9.2128396e+00
   4.1200000e-02   2.0716376e+00
   4.1300000e-02   1.6540877e+00
   4.1400000e-02   3.0865852e-01
   4.1500000e-02   2.9370290e-01
   4.1600000e-02   1.4287216e+00
   4.1700000e-02   1.7842159e+00
   4.1800000e-02   2.0176891e-02
   4.1900000e-02   2.9242702e+00
   4.2000000e-02   2.9345185e+00
   4.2100000e-02   9.8191538e+00
   4.2200000e-02   5.1177899e-01
   4.2300000e-02   1.2739156e+00
   4.2400000e-02   6.1614031e+00
   4.2500000e-02   4.4183880e+00
   4.2600000e-02   2.4948065e+00
   4.2700000e-02   1.6273954e+00
   4.2800000e-02   5.3574837e-01
   4.2900000e-02   6.8849572e+00
   4.3000000e-02   8.5131537e+00
   4.3100000e-02   9.3734372e-01
   4.3200000e-02   8.6275762e+00
   4.3300000e-02   4.9354245e+00
   4.3400000e-02   1.2292422e+00
   4.3500000e-02   1.0606435e+00
   4.3600000e-02   6.4149829e+00
   4.3700000e-02   4.7248314e+00
   4.3800000e-02   4.8529284e+00
   4.3900000e-02   1.3588178e+00
   4.4000000e-02   9.3771400e+00
   4.4100000e-02   2.5831595e+00
   4.4200000e-02   5.4912570e-01
   4.4300000e-02   6.4481648e+00
   4.4400000e-02   3.0296175e+00
   4.4500000e-02   3.8009290e+00
   4.4600000e-02   3.4703239e+00
   4.4700000e-02   9.0799286e+00
   4.4800000e-02   3.8451972e+00
   4.4900000e-02   1.1728655e+00
   4.5000000e-02   1.0477220e+01
   4.5100000e-02   3.9437495e+00
   4.5200000e-02   1.9788853e+00
   4.5300000e-02   1.1499198e+00
   4.5400000e-02   2.9924189e+00
   4.5500000e-02   4.0427825e+00
   4.5600000e-02   1.0517908e+00
   4.5700000e-02   1.9943600e+00
   4.5800000e-02   6.0129436e-03
   4.5900000e-02   1.1814472e+00
   4.6000000e-02   6.7352631e+00
   4.6100000e-02   6.0108449e-01
   4.6200000e-02   6.5036458e-01
   4.6300000e-02   3.5950934e+00
   4.6400000e-02   5.0373977e+00
   4.6500000e-02   1.9580630e+00
   4.6600000e-02   2.4370646e+00
   4.6700000e-02   7.7156500e-01
   4.6800000e-02   1.1153402e+00
   4.6900000e-02   8.7754560e+00
   4.7000000e-02   1.2736629e+00
   4.7100000e-02   3.6274318e+00
   4.7200000e-02   1.6680223e+00
   4.7300000e-02   4.4210221e+00
   4.7400000e-02   3.0099096e+00
   4.7500000e-02   4.6607453e+00
   4.7600000e-02   3.5755383e+00
   4.7700000e-02   1.2227381e+01
   4.7800000e-02   9.0168489e-01
   4.7900000e-02   1.0603901e+00
   4.8000000e-02   8.1293288e-01
   4.8100000e-02   1.3744281e+00
   4.8200000e-02   1.9289487e+00
   4.8300000e-02   3.7516157e+00
   4.8400000e-02   1.6254491e+00
   4.8500000e-02   1.7441185e+00
   4.8600000e-02   2.5276079e-01
   4.8700000e-02   3.0028944e+00
   4.8800000e-02   7.8367931e-02
   4.8900000e-02   8.7342957e+00
   4.9000000e-02   5.1349643e+00
   4.9100000e-02   3.2699900e+00
   4.9200000e-02   7.3664620e+00
   4.9300000e-02   2.8441702e+00
   4.9400000e-02   3.7134745e-01
   4.9500000e-02   4.5314576e+00
   4.9600000e-02   3.9438922e-01
   4.9700000e-02   2.7524537e+00
   4.9800000e-02   6.5832176e+00
   4.9900000e-02   3.7094817e+00
   5.0000000e-02   1.1675592e-01
   5.0100000e-02   2.4256700e+00
   5.0200000e-02   1.2097971e-01
   5.0300000e-02   5.8993657e+00
   5.0400000e-02   4.2562234e-01
   5.0500000e-02   8.2293734e+00
   5.0600000e-02   8.5237437e-01
   5.0700000e-02   5.2723734e-01
   5.0800000e-02   1.4389539e+00
   5.0900000e-02   8.6701407e-01
   5.1000000e-02   7.9906998e+00
   5.1100000e-02   1.0525930e-01
   5.1200000e-02   3.4557182e+00
   5.1300000e-02   1.7106326e+00
   5.1400000e-02   6.5084645e+00
   5.1500000e-02   2.9146562e+00
   5.1600000e-02   5.9849917e+00
   5.1700000e-02   1.9440064e+00
   5.1800000e-02   3.0033901e+00
   5.1900000e-02   9.6922970e+00
   5.2000000e-02   7.2979496e-01
   5.2100000e-02   2.6788597e+00
   5.2200000e-02   2.8621384e-01
   5.2300000e-02   3.4853608e+00
   5.2400000e-02   4.6400835e+00
   5.2500000e-02   4.8391891e-01
   5.2600000e-02   5.1695631e-01
   5.2700000e-02   1.0297840e-01
   5.2800000e-02   5.2781516e-01
   5.2900000e-02   7.1998335e+00
   5.3000000e-02   3.0903160e+00
   5.3100000e-02   7.3776259e-01
   5.3200000e-02   7.6365900e-01
   5.3300000e-02   1.5093650e+00
   5.3400000e-02   2.5187466e+00
   5.3500000e-02   4.1928924e-01
   5.3600000e-02   9.3831220e-01
   5.3700000e-02   1.3784640e+00
   5.3800000e-02   8.4850005e+00
   5.3900000e-02   1.2272993e-01
   5.4000000e-02   1.3532649e-01
   5.4100000e-02   6.1817713e+00
   5.4200000e-02   4.9419060e-01
   5.4300000e-02   5.2200613e+00
   5.4400000e-02   8.7663830e-01
   5.4500000e-02   5.9314456e-01
   5.4600000e-02   5.5668067e+00
   5.4700000e-02   1.9160562e+00
   5.4800000e-02   1.9178664e-01
   5.4900000e-02   5.7104503e-01
   5.5000000e-02   9.6899020e-01
   5.5100000e-02   2.7422817e+00
   5.5200000e-02   1.0057532e+00
   5.5300000e-02   2.2336313e+00
   5.5400000e-02   5.0762489e+00
   5.5500000e-02   1.8156923e+00
   5.5600000e-02   4.8640384e+00
   5.5700000e-02   4.5821281e+00
   5.5800000e-02   1.9843671e+00
   5.5900000e-02   7.7724455e+00
   5.6000000e-02   1.6481749e+00
   5.6100000e-02   4.8096549e+00
   5.6200000e-02   9.0024998e-01
   5.6300000e-02   4.5642425e+00
   5.6400000e-02   3.6013437e-01
   5.6500000e-02   5.5890203e-01
   5.6600000e-02   7.4518473e-01
   5.6700000e-02   2.5686852e+00
   5.6800000e-02   5.8511238e+00
   5.6900000e-02   9.4584241e-02
   5.7000000e-02   2.5456156e-01
   5.7100000e-02   2.8676658e+00
   5.7200000e-02   5.5824530e-01
   5.7300000e-02   3.0811522e-01
   5.7400000e-02   3.4562277e-01
   5.7500000e-02   1.9098669e+00
   5.7600000e-02   2.6054844e+00
   5.7700000e-02   2.6226684e+00
   5.7800000e-02   6.2699080e-01
   5.7900000e-02   1.4403894e+00
   5.8000000e-02   5.7319912e-01
   5.8100000e-02   8.5237328e-01
   5.8200000e-02   1.7438453e-01
   5.8300000e-02   1.7649341e-01
   5.8400000e-02   7.9752728e+00
   5.8500000e-02   3.2822245e+00
   5.8600000e-02   6.6553304e-01
   5.8700000e-02   3.1735214e+00
   5.8800000e-02   6.7724343e-01
   5.8900000e-02   1.4517977e-01
   5.9000000e-02   5.8180796e-01
   5.9100000e-02   3.4018809e+00
   5.9200000e-02   1.1269352e-01
   5.9300000e-02   2.6779943e-01
   5.9400000e-02   1.1272329e-01
   5.9500000e-02   1.3371977e+00
   5.9600000e-02   2.0177322e-01
   5.9700000e-02   2.6453784e-01
   5.9800000e-02   1.0290146e+00
   5.9900000e-02   5.9932399e-01
   6.0000000e-02   4.3887153e+00
   6.0100000e-02   4.6914844e-02
   6.0200000e-02   2.1269161e-01
   6.0300000e-02   2.3198728e+00
   6.0400000e-02   1.1414500e+01
   6.0500000e-02   1.3238917e-01
   6.0600000e-02   2.2301890e-01
   6.0700000e-02   9.8030130e-01
   6.0800000e-02   6.3890705e-01
   6.0900000e-02   2.2424253e+00
   6.1000000e-02   6.4179703e-02
   6.1100000e-02   5.5455506e+00
   6.1200000e-02   3.9052584e+00
   6.1300000e-02   1.2380036e-01
   6.1400000e-02   2.6905072e+00
   6.1500000e-02   3.9908225e+00
   6.1600000e-02   6.1000130e+00
   6.1700000e-02   8.6178535e+00
   6.1800000e-02   3.7990919e+00
   6.1900000e-02   1.0582331e+00
   6.2000000e-02   4.9937055e+00
   6.2100000e-02   3.1046242e+00
   6.2200000e-02   5.0722302e-01
   6.2300000e-02   4.1366094e+00
   6.2400000e-02   7.3335114e+00
   6.2500000e-02   7.9615080e-02
   6.2600000e-02   6.7375653e-01
   6.2700000e-02   1.1453122e+00
   6.2800000e-02   1.7761065e+00
   6.2900000e-02   1.3796113e+00
   6.3000000e-02   1.1579684e+00
   6.3100000e-02   2.3891175e+00
   6.3200000e-02   2.1022673e+00
   6.3300000e-02   7.2773598e-01
   6.3400000e-02   8.1124297e-02
   6.3500000e-02   3.5511640e+00
   6.3600000e-02   9.4488635e-01
   6.3700000e-02   1.3732546e-01
   6.3800000e-02   1.7620479e+00
   6.3900000e-02   2.6647074e-01
   6.4000000e-02   4.8929862e+00
   6.4100000e-02   6.0976310e+00
   6.4200000e-02   2.1076519e+00
   6.4300000e-02   9.0604331e-01
   6.4400000e-02   9.0075516e+00
   6.4500000e-02   2.2774957e+00
   6.4600000e-02   1.3864074e+00
   6.4700000e-02   1.2672429e-01
   6.4800000e-02   2.9784369e+00
   6.4900000e-02   4.8861007e+00
   6.5000000e-02   2.8566077e+00
   6.5100000e-02   6.4508308e+00
   6.5200000e-02   8.3667499e-01
   6.5300000e-02   4.7378417e+00
   6.5400000e-02   1.4176722e+00
   6.5500000e-02   3.4167682e-01
   6.5600000e-02   3.4191173e+00
   6.5700000e-02   2.0822995e+00
   6.5800000e-02   4.0935848e+00
   6.5900000e-02   2.2549244e-01
   6.6000000e-02   3.6592478e-01
   6.6100000e-02   5.3149157e+00
   6.6200000e-02   8.4674484e+00
   6.6300000e-02   1.0444013e+01
   6.6400000e-02   7.2244078e-01
   6.6500000e-02   1.3331784e+00
   6.6600000e-02   5.2866993e+00
   6.6700000e-02   3.4229592e-01
   6.6800000e-02   1.1123149e+00
   6.6900000e-02   5.2826416e-01
   6.7000000e-02   5.5673566e+00
   6.7100000e-02   4.7907048e-01
   6.7200000e-02   3.4670299e+00
   6.7300000e-02   7.9851964e-01
   6.7400000e-02   2.7788513e+00
   6.7500000e-02   5.3522871e-01
   6.7600000e-02   3.5179156e+00
   6.7700000e-02   6.1889575e+00
   6.7800000e-02   4.8248730e-01
   6.7900000e-02   2.6573909e-01
   6.8000000e-02   2.4586521e+00
   6.8100000e-02   4.7844547e+00
   6.8200000e-02   9.1144351e+00
   6.8300000e-02   6.0511103e-01
   6.8400000e-02   3.3190783e-01
   6.8500000e-02   1.8804858e+00
   6.8600000e-02   1.5094789e+01
   6.8700000e-02   8.4502550e+00
   6.8800000e-02   3.2126191e+00
   6.8900000e-02   1.9842671e-01
   6.9000000e-02   7.6486387e-01
   6.9100000e-02   2.2245547e+00
   6.9200000e-02   2.5589172e+00
   6.9300000e-02   2.3203687e+00
   6.9400000e-02   7.4592695e+00
   6.9500000e-02   3.7862793e-01
   6.9600000e-02   2.7507736e+00
   6.9700000e-02   3.7011220e+00
   6.9800000e-02   3.4199535e+00
   6.9900000e-02   1.0973492e+00
   7.0000000e-02   4.8685295e-01
   7.0100000e-02   1.9373333e+00
   7.0200000e-02   5.2470766e+00
   7.0300000e-02   9.2268211e-01
   7.0400000e-02   4.1690028e+00
   7.0500000e-02   2.8755540e-01
   7.0600000e-02   1.5800343e+00
   7.0700000e-02   7.4652460e-01
   7.0800000e-02   1.9116633e+00
   7.0900000e-02   1.2849945e-01
   7.1000000e-02   1.0322118e+00
   7.1100000e-02   6.2773839e+00
   7.1200000e-02   9.8121969e-01
   7.1300000e-02   6.0054420e+00
   7.1400000e-02   2.4642640e+00
   7.1500000e-02   1.0464283e+00
   7.1600000e-02   5.3956319e+00
   7.1700000e-02   1.2886543e+00
   7.1800000e-02   5.9714507e-01
   7.1900000e-02   4.4321239e-01
   7.2000000e-02   1.1936690e+00
   7.2100000e-02   5.0530873e-01
   7.2200000e-02   6.3057227e-01
   7.2300000e-02   2.5912585e-01
   7.2400000e-02   1.5815352e-01
   7.2500000e-02   4.0698475e-01
   7.2600000e-02   4.9321511e-01
   7.2700000e-02   3.2064556e+00
   7.2800000e-02   6.0809097e-02
   7.2900000e-02   1.8808631e-01
   7.3000000e-02   1.4201083e+00
   7.3100000e-02   5.6004064e+00
   7.3200000e-02   1.4866279e+00
   7.3300000e-02   2.7366822e-01
   7.3400000e-02   5.1833774e+00
   7.3500000e-02   3.2042815e+00
   7.3600000e-02   1.2512286e+00
   7.3700000e-02   1.2898620e+00
   7.3800000e-02   4.4196159e+00
   7.3900000e-02   4.0332254e+00
   7.4000000e-02   3.4378861e-01
   7.4100000e-02   3.0457366e-01
   7.4200000e-02   3.1565514e-01
   7.4300000e-02   1.8818031e+00
   7.4400000e-02   7.6661147e-02
   7.4500000e-02   3.1383649e+00
   7.4600000e-02   6.3250273e-01
   7.4700000e-02   2.2738110e-01
   7.4800000e-02   6.8591646e-01
   7.4900000e-02   7.5095116e-01
   7.5000000e-02   2.7099308e-01
   7.5100000e-02   1.8527991e+00
   7.5200000e-02   2.6551840e-01
   7.5300000e-02   2.6044086e+00
   7.5400000e-02   6.6066726e+00
   7.5500000e-02   2.8514552e-01
   7.5600000e-02   1.9832192e+00
   7.5700000e-02   2.8603162e-02
   7.5800000e-02   2.0372642e+00
   7.5900000e-02   8.9019446e-02
   7.6000000e-02   9.3764004e-01
   7.6100000e-02   1.1508881e-02
   7.6200000e-02   8.6250836e-01
   7.6300000e-02   3.1519359e+00
   7.6400000e-02   3.3051024e+00
   7.6500000e-02   2.0560048e+00
   7.6600000e-02   7.5526990e+00
   7.6700000e-02   6.9967110e-01
   7.6800000e-02   2.2847862e+00
   7.6900000e-02   3.2304659e+00
   7.7000000e-02   1.1968337e+01
   7.7100000e-02   2.2763436e+00
   7.7200000e-02   1.0957247e-01
   7.7300000e-02   1.0998996e+01
   7.7400000e-02   4.9200836e+00
   7.7500000e-02   1.3500433e+00
   7.7600000e-02   7.6461880e-01
   7.7700000e-02   2.0737782e+00
   7.7800000e-02   2.8556336e-01
   7.7900000e-02   6.4966024e-01
   7.8000000e-02   1.6301592e+00
   7.8100000e-02   3.7037764e-01
   7.8200000e-02   4.6280108e-02
   7.8300000e-02   1.2650517e+00
   7.8400000e-02   2.0128925e+00
   7.8500000e-02   5.3759296e-01
   7.8600000e-02   3.7624153e-01
   7.8700000e-02   1.7597495e+00
   7.8800000e-02   3.1341959e+00
   7.8900000e-02   6.4199311e-01
   7.9000000e-02   5.2538705e-01
   7.9100000e-02   8.3309781e-01
   7.9200000e-02   7.1136833e-01
   7.9300000e-02   9.3541986e-02
   7.9400000e-02   1.0481777e+00
   7.9500000e-02   6.5714110e+00
   7.9600000e-02   1.7324224e+00
   7.9700000e-02   8.6478518e-01
   7.9800000e-02   7.7618635e+00
   7.9900000e-02   3.3008419e+00
   8.0000000e-02   1.5231086e-01
   8.0100000e-02   8.1768172e-01
   8.0200000e-02   5.5559014e+00
   8.0300000e-02   3.0968630e+00
   8.0400000e-02   1.6699150e+00
   8.0500000e-02   1.0794001e+00
   8.0600000e-02   5.1853677e-01
   8.0700000e-02   5.8824567e-01
   8.0800000e-02   1.8120791e+00
   8.0900000e-02   4.1868246e+00
   8.1000000e-02   4.4774577e+00
   8.1100000e-02   3.2452941e+00
   8.1200000e-02   2.1326130e-01
   8.1300000e-02   1.8055508e+00
   8.1400000e-02   4.3553585e+00
   8.1500000e-02   2.2175202e-01
   8.1600000e-02   7.2216076e+00
   8.1700000e-02   7.2777061e+00
   8.1800000e-02   3.4407360e-02
   8.1900000e-02   3.0347393e+00
   8.2000000e-02   6.8754853e-01
   8.2100000e-02   9.9981961e-01
   8.2200000e-02   3.3114734e-01
   8.2300000e-02   6.7637786e+00
   8.2400000e-02   3.1485712e+00
   8.2500000e-02   2.2586774e+00
   8.2600000e-02   1.6333472e+00
   8.2700000e-02   2.5863121e+00
   8.2800000e-02   5.6206894e-01
   8.2900000e-02   2.0091559e-01
   8.3000000e-02   4.4114193e-01
   8.3100000e-02   4.7437939e+00
   8.3200000e-02   1.7887107e+00
   8.3300000e-02   1.3223299e+00
   8.3400000e-02   3.8112953e+00
   8.3500000e-02   2.7330006e+00
   8.3600000e-02   1.2722538e+00
   8.3700000e-02   2.2304823e+00
   8.3800000e-02   4.8617987e+00
   8.3900000e-02   3.0772506e+00
   8.4000000e-02   1.5070680e+00
   8.4100000e-02   2.5899344e+00
   8.4200000e-02   3.0738745e+00
   8.4300000e-02   8.0415713e-01
   8.4400000e-02   5.7935205e+00
   8.4500000e-02   6.3377591e-01
   8.4600000e-02   4.5737217e+00
   8.4700000e-02   1.0099833e+00
   8.4800000e-02   3.7328996e+00
   8.4900000e-02   6.7998322e-01
   8.5000000e-02   2.2881043e+00
   8.5100000e-02   6.2836064e-01
   8.5200000e-02   1.6657713e+00
   8.5300000e-02   7.6460047e-01
   8.5400000e-02   1.5119632e+00
   8.5500000e-02   6.4171314e-01
   8.5600000e-02   6.0111551e+00
   8.5700000e-02   1.3855416e+00
   8.5800000e-02   2.2334028e+00
   8.5900000e-02   3.2083323e+00
   8.6000000e-02   7.1779297e-01
   8.6100000e-02   3.2030840e+00
   8.6200000e-02   1.4957353e+00
   8.6300000e-02   6.0409052e-02
   8.6400000e-02   2.9619453e+00
   8.6500000e-02   1.6862755e+00
   8.6600000e-02   1.6720934e+00
   8.6700000e-02   3.5624646e-01
   8.6800000e-02   3.5587607e+00
   8.6900000e-02   2.7014316e-01
   8.7000000e-02   7.9055735e-01
   8.7100000e-02   9.1506409e-01
   8.7200000e-02   1.7230044e+00
   8.7300000e-02   2.7572844e+00
   8.7400000e-02   2.0981758e-01
   8.7500000e-02   7.3506760e-01
   8.7600000e-02   2.3940654e+00
   8.7700000e-02   3.4911352e+00
   8.7800000e-02   3.4084124e-01
   8.7900000e-02   2.5826858e-01
   8.8000000e-02   8.4749691e+00
   8.8100000e-02   2.8318364e+00
   8.8200000e-02   2.3903447e-02
   8.8300000e-02   2.0414970e+00
   8.8400000e-02   8.0075320e+00
   8.8500000e-02   2.8453517e-02
   8.8600000e-02   2.4704921e+00
   8.8700000e-02   3.2362865e-01
   8.8800000e-02   3.1764602e+00
   8.8900000e-02   1.3115021e+00
   8.9000000e-02   2.4304522e-04
   8.9100000e-02   4.7035389e+00
   8.9200000e-02   3.0438308e-01
   8.9300000e-02   2.4194702e-01
   8.9400000e-02   1.2199048e+00
   8.9500000e-02   1.5720913e+00
   8.9600000e-02   1.1843786e+00
   8.9700000e-02   4.7603426e-01
   8.9800000e-02   3.8114468e-01
   8.9900000e-02   8.5411350e+00
   9.0000000e-02   3.2349442e+00
   9.0100000e-02   1.4786313e+00
   9.0200000e-02   1.6997520e+00
   9.0300000e-02   9.6562416e-01
   9.0400000e-02   1.9323156e-01
   9.0500000e-02   8.0821421e+00
   9.0600000e-02   1.4282736e+00
   9.0700000e-02   1.8311966e+00
   9.0800000e-02   5.5043131e-01
   9.0900000e-02   5.3550870e+00
   9.1000000e-02   2.5893567e+00
   9.1100000e-02   2.5147312e+00
   9.1200000e-02   1.0034966e+00
   9.1300000e-02   1.1852564e+00
   9.1400000e-02   7.5695107e-01
   9.1500000e-02   2.4927803e+00
   9.1600000e-02   1.0488594e+00
   9.1700000e-02   1.2349990e+00
   9.1800000e-02   5.4702664e-01
   9.1900000e-02   1.1513163e+00
   9.2000000e-02   4.0758380e+00
   9.2100000e-02   1.3500579e+00
   9.2200000e-02   2.5557255e+00
   9.2300000e-02   5.8722918e+00
   9.2400000e-02   1.0893053e+01
   9.2500000e-02   5.0985544e+00
   9.2600000e-02   1.2274400e+00
   9.2700000e-02   5.2361826e-01
   9.2800000e-02   3.1470142e+00
   9.2900000e-02   1.0107337e+01
   9.3000000e-02   7.4207912e-01
   9.3100000e-02   5.4535546e-01
   9.3200000e-02   1.1798184e+00
   9.3300000e-02   1.6154637e-02
   9.3400000e-02   7.4315608e-01
   9.3500000e-02   3.8755875e+00
   9.3600000e-02   6.4757799e-01
   9.3700000e-02   1.1903247e+00
   9.3800000e-02   2.8222548e-01
   9.3900000e-02   4.7389858e-01
   9.4000000e-02   2.0557081e+00
   9.4100000e-02   2.0985569e+00
   9.4200000e-02   1.0098452e+00
   9.4300000e-02   1.7397461e+00
   9.4400000e-02   1.7791228e+00
   9.4500000e-02   4.4138253e+00
   9.4600000e-02   2.3273744e+00
   9.4700000e-02   6.1274984e-01
   9.4800000e-02   4.1957477e+00
   9.4900000e-02   5.8567888e+00
   9.5000000e-02   2.1957559e-01
   9.5100000e-02   5.1285976e+00
   9.5200000e-02   1.2203037e+00
   9.5300000e-02   7.1096302e-01
   9.5400000e-02   1.6626366e+00
   9.5500000e-02   1.2350693e+00
   9.5600000e-02   2.6607052e+00
   9.5700000e-02   2.5586067e+00
   9.5800000e-02   1.9268678e-01
   9.5900000e-02   1.6152606e+00
   9.6000000e-02   8.0171693e-01
   9.6100000e-02   6.3177738e+00
   9.6200000e-02   1.6268567e-01
   9.6300000e-02   3.2131931e-01
   9.6400000e-02   1.0052162e+00
   9.6500000e-02   3.0800508e-01
   9.6600000e-02   1.9250844e+00
   9.6700000e-02   2.5085330e+00
   9.6800000e-02   5.0893364e-01
   9.6900000e-02   2.4727720e+00
   9.7000000e-02   2.7098691e+00
   9.7100000e-02   3.0810724e+00
   9.7200000e-02   6.1643850e-01
   9.7300000e-02   5.1525089e-01
   9.7400000e-02   5.1408604e-01
   9.7500000e-02   3.1595367e+00
   9.7600000e-02   6.7543742e-01
   9.7700000e-02   3.1167834e+00
   9.7800000e-02   1.5302283e+00
   9.7900000e-02   1.9174727e+00
   9.8000000e-02   2.6481833e-01
   9.8100000e-02   1.9901832e-01
   9.8200000e-02   3.7858843e+00
   9.8300000e-02   5.0777591e+00
   9.8400000e-02   3.4933296e-01
   9.8500000e-02   6.4357165e-01
   9.8600000e-02   2.6340936e+00
   9.8700000e-02   5.5822162e-01
   9.8800000e-02   3.1831470e-02
   9.8900000e-02   7.2054310e-02
   9.9000000e-02   2.3316066e-01
   9.9100000e-02   9.9655741e-02
   9.9200000e-02   1.3276540e+00
   9.9300000e-02   1.4308311e+00
   9.9400000e-02   3.1382621e-01
   9.9500000e-02   9.1462987e-01
   9.9600000e-02   7.2255391e-01
   9.9700000e-02   1.9037324e+00
   9.9800000e-02   7.0626623e+00
   9.9900000e-02   3.1178274e+00
   1.0000000e-01   1.5926595e+00
   1.0010000e-01   1.8012342e+00
   1.0020000e-01   3.5468094e-02
   1.0030000e-01   2.1555555e+00
   1.0040000e-01   2.5590084e-01
   1.0050000e-01   4.2001272e+00
   1.0060000e-01   3.9391430e-02
   1.0070000e-01   1.2099111e-01
   1.0080000e-01   7.7278452e-01
   1.0090000e-01   5.1016778e+00
   1.0100000e-01   5.1270025e+00
   1.0110000e-01   1.4411780e+00
   1.0120000e-01   4.2308055e+00
   1.0130000e-01   3.7540005e-01
   1.0140000e-01   2.3146396e+00
   1.0150000e-01   2.7814698e+00
   1.0160000e-01   1.1126689e+00
   1.0170000e-01   6.2009404e+00
   1.0180000e-01   3.8611067e-01
   1.0190000e-01   2.4645585e-01
   1.0200000e-01   1.2488922e+00
   1.0210000e-01   1.1507049e+00
   1.0220000e-01   8.1881478e-01
   1.0230000e-01   2.2404653e-01
   1.0240000e-01   2.2732072e-01
   1.0250000e-01   2.0314154e-01
   1.0260000e-01   1.0730693e+01
   1.0270000e-01   5.8744333e+00
   1.0280000e-01   5.3671743e-01
   1.0290000e-01   4.7664704e-02
   1.0300000e-01   1.7585451e+00
   1.0310000e-01   1.7464216e+00
   1.0320000e-01   5.2845827e+00
   1.0330000e-01   3.8846561e-01
   1.0340000e-01   2.7832155e+00
   1.0350000e-01   2.0440021e-01
   1.0360000e-01   1.0739472e+00
   1.0370000e-01   5.8697012e+00
   1.0380000e-01   6.9027603e-02
   1.0390000e-01   1.4156213e-01
   1.0400000e-01   1.6465867e+00
   1.0410000e-01   4.1554719e+00
   1.0420000e-01   8.1440042e-02
   1.0430000e-01   2.4959409e-01
   1.0440000e-01   1.7969915e+00
   1.0450000e-01   7.1847451e-01
   1.0460000e-01   3.2924703e+00
   1.0470000e-01   5.2531208e-01
   1.0480000e-01   1.0313981e+00
   1.0490000e-01   1.0646914e+00
   1.0500000e-01   2.8569113e-01
   1.0510000e-01   8.9238983e-01
   1.0520000e-01   5.9897198e-01
   1.0530000e-01   1.5796958e-01
   1.0540000e-01   1.9002478e+00
   1.0550000e-01   1.0822458e-02
   1.0560000e-01   1.6695282e+00
   1.0570000e-01   2.2584805e+00
   1.0580000e-01   2.1115403e+00
   1.0590000e-01   7.6162390e-01
   1.0600000e-01   1.9958470e+00
   1.0610000e-01   4.8243981e-01
   1.0620000e-01   5.1836841e-02
   1.0630000e-01   3.4808132e+00
   1.0640000e-01   8.9732745e-01
   1.0650000e-01   1.8682852e+00
   1.0660000e-01   1.6561221e+00
   1.0670000e-01   2.6258192e+00
   1.0680000e-01   7.6039167e-01
   1.0690000e-01   4.0229030e+00
   1.0700000e-01   1.2660226e+01
   1.0710000e-01   3.4525706e-01
   1.0720000e-01   6.9777946e-01
   1.0730000e-01   8.5893417e-01
   1.0740000e-01   2.9921951e+00
   1.0750000e-01   6.9018659e-01
   1.0760000e-01   3.3439765e+00
   1.0770000e-01   5.5608987e+00
   1.0780000e-01   9.0829733e-01
   1.0790000e-01   5.9597731e+00
   1.0800000e-01   1.3097635e+00
   1.0810000e-01   2.3287665e+00
   1.0820000e-01   2.6648431e-01
   1.0830000e-01   7.8986959e-01
   1.0840000e-01   1.7780608e+00
   1.0850000e-01   2.8815883e+00
   1.0860000e-01   1.8453587e-02
   1.0870000e-01   4.6206808e+00
   1.0880000e-01   3.7940607e-01
   1.0890000e-01   8.0657362e-01
   1.0900000e-01   5.4591998e+00
   1.0910000e-01   5.2601515e-01
   1.0920000e-01   4.5147278e+00
   1.0930000e-01   2.8267192e+00
   1.0940000e-01   1.6933273e+00
   1.0950000e-01   1.4309250e-01
   1.0960000e-01   1.1588253e+00
   1.0970000e-01   4.2552518e-02
   1.0980000e-01   6.0960211e-01
   1.0990000e-01   1.5245981e+00
   1.1000000e-01   1.7641473e+00
   1.1010000e-01   1.8429033e+00
   1.1020000e-01   7.5516802e-01
   1.1030000e-01   1.0621996e+00
   1.1040000e-01   4.2919104e-01
   1.1050000e-01   2.2341868e+00
   1.1060000e-01   2.4664832e+00
   1.1070000e-01   1.6815281e+00
   1.1080000e-01   7.7092083e-01
   1.1090000e-01   6.8330172e-02
   1.1100000e-01   1.8144413e+00
   1.1110000e-01   8.9479397e-01
   1.1120000e-01   3.6607579e+00
   1.1130000e-01   4.1895721e-01
   1.1140000e-01   3.5430699e+00
   1.1150000e-01   2.7111439e+00
   1.1160000e-01   6.6215929e-01
   1.1170000e-01   8.7174463e-01
   1.1180000e-01   5.3478671e-01
   1.1190000e-01   1.7019936e+00
   1.1200000e-01   1.3076851e+00
   1.1210000e-01   7.9452697e-01
   1.1220000e-01   6.6791478e-01
   1.1230000e-01   1.4581954e-02
   1.1240000e-01   1.1722924e-01
   1.1250000e-01   6.8223017e-01
   1.1260000e-01   2.2424535e+00
   1.1270000e-01   4.0331911e+00
   1.1280000e-01   3.8806830e-01
   1.1290000e-01   2.9938010e-02
   1.1300000e-01   1.2529633e+00
   1.1310000e-01   4.0863636e+00
   1.1320000e-01   8.9951198e-01
   1.1330000e-01   3.9502465e-01
   1.1340000e-01   1.3623908e+00
   1.1350000e-01   2.7792552e-01
   1.1360000e-01   1.7044901e+00
   1.1370000e-01   6.8987390e-01
   1.1380000e-01   1.5235959e+00
   1.1390000e-01   6.2134571e+00
   1.1400000e-01   1.0606916e+00
   1.1410000e-01   1.0455876e+00
   1.1420000e-01   1.8630651e-01
   1.1430000e-01   1.0428487e+00
   1.1440000e-01   1.4700910e+00
   1.1450000e-01   1.1421383e+01
   1.1460000e-01   4.1880405e-01
   1.1470000e-01   2.8969569e+00
   1.1480000e-01   6.9521758e-01
   1.1490000e-01   7.6813763e+00
   1.1500000e-01   1.3626344e-01
   1.1510000e-01   2.3642651e-01
   1.1520000e-01   2.9201188e+00
   1.1530000e-01   6.8626294e-01
   1.1540000e-01   1.4333908e+00
   1.1550000e-01   6.9827192e-01
   1.1560000e-01   1.9157373e+00
   1.1570000e-01   7.1285140e-01
   1.1580000e-01   1.0302383e+00
   1.1590000e-01   2.5312860e+00
   1.1600000e-01   4.5726157e+00
   1.1610000e-01   8.3091549e-01
   1.1620000e-01   2.6754890e+00
   1.1630000e-01   5.4414554e-02
   1.1640000e-01   3.0723888e-02
   1.1650000e-01   3.8168070e+00
   1.1660000e-01   1.1704180e+00
   1.1670000e-01   2.9825911e+00
   1.1680000e-01   2.2074163e+00
   1.1690000e-01   2.3533282e+00
   1.1700000e-01   7.4089853e-01
   1.1710000e-01   1.4805183e-01
   1.1720000e-01   6.6839739e-01
   1.1730000e-01   1.4812266e+00
   1.1740000e-01   4.8167816e-02
   1.1750000e-01   6.4239076e-01
   1.1760000e-01   2.1588764e+00
   1.1770000e-01   1.7300975e+00
   1.1780000e-01   8.9545526e-01
   1.1790000e-01   1.4260899e+00
   1.1800000e-01   2.8195754e+00
   1.1810000e-01   7.1847314e-01
   1.1820000e-01   6.8100317e-01
   1.1830000e-01   2.9098646e+00
   1.1840000e-01   9.3537171e-02
   1.1850000e-01   1.0582639e+00
   1.1860000e-01   1.5057152e+00
   1.1870000e-01   1.4325029e+00
   1.1880000e-01   8.7122386e+00
   1.1890000e-01   8.3449075e+00
   1.1900000e-01   7.7386964e+00
   1.1910000e-01   6.6738643e-01
   1.1920000e-01   1.2754985e+00
   1.1930000e-01   2.1118747e+00
   1.1940000e-01   3.3122743e-01
   1.1950000e-01   2.8523340e+00
   1.1960000e-01   2.7327683e+00
   1.1970000e-01   4.6943736e+00
   1.1980000e-01   1.9871143e+00
   1.1990000e-01   3.8650125e-01
   1.2000000e-01   3.4092946e-01
   1.2010000e-01   3.5054311e+00
   1.2020000e-01   3.1683273e+00
   1.2030000e-01   1.4368034e+00
   1.2040000e-01   2.3907667e+00
   1.2050000e-01   1.0744444e+00
   1.2060000e-01   5.8193161e-01
   1.2070000e-01   1.3859827e+00
   1.2080000e-01   4.8887542e+00
   1.2090000e-01   2.0844995e+00
   1.2100000e-01   2.4092122e-01
   1.2110000e-01   2.2906652e+00
   1.2120000e-01   1.0283659e-01
   1.2130000e-01   8.9186338e-01
   1.2140000e-01   5.0707274e+00
   1.2150000e-01   5.0275864e+00
   1.2160000e-01   1.3037047e+00
   1.2170000e-01   4.1946865e-01
   1.2180000e-01   5.9291664e-01
   1.2190000e-01   3.1235229e-01
   1.2200000e-01   3.3193753e+00
   1.2210000e-01   6.7626632e-01
   1.2220000e-01   8.0510775e-01
   1.2230000e-01   2.7923390e+00
   1.2240000e-01   3.5263587e+00
   1.2250000e-01   8.1546550e-01
   1.2260000e-01   1.6857337e+00
   1.2270000e-01   8.4890966e-01
   1.2280000e-01   7.1231855e-01
   1.2290000e-01   6.3422915e-01
   1.2300000e-01   2.4072613e+00
   1.2310000e-01   1.0504608e+00
   1.2320000e-01   3.7408537e+00
   1.2330000e-01   4.7043463e-01
   1.2340000e-01   8.1597595e-01
   1.2350000e-01   1.6969805e-01
   1.2360000e-01   9.4123830e-01
   1.2370000e-01   8.7610153e-01
   1.2380000e-01   1.4154086e+00
   1.2390000e-01   1.0740290e+00
   1.2400000e-01   3.4995271e-01
   1.2410000e-01   1.8900234e+00
   1.2420000e-01   4.4400697e-01
   1.2430000e-01   1.1042564e-02
   1.2440000e-01   1.4964678e+00
   1.2450000e-01   2.4309687e-01
   1.2460000e-01   1.9907937e+00
   1.2470000e-01   5.9816019e-02
   1.2480000e-01   3.2620096e-01
   1.2490000e-01   3.5909935e-01
   1.2500000e-01   7.8292623e-01
   1.2510000e-01   5.4814535e-01
   1.2520000e-01   1.3643038e+00
   1.2530000e-01   2.0519426e+00
   1.2540000e-01   1.1594826e-01
   1.2550000e-01   2.5970526e+00
   1.2560000e-01   3.9996818e-01
   1.2570000e-01   1.5142907e+00
   1.2580000e-01   3.8679179e+00
   1.2590000e-01   2.6462632e+00
   1.2600000e-01   3.6619324e+00
   1.2610000e-01   1.5184118e+00
   1.2620000e-01   1.0004112e+00
   1.2630000e-01   2.3962721e-02
   1.2640000e-01   1.5275707e+00
   1.2650000e-01   2.0338870e+00
   1.2660000e-01   3.5044087e-01
   1.2670000e-01   1.8944810e+00
   1.2680000e-01   5.3632931e-02
   1.2690000e-01   2.1644963e-01
   1.2700000e-01   8.3626107e-01
   1.2710000e-01   1.3053021e-01
   1.2720000e-01   2.1565037e+00
   1.2730000e-01   2.4350628e+00
   1.2740000e-01   6.2388817e-02
   1.2750000e-01   9.9609094e-01
   1.2760000e-01   1.0593793e+00
   1.2770000e-01   8.4806124e-01
   1.2780000e-01   1.2858336e-01
   1.2790000e-01   4.1095947e+00
   1.2800000e-01   7.1384954e-02
   1.2810000e-01   1.2393674e-02
   1.2820000e-01   1.1918846e+00
   1.2830000e-01   7.3701140e-01
   1.2840000e-01   5.4138614e-02
   1.2850000e-01   1.6309118e-01
   1.2860000e-01   1.6354378e+00
   1.2870000e-01   2.4049015e+00
   1.2880000e-01   3.0257330e-01
   1.2890000e-01   2.5914736e+00
   1.2900000e-01   5.9877393e-01
   1.2910000e-01   2.2163505e+00
   1.2920000e-01   1.1026654e-01
   1.2930000e-01   9.1034573e-01
   1.2940000e-01   1.6498668e+00
   1.2950000e-01   1.4920771e-03
   1.2960000e-01   3.3885409e-02
   1.2970000e-01   1.2013498e+00
   1.2980000e-01   3.8950159e+00
   1.2990000e-01   1.2805412e+00
   1.3000000e-01   1.9157988e-01
   1.3010000e-01   2.8088228e-01
   1.3020000e-01   4.2961395e-02
   1.3030000e-01   8.3959321e+00
   1.3040000e-01   1.0156009e+00
   1.3050000e-01   9.0978852e-01
   1.3060000e-01   1.4851337e+00
   1.3070000e-01   3.0396650e-01
   1.3080000e-01   8.9318627e-01
   1.3090000e-01   1.3560943e+00
   1.3100000e-01   1.2335406e+00
   1.3110000e-01   1.6593982e-01
   1.3120000e-01   2.4299592e+00
   1.3130000e-01   1.5166067e+00
   1.3140000e-01   5.8430581e-01
   1.3150000e-01   1.2365350e-01
   1.3160000e-01   9.8851935e-01
   1.3170000e-01   9.6442034e-01
   1.3180000e-01   9.7330914e-02
   1.3190000e-01   1.4952192e-01
   1.3200000e-01   1.7089751e-01
   1.3210000e-01   1.6734253e+00
   1.3220000e-01   6.8715343e-01
   1.3230000e-01   1.3020207e+00
   1.3240000e-01   4.2657186e+00
   1.3250000e-01   5.4933991e-01
   1.3260000e-01   9.7130872e-01
   1.3270000e-01   3.3221012e-01
   1.3280000e-01   6.0902901e-01
   1.3290000e-01   2.2953061e+00
   1.3300000e-01   9.4458476e-01
   1.3310000e-01   1.2689957e+00
   1.3320000e-01   1.1237895e-01
   1.3330000e-01   1.4172610e+00
   1.3340000e-01   1.1366336e+00
   1.3350000e-01   3.9925001e-01
   1.3360000e-01   1.0178649e+00
   1.3370000e-01   3.7557142e+00
   1.3380000e-01   1.6151009e+00
   1.3390000e-01   8.1627931e-02
   1.3400000e-01   4.9718628e-02
   1.3410000e-01   5.0818546e-01
   1.3420000e-01   6.5315154e+00
   1.3430000e-01   3.3206259e-01
   1.3440000e-01   2.6911964e+00
   1.3450000e-01   4.6460200e-02
   1.3460000e-01   1.8496302e+00
   1.3470000e-01   1.1076558e+00
   1.3480000e-01   1.3859737e+00
   1.3490000e-01   1.2005257e+00
   1.3500000e-01   6.5778627e-01
   1.3510000e-01   1.3886027e+00
   1.3520000e-01   5.2986157e-01
   1.3530000e-01   5.4131820e-01
   1.3540000e-01   2.6480583e-01
   1.3550000e-01   2.3033383e-01
   1.3560000e-01   8.6324940e-02
   1.3570000e-01   4.0020421e+00
   1.3580000e-01   1.7029769e+00
   1.3590000e-01   2.0398748e-01
   1.3600000e-01   1.1091066e+00
   1.3610000e-01   2.7655947e-01
   1.3620000e-01   4.6964964e+00
   1.3630000e-01   9.1049674e-02
   1.3640000e-01   5.3950789e-01
   1.3650000e-01   7.1295249e-01
   1.3660000e-01   3.3409207e+00
   1.3670000e-01   1.6294373e+00
   1.3680000e-01   1.5657117e-02
   1.3690000e-01   1.9419505e+00
   1.3700000e-01   6.2138049e-01
   1.3710000e-01   2.1712087e+00
   1.3720000e-01   2.9875352e-01
   1.3730000e-01   2.9417229e+00
   1.3740000e-01   7.9187861e-02
   1.3750000e-01   7.5195625e-01
   1.3760000e-01   8.9347988e-01
   1.3770000e-01   9.8929409e-01
   1.3780000e-01   2.8833324e+00
   1.3790000e-01   7.8810646e-01
   1.3800000e-01   6.8643614e-01
   1.3810000e-01   1.6905135e+00
   1.3820000e-01   6.8845952e-02
   1.3830000e-01   6.1914711e+00
   1.3840000e-01   5.3607627e-01
   1.3850000e-01   1.9369658e+00
   1.3860000e-01   1.4287491e+00
   1.3870000e-01   7.4684913e-01
   1.3880000e-01   2.3466324e+00
   1.3890000e-01   2.9494366e-01
   1.3900000e-01   2.9787326e+00
   1.3910000e-01   6.8439448e-01
   1.3920000e-01   3.5029244e+00
   1.3930000e-01   4.7671891e-01
   1.3940000e-01   8.1559997e-01
   1.3950000e-01   1.8792612e-01
   1.3960000e-01   1.7460583e-01
   1.3970000e-01   2.7152955e+00
   1.3980000e-01   4.2288126e-01
   1.3990000e-01   1.8313293e+00
   1.4000000e-01   2.7149785e-01
   1.4010000e-01   4.9403098e-01
   1.4020000e-01   1.7221026e+00
   1.4030000e-01   2.6343731e-01
   1.4040000e-01   2.0968035e+00
   1.4050000e-01   1.9414342e-01
   1.4060000e-01   4.4347388e-01
   1.4070000e-01   8.1712385e-01
   1.4080000e-01   7.8239772e-01
   1.4090000e-01   4.7836520e-01
   1.4100000e-01   1.4824345e-01
   1.4110000e-01   2.4795517e-02
   1.4120000e-01   6.6720623e-01
   1.4130000e-01   4.9493806e-01
   1.4140000e-01   5.0048891e-01
   1.4150000e-01   1.2809568e+00
   1.4160000e-01   1.7477309e+00
   1.4170000e-01   1.9113732e+00
   1.4180000e-01   2.5645920e+00
   1.4190000e-01   1.8812283e-01
   1.4200000e-01   1.7900404e+00
   1.4210000e-01   8.3974969e-01
   1.4220000e-01   1.0986140e+00
   1.4230000e-01   3.9313793e+00
   1.4240000e-01   1.4684043e+00
   1.4250000e-01   1.7460833e-02
   1.4260000e-01   9.5836562e-01
   1.4270000e-01   3.4610063e-01
   1.4280000e-01   8.9535512e-01
   1.4290000e-01   5.6670282e-01
   1.4300000e-01   2.5474693e+00
   1.4310000e-01   1.2770997e+00
   1.4320000e-01   5.9785221e-01
   1.4330000e-01   8.6272895e-02
   1.4340000e-01   1.6353949e+00
   1.4350000e-01   1.8314002e+00
   1.4360000e-01   2.0216068e+00
   1.4370000e-01   8.9475749e-01
   1.4380000e-01   3.8593489e-01
   1.4390000e-01   9.9553663e-01
   1.4400000e-01   2.8204727e-01
   1.4410000e-01   1.5873437e+00
   1.4420000e-01   7.2871394e-01
   1.4430000e-01   2.1837085e+00
   1.4440000e-01   2.5531757e-01
   1.4450000e-01   1.6708905e-01
   1.4460000e-01   6.1681343e-01
   1.4470000e-01   3.4159677e-01
   1.4480000e-01   1.8696673e+00
   1.4490000e-01   8.1831275e-01
   1.4500000e-01   1.7719870e-01
   1.4510000e-01   1.8575374e-01
   1.4520000e-01   1.1554392e+00
   1.4530000e-01   2.9602289e+00
   1.4540000e-01   2.3864572e+00
   1.4550000e-01   7.2589887e-01
   1.4560000e-01   1.2001502e+00
   1.4570000e-01   1.0954880e+00
   1.4580000e-01   3.0048354e+00
   1.4590000e-01   1.0142585e+00
   1.4600000e-01   4.8095039e-01
   1.4610000e-01   2.7741711e+00
   1.4620000e-01   2.0929359e+00
   1.4630000e-01   4.5541839e+00
   1.4640000e-01   1.6020798e+00
   1.4650000e-01   1.6437560e+00
   1.4660000e-01   2.8149326e+00
   1.4670000e-01   8.8254305e-01
   1.4680000e-01   8.9376110e-01
   1.4690000e-01   1.4310595e-01
   1.4700000e-01   1.7267640e+00
   1.4710000e-01   2.6867664e-02
   1.4720000e-01   2.1473413e-01
   1.4730000e-01   1.0391806e-01
   1.4740000e-01   3.9507343e-01
   1.4750000e-01   1.8207004e+00
   1.4760000e-01   4.1912008e+00
   1.4770000e-01   5.3506418e+00
   1.4780000e-01   2.3713583e+00
   1.4790000e-01   3.9683681e+00
   1.4800000e-01   8.4206657e-02
   1.4810000e-01   6.4571168e-01
   1.4820000e-01   1.4095737e+00
   1.4830000e-01   1.9824258e+00
   1.4840000e-01   1.6046822e-02
   1.4850000e-01   1.0621045e-01
   1.4860000e-01   8.3139954e-01
   1.4870000e-01   4.1232529e+00
   1.4880000e-01   2.7554264e-01
   1.4890000e-01   1.8400793e-01
   1.4900000e-01   7.2407214e-01
   1.4910000e-01   2.0065785e+00
   1.4920000e-01   3.6950054e+00
   1.4930000e-01   2.6015064e+00
   1.4940000e-01   2.3124655e-01
   1.4950000e-01   7.0992314e-02
   1.4960000e-01   1.1932616e+00
   1.4970000e-01   2.5431217e-01
   1.4980000e-01   8.5950279e-01
   1.4990000e-01   2.3782297e+00
   1.5000000e-01   2.0757386e+00
   1.5010000e-01   4.1944851e+00
   1.5020000e-01   1.6369272e+00
   1.5030000e-01   1.6376859e+00
   1.5040000e-01   4.7881104e-01
   1.5050000e-01   1.9109725e+00
   1.5060000e-01   6.4354911e-01
   1.5070000e-01   9.7723703e-01
   1.5080000e-01   1.2669271e+00
   1.5090000e-01   1.4391915e+00
   1.5100000e-01   1.9601609e+00
   1.5110000e-01   7.1082904e-02
   1.5120000e-01   1.0639103e+00
   1.5130000e-01   2.3521811e-01
   1.5140000e-01   6.6695064e-01
   1.5150000e-01   1.7074036e+00
   1.5160000e-01   9.2211187e-02
   1.5170000e-01   1.5039790e+00
   1.5180000e-01   1.3534461e+00
   1.5190000e-01   1.9814917e+00
   1.5200000e-01   2.3532448e+00
   1.5210000e-01   8.6994055e-01
   1.5220000e-01   2.1516209e+00
   1.5230000e-01   3.0510271e-01
   1.5240000e-01   1.4722808e+00
   1.5250000e-01   3.1105658e-01
   1.5260000e-01   2.5644629e-01
   1.5270000e-01   3.5844919e-01
   1.5280000e-01   2.3869342e+00
   1.5290000e-01   1.2463194e+00
   1.5300000e-01   9.0089398e-01
   1.5310000e-01   1.5339158e+00
   1.5320000e-01   9.9901989e-01
   1.5330000e-01   2.5988006e+00
   1.5340000e-01   2.7467062e+00
   1.5350000e-01   5.7643215e-01
   1.5360000e-01   8.0729652e-01
   1.5370000e-01   6.2734359e-01
   1.5380000e-01   2.0308563e-01
   1.5390000e-01   2.4195141e-01
   1.5400000e-01   1.1643109e+00
   1.5410000e-01   6.3222201e-01
   1.5420000e-01   1.9826315e+00
   1.5430000e-01   9.0847309e-01
   1.5440000e-01   6.5930538e-01
   1.5450000e-01   1.3842685e+00
   1.5460000e-01   6.6169479e-01
   1.5470000e-01   1.3247410e-01
   1.5480000e-01   1.1908179e+00
   1.5490000e-01   1.3710488e+00
   1.5500000e-01   3.7039361e-02
   1.5510000e-01   3.7755652e-01
   1.5520000e-01   9.0070442e-01
   1.5530000e-01   9.6928888e-01
   1.5540000e-01   2.2866087e+00
   1.5550000e-01   2.2035314e-01
   1.5560000e-01   3.9487955e+00
   1.5570000e-01   6.9863185e-01
   1.5580000e-01   5.5465173e-01
   1.5590000e-01   5.9842407e-01
   1.5600000e-01   5.3704680e-01
   1.5610000e-01   2.1841699e+00
   1.5620000e-01   6.9050251e-01
   1.5630000e-01   2.1220932e-01
   1.5640000e-01   1.7454563e+00
   1.5650000e-01   1.3444536e-01
   1.5660000e-01   1.1290385e+00
   1.5670000e-01   1.7741389e+00
   1.5680000e-01   1.7192141e+00
   1.5690000e-01   1.1629933e+00
   1.5700000e-01   8.5759832e-01
   1.5710000e-01   1.2212131e-01
   1.5720000e-01   1.1830066e+00
   1.5730000e-01   4.8197984e+00
   1.5740000e-01   2.7705398e+00
   1.5750000e-01   1.0665925e+00
   1.5760000e-01   5.0982679e+00
   1.5770000e-01   2.0908913e+00
   1.5780000e-01   2.2829035e+00
   1.5790000e-01   1.9776777e+00
   1.5800000e-01   4.4997106e-01
   1.5810000e-01   1.1078386e-01
   1.5820000e-01   1.2366488e+00
   1.5830000e-01   2.1816808e-01
   1.5840000e-01   1.2848178e-01
   1.5850000e-01   4.3288591e-01
   1.5860000e-01   8.0188807e-01
   1.5870000e-01   4.2056024e-01
   1.5880000e-01   1.0726723e+00
   1.5890000e-01   6.9842500e-01
   1.5900000e-01   8.6446885e-01
   1.5910000e-01   1.0507352e+00
   1.5920000e-01   3.2957029e-01
   1.5930000e-01   1.3076897e+00
   1.5940000e-01   6.7978303e-01
   1.5950000e-01   1.5341709e+00
   1.5960000e-01   8.0869442e-01
   1.5970000e-01   4.9992979e-01
   1.5980000e-01   1.8968988e+00
   1.5990000e-01   1.6900894e+00
   1.6000000e-01   8.0235300e-01
   1.6010000e-01   9.8622487e-02
   1.6020000e-01   1.2708400e+00
   1.6030000e-01   1.6555991e+00
   1.6040000e-01   2.5150064e+00
   1.6050000e-01   4.2077216e-01
   1.6060000e-01   8.6460507e-02
   1.6070000e-01   2.7468109e-01
   1.6080000e-01   5.2292328e-01
   1.6090000e-01   1.8950672e+00
   1.6100000e-01   2.2735873e+00
   1.6110000e-01   1.1704108e+00
   1.6120000e-01   1.7384022e+00
   1.6130000e-01   5.9157538e-03
   1.6140000e-01   2.8470134e+00
   1.6150000e-01   4.4532682e-01
   1.6160000e-01   3.2003904e-01
   1.6170000e-01   1.7625385e+00
   1.6180000e-01   6.9233124e-01
   1.6190000e-01   2.9091927e-01
   1.6200000e-01   2.6389700e+00
   1.6210000e-01   3.7871210e-01
   1.6220000e-01   1.5724595e-01
   1.6230000e-01   7.6425696e-02
   1.6240000e-01   9.3815416e-01
   1.6250000e-01   2.4302214e+00
   1.6260000e-01   4.1776010e-01
   1.6270000e-01   7.2950867e-02
   1.6280000e-01   4.4674941e-01
   1.6290000e-01   2.5749541e-01
   1.6300000e-01   9.4288516e-01
   1.6310000e-01   3.4742022e+00
   1.6320000e-01   4.4694766e-03
   1.6330000e-01   1.1107220e+00
   1.6340000e-01   1.5383707e+00
   1.6350000e-01   1.1626630e+00
   1.6360000e-01   3.0167656e+00
   1.6370000e-01   5.6884932e-01
   1.6380000e-01   8.6784570e-02
   1.6390000e-01   5.4118510e-01
   1.6400000e-01   1.7901665e-01
   1.6410000e-01   4.7181767e+00
   1.6420000e-01   4.7187510e-01
   1.6430000e-01   7.7029943e-01
   1.6440000e-01   4.9005344e-01
   1.6450000e-01   2.6772996e+00
   1.6460000e-01   4.3802748e-01
   1.6470000e-01   4.2660997e-01
   1.6480000e-01   4.6852091e-01
   1.6490000e-01   3.4011274e+00
   1.6500000e-01   7.8741598e-01
   1.6510000e-01   4.1135823e-01
   1.6520000e-01   1.0688108e-02
   1.6530000e-01   1.6351863e-02
   1.6540000e-01   1.0882969e+00
   1.6550000e-01   1.1745370e+00
   1.6560000e-01   1.3508715e+00
   1.6570000e-01   3.4852807e+00
   1.6580000e-01   3.0182005e+00
   1.6590000e-01   2.1961612e-01
   1.6600000e-01   1.0856802e+00
   1.6610000e-01   6.2978172e-01
   1.6620000e-01   1.8495966e-01
   1.6630000e-01   2.0027021e+00
   1.6640000e-01   2.0620475e-01
   1.6650000e-01   5.0483307e-01
   1.6660000e-01   8.2273462e-01
   1.6670000e-01   4.4183918e-01
   1.6680000e-01   5.2486922e-01
   1.6690000e-01   6.0401369e-01
   1.6700000e-01   1.3021689e+00
   1.6710000e-01   2.2750552e+00
   1.6720000e-01   3.5874564e-01
   1.6730000e-01   1.1779549e+00
   1.6740000e-01   3.7615124e-02
   1.6750000e-01   4.1960345e-01
   1.6760000e-01   3.4225344e+00
   1.6770000e-01   1.1213360e+00
   1.6780000e-01   8.0054127e-01
   1.6790000e-01   3.7317371e+00
   1.6800000e-01   1.2427104e-01
   1.6810000e-01   2.6485580e+00
   1.6820000e-01   3.1357779e+00
   1.6830000e-01   8.4102054e-01
   1.6840000e-01   7.6345202e-01
   1.6850000e-01   1.0182992e+00
   1.6860000e-01   1.7313051e-01
   1.6870000e-01   1.5301432e-01
   1.6880000e-01   1.5858727e+00
   1.6890000e-01   3.3821347e-02
   1.6900000e-01   1.0369549e+00
   1.6910000e-01   1.2786727e+00
   1.6920000e-01   2.8445069e-01
   1.6930000e-01   2.1884289e+00
   1.6940000e-01   1.2070263e-01
   1.6950000e-01   3.2586422e-01
   1.6960000e-01   4.7677373e-01
   1.6970000e-01   3.7358362e-01
   1.6980000e-01   1.0215034e-01
   1.6990000e-01   2.7909684e+00
   1.7000000e-01   3.6804214e+00
   1.7010000e-01   8.3897168e-01
   1.7020000e-01   5.8607284e-02
   1.7030000e-01   4.4965274e-01
   1.7040000e-01   3.2405793e-01
   1.7050000e-01   1.0455616e+00
   1.7060000e-01   9.6382740e-01
   1.7070000e-01   2.2565943e-01
   1.7080000e-01   3.3213029e+00
   1.7090000e-01   5.0252794e-01
   1.7100000e-01   4.2751970e-01
   1.7110000e-01   9.2686403e-01
   1.7120000e-01   4.6729069e+00
   1.7130000e-01   1.5895491e+00
   1.7140000e-01   9.6416238e-01
   1.7150000e-01   1.0423364e-01
   1.7160000e-01   8.2057764e-01
   1.7170000e-01   1.7811903e+00
   1.7180000e-01   1.0345309e+00
   1.7190000e-01   4.4618905e-02
   1.7200000e-01   1.1469078e-01
   1.7210000e-01   2.2913101e-01
   1.7220000e-01   1.4720859e-01
   1.7230000e-01   1.5627175e+00
   1.7240000e-01   9.4849184e-01
   1.7250000e-01   9.1370767e-01
   1.7260000e-01   3.6665854e-01
   1.7270000e-01   8.2688379e-01
   1.7280000e-01   1.2063155e+00
   1.7290000e-01   1.1920871e+00
   1.7300000e-01   1.5799724e+00
   1.7310000e-01   1.3589034e+00
   1.7320000e-01   1.0728353e+00
   1.7330000e-01   3.1668890e-01
   1.7340000e-01   8.9244927e-01
   1.7350000e-01   2.5533857e-01
   1.7360000e-01   4.5700523e-01
   1.7370000e-01   6.2331182e-01
   1.7380000e-01   4.7803582e+00
   1.7390000e-01   2.8211364e-01
   1.7400000e-01   9.5872525e-01
   1.7410000e-01   2.9265951e-01
   1.7420000e-01   1.9271193e+00
   1.7430000e-01   1.0132377e+00
   1.7440000e-01   6.5195299e-02
   1.7450000e-01   2.1556349e+00
   1.7460000e-01   1.8409604e+00
   1.7470000e-01   4.4563473e-01
   1.7480000e-01   1.9637760e+00
   1.7490000e-01   1.0321729e+00
   1.7500000e-01   5.4102549e-01
   1.7510000e-01   3.9049271e-01
   1.7520000e-01   8.1458385e-01
   1.7530000e-01   3.3742413e+00
   1.7540000e-01   4.4019814e+00
   1.7550000e-01   1.6537951e+00
   1.7560000e-01   1.4525757e+00
   1.7570000e-01   5.2911254e-01
   1.7580000e-01   1.7817555e+00
   1.7590000e-01   3.0346006e-01
   1.7600000e-01   2.8122885e+00
   1.7610000e-01   1.8573045e+00
   1.7620000e-01   4.0389542e-01
   1.7630000e-01   7.8673070e-01
   1.7640000e-01   5.6544652e-01
   1.7650000e-01   4.4868403e-01
   1.7660000e-01   8.9167948e-01
   1.7670000e-01   1.2864975e+00
   1.7680000e-01   1.1219838e+00
   1.7690000e-01   3.2961041e-01
   1.7700000e-01   1.7978085e-01
   1.7710000e-01   2.4604193e+00
   1.7720000e-01   3.8294577e+00
   1.7730000e-01   2.3461879e+00
   1.7740000e-01   7.9603501e-01
   1.7750000e-01   8.9716136e-01
   1.7760000e-01   7.9065868e-01
   1.7770000e-01   1.5363249e+00
   1.7780000e-01   5.7357527e-01
   1.7790000e-01   1.5270595e+00
   1.7800000e-01   1.1189025e+00
   1.7810000e-01   1.7365565e+00
   1.7820000e-01   5.8449139e-01
   1.7830000e-01   1.5141016e+00
   1.7840000e-01   1.2747229e+00
   1.7850000e-01   6.4484368e-02
   1.7860000e-01   4.2748729e-01
   1.7870000e-01   6.9851753e-01
   1.7880000e-01   6.0691132e+00
   1.7890000e-01   2.3631135e+00
   1.7900000e-01   2.4671036e+00
   1.7910000e-01   1.8433498e-01
   1.7920000e-01   8.5174051e-01
   1.7930000e-01   6.4094846e-01
   1.7940000e-01   2.7717281e-02
   1.7950000e-01   6.4017378e-01
   1.7960000e-01   2.7792451e+00
   1.7970000e-01   4.7877576e+00
   1.7980000e-01   9.4870055e-01
   1.7990000e-01   3.1852538e+00
   1.8000000e-01   1.1317658e+00
   1.8010000e-01   8.3703913e-01
   1.8020000e-01   1.9329488e+00
   1.8030000e-01   2.1523137e+00
   1.8040000e-01   1.6999309e-01
   1.8050000e-01   1.3586729e+00
   1.8060000e-01   1.1967522e+00
   1.8070000e-01   3.4244982e-01
   1.8080000e-01   3.0273803e-01
   1.8090000e-01   4.5618711e-01
   1.8100000e-01   1.2572941e-01
   1.8110000e-01   4.1850614e-01
   1.8120000e-01   2.5473532e+00
   1.8130000e-01   2.2935202e+00
   1.8140000e-01   6.4312006e-01
   1.8150000e-01   7.0085474e-01
   1.8160000e-01   2.0422831e-01
   1.8170000e-01   3.5865523e-01
   1.8180000e-01   7.8760067e-01
   1.8190000e-01   1.5186811e+00
   1.8200000e-01   3.0291504e-01
   1.8210000e-01   2.1324149e-01
   1.8220000e-01   5.2040831e+00
   1.8230000e-01   6.6857225e-01
   1.8240000e-01   1.4084411e+00
   1.8250000e-01   2.7016887e+00
   1.8260000e-01   2.0952145e+00
   1.8270000e-01   1.7259948e+00
   1.8280000e-01   1.2658728e+00
   1.8290000e-01   1.7965928e+00
   1.8300000e-01   8.7445716e-01
   1.8310000e-01   2.2022824e+00
   1.8320000e-01   2.7669541e-01
   1.8330000e-01   1.0745651e+00
   1.8340000e-01   2.2998293e-02
   1.8350000e-01   1.4049390e+00
   1.8360000e-01   1.3034289e-02
   1.8370000e-01   1.5656650e-01
   1.8380000e-01   7.1698886e-01
   1.8390000e-01   3.9758417e+00
   1.8400000e-01   1.7842192e+00
   1.8410000e-01   3.3095234e-01
   1.8420000e-01   2.4580158e+00
   1.8430000e-01   3.2015801e+00
   1.8440000e-01   4.8912221e-01
   1.8450000e-01   4.1638340e-01
   1.8460000e-01   3.7887259e-01
   1.8470000e-01   1.3747682e+00
   1.8480000e-01   2.6422597e-01
   1.8490000e-01   6.3607583e-01
   1.8500000e-01   2.9488121e-01
   1.8510000e-01   4.2497298e+00
   1.8520000e-01   2.3135501e-01
   1.8530000e-01   1.1368217e+00
   1.8540000e-01   5.1123261e-01
   1.8550000e-01   1.7048113e-01
   1.8560000e-01   5.4291766e+00
   1.8570000e-01   2.6435365e+00
   1.8580000e-01   2.0722719e-01
   1.8590000e-01   2.3306482e-01
   1.8600000e-01   5.2130697e-02
   1.8610000e-01   4.5554096e-01
   1.8620000e-01   2.9274159e+00
   1.8630000e-01   2.3067679e+00
   1.8640000e-01   9.7264301e-01
   1.8650000e-01   1.6431036e+00
   1.8660000e-01   2.7651722e+00
   1.8670000e-01   1.2150504e+00
   1.8680000e-01   1.4823562e+00
   1.8690000e-01   8.6430879e-02
   1.8700000e-01   4.5544462e-01
   1.8710000e-01   2.2999042e-01
   1.8720000e-01   3.2375137e+00
   1.8730000e-01   2.7972844e+00
   1.8740000e-01   6.9646120e-01
   1.8750000e-01   2.4517233e-01
   1.8760000e-01   1.0798318e+00
   1.8770000e-01   1.4188368e+00
   1.8780000e-01   1.5338481e+00
   1.8790000e-01   2.3229437e-03
   1.8800000e-01   2.3706037e-01
   1.8810000e-01   6.7585175e-01
   1.8820000e-01   1.5081473e+00
   1.8830000e-01   8.2997316e-01
   1.8840000e-01   9.0984889e-01
   1.8850000e-01   1.8813096e+00
   1.8860000e-01   1.7963399e+00
   1.8870000e-01   5.8380057e-01
   1.8880000e-01   1.7036629e+00
   1.8890000e-01   1.2756254e+00
   1.8900000e-01   1.5485766e-01
   1.8910000e-01   1.7673026e+00
   1.8920000e-01   2.6179241e-01
   1.8930000e-01   1.5635652e-01
   1.8940000e-01   1.9400463e-01
   1.8950000e-01   1.2320693e+00
   1.8960000e-01   1.0196947e+00
   1.8970000e-01   5.8814703e-02
   1.8980000e-01   3.0527624e-01
   1.8990000e-01   9.1564504e-01
   1.9000000e-01   3.2033758e-01
   1.9010000e-01   1.3209148e+00
   1.9020000e-01   2.2200629e-01
   1.9030000e-01   5.3202090e-01
   1.9040000e-01   8.7736776e-01
   1.9050000e-01   8.3167413e-01
   1.9060000e-01   3.2419152e-01
   1.9070000e-01   6.9576688e-01
   1.9080000e-01   3.8187723e+00
   1.9090000e-01   5.3221463e-02
   1.9100000e-01   3.1483820e+00
   1.9110000e-01   3.1697523e+00
   1.9120000e-01   1.6943530e+00
   1.9130000e-01   1.6780226e+00
   1.9140000e-01   7.7533338e-02
   1.9150000e-01   4.5957001e-01
   1.9160000e-01   9.9396624e-03
   1.9170000e-01   1.2054561e+00
   1.9180000e-01   6.9277896e-01
   1.9190000e-01   2.3769839e+00
   1.9200000e-01   1.0151645e+00
   1.9210000e-01   3.2131074e+00
   1.9220000e-01   2.3108861e+00
   1.9230000e-01   3.7023184e-02
   1.9240000e-01   7.8080985e-01
   1.9250000e-01   3.1807354e+00
   1.9260000e-01   3.2400095e-01
   1.9270000e-01   4.5383207e+00
   1.9280000e-01   1.4273630e+00
   1.9290000e-01   8.9637251e-02
   1.9300000e-01   6.8368666e-01
   1.9310000e-01   6.8706504e-01
   1.9320000e-01   4.8264686e+00
   1.9330000e-01   1.7732921e+00
   1.9340000e-01   1.7483859e+00
   1.9350000e-01   2.3668706e-02
   1.9360000e-01   2.8541844e-02
   1.9370000e-01   8.8000891e-01
   1.9380000e-01   7.7519085e-01
   1.9390000e-01   4.1136692e-01
   1.9400000e-01   9.9233172e-02
   1.9410000e-01   8.0289019e-01
   1.9420000e-01   9.7276626e-01
   1.9430000e-01   1.3478831e+00
   1.9440000e-01   5.5089597e-01
   1.9450000e-01   1.3102231e+00
   1.9460000e-01   5.2548904e-01
   1.9470000e-01   1.2002889e+00
   1.9480000e-01   1.3078975e+00
   1.9490000e-01   1.3052353e+00
   1.9500000e-01   2.6459577e-01
   1.9510000e-01   3.6305675e-01
   1.9520000e-01   1.2137767e-01
   1.9530000e-01   2.0160345e+00
   1.9540000e-01   4.0743190e-01
   1.9550000e-01   6.3231979e-01
   1.9560000e-01   2.0429353e-01
   1.9570000e-01   4.6457620e-01
   1.9580000e-01   7.9620106e-01
   1.9590000e-01   5.9645311e-01
   1.9600000e-01   2.3130376e-02
   1.9610000e-01   7.8515893e-01
   1.9620000e-01   1.0713980e+00
   1.9630000e-01   1.9078075e+00
   1.9640000e-01   4.2936218e-01
   1.9650000e-01   7.3714344e-01
   1.9660000e-01   6.0273376e-01
   1.9670000e-01   2.9794447e+00
   1.9680000e-01   6.1254987e-01
   1.9690000e-01   2.2813200e+00
   1.9700000e-01   7.5007717e-01
   1.9710000e-01   4.6582398e+00
   1.9720000e-01   6.8946242e-01
   1.9730000e-01   3.0283914e-01
   1.9740000e-01   7.5080331e-01
   1.9750000e-01   1.4963487e+00
   1.9760000e-01   1.9966875e+00
   1.9770000e-01   1.9377327e+00
   1.9780000e-01   3.6328916e-02
   1.9790000e-01   6.7092188e-01
   1.9800000e-01   2.4201332e-01
   1.9810000e-01   2.1841861e+00
   1.9820000e-01   6.6051203e-01
   1.9830000e-01   1.7017687e+00
   1.9840000e-01   1.1279426e+00
   1.9850000e-01   9.6684223e-01
   1.9860000e-01   1.1383817e+00
   1.9870000e-01   2.6523835e+00
   1.9880000e-01   2.4666600e+00
   1.9890000e-01   2.6408746e+00
   1.9900000e-01   6.2384153e-01
   1.9910000e-01   2.2932819e-01
   1.9920000e-01   1.0085696e+00
   1.9930000e-01   1.4910908e-01
   1.9940000e-01   3.1506550e+00
   1.9950000e-01   1.1676710e-01
   1.9960000e-01   1.1674382e+00
   1.9970000e-01   1.9933323e+00
   1.9980000e-01   3.2369609e+00
   1.9990000e-01   1.3127546e+00
   2.0000000e-01   2.4458100e+00
   2.0010000e-01   2.1268949e+00
   2.0020000e-01   3.4729337e-01
   2.0030000e-01   4.2117175e-01
   2.0040000e-01   4.6985332e-01
   2.0050000e-01   8.2439826e-01
   2.0060000e-01   2.3193889e+00
   2.0070000e-01   1.6516380e-01
   2.0080000e-01   3.8194379e-01
   2.0090000e-01   1.4567717e+00
   2.0100000e-01   1.5165686e+00
   2.0110000e-01   1.0393469e+00
   2.0120000e-01   1.1167865e-01
   2.0130000e-01   2.2236830e+00
   2.0140000e-01   2.2587940e-01
   2.0150000e-01   4.8738098e-01
   2.0160000e-01   2.5688692e+00
   2.0170000e-01   7.6825068e-01
   2.0180000e-01   2.6885779e-01
   2.0190000e-01   8.9319891e-01
   2.0200000e-01   2.5002873e-01
   2.0210000e-01   1.1128222e+00
   2.0220000e-01   6.2876719e-01
   2.0230000e-01   2.7385584e+00
   2.0240000e-01   3.2627544e+00
   2.0250000e-01   9.9228130e-01
   2.0260000e-01   1.1024174e+00
   2.0270000e-01   1.7592322e-01
   2.0280000e-01   2.8825782e-01
   2.0290000e-01   1.4082967e+00
   2.0300000e-01   1.5148706e-01
   2.0310000e-01   1.6125585e+00
   2.0320000e-01   9.2496209e-02
   2.0330000e-01   1.2426703e-01
   2.0340000e-01   1.7860469e+00
   2.0350000e-01   1.1595318e+00
   2.0360000e-01   7.1919691e-01
   2.0370000e-01   2.4275128e+00
   2.0380000e-01   2.4507973e-01
   2.0390000e-01   5.7612076e-01
   2.0400000e-01   1.3418040e+00
   2.0410000e-01   8.3536809e-01
   2.0420000e-01   1.9110031e-01
   2.0430000e-01   1.0669287e+00
   2.0440000e-01   4.3141004e-01
   2.0450000e-01   3.1016169e+00
   2.0460000e-01   2.8951495e+00
   2.0470000e-01   8.8511695e-01
   2.0480000e-01   1.1417813e+00
   2.0490000e-01   5.2961530e-01
   2.0500000e-01   1.7184293e+00
   2.0510000e-01   3.0915065e+00
   2.0520000e-01   4.5392346e-01
   2.0530000e-01   4.1374762e-01
   2.0540000e-01   3.3848686e+00
   2.0550000e-01   1.7560611e-02
   2.0560000e-01   2.6409006e+00
   2.0570000e-01   2.6315035e+00
   2.0580000e-01   1.0528135e+00
   2.0590000e-01   9.1069726e-02
   2.0600000e-01   6.0115432e-01
   2.0610000e-01   8.5592628e-01
   2.0620000e-01   2.9612335e+00
   2.0630000e-01   8.0768454e-01
   2.0640000e-01   2.2638700e+00
   2.0650000e-01   7.3808398e-01
   2.0660000e-01   7.4038362e-02
   2.0670000e-01   1.2851336e+00
   2.0680000e-01   1.1695236e+00
   2.0690000e-01   3.8193404e-01
   2.0700000e-01   2.4935400e-01
   2.0710000e-01   2.9160370e+00
   2.0720000e-01   4.2910325e-02
   2.0730000e-01   1.1998618e+00
   2.0740000e-01   1.0273216e+00
   2.0750000e-01   3.6738265e-01
   2.0760000e-01   5.4324011e-02
   2.0770000e-01   1.4151504e+00
   2.0780000e-01   3.2301059e+00
   2.0790000e-01   8.7188519e-01
   2.0800000e-01   2.4018002e+00
   2.0810000e-01   5.9846511e-01
   2.0820000e-01   1.6054807e-01
   2.0830000e-01   1.3406758e+00
   2.0840000e-01   1.7605350e+00
   2.0850000e-01   1.3106758e+00
   2.0860000e-01   5.3666712e-01
   2.0870000e-01   1.0160796e-01
   2.0880000e-01   5.9844053e-01
   2.0890000e-01   7.2105031e-01
   2.0900000e-01   6.3592294e-01
   2.0910000e-01   1.1432900e-01
   2.0920000e-01   1.1913682e+00
   2.0930000e-01   8.7362222e-01
   2.0940000e-01   9.0366522e-02
   2.0950000e-01   2.3684118e-01
   2.0960000e-01   2.1259976e+00
   2.0970000e-01   2.6160525e-01
   2.0980000e-01   2.3611821e-01
   2.0990000e-01   1.4904873e+00
   2.1000000e-01   8.2199187e-02
   2.1010000e-01   1.0330792e+00
   2.1020000e-01   3.2568935e-01
   2.1030000e-01   2.6313299e-01
   2.1040000e-01   2.6076718e+00
   2.1050000e-01   1.7937839e-01
   2.1060000e-01   2.4040455e+00
   2.1070000e-01   7.5913637e-01
   2.1080000e-01   8.2717390e-01
   2.1090000e-01   4.0942616e-01
   2.1100000e-01   1.1543563e+00
   2.1110000e-01   1.9686494e-01
   2.1120000e-01   1.0302855e+00
   2.1130000e-01   7.1965329e-01
   2.1140000e-01   2.0311428e-01
   2.1150000e-01   1.5457262e+00
   2.1160000e-01   3.5792191e+00
   2.1170000e-01   4.3890728e-01
   2.1180000e-01   4.6287696e-01
   2.1190000e-01   1.9183654e-01
   2.1200000e-01   2.2191475e-02
   2.1210000e-01   3.8079801e-01
   2.1220000e-01   9.2549975e-01
   2.1230000e-01   1.4891558e+00
   2.1240000e-01   5.6339517e-01
   2.1250000e-01   1.0944716e-01
   2.1260000e-01   1.0785290e+00
   2.1270000e-01   1.8141352e+00
   2.1280000e-01   1.2704176e-01
   2.1290000e-01   1.8717362e+00
   2.1300000e-01   4.9796175e-01
   2.1310000e-01   3.2399732e-01
   2.1320000e-01   5.6645363e-01
   2.1330000e-01   3.8020049e-01
   2.1340000e-01   2.7120624e-01
   2.1350000e-01   3.3180264e+00
   2.1360000e-01   3.6165634e-01
   2.1370000e-01   2.2980463e-01
   2.1380000e-01   4.0839692e-01
   2.1390000e-01   5.6437807e-01
   2.1400000e-01   1.1891552e+00
   2.1410000e-01   5.5771747e-02
   2.1420000e-01   4.9329517e-01
   2.1430000e-01   1.1418568e+00
   2.1440000e-01   4.9240070e-01
   2.1450000e-01   7.9487864e-01
   2.1460000e-01   6.8128865e-01
   2.1470000e-01   8.2765103e-01
   2.1480000e-01   1.2167230e+00
   2.1490000e-01   9.7486410e-01
   2.1500000e-01   2.3473191e+00
   2.1510000e-01   8.5836228e-01
   2.1520000e-01   8.1837907e-01
   2.1530000e-01   1.7098971e-01
   2.1540000e-01   2.0652921e+00
   2.1550000e-01   2.7289816e-01
   2.1560000e-01   4.7207510e-01
   2.1570000e-01   1.0253914e+00
   2.1580000e-01   4.7876083e-01
   2.1590000e-01   1.6587287e+00
   2.1600000e-01   2.5091523e+00
   2.1610000e-01   1.1846719e-01
   2.1620000e-01   7.2587613e-02
   2.1630000e-01   7.2785286e-01
   2.1640000e-01   6.0285101e-01
   2.1650000e-01   1.1117565e+00
   2.1660000e-01   3.2267727e-01
   2.1670000e-01   7.6950603e-02
   2.1680000e-01   5.4666641e-01
   2.1690000e-01   5.5116013e-03
   2.1700000e-01   2.0222396e+00
   2.1710000e-01   2.3466853e+00
   2.1720000e-01   2.7978604e+00
   2.1730000e-01   1.3128707e+00
   2.1740000e-01   2.6413841e-01
   2.1750000e-01   5.6103088e-01
   2.1760000e-01   2.3878180e+00
   2.1770000e-01   2.1763017e-03
   2.1780000e-01   1.3841119e+00
   2.1790000e-01   2.5707793e-01
   2.1800000e-01   1.8089422e+00
   2.1810000e-01   1.2872763e+00
   2.1820000e-01   9.9219245e-01
   2.1830000e-01   8.3074590e-02
   2.1840000e-01   1.6567190e+00
   2.1850000e-01   3.9774946e-01
   2.1860000e-01   1.1983149e+00
   2.1870000e-01   4.8496442e-01
   2.1880000e-01   6.3642560e-01
   2.1890000e-01   2.9270332e+00
   2.1900000e-01   3.5465194e-02
   2.1910000e-01   3.0273477e-01
   2.1920000e-01   7.4951116e-01
   2.1930000e-01   1.9105859e+00
   2.1940000e-01   7.9074372e-02
   2.1950000e-01   3.3607985e+00
   2.1960000e-01   5.1185925e-02
   2.1970000e-01   8.9826906e-01
   2.1980000e-01   2.3031606e+00
   2.1990000e-01   7.4984414e-01
   2.2000000e-01   7.4374043e-01
   2.2010000e-01   1.4151282e+00
   2.2020000e-01   3.1433403e+00
   2.2030000e-01   3.2982674e-02
   2.2040000e-01   1.1504255e+00
   2.2050000e-01   3.3266626e-01
   2.2060000e-01   7.7591903e-01
   2.2070000e-01   1.8285986e-01
   2.2080000e-01   1.1933943e-01
   2.2090000e-01   9.7624572e-01
   2.2100000e-01   1.4230963e+00
   2.2110000e-01   9.7497558e-01
   2.2120000e-01   1.8990591e-01
   2.2130000e-01   1.2900128e+00
   2.2140000e-01   2.2525551e+00
   2.2150000e-01   9.4230956e-02
   2.2160000e-01   5.0235186e-03
   2.2170000e-01   5.9847799e-02
   2.2180000e-01   9.2488006e-01
   2.2190000e-01   1.6017056e+00
   2.2200000e-01   4.3157735e-01
   2.2210000e-01   2.1435124e+00
   2.2220000e-01   6.2728269e-01
   2.2230000e-01   6.4690767e-01
   2.2240000e-01   5.2962720e-01
   2.2250000e-01   2.0582938e+00
   2.2260000e-01   2.8288244e+00
   2.2270000e-01   1.6070013e+00
   2.2280000e-01   7.5957101e-01
   2.2290000e-01   1.6155632e+00
   2.2300000e-01   4.2942979e-01
   2.2310000e-01   1.5876369e-01
   2.2320000e-01   5.6428696e-01
   2.2330000e-01   1.3082088e+00
   2.2340000e-01   5.1594046e-02
   2.2350000e-01   4.1684637e+00
   2.2360000e-01   7.3870567e-01
   2.2370000e-01   7.0260458e-01
   2.2380000e-01   1.8913801e-01
   2.2390000e-01   1.1629423e+00
   2.2400000e-01   5.2245327e-03
   2.2410000e-01   8.0736453e-01
   2.2420000e-01   1.7018242e-01
   2.2430000e-01   1.1100741e-01
   2.2440000e-01   3.3909185e-01
   2.2450000e-01   7.4010413e-01
   2.2460000e-01   3.1030442e+00
   2.2470000e-01   1.3035566e+00
   2.2480000e-01   6.2282483e-01
   2.2490000e-01   6.0616953e-02
   2.2500000e-01   2.5123421e+00
   2.2510000e-01   8.8579142e-01
   2.2520000e-01   3.5838500e+00
   2.2530000e-01   2.5467204e-01
   2.2540000e-01   2.1451444e-01
   2.2550000e-01   9.5972899e-01
   2.2560000e-01   7.9798536e-01
   2.2570000e-01   3.4077391e+00
   2.2580000e-01   7.2024000e-01
   2.2590000e-01   2.2635261e+00
   2.2600000e-01   2.6739934e-02
   2.2610000e-01   4.7560337e-01
   2.2620000e-01   2.1703933e-02
   2.2630000e-01   3.8821104e-01
   2.2640000e-01   5.1461489e-01
   2.2650000e-01   1.1961102e+00
   2.2660000e-01   3.1704722e-01
   2.2670000e-01   2.0818913e+00
   2.2680000e-01   1.7049814e+00
   2.2690000e-01   8.2300016e-01
   2.2700000e-01   1.9383768e+00
   2.2710000e-01   3.9225465e-01
   2.2720000e-01   5.9187717e-01
   2.2730000e-01   2.1604479e+00
   2.2740000e-01   4.4357740e-02
   2.2750000e-01   1.6352527e-01
   2.2760000e-01   1.6055984e-01
   2.2770000e-01   1.5240503e+00
   2.2780000e-01   1.7012785e-01
   2.2790000e-01   1.5556600e-01
   2.2800000e-01   5.9283731e-02
   2.2810000e-01   1.8311268e-01
   2.2820000e-01   1.0793232e+00
   2.2830000e-01   1.1565796e+00
   2.2840000e-01   1.3971073e-01
   2.2850000e-01   1.2193357e+00
   2.2860000e-01   2.2349444e-02
   2.2870000e-01   2.6801393e+00
   2.2880000e-01   3.0012278e-01
   2.2890000e-01   4.8237282e-01
   2.2900000e-01   3.4165142e+00
   2.2910000e-01   6.6993838e-01
   2.2920000e-01   2.8239820e-01
   2.2930000e-01   2.1720858e-01
   2.2940000e-01   1.2447491e-01
   2.2950000e-01   1.7755773e-01
   2.2960000e-01   2.7205361e+00
   2.2970000e-01   1.3299975e-01
   2.2980000e-01   6.5891790e-01
   2.2990000e-01   1.1929659e+00
   2.3000000e-01   1.1911210e-01
   2.3010000e-01   5.9862489e-01
   2.3020000e-01   1.3373555e+00
   2.3030000e-01   6.9685730e-02
   2.3040000e-01   7.9603489e-01
   2.3050000e-01   3.2257717e-01
   2.3060000e-01   2.9921631e-02
   2.3070000e-01   4.3581828e-01
   2.3080000e-01   1.4629760e+00
   2.3090000e-01   2.0268120e-01
   2.3100000e-01   1.9969143e-01
   2.3110000e-01   1.9219696e+00
   2.3120000e-01   6.1963764e-01
   2.3130000e-01   7.5860864e-02
   2.3140000e-01   1.0653218e+00
   2.3150000e-01   5.7796494e-01
   2.3160000e-01   1.2508758e-01
   2.3170000e-01   5.2324690e-03
   2.3180000e-01   2.9508840e+00
   2.3190000e-01   2.5144778e+00
   2.3200000e-01   5.4097853e-01
   2.3210000e-01   3.0504252e-01
   2.3220000e-01   1.1924208e+00
   2.3230000e-01   3.4024831e-01
   2.3240000e-01   6.3902234e-01
   2.3250000e-01   7.7569498e-02
   2.3260000e-01   1.0999766e+00
   2.3270000e-01   3.6150475e-02
   2.3280000e-01   3.6534454e+00
   2.3290000e-01   1.3548203e-01
   2.3300000e-01   5.5310775e-01
   2.3310000e-01   1.8396956e-01
   2.3320000e-01   2.6522479e+00
   2.3330000e-01   3.8962780e-01
   2.3340000e-01   2.0716754e-01
   2.3350000e-01   7.3535996e-01
   2.3360000e-01   5.5878321e-01
   2.3370000e-01   4.2437484e-01
   2.3380000e-01   1.0069527e+00
   2.3390000e-01   5.8897868e-01
   2.3400000e-01   1.2678482e+00
   2.3410000e-01   8.8467265e-01
   2.3420000e-01   1.4445197e+00
   2.3430000e-01   1.1747380e+00
   2.3440000e-01   2.0235352e-02
   2.3450000e-01   9.0156520e-02
   2.3460000e-01   3.7923375e+00
   2.3470000e-01   3.5356160e-01
   2.3480000e-01   4.3203646e-01
   2.3490000e-01   1.4411306e+00
   2.3500000e-01   1.6988265e+00
   2.3510000e-01   1.4113729e+00
   2.3520000e-01   5.0058408e-01
   2.3530000e-01   1.2991606e+00
   2.3540000e-01   1.0361633e+00
   2.3550000e-01   8.9505570e-02
   2.3560000e-01   2.2566308e-01
   2.3570000e-01   3.3948687e-01
   2.3580000e-01   1.6001066e+00
   2.3590000e-01   3.3673729e-01
   2.3600000e-01   1.8068793e-01
   2.3610000e-01   2.3891029e-01
   2.3620000e-01   8.7559649e-01
   2.3630000e-01   5.1690752e-01
   2.3640000e-01   7.5436030e-01
   2.3650000e-01   1.0671779e+00
   2.3660000e-01   1.5192307e-01
   2.3670000e-01   1.4081302e+00
   2.3680000e-01   3.8955617e-01
   2.3690000e-01   2.0113919e+00
   2.3700000e-01   1.0493990e+00
   2.3710000e-01   1.5789582e-01
   2.3720000e-01   5.8151242e-01
   2.3730000e-01   4.1494674e-01
   2.3740000e-01   6.0628000e-01
   2.3750000e-01   5.9549625e-02
   2.3760000e-01   2.7116457e-02
   2.3770000e-01   1.7238731e+00
   2.3780000e-01   3.7494253e-01
   2.3790000e-01   4.3279099e-01
   2.3800000e-01   2.7341868e+00
   2.3810000e-01   1.2885977e-01
   2.3820000e-01   1.5311442e-01
   2.3830000e-01   6.4777897e-01
   2.3840000e-01   6.9587519e-01
   2.3850000e-01   1.3297974e+00
   2.3860000e-01   2.2635225e+00
   2.3870000e-01   1.6270336e+00
   2.3880000e-01   1.2928467e+00
   2.3890000e-01   2.3426236e-02
   2.3900000e-01   1.1680549e-01
   2.3910000e-01   1.3682760e+00
   2.3920000e-01   4.5801470e-02
   2.3930000e-01   8.9014745e-01
   2.3940000e-01   4.8348244e-01
   2.3950000e-01   8.9962858e-01
   2.3960000e-01   7.3202015e-01
   2.3970000e-01   1.1202029e+00
   2.3980000e-01   1.0668944e+00
   2.3990000e-01   5.0415669e-01
   2.4000000e-01   1.0832817e+00
   2.4010000e-01   1.2411451e+00
   2.4020000e-01   7.9131355e-02
   2.4030000e-01   3.9899075e-01
   2.4040000e-01   1.9175351e+00
   2.4050000e-01   3.6300508e-01
   2.4060000e-01   1.4891910e+00
   2.4070000e-01   8.9412309e-01
   2.4080000e-01   1.4116307e+00
   2.4090000e-01   2.3926331e+00
   2.4100000e-01   6.4181088e-01
   2.4110000e-01   2.5805028e+00
   2.4120000e-01   1.3127976e-01
   2.4130000e-01   1.8270144e+00
   2.4140000e-01   6.1940331e-01
   2.4150000e-01   2.0791290e+00
   2.4160000e-01   2.4382018e+00
   2.4170000e-01   2.1045444e+00
   2.4180000e-01   1.0589971e+00
   2.4190000e-01   4.7360822e+00
   2.4200000e-01   6.8091411e-01
   2.4210000e-01   6.6916217e-01
   2.4220000e-01   7.2837623e-01
   2.4230000e-01   2.8094453e-01
   2.4240000e-01   1.2902466e+00
   2.4250000e-01   1.2133234e+00
   2.4260000e-01   2.6682608e-01
   2.4270000e-01   2.2170404e-01
   2.4280000e-01   3.0033149e-01
   2.4290000e-01   1.9159046e+00
   2.4300000e-01   2.1605040e-01
   2.4310000e-01   1.7069655e-01
   2.4320000e-01   1.3765371e+00
   2.4330000e-01   8.8381769e-01
   2.4340000e-01   8.9421782e-02
   2.4350000e-01   5.2687388e-01
   2.4360000e-01   7.1332810e-01
   2.4370000e-01   8.6456246e-01
   2.4380000e-01   1.1987712e+00
   2.4390000e-01   4.7919372e-01
   2.4400000e-01   4.1519765e-01
   2.4410000e-01   9.1204300e-01
   2.4420000e-01   2.1701714e-01
   2.4430000e-01   1.8034348e+00
   2.4440000e-01   2.8629852e+00
   2.4450000e-01   5.4216302e-01
   2.4460000e-01   4.9197312e-01
   2.4470000e-01   3.9297336e-01
   2.4480000e-01   7.8342490e-01
   2.4490000e-01   1.6316242e-01
   2.4500000e-01   2.3831218e+00
   2.4510000e-01   6.4074441e-02
   2.4520000e-01   4.4618700e-01
   2.4530000e-01   5.0708261e-01
   2.4540000e-01   2.9162336e+00
   2.4550000e-01   2.6400532e-01
   2.4560000e-01   6.6854100e-01
   2.4570000e-01   4.5461030e-01
   2.4580000e-01   1.3126539e+00
   2.4590000e-01   2.5488972e+00
   2.4600000e-01   8.8522190e-02
   2.4610000e-01   1.2338276e+00
   2.4620000e-01   2.8792197e+00
   2.4630000e-01   1.4375722e+00
   2.4640000e-01   3.5199884e-01
   2.4650000e-01   1.2644309e-01
   2.4660000e-01   1.8030438e-01
   2.4670000e-01   5.5787821e-02
   2.4680000e-01   2.9116084e-01
   2.4690000e-01   1.5233410e+00
   2.4700000e-01   4.9005481e-02
   2.4710000e-01   1.9650757e+00
   2.4720000e-01   4.0829367e-01
   2.4730000e-01   1.5044434e-01
   2.4740000e-01   9.8842567e-03
   2.4750000e-01   1.9360595e+00
   2.4760000e-01   3.5172802e-02
   2.4770000e-01   2.5179238e+00
   2.4780000e-01   1.2165496e+00
   2.4790000e-01   4.4076751e-01
   2.4800000e-01   1.3994621e+00
   2.4810000e-01   1.0055729e+00
   2.4820000e-01   3.5170654e-01
   2.4830000e-01   1.6349303e+00
   2.4840000e-01   9.8840927e-01
   2.4850000e-01   1.0242179e+00
   2.4860000e-01   8.0235780e-01
   2.4870000e-01   2.0221812e+00
   2.4880000e-01   8.8837056e-01
   2.4890000e-01   1.4172945e+00
   2.4900000e-01   1.3679941e-01
   2.4910000e-01   1.3857672e-01
   2.4920000e-01   1.4249476e+00
   2.4930000e-01   1.0647024e+00
   2.4940000e-01   1.2923129e+00
   2.4950000e-01   1.0872039e+00
   2.4960000e-01   6.0468273e-01
   2.4970000e-01   3.5127379e+00
   2.4980000e-01   3.8504173e-02
   2.4990000e-01   2.4660603e+00
   2.5000000e-01   2.2928091e-01
   2.5010000e-01   2.0463966e+00
   2.5020000e-01   7.1222291e-02
   2.5030000e-01   4.8657141e-01
   2.5040000e-01   3.1705337e+00
   2.5050000e-01   1.0750760e+00
   2.5060000e-01   7.7019175e-02
   2.5070000e-01   1.1244769e+00
   2.5080000e-01   2.5124999e+00
   2.5090000e-01   3.6302657e-01
   2.5100000e-01   1.6135157e+00
   2.5110000e-01   5.2056955e-02
   2.5120000e-01   4.3239190e+00
   2.5130000e-01   4.4315833e-01
   2.5140000e-01   1.3698719e+00
   2.5150000e-01   5.8363186e-01
   2.5160000e-01   4.8491322e-01
   2.5170000e-01   3.6279897e-01
   2.5180000e-01   1.0195956e+00
   2.5190000e-01   2.0506531e-02
   2.5200000e-01   1.9958852e+00
   2.5210000e-01   1.0160678e+00
   2.5220000e-01   5.9671214e-01
   2.5230000e-01   1.4154533e+00
   2.5240000e-01   2.8796275e-01
   2.5250000e-01   1.3880438e+00
   2.5260000e-01   1.2722018e+00
   2.5270000e-01   6.4928615e-01
   2.5280000e-01   1.1207252e+00
   2.5290000e-01   3.1277948e-01
   2.5300000e-01   1.5835548e+00
   2.5310000e-01   1.6474499e+00
   2.5320000e-01   1.7621778e-01
   2.5330000e-01   9.2791377e-01
   2.5340000e-01   4.8369946e-01
   2.5350000e-01   5.2937547e-01
   2.5360000e-01   3.7363379e-01
   2.5370000e-01   5.8081260e-01
   2.5380000e-01   3.7529800e+00
   2.5390000e-01   2.1815347e+00
   2.5400000e-01   1.6580344e+00
   2.5410000e-01   5.5013482e-01
   2.5420000e-01   3.5914139e-01
   2.5430000e-01   2.1530511e+00
   2.5440000e-01   9.5614765e-02
   2.5450000e-01   3.1422446e-03
   2.5460000e-01   2.1776511e-01
   2.5470000e-01   5.2733470e-01
   2.5480000e-01   1.8727596e+00
   2.5490000e-01   1.7743040e+00
   2.5500000e-01   3.3999867e-01
   2.5510000e-01   3.3325395e-01
   2.5520000e-01   8.7765189e-02
   2.5530000e-01   7.6365775e-02
   2.5540000e-01   3.4806215e-01
   2.5550000e-01   2.8350718e-01
   2.5560000e-01   2.0456527e-01
   2.5570000e-01   4.8542262e-01
   2.5580000e-01   5.0714538e-01
   2.5590000e-01   3.9808833e-01
   2.5600000e-01   8.8366857e-01
   2.5610000e-01   1.4705401e+00
   2.5620000e-01   1.6247062e-01
   2.5630000e-01   1.6508577e+00
   2.5640000e-01   1.1443284e-01
   2.5650000e-01   2.5229366e-01
   2.5660000e-01   4.7815332e-01
   2.5670000e-01   9.7959762e-01
   2.5680000e-01   6.6394424e-01
   2.5690000e-01   3.4952904e-01
   2.5700000e-01   2.0902759e+00
   2.5710000e-01   1.6044088e+00
   2.5720000e-01   5.5879420e-01
   2.5730000e-01   2.9590582e-01
   2.5740000e-01   3.0430353e+00
   2.5750000e-01   9.6830087e-01
   2.5760000e-01   8.2652673e-01
   2.5770000e-01   4.4987976e-01
   2.5780000e-01   8.1239550e-01
   2.5790000e-01   1.0195206e+00
   2.5800000e-01   1.5174830e+00
   2.5810000e-01   1.9841682e-01
   2.5820000e-01   9.0688410e-01
   2.5830000e-01   1.2327324e+00
   2.5840000e-01   1.1187012e-01
   2.5850000e-01   1.2839177e+00
   2.5860000e-01   2.7552384e+00
   2.5870000e-01   9.4618390e-01
   2.5880000e-01   1.7797844e-01
   2.5890000e-01   2.7344395e-02
   2.5900000e-01   1.7919809e-01
   2.5910000e-01   6.0223015e-01
   2.5920000e-01   2.3538704e-01
   2.5930000e-01   1.5394560e+00
   2.5940000e-01   6.9828889e-02
   2.5950000e-01   5.8421338e-03
   2.5960000e-01   1.6971860e-01
   2.5970000e-01   1.2821230e+00
   2.5980000e-01   2.3304301e-01
   2.5990000e-01   2.5673955e+00
   2.6000000e-01   9.3226641e-02
   2.6010000e-01   2.9118797e-01
   2.6020000e-01   1.2931153e+00
   2.6030000e-01   9.5243961e-01
   2.6040000e-01   1.1081513e+00
   2.6050000e-01   2.3469619e+00
   2.6060000e-01   6.2687609e-01
   2.6070000e-01   7.0982921e-02
   2.6080000e-01   2.0033137e-01
   2.6090000e-01   1.4218652e-01
   2.6100000e-01   1.3374294e-01
   2.6110000e-01   5.1390695e-02
   2.6120000e-01   1.2490626e-01
   2.6130000e-01   9.6697569e-01
   2.6140000e-01   2.4690439e-02
   2.6150000e-01   3.9805351e-01
   2.6160000e-01   1.0373855e+00
   2.6170000e-01   1.5052373e+00
   2.6180000e-01   1.3523877e-01
   2.6190000e-01   1.1197781e+00
   2.6200000e-01   2.6145342e-01
   2.6210000e-01   2.6488024e-01
   2.6220000e-01   6.6712747e-01
   2.6230000e-01   2.6966992e-01
   2.6240000e-01   1.7026570e+00
   2.6250000e-01   3.2792548e-01
   2.6260000e-01   1.6244207e+00
   2.6270000e-01   1.1167841e+00
   2.6280000e-01   8.8765682e-02
   2.6290000e-01   1.5018662e+00
   2.6300000e-01   6.1080616e-01
   2.6310000e-01   2.9891578e-01
   2.6320000e-01   6.1083214e-01
   2.6330000e-01   7.1499790e-02
   2.6340000e-01   1.0286709e+00
   2.6350000e-01   1.5137383e-01
   2.6360000e-01   6.8843689e-01
   2.6370000e-01   3.0846441e-01
   2.6380000e-01   2.7478577e-01
   2.6390000e-01   1.2612614e-01
   2.6400000e-01   7.2521067e-01
   2.6410000e-01   1.5485557e-01
   2.6420000e-01   7.1501821e-01
   2.6430000e-01   1.2437159e+00
   2.6440000e-01   1.2753824e-01
   2.6450000e-01   8.1225623e-01
   2.6460000e-01   6.6732132e-01
   2.6470000e-01   1.1923472e-02
   2.6480000e-01   1.1484074e+00
   2.6490000e-01   1.3039137e-01
   2.6500000e-01   3.3846778e+00
   2.6510000e-01   3.0235045e-01
   2.6520000e-01   1.8542970e-01
   2.6530000e-01   1.1397241e-01
   2.6540000e-01   1.2602142e+00
   2.6550000e-01   5.6536468e-01
   2.6560000e-01   1.9658113e-01
   2.6570000e-01   5.0587514e-01
   2.6580000e-01   1.0555417e+00
   2.6590000e-01   6.5967191e-01
   2.6600000e-01   2.8723369e-01
   2.6610000e-01   4.2885248e-02
   2.6620000e-01   1.0204248e+00
   2.6630000e-01   6.7087938e-01
   2.6640000e-01   1.3453953e+00
   2.6650000e-01   4.3370447e-01
   2.6660000e-01   3.4349224e-01
   2.6670000e-01   2.6363271e+00
   2.6680000e-01   7.8862689e-01
   2.6690000e-01   7.4058754e-01
   2.6700000e-01   1.0937764e-02
   2.6710000e-01   2.8671537e-01
   2.6720000e-01   4.0630818e-01
   2.6730000e-01   2.2207868e+00
   2.6740000e-01   3.7878146e-02
   2.6750000e-01   9.7558696e-01
   2.6760000e-01   2.6606150e+00
   2.6770000e-01   1.5229911e-01
   2.6780000e-01   8.1875028e-01
   2.6790000e-01   1.5831322e+00
   2.6800000e-01   3.3976592e-01
   2.6810000e-01   1.3193006e+00
   2.6820000e-01   2.7906745e+00
   2.6830000e-01   1.1170790e+00
   2.6840000e-01   4.5265446e-01
   2.6850000e-01   6.9976490e-01
   2.6860000e-01   9.3860754e-01
   2.6870000e-01   3.8812222e-01
   2.6880000e-01   2.1423105e-01
   2.6890000e-01   1.6170889e-01
   2.6900000e-01   1.6925290e-01
   2.6910000e-01   4.3014880e-01
   2.6920000e-01   7.7831527e-01
   2.6930000e-01   2.3341462e-01
   2.6940000e-01   2.5188496e-01
   2.6950000e-01   2.5214077e+00
   2.6960000e-01   2.6015143e-01
   2.6970000e-01   3.4777275e-01
   2.6980000e-01   5.5875097e-02
   2.6990000e-01   9.6370587e-01
   2.7000000e-01   4.2415014e-01
   2.7010000e-01   4.5205769e-01
   2.7020000e-01   1.2149474e+00
   2.7030000e-01   3.5223052e-02
   2.7040000e-01   4.7332245e-01
   2.7050000e-01   1.7142442e+00
   2.7060000e-01   1.1466237e-01
   2.7070000e-01   6.7328666e-01
   2.7080000e-01   2.3875293e-01
   2.7090000e-01   4.4942431e-01
   2.7100000e-01   7.4942440e-01
   2.7110000e-01   3.1868625e-03
   2.7120000e-01   1.9017042e+00
   2.7130000e-01   2.6034498e-01
   2.7140000e-01   1.8324740e-01
   2.7150000e-01   1.8076784e-01
   2.7160000e-01   7.9927716e-01
   2.7170000e-01   1.5109026e+00
   2.7180000e-01   3.0905386e+00
   2.7190000e-01   8.7798165e-01
   2.7200000e-01   9.1005807e-01
   2.7210000e-01   1.1273241e+00
   2.7220000e-01   2.4777984e+00
   2.7230000e-01   1.0999747e-01
   2.7240000e-01   1.6129543e-01
   2.7250000e-01   4.8778184e-01
   2.7260000e-01   1.7273996e+00
   2.7270000e-01   2.1322467e+00
   2.7280000e-01   3.0226448e-01
   2.7290000e-01   1.2380637e-01
   2.7300000e-01   7.3968730e-01
   2.7310000e-01   4.0550283e-01
   2.7320000e-01   8.8682425e-02
   2.7330000e-01   1.6911648e-02
   2.7340000e-01   3.0992306e-01
   2.7350000e-01   1.4187763e+00
   2.7360000e-01   7.7806092e-01
   2.7370000e-01   1.9815790e+00
   2.7380000e-01   8.3991599e-01
   2.7390000e-01   1.4726233e+00
   2.7400000e-01   3.0661099e+00
   2.7410000e-01   1.8557640e-01
   2.7420000e-01   6.5074020e-01
   2.7430000e-01   8.0505815e-03
   2.7440000e-01   2.0413673e-01
   2.7450000e-01   5.8431994e-01
   2.7460000e-01   7.9204037e-01
   2.7470000e-01   4.2874884e-02
   2.7480000e-01   5.3674304e-02
   2.7490000e-01   2.9585411e-01
   2.7500000e-01   1.2594420e+00
   2.7510000e-01   1.1879930e+00
   2.7520000e-01   9.1137646e-01
   2.7530000e-01   1.0903290e+00
   2.7540000e-01   2.0049214e+00
   2.7550000e-01   4.2882567e-01
   2.7560000e-01   1.2459230e-01
   2.7570000e-01   5.0521158e-02
   2.7580000e-01   1.1784098e+00
   2.7590000e-01   8.4416966e-02
   2.7600000e-01   8.5552312e-01
   2.7610000e-01   9.1843866e-02
   2.7620000e-01   3.9682481e-01
   2.7630000e-01   1.6029750e+00
   2.7640000e-01   8.6173897e-01
   2.7650000e-01   2.4739508e-01
   2.7660000e-01   1.7184369e-01
   2.7670000e-01   1.4060070e+00
   2.7680000e-01   4.0778800e-01
   2.7690000e-01   2.4999502e+00
   2.7700000e-01   5.9209637e-01
   2.7710000e-01   1.8607838e-01
   2.7720000e-01   1.8930427e+00
   2.7730000e-01   1.5726746e+00
   2.7740000e-01   3.3372539e-01
   2.7750000e-01   3.4649985e-01
   2.7760000e-01   2.0530716e+00
   2.7770000e-01   6.1288791e-03
   2.7780000e-01   1.4593476e-01
   2.7790000e-01   2.2318008e-01
   2.7800000e-01   5.4230595e-01
   2.7810000e-01   2.1497531e+00
   2.7820000e-01   4.2308058e-01
   2.7830000e-01   5.7587973e-02
   2.7840000e-01   2.1469703e-01
   2.7850000e-01   6.6660980e-01
   2.7860000e-01   8.0976702e-01
   2.7870000e-01   6.1678141e+00
   2.7880000e-01   2.5971843e+00
   2.7890000e-01   8.2801545e-01
   2.7900000e-01   7.0098687e-03
   2.7910000e-01   2.9052258e-01
   2.7920000e-01   2.0316774e+00
   2.7930000e-01   4.0509042e-02
   2.7940000e-01   2.1196983e+00
   2.7950000e-01   1.2364539e+00
   2.7960000e-01   3.9845179e-01
   2.7970000e-01   1.6423263e+00
   2.7980000e-01   6.3462662e-01
   2.7990000e-01   1.1491150e+00
   2.8000000e-01   2.3873817e-01
   2.8010000e-01   1.0771354e-01
   2.8020000e-01   5.5637430e-01
   2.8030000e-01   5.6508539e-01
   2.8040000e-01   1.1959938e-01
   2.8050000e-01   1.5871557e+00
   2.8060000e-01   1.7742965e-01
   2.8070000e-01   6.3738835e-01
   2.8080000e-01   8.7238436e-02
   2.8090000e-01   1.6313265e-02
   2.8100000e-01   1.0933868e+00
   2.8110000e-01   1.6818558e-01
   2.8120000e-01   4.5605313e-01
   2.8130000e-01   9.6338013e-01
   2.8140000e-01   1.5654664e-01
   2.8150000e-01   2.0183515e-01
   2.8160000e-01   1.4510731e+00
   2.8170000e-01   5.1801538e-03
   2.8180000e-01   2.3171391e+00
   2.8190000e-01   2.0692956e+00
   2.8200000e-01   6.3986977e-02
   2.8210000e-01   3.2417938e-01
   2.8220000e-01   2.5020107e+00
   2.8230000e-01   3.5631607e-01
   2.8240000e-01   3.4768286e-01
   2.8250000e-01   1.9997847e+00
   2.8260000e-01   1.6838161e+00
   2.8270000e-01   8.2628428e-01
   2.8280000e-01   3.0100551e+00
   2.8290000e-01   1.1969565e-01
   2.8300000e-01   7.0703244e-01
   2.8310000e-01   1.0840882e+00
   2.8320000e-01   1.8755357e+00
   2.8330000e-01   2.7023926e-02
   2.8340000e-01   1.2023135e+00
   2.8350000e-01   4.6766105e-01
   2.8360000e-01   6.9771868e-01
   2.8370000e-01   1.8237752e+00
   2.8380000e-01   1.4479261e-01
   2.8390000e-01   3.3549694e-01
   2.8400000e-01   5.6843165e-01
   2.8410000e-01   4.2785370e-01
   2.8420000e-01   7.0232379e-01
   2.8430000e-01   4.0383989e-02
   2.8440000e-01   4.2917396e+00
   2.8450000e-01   1.1750466e+00
   2.8460000e-01   1.0162289e+00
   2.8470000e-01   7.9470967e-02
   2.8480000e-01   5.2959354e-01
   2.8490000e-01   7.4443248e-02
   2.8500000e-01   9.8709778e-01
   2.8510000e-01   1.0757606e-01
   2.8520000e-01   2.0357665e-01
   2.8530000e-01   2.4277862e+00
   2.8540000e-01   2.1134637e-01
   2.8550000e-01   8.4901112e-01
   2.8560000e-01   6.6465891e-01
   2.8570000e-01   1.1460958e+00
   2.8580000e-01   1.3185852e+00
   2.8590000e-01   4.6449861e-01
   2.8600000e-01   1.7769093e+00
   2.8610000e-01   9.4593899e-01
   2.8620000e-01   2.5119767e+00
   2.8630000e-01   2.8849758e-01
   2.8640000e-01   2.1819566e-01
   2.8650000e-01   1.5580587e+00
   2.8660000e-01   2.2204471e-01
   2.8670000e-01   4.5050578e+00
   2.8680000e-01   3.0819345e-01
   2.8690000e-01   3.0437836e+00
   2.8700000e-01   4.5563651e-01
   2.8710000e-01   5.3241081e-01
   2.8720000e-01   1.6654031e-01
   2.8730000e-01   1.1622758e+00
   2.8740000e-01   1.4601478e+00
   2.8750000e-01   9.7725963e-01
   2.8760000e-01   1.1779432e-01
   2.8770000e-01   1.0558358e+00
   2.8780000e-01   2.6358099e+00
   2.8790000e-01   6.9027279e-01
   2.8800000e-01   2.7370265e+00
   2.8810000e-01   8.0513507e-02
   2.8820000e-01   1.6615083e-01
   2.8830000e-01   4.0920379e-01
   2.8840000e-01   2.4673526e-01
   2.8850000e-01   3.8350289e-01
   2.8860000e-01   3.4002122e-01
   2.8870000e-01   2.6192347e+00
   2.8880000e-01   1.0401913e+00
   2.8890000e-01   1.0462937e-01
   2.8900000e-01   4.3768263e-01
   2.8910000e-01   7.3373708e-03
   2.8920000e-01   3.2448177e-01
   2.8930000e-01   9.1161890e-04
   2.8940000e-01   1.8582676e-01
   2.8950000e-01   4.2116065e-01
   2.8960000e-01   2.4838729e+00
   2.8970000e-01   7.5746727e-02
   2.8980000e-01   3.9636227e-01
   2.8990000e-01   8.9362782e-01
   2.9000000e-01   1.7715713e-01
   2.9010000e-01   3.4267339e-01
   2.9020000e-01   7.1815899e-01
   2.9030000e-01   2.0861886e+00
   2.9040000e-01   1.1578778e+00
   2.9050000e-01   4.8740131e-01
   2.9060000e-01   1.5113648e-02
   2.9070000e-01   5.2910636e-03
   2.9080000e-01   4.7956440e-02
   2.9090000e-01   1.7221520e+00
   2.9100000e-01   2.8865621e+00
   2.9110000e-01   3.7591223e+00
   2.9120000e-01   2.2661973e+00
   2.9130000e-01   3.2650241e-01
   2.9140000e-01   1.2191950e-01
   2.9150000e-01   6.6326231e-01
   2.9160000e-01   2.5280412e-01
   2.9170000e-01   1.7862468e+00
   2.9180000e-01   1.1218042e+00
   2.9190000e-01   1.3202508e+00
   2.9200000e-01   3.2769555e-01
   2.9210000e-01   6.4604252e-01
   2.9220000e-01   1.4883508e+00
   2.9230000e-01   8.7088097e-01
   2.9240000e-01   4.7516941e-01
   2.9250000e-01   2.0401367e-01
   2.9260000e-01   2.2386613e+00
   2.9270000e-01   1.0522609e+00
   2.9280000e-01   1.7865877e+00
   2.9290000e-01   5.3470077e-01
   2.9300000e-01   1.0273365e-01
   2.9310000e-01   1.4155308e+00
   2.9320000e-01   4.8885689e-01
   2.9330000e-01   6.6018834e-01
   2.9340000e-01   4.4125026e-01
   2.9350000e-01   5.0559285e-02
   2.9360000e-01   1.5278141e-01
   2.9370000e-01   4.9432070e-01
   2.9380000e-01   3.6070073e-01
   2.9390000e-01   5.2844502e-02
   2.9400000e-01   1.4061256e+00
   2.9410000e-01   7.7239914e-02
   2.9420000e-01   2.0231416e-01
   2.9430000e-01   6.2901063e-02
   2.9440000e-01   1.2953080e+00
   2.9450000e-01   1.4380201e+00
   2.9460000e-01   5.3040403e-01
   2.9470000e-01   3.3114807e-01
   2.9480000e-01   3.0386522e-01
   2.9490000e-01   1.1761768e+00
   2.9500000e-01   1.9275323e-01
   2.9510000e-01   1.8376176e-01
   2.9520000e-01   7.6055328e-02
   2.9530000e-01   2.6099631e-01
   2.9540000e-01   1.6421121e+00
   2.9550000e-01   2.4602154e-02
   2.9560000e-01   6.1550093e-01
   2.9570000e-01   5.3814273e-01
   2.9580000e-01   3.2174285e-01
   2.9590000e-01   1.9376342e-01
   2.9600000e-01   4.6419268e-01
   2.9610000e-01   6.3459313e-01
   2.9620000e-01   1.0172008e-01
   2.9630000e-01   9.0227776e-01
   2.9640000e-01   4.2048305e-01
   2.9650000e-01   5.7507207e-01
   2.9660000e-01   6.1389963e-01
   2.9670000e-01   1.3933247e-01
   2.9680000e-01   4.7212582e-01
   2.9690000e-01   3.0750314e-02
   2.9700000e-01   5.8513493e-01
   2.9710000e-01   1.9864051e-01
   2.9720000e-01   1.0844881e-01
   2.9730000e-01   4.1371431e-01
   2.9740000e-01   1.0026247e+00
   2.9750000e-01   1.5227556e+00
   2.9760000e-01   1.6053183e+00
   2.9770000e-01   7.6604973e-02
   2.9780000e-01   1.1484771e+00
   2.9790000e-01   2.2021889e-01
   2.9800000e-01   1.7007132e-01
   2.9810000e-01   2.0621492e+00
   2.9820000e-01   1.4600147e+00
   2.9830000e-01   1.4452120e+00
   2.9840000e-01   8.4264493e-01
   2.9850000e-01   5.1507791e-01
   2.9860000e-01   9.7887652e-01
   2.9870000e-01   6.0721174e-01
   2.9880000e-01   3.8922596e+00
   2.9890000e-01   2.8520950e-01
   2.9900000e-01   2.3187812e-02
   2.9910000e-01   1.3519010e-02
   2.9920000e-01   2.4959478e+00
   2.9930000e-01   3.2990521e-01
   2.9940000e-01   1.5022724e-01
   2.9950000e-01   1.1360411e+00
   2.9960000e-01   1.0662256e+00
   2.9970000e-01   8.4089922e-01
   2.9980000e-01   2.6511558e+00
   2.9990000e-01   2.2204196e+00
   3.0000000e-01   6.2528922e-01
   3.0010000e-01   3.4546533e-01
   3.0020000e-01   3.1905745e-01
   3.0030000e-01   4.1094166e+00
   3.0040000e-01   2.5262434e+00
   3.0050000e-01   9.7540111e-01
   3.0060000e-01   2.4487242e-01
   3.0070000e-01   1.0348577e-01
   3.0080000e-01   6.4447608e-01
   3.0090000e-01   2.0642469e-01
   3.0100000e-01   3.2463622e-01
   3.0110000e-01   5.0691811e-01
   3.0120000e-01   6.3031208e-01
   3.0130000e-01   4.0201918e-01
   3.0140000e-01   3.9639065e-02
   3.0150000e-01   1.3829182e+00
   3.0160000e-01   6.9535986e-01
   3.0170000e-01   1.4349869e+00
   3.0180000e-01   1.3806911e+00
   3.0190000e-01   2.6904765e-01
   3.0200000e-01   1.2934814e+00
   3.0210000e-01   1.7552817e+00
   3.0220000e-01   6.3860129e-01
   3.0230000e-01   2.7060522e-01
   3.0240000e-01   1.7633766e-01
   3.0250000e-01   9.6373513e-01
   3.0260000e-01   2.6110095e-01
   3.0270000e-01   1.6569550e-01
   3.0280000e-01   1.3607668e+00
   3.0290000e-01   6.7207743e-01
   3.0300000e-01   7.7002101e-01
   3.0310000e-01   2.6304802e+00
   3.0320000e-01   3.2638876e+00
   3.0330000e-01   9.6834750e-02
   3.0340000e-01   2.0152738e+00
   3.0350000e-01   1.3999164e+00
   3.0360000e-01   3.2552187e-01
   3.0370000e-01   3.8288011e-01
   3.0380000e-01   4.8477952e-01
   3.0390000e-01   1.7449338e+00
   3.0400000e-01   1.5400914e+00
   3.0410000e-01   9.7884466e-01
   3.0420000e-01   4.2091510e+00
   3.0430000e-01   1.7961387e+00
   3.0440000e-01   3.5739487e-02
   3.0450000e-01   2.3035057e-01
   3.0460000e-01   6.0727741e-01
   3.0470000e-01   7.5126150e-03
   3.0480000e-01   1.9403748e-01
   3.0490000e-01   3.4441363e-01
   3.0500000e-01   1.6475240e-01
   3.0510000e-01   6.2137919e-02
   3.0520000e-01   1.2153293e+00
   3.0530000e-01   1.8980435e-01
   3.0540000e-01   3.2141957e-01
   3.0550000e-01   6.0684956e-01
   3.0560000e-01   5.3676040e-01
   3.0570000e-01   7.9202764e-02
   3.0580000e-01   3.1117281e-02
   3.0590000e-01   8.0792110e-01
   3.0600000e-01   3.9300308e-02
   3.0610000e-01   9.0458399e-01
   3.0620000e-01   4.1623761e-02
   3.0630000e-01   3.0655421e-01
   3.0640000e-01   2.2952827e-01
   3.0650000e-01   1.3966912e-01
   3.0660000e-01   1.1410263e+00
   3.0670000e-01   3.4530809e-01
   3.0680000e-01   4.9778806e-02
   3.0690000e-01   6.0135243e-01
   3.0700000e-01   5.3297189e-02
   3.0710000e-01   7.6005745e-01
   3.0720000e-01   5.1010812e-01
   3.0730000e-01   1.6376495e+00
   3.0740000e-01   5.6399151e-01
   3.0750000e-01   3.3264790e-01
   3.0760000e-01   3.0761185e-01
   3.0770000e-01   8.4661924e-01
   3.0780000e-01   1.9319341e+00
   3.0790000e-01   4.0669279e-01
   3.0800000e-01   1.1397817e+00
   3.0810000e-01   1.5668287e+00
   3.0820000e-01   6.1073138e-01
   3.0830000e-01   5.6509265e-01
   3.0840000e-01   2.1236672e+00
   3.0850000e-01   1.8435877e-02
   3.0860000e-01   4.2804190e-01
   3.0870000e-01   3.9085161e+00
   3.0880000e-01   1.3192837e+00
   3.0890000e-01   7.9135740e-01
   3.0900000e-01   1.1720379e-01
   3.0910000e-01   8.4412824e-01
   3.0920000e-01   4.5136782e-01
   3.0930000e-01   1.7352127e+00
   3.0940000e-01   1.0845441e+00
   3.0950000e-01   2.9301605e-01
   3.0960000e-01   4.2552716e-01
   3.0970000e-01   7.9650560e-01
   3.0980000e-01   3.8487266e-01
   3.0990000e-01   8.6621761e-01
   3.1000000e-01   2.2327785e+00
   3.1010000e-01   3.1088622e-01
   3.1020000e-01   1.2140040e+00
   3.1030000e-01   2.4446032e-01
   3.1040000e-01   5.1851553e+00
   3.1050000e-01   3.3061046e-01
   3.1060000e-01   3.7306383e-01
   3.1070000e-01   4.6369839e-01
   3.1080000e-01   7.6085150e-01
   3.1090000e-01   1.8611480e+00
   3.1100000e-01   3.5926882e+00
   3.1110000e-01   2.0379255e+00
   3.1120000e-01   8.2730383e-01
   3.1130000e-01   3.0413455e-01
   3.1140000e-01   2.8414323e-01
   3.1150000e-01   5.0030149e-01
   3.1160000e-01   2.3202919e-01
   3.1170000e-01   1.9259532e+00
   3.1180000e-01   3.6922030e-02
   3.1190000e-01   1.1794795e+00
   3.1200000e-01   2.0130283e-01
   3.1210000e-01   2.8649189e-01
   3.1220000e-01   2.6595637e-02
   3.1230000e-01   6.1886634e-01
   3.1240000e-01   8.7481887e-02
   3.1250000e-01   2.3045413e-02
   3.1260000e-01   1.8600836e+00
   3.1270000e-01   1.7209727e-01
   3.1280000e-01   5.8527187e-01
   3.1290000e-01   1.9870224e-01
   3.1300000e-01   2.2659203e-01
   3.1310000e-01   5.4740060e-01
   3.1320000e-01   2.1378600e+00
   3.1330000e-01   6.8173628e-01
   3.1340000e-01   2.1221486e-01
   3.1350000e-01   5.9175854e-01
   3.1360000e-01   2.3488529e-02
   3.1370000e-01   2.0771549e-01
   3.1380000e-01   5.9671321e-02
   3.1390000e-01   2.0211648e-01
   3.1400000e-01   1.0751321e+00
   3.1410000e-01   1.7793908e-01
   3.1420000e-01   3.1039867e-01
   3.1430000e-01   3.9256566e+00
   3.1440000e-01   1.2785265e+00
   3.1450000e-01   1.1301136e+00
   3.1460000e-01   1.0108217e+00
   3.1470000e-01   3.4798501e-01
   3.1480000e-01   5.7447587e-01
   3.1490000e-01   3.8706088e-01
   3.1500000e-01   7.4696246e-02
   3.1510000e-01   1.2355517e+00
   3.1520000e-01   5.4897151e-01
   3.1530000e-01   9.4599051e-01
   3.1540000e-01   1.0024618e+00
   3.1550000e-01   3.9871817e-01
   3.1560000e-01   8.4405086e-02
   3.1570000e-01   1.1036235e+00
   3.1580000e-01   5.9328233e-03
   3.1590000e-01   2.7857697e+00
   3.1600000e-01   8.9619455e-02
   3.1610000e-01   4.0594675e-01
   3.1620000e-01   2.4244965e+00
   3.1630000e-01   8.1635634e-02
   3.1640000e-01   8.5052803e-01
   3.1650000e-01   2.9089666e-01
   3.1660000e-01   8.7206750e-01
   3.1670000e-01   5.5625384e-01
   3.1680000e-01   2.9423453e-01
   3.1690000e-01   1.0118090e+00
   3.1700000e-01   1.5668949e-01
   3.1710000e-01   8.8922491e-01
   3.1720000e-01   1.4201565e-01
   3.1730000e-01   1.7324331e+00
   3.1740000e-01   8.2931345e-02
   3.1750000e-01   5.7143766e-01
   3.1760000e-01   2.4285799e-01
   3.1770000e-01   2.4997274e-01
   3.1780000e-01   1.6890207e+00
   3.1790000e-01   1.5581035e-02
   3.1800000e-01   3.9118280e+00
   3.1810000e-01   1.6334054e+00
   3.1820000e-01   8.0202839e-01
   3.1830000e-01   1.5078672e+00
   3.1840000e-01   1.4385488e+00
   3.1850000e-01   1.5237553e+00
   3.1860000e-01   8.5231317e-01
   3.1870000e-01   1.1695214e-01
   3.1880000e-01   7.3340470e-01
   3.1890000e-01   8.5368791e-01
   3.1900000e-01   3.1410648e-02
   3.1910000e-01   5.6028877e-01
   3.1920000e-01   6.1610367e-01
   3.1930000e-01   1.9287514e-01
   3.1940000e-01   9.8640014e-01
   3.1950000e-01   1.0850088e+00
   3.1960000e-01   1.2760745e+00
   3.1970000e-01   9.4254860e-01
   3.1980000e-01   1.1256858e+00
   3.1990000e-01   1.2408772e+00
   3.2000000e-01   5.2158176e-01
   3.2010000e-01   5.1511342e-01
   3.2020000e-01   1.3792624e+00
   3.2030000e-01   8.5196756e-02
   3.2040000e-01   7.5395413e-02
   3.2050000e-01   9.2305572e-01
   3.2060000e-01   1.8941808e-01
   3.2070000e-01   4.6335915e-02
   3.2080000e-01   3.6825890e-01
   3.2090000e-01   1.5031127e-01
   3.2100000e-01   2.0250143e+00
   3.2110000e-01   2.4182728e+00
   3.2120000e-01   1.1118219e+00
   3.2130000e-01   2.9588826e-01
   3.2140000e-01   1.8934257e+00
   3.2150000e-01   2.7751778e-01
   3.2160000e-01   2.3186128e+00
   3.2170000e-01   1.5902529e+00
   3.2180000e-01   1.3634015e-01
   3.2190000e-01   2.3147283e-01
   3.2200000e-01   1.3633225e+00
   3.2210000e-01   2.0718754e+00
   3.2220000e-01   2.6740910e-01
   3.2230000e-01   1.4889778e+00
   3.2240000e-01   6.1369324e-02
   3.2250000e-01   1.0578404e+00
   3.2260000e-01   9.5694056e-01
   3.2270000e-01   9.1668747e-02
   3.2280000e-01   4.6229292e-01
   3.2290000e-01   1.2712706e+00
   3.2300000e-01   6.5271763e-01
   3.2310000e-01   3.4435268e-01
   3.2320000e-01   1.1952040e-01
   3.2330000e-01   5.5634033e+00
   3.2340000e-01   4.2515246e-01
   3.2350000e-01   5.7024811e-01
   3.2360000e-01   2.6134329e-01
   3.2370000e-01   3.6842649e-01
   3.2380000e-01   5.3084181e-01
   3.2390000e-01   1.8124667e+00
   3.2400000e-01   1.2159424e+00
   3.2410000e-01   1.5983777e-01
   3.2420000e-01   7.6927751e-01
   3.2430000e-01   9.2706291e-02
   3.2440000e-01   6.8003490e-01
   3.2450000e-01   9.9818133e-03
   3.2460000e-01   7.4641868e-01
   3.2470000e-01   1.2455170e+00
   3.2480000e-01   3.2536093e+00
   3.2490000e-01   3.3925115e-01
   3.2500000e-01   1.9463990e-01
   3.2510000e-01   3.8563455e-01
   3.2520000e-01   3.2187426e-01
   3.2530000e-01   4.7508064e-02
   3.2540000e-01   2.4388731e+00
   3.2550000e-01   1.2992621e+00
   3.2560000e-01   4.9410993e-01
   3.2570000e-01   7.1995103e-01
   3.2580000e-01   7.6928901e-04
   3.2590000e-01   4.8170676e-01
   3.2600000e-01   1.4253067e+00
   3.2610000e-01   2.7821346e+00
   3.2620000e-01   1.7762378e+00
   3.2630000e-01   7.2120632e-01
   3.2640000e-01   2.1647934e+00
   3.2650000e-01   1.9065765e+00
   3.2660000e-01   1.4888380e-01
   3.2670000e-01   6.4222853e-01
   3.2680000e-01   2.2902457e+00
   3.2690000e-01   3.2157178e-02
   3.2700000e-01   6.8703946e-02
   3.2710000e-01   1.5760318e+00
   3.2720000e-01   4.8067646e-01
   3.2730000e-01   8.5810169e-01
   3.2740000e-01   1.1095823e+00
   3.2750000e-01   1.1908653e+00
   3.2760000e-01   6.1263052e-01
   3.2770000e-01   1.1886962e+00
   3.2780000e-01   7.2198560e-01
   3.2790000e-01   1.3662679e+00
   3.2800000e-01   1.3860731e+00
   3.2810000e-01   4.4638250e-01
   3.2820000e-01   4.6103503e-01
   3.2830000e-01   1.0314888e+00
   3.2840000e-01   3.6300048e-01
   3.2850000e-01   1.7421443e-01
   3.2860000e-01   1.7632130e+00
   3.2870000e-01   2.1439656e-01
   3.2880000e-01   2.4419071e-01
   3.2890000e-01   4.2266742e-01
   3.2900000e-01   9.6521622e-01
   3.2910000e-01   8.3454465e-01
   3.2920000e-01   7.0058715e-01
   3.2930000e-01   1.5788501e-01
   3.2940000e-01   1.4378709e-01
   3.2950000e-01   1.4509828e-01
   3.2960000e-01   2.2611811e-01
   3.2970000e-01   1.1452919e-01
   3.2980000e-01   5.9892940e-01
   3.2990000e-01   3.2673695e-01
   3.3000000e-01   2.4911001e-01
   3.3010000e-01   5.3415705e-01
   3.3020000e-01   3.4152550e-01
   3.3030000e-01   1.5824529e-01
   3.3040000e-01   2.6267439e+00
   3.3050000e-01   2.8307061e-01
   3.3060000e-01   1.3115660e+00
   3.3070000e-01   9.2829683e-01
   3.3080000e-01   6.8723930e-01
   3.3090000e-01   1.0018794e+00
   3.3100000e-01   4.2583506e-01
   3.3110000e-01   6.1165860e-01
   3.3120000e-01   5.5485573e-01
   3.3130000e-01   7.3542043e-01
   3.3140000e-01   1.5549122e+00
   3.3150000e-01   3.4151785e+00
   3.3160000e-01   1.9416385e-02
   3.3170000e-01   1.0732058e+00
   3.3180000e-01   7.5744736e-01
   3.3190000e-01   4.1691004e-01
   3.3200000e-01   1.8719058e-01
   3.3210000e-01   2.9555415e-02
   3.3220000e-01   3.0772666e-01
   3.3230000e-01   7.3206793e-02
   3.3240000e-01   2.4718845e-01
   3.3250000e-01   1.0571789e-01
   3.3260000e-01   8.7142532e-01
   3.3270000e-01   1.9815644e+00
   3.3280000e-01   3.2550810e-01
   3.3290000e-01   3.9724315e-01
   3.3300000e-01   6.7664876e-01
   3.3310000e-01   3.1724311e-01
   3.3320000e-01   1.4631868e-01
   3.3330000e-01   2.5646482e-01
   3.3340000e-01   4.7461684e-02
   3.3350000e-01   1.1488736e+00
   3.3360000e-01   4.6947404e-01
   3.3370000e-01   1.6456605e+00
   3.3380000e-01   4.7058008e-01
   3.3390000e-01   1.0317658e+00
   3.3400000e-01   4.7039613e-02
   3.3410000e-01   1.3492508e+00
   3.3420000e-01   2.7402460e-01
   3.3430000e-01   3.1035261e+00
   3.3440000e-01   1.9994634e+00
   3.3450000e-01   7.0342089e-01
   3.3460000e-01   1.4105200e+00
   3.3470000e-01   1.8917325e-01
   3.3480000e-01   3.7560268e-01
   3.3490000e-01   6.4761501e-01
   3.3500000e-01   8.6946234e-01
   3.3510000e-01   1.1054589e+00
   3.3520000e-01   6.2455262e-01
   3.3530000e-01   4.8026962e-01
   3.3540000e-01   2.0788971e+00
   3.3550000e-01   3.4094858e-01
   3.3560000e-01   2.2913636e+00
   3.3570000e-01   5.6044817e-01
   3.3580000e-01   5.0785391e-02
   3.3590000e-01   4.4969613e-03
   3.3600000e-01   5.8553428e-01
   3.3610000e-01   3.3161457e+00
   3.3620000e-01   6.5921010e-01
   3.3630000e-01   1.8358114e+00
   3.3640000e-01   1.9922406e-01
   3.3650000e-01   5.6104673e-01
   3.3660000e-01   4.5382435e-01
   3.3670000e-01   2.1281426e-01
   3.3680000e-01   3.8635386e-01
   3.3690000e-01   6.5709710e-01
   3.3700000e-01   4.3239614e+00
   3.3710000e-01   1.0271584e-02
   3.3720000e-01   5.3414639e-01
   3.3730000e-01   3.1923820e-01
   3.3740000e-01   1.2158220e+00
   3.3750000e-01   5.9771165e-01
   3.3760000e-01   3.3317371e-01
   3.3770000e-01   1.9565517e+00
   3.3780000e-01   1.3699509e-01
   3.3790000e-01   5.1988114e-01
   3.3800000e-01   2.2649523e-01
   3.3810000e-01   9.4396348e-02
   3.3820000e-01   5.8339232e-01
   3.3830000e-01   3.0890201e-01
   3.3840000e-01   4.7319693e-02
   3.3850000e-01   6.2973891e-01
   3.3860000e-01   8.3786272e-01
   3.3870000e-01   3.5802650e-01
   3.3880000e-01   2.7566375e-01
   3.3890000e-01   7.4463610e-01
   3.3900000e-01   1.2393489e+00
   3.3910000e-01   2.0277331e+00
   3.3920000e-01   9.7354676e-01
   3.3930000e-01   3.6215166e-01
   3.3940000e-01   8.1490852e-01
   3.3950000e-01   1.6599753e+00
   3.3960000e-01   3.7494963e-01
   3.3970000e-01   5.0302670e-01
   3.3980000e-01   4.3353952e-01
   3.3990000e-01   3.4894756e-01
   3.4000000e-01   1.0813464e+00
   3.4010000e-01   2.4802959e-01
   3.4020000e-01   2.4371857e-01
   3.4030000e-01   2.8305393e-01
   3.4040000e-01   9.6311380e-01
   3.4050000e-01   9.8238497e-02
   3.4060000e-01   4.0134642e-01
   3.4070000e-01   5.2727961e-01
   3.4080000e-01   3.0268309e-01
   3.4090000e-01   1.3590348e-01
   3.4100000e-01   7.0096776e-02
   3.4110000e-01   3.4398762e-01
   3.4120000e-01   1.5966830e+00
   3.4130000e-01   4.8790389e-01
   3.4140000e-01   3.7664415e-02
   3.4150000e-01   2.0956244e-01
   3.4160000e-01   4.5867019e-01
   3.4170000e-01   4.6021732e-02
   3.4180000e-01   5.6531784e-01
   3.4190000e-01   1.5040056e+00
   3.4200000e-01   6.8468676e-01
   3.4210000e-01   8.5587776e-01
   3.4220000e-01   7.5156625e-02
   3.4230000e-01   7.3553674e-01
   3.4240000e-01   2.2604042e-01
   3.4250000e-01   8.1142157e-01
   3.4260000e-01   3.2390885e-01
   3.4270000e-01   9.1163445e-01
   3.4280000e-01   2.1402263e-01
   3.4290000e-01   1.3147038e-01
   3.4300000e-01   1.2640190e+00
   3.4310000e-01   3.4825850e-01
   3.4320000e-01   2.8727810e+00
   3.4330000e-01   5.9499480e-01
   3.4340000e-01   1.4252419e-01
   3.4350000e-01   1.0916341e+00
   3.4360000e-01   1.9881982e-01
   3.4370000e-01   3.1271868e-01
   3.4380000e-01   2.7068481e+00
   3.4390000e-01   1.6633082e+00
   3.4400000e-01   2.1987612e-01
   3.4410000e-01   7.8367835e-01
   3.4420000e-01   3.7055397e-03
   3.4430000e-01   2.9008943e-01
   3.4440000e-01   1.6074136e-01
   3.4450000e-01   1.8754414e+00
   3.4460000e-01   6.5201342e-01
   3.4470000e-01   1.8933852e+00
   3.4480000e-01   5.4411617e-01
   3.4490000e-01   4.8810141e-01
   3.4500000e-01   1.9053444e+00
   3.4510000e-01   1.4210030e+00
   3.4520000e-01   1.2281011e+00
   3.4530000e-01   9.7546989e-01
   3.4540000e-01   1.7938958e-01
   3.4550000e-01   1.4359512e-01
   3.4560000e-01   4.9179697e-02
   3.4570000e-01   1.3912514e-01
   3.4580000e-01   7.3961460e-01
   3.4590000e-01   1.3240379e-01
   3.4600000e-01   5.1280458e-01
   3.4610000e-01   2.5757881e+00
   3.4620000e-01   3.8852834e-01
   3.4630000e-01   2.9217243e-02
   3.4640000e-01   5.4153932e-01
   3.4650000e-01   2.5493732e-01
   3.4660000e-01   6.0910063e-01
   3.4670000e-01   9.3215696e-03
   3.4680000e-01   1.6549662e+00
   3.4690000e-01   2.3279817e-01
   3.4700000e-01   7.7202671e-02
   3.4710000e-01   4.8602608e-02
   3.4720000e-01   1.8531018e-01
   3.4730000e-01   4.1268388e-01
   3.4740000e-01   7.7488884e-01
   3.4750000e-01   1.6496145e-01
   3.4760000e-01   5.5236349e-01
   3.4770000e-01   3.9413769e-01
   3.4780000e-01   1.2674156e+00
   3.4790000e-01   5.1298749e-01
   3.4800000e-01   2.2957134e+00
   3.4810000e-01   3.3299409e-01
   3.4820000e-01   5.0527454e-01
   3.4830000e-01   9.5130184e-01
   3.4840000e-01   2.7752571e-01
   3.4850000e-01   1.5870148e+00
   3.4860000e-01   1.7136279e+00
   3.4870000e-01   7.0252046e-01
   3.4880000e-01   6.8034582e-01
   3.4890000e-01   9.6692215e-01
   3.4900000e-01   8.1715667e-01
   3.4910000e-01   4.4785083e-01
   3.4920000e-01   3.0576286e-01
   3.4930000e-01   3.2325374e-02
   3.4940000e-01   4.5837002e-01
   3.4950000e-01   1.4940261e+00
   3.4960000e-01   2.5387943e-01
   3.4970000e-01   1.0360120e+00
   3.4980000e-01   2.0005337e-01
   3.4990000e-01   1.0946795e-01
   3.5000000e-01   1.9866658e-01
   3.5010000e-01   2.5293826e-01
   3.5020000e-01   7.0695151e-01
   3.5030000e-01   4.0027720e-01
   3.5040000e-01   1.9029539e+00
   3.5050000e-01   1.0429243e+00
   3.5060000e-01   4.1021298e-02
   3.5070000e-01   3.1231485e-01
   3.5080000e-01   2.0336212e+00
   3.5090000e-01   8.4644278e-01
   3.5100000e-01   1.0937862e-02
   3.5110000e-01   1.8116312e-01
   3.5120000e-01   4.4278118e-01
   3.5130000e-01   6.2021791e-01
   3.5140000e-01   8.0624354e-01
   3.5150000e-01   7.4958059e-01
   3.5160000e-01   5.0190182e-01
   3.5170000e-01   1.1844564e+00
   3.5180000e-01   5.2193637e-01
   3.5190000e-01   5.0671054e-01
   3.5200000e-01   6.7828757e-02
   3.5210000e-01   2.1967371e+00
   3.5220000e-01   9.7456285e-01
   3.5230000e-01   2.6297337e-01
   3.5240000e-01   1.2934437e+00
   3.5250000e-01   2.1372357e+00
   3.5260000e-01   1.1556252e-01
   3.5270000e-01   1.9520705e-01
   3.5280000e-01   1.3577788e-01
   3.5290000e-01   1.7958376e-01
   3.5300000e-01   8.8777715e-02
   3.5310000e-01   1.0347392e+00
   3.5320000e-01   1.6612983e+00
   3.5330000e-01   7.0128221e-01
   3.5340000e-01   8.3921357e-01
   3.5350000e-01   1.4806207e+00
   3.5360000e-01   1.4500034e-01
   3.5370000e-01   7.9547783e-01
   3.5380000e-01   9.2804907e-01
   3.5390000e-01   1.1275819e-01
   3.5400000e-01   4.5325845e-01
   3.5410000e-01   3.1065727e-01
   3.5420000e-01   1.4056351e+00
   3.5430000e-01   1.2297437e+00
   3.5440000e-01   6.9897640e-01
   3.5450000e-01   1.9700642e+00
   3.5460000e-01   3.4334867e-03
   3.5470000e-01   1.2431275e-01
   3.5480000e-01   4.5301635e-01
   3.5490000e-01   6.6268195e-01
   3.5500000e-01   6.7233428e-01
   3.5510000e-01   4.5666020e-01
   3.5520000e-01   3.5999083e-01
   3.5530000e-01   9.9240432e-01
   3.5540000e-01   6.8410499e-01
   3.5550000e-01   2.1920997e-02
   3.5560000e-01   1.1222600e+00
   3.5570000e-01   2.4332038e-01
   3.5580000e-01   5.0440629e-01
   3.5590000e-01   2.9126523e-01
   3.5600000e-01   9.5315670e-02
   3.5610000e-01   3.5600515e-01
   3.5620000e-01   1.5990826e+00
   3.5630000e-01   2.8807010e-01
   3.5640000e-01   1.7286083e+00
   3.5650000e-01   5.0373491e-01
   3.5660000e-01   5.1793596e-01
   3.5670000e-01   3.6918950e-01
   3.5680000e-01   2.2706557e-01
   3.5690000e-01   1.4218793e-02
   3.5700000e-01   4.0126671e-01
   3.5710000e-01   9.7348131e-01
   3.5720000e-01   2.1894049e-01
   3.5730000e-01   7.7080134e-02
   3.5740000e-01   2.4896690e+00
   3.5750000e-01   2.0549011e-01
   3.5760000e-01   2.5926093e-01
   3.5770000e-01   2.3683542e+00
   3.5780000e-01   7.1752345e-01
   3.5790000e-01   1.7347674e+00
   3.5800000e-01   1.0429049e+00
   3.5810000e-01   1.9331005e-01
   3.5820000e-01   1.6853335e-01
   3.5830000e-01   4.4512001e-01
   3.5840000e-01   5.0627455e-01
   3.5850000e-01   3.2879951e-01
   3.5860000e-01   2.2673600e-01
   3.5870000e-01   6.2018585e-01
   3.5880000e-01   2.3148261e+00
   3.5890000e-01   3.2150738e-01
   3.5900000e-01   5.0980258e-01
   3.5910000e-01   1.2686811e+00
   3.5920000e-01   9.2911204e-01
   3.5930000e-01   2.0412828e-01
   3.5940000e-01   1.6075504e-01
   3.5950000e-01   2.4860408e-01
   3.5960000e-01   9.0419047e-02
   3.5970000e-01   2.2168232e-01
   3.5980000e-01   2.6541928e+00
   3.5990000e-01   1.9495828e-01
   3.6000000e-01   6.1766928e-01
   3.6010000e-01   5.1703929e-01
   3.6020000e-01   2.2620628e+00
   3.6030000e-01   7.4367464e-01
   3.6040000e-01   3.0830328e-01
   3.6050000e-01   8.6067257e-01
   3.6060000e-01   3.4993237e-01
   3.6070000e-01   2.5310917e+00
   3.6080000e-01   4.3980602e-01
   3.6090000e-01   1.5678238e+00
   3.6100000e-01   1.4322477e+00
   3.6110000e-01   1.4277071e+00
   3.6120000e-01   9.0771578e-01
   3.6130000e-01   5.5788156e-01
   3.6140000e-01   6.4657154e-03
   3.6150000e-01   4.4865703e-01
   3.6160000e-01   2.1728332e+00
   3.6170000e-01   8.9045579e-02
   3.6180000e-01   1.7299216e+00
   3.6190000e-01   2.5681497e-01
   3.6200000e-01   7.5479672e-01
   3.6210000e-01   5.3360960e-01
   3.6220000e-01   1.3745154e+00
   3.6230000e-01   3.2269165e-01
   3.6240000e-01   5.2364666e-01
   3.6250000e-01   4.7151654e-02
   3.6260000e-01   1.3665775e+00
   3.6270000e-01   7.4111559e-03
   3.6280000e-01   1.6653238e-01
   3.6290000e-01   1.2032534e+00
   3.6300000e-01   7.1967348e-01
   3.6310000e-01   2.8548619e-01
   3.6320000e-01   1.0634538e+00
   3.6330000e-01   8.6950339e-01
   3.6340000e-01   7.5631744e-02
   3.6350000e-01   2.0663909e-01
   3.6360000e-01   2.0404588e+00
   3.6370000e-01   3.2072760e-01
   3.6380000e-01   8.5048843e-03
   3.6390000e-01   6.7642983e-01
   3.6400000e-01   2.4687373e+00
   3.6410000e-01   1.9640226e+00
   3.6420000e-01   3.2675897e-01
   3.6430000e-01   3.0649965e-01
   3.6440000e-01   9.7019849e-01
   3.6450000e-01   7.2830964e-01
   3.6460000e-01   1.5166710e-01
   3.6470000e-01   1.4437246e+00
   3.6480000e-01   1.2881793e-01
   3.6490000e-01   2.1124363e-01
   3.6500000e-01   1.7626087e+00
   3.6510000e-01   7.7455294e-01
   3.6520000e-01   1.2887697e-01
   3.6530000e-01   1.6888680e-01
   3.6540000e-01   4.2001687e-01
   3.6550000e-01   9.0780843e-01
   3.6560000e-01   1.7516902e-01
   3.6570000e-01   1.1487285e-01
   3.6580000e-01   4.1596472e-01
   3.6590000e-01   1.5490390e+00
   3.6600000e-01   1.4461332e-01
   3.6610000e-01   4.1392091e-02
   3.6620000e-01   3.7004042e-01
   3.6630000e-01   1.1843589e-01
   3.6640000e-01   6.1077453e-01
   3.6650000e-01   6.6061960e-01
   3.6660000e-01   1.2077877e+00
   3.6670000e-01   1.5334990e+00
   3.6680000e-01   2.6282516e-01
   3.6690000e-01   6.0890654e-01
   3.6700000e-01   3.2844816e-01
   3.6710000e-01   1.8202298e+00
   3.6720000e-01   1.4206349e-02
   3.6730000e-01   1.2436238e+00
   3.6740000e-01   2.1144165e-01
   3.6750000e-01   1.1983255e+00
   3.6760000e-01   1.0706047e-01
   3.6770000e-01   1.6497631e+00
   3.6780000e-01   2.0917856e-01
   3.6790000e-01   2.5733900e-01
   3.6800000e-01   1.3285538e-01
   3.6810000e-01   9.5903205e-01
   3.6820000e-01   1.6368078e-01
   3.6830000e-01   1.3448859e+00
   3.6840000e-01   2.0623415e-01
   3.6850000e-01   1.8675230e+00
   3.6860000e-01   3.6024620e-01
   3.6870000e-01   4.4817582e-02
   3.6880000e-01   1.4486271e-01
   3.6890000e-01   4.3534745e-01
   3.6900000e-01   3.0645878e-01
   3.6910000e-01   4.1177070e-01
   3.6920000e-01   1.9014847e-01
   3.6930000e-01   1.4769532e+00
   3.6940000e-01   1.9718810e+00
   3.6950000e-01   7.1524536e-02
   3.6960000e-01   3.1871629e-01
   3.6970000e-01   9.0755302e-01
   3.6980000e-01   6.1139238e-01
   3.6990000e-01   2.1595761e-01
   3.7000000e-01   5.1402250e-01
   3.7010000e-01   5.5957093e-01
   3.7020000e-01   2.9869878e-02
   3.7030000e-01   2.9835011e-01
   3.7040000e-01   6.4177998e-01
   3.7050000e-01   1.5777062e+00
   3.7060000e-01   2.7638353e-01
   3.7070000e-01   6.6072575e-02
   3.7080000e-01   9.0092475e-02
   3.7090000e-01   1.2393574e+00
   3.7100000e-01   1.3643893e+00
   3.7110000e-01   6.1918599e-01
   3.7120000e-01   1.3517570e-01
   3.7130000e-01   2.2244995e-01
   3.7140000e-01   4.4971925e-01
   3.7150000e-01   2.4850729e+00
   3.7160000e-01   2.5480932e-01
   3.7170000e-01   1.2243566e+00
   3.7180000e-01   1.5593230e+00
   3.7190000e-01   1.3860168e+00
   3.7200000e-01   2.3336800e-01
   3.7210000e-01   4.1426647e-01
   3.7220000e-01   6.3539124e-01
   3.7230000e-01   3.1673644e-01
   3.7240000e-01   5.8183395e-01
   3.7250000e-01   1.0677494e+00
   3.7260000e-01   1.3574753e+00
   3.7270000e-01   1.9030304e+00
   3.7280000e-01   8.3778034e-01
   3.7290000e-01   1.7689839e+00
   3.7300000e-01   3.9882031e-01
   3.7310000e-01   3.8526621e-02
   3.7320000e-01   5.6174295e-02
   3.7330000e-01   2.9518750e-01
   3.7340000e-01   1.1072220e+00
   3.7350000e-01   1.7905900e+00
   3.7360000e-01   1.1121852e-01
   3.7370000e-01   6.8060677e-01
   3.7380000e-01   6.4785398e-01
   3.7390000e-01   1.0787491e+00
   3.7400000e-01   1.1858937e+00
   3.7410000e-01   4.6063021e-01
   3.7420000e-01   1.6133364e-01
   3.7430000e-01   4.5576318e-01
   3.7440000e-01   1.1340809e+00
   3.7450000e-01   6.6222266e-02
   3.7460000e-01   2.7937815e-01
   3.7470000e-01   1.5945370e+00
   3.7480000e-01   8.9414955e-01
   3.7490000e-01   1.1100330e+00
   3.7500000e-01   4.5726433e-02
   3.7510000e-01   1.7741048e+00
   3.7520000e-01   2.0869424e+00
   3.7530000e-01   2.1549484e-01
   3.7540000e-01   7.5582504e-01
   3.7550000e-01   2.0060360e-01
   3.7560000e-01   1.5896910e+00
   3.7570000e-01   4.4616677e-01
   3.7580000e-01   8.3398508e-01
   3.7590000e-01   7.7339381e-02
   3.7600000e-01   1.7389415e-01
   3.7610000e-01   9.1080273e-02
   3.7620000e-01   2.9340133e-01
   3.7630000e-01   4.9108798e-01
   3.7640000e-01   6.7381348e-01
   3.7650000e-01   6.5405879e-01
   3.7660000e-01   6.1944624e-01
   3.7670000e-01   6.9863091e-01
   3.7680000e-01   1.0158311e-01
   3.7690000e-01   1.2871615e+00
   3.7700000e-01   7.8028723e-01
   3.7710000e-01   1.2352202e+00
   3.7720000e-01   5.4662687e-01
   3.7730000e-01   1.6886568e+00
   3.7740000e-01   9.2025262e-03
   3.7750000e-01   1.5416310e-01
   3.7760000e-01   3.9425663e-01
   3.7770000e-01   9.7790504e-01
   3.7780000e-01   1.3084462e-02
   3.7790000e-01   3.0397475e-01
   3.7800000e-01   1.6461128e-01
   3.7810000e-01   3.2696226e-01
   3.7820000e-01   6.5150891e-01
   3.7830000e-01   1.8877511e-01
   3.7840000e-01   2.4034236e-01
   3.7850000e-01   7.9226220e-01
   3.7860000e-01   9.9275083e-01
   3.7870000e-01   6.8465563e-02
   3.7880000e-01   1.1029483e+00
   3.7890000e-01   3.3537794e-02
   3.7900000e-01   8.4345700e-01
   3.7910000e-01   1.5554857e+00
   3.7920000e-01   3.6303558e-02
   3.7930000e-01   7.2821634e-01
   3.7940000e-01   2.2273748e-01
   3.7950000e-01   5.1893112e-01
   3.7960000e-01   2.9064555e-02
   3.7970000e-01   2.1560737e+00
   3.7980000e-01   3.6127775e-01
   3.7990000e-01   2.3634506e-01
   3.8000000e-01   4.1752920e-01
   3.8010000e-01   2.9022779e+00
   3.8020000e-01   2.1938983e-01
   3.8030000e-01   3.3907872e-01
   3.8040000e-01   3.4644747e-01
   3.8050000e-01   6.0054259e-01
   3.8060000e-01   1.3416103e+00
   3.8070000e-01   9.9445113e-02
   3.8080000e-01   2.3029124e-01
   3.8090000e-01   2.5111940e-01
   3.8100000e-01   9.2435793e-01
   3.8110000e-01   5.2843232e-02
   3.8120000e-01   5.9444404e-02
   3.8130000e-01   2.2788004e-01
   3.8140000e-01   3.5087010e-02
   3.8150000e-01   6.1457115e-01
   3.8160000e-01   1.5149852e-01
   3.8170000e-01   1.1646390e+00
   3.8180000e-01   5.6727507e-01
   3.8190000e-01   6.2640797e-01
   3.8200000e-01   3.7557904e-01
   3.8210000e-01   3.0038872e-01
   3.8220000e-01   7.3137738e-01
   3.8230000e-01   1.0118266e+00
   3.8240000e-01   9.2453362e-01
   3.8250000e-01   9.9618204e-02
   3.8260000e-01   2.8738803e-02
   3.8270000e-01   3.1989061e-02
   3.8280000e-01   1.5790784e+00
   3.8290000e-01   3.0980081e-02
   3.8300000e-01   7.9532188e-02
   3.8310000e-01   1.1334455e-01
   3.8320000e-01   2.5496634e+00
   3.8330000e-01   7.1082125e-01
   3.8340000e-01   2.7725791e-01
   3.8350000e-01   1.2924672e+00
   3.8360000e-01   5.6344288e-01
   3.8370000e-01   5.2803681e-01
   3.8380000e-01   6.2613822e-01
   3.8390000e-01   3.8408621e-01
   3.8400000e-01   1.4879991e+00
   3.8410000e-01   2.2944837e-01
   3.8420000e-01   3.7049099e-01
   3.8430000e-01   6.6434339e-01
   3.8440000e-01   5.5324357e-01
   3.8450000e-01   1.7208801e-02
   3.8460000e-01   8.5678246e-01
   3.8470000e-01   1.4878065e+00
   3.8480000e-01   1.5219838e+00
   3.8490000e-01   8.0848483e-01
   3.8500000e-01   6.5524931e-01
   3.8510000e-01   7.7587816e-01
   3.8520000e-01   5.8651695e-01
   3.8530000e-01   4.9209346e-01
   3.8540000e-01   1.8992266e+00
   3.8550000e-01   5.4280732e-01
   3.8560000e-01   6.9207332e-01
   3.8570000e-01   2.6605767e+00
   3.8580000e-01   3.3737195e-01
   3.8590000e-01   2.5312747e-01
   3.8600000e-01   2.7580924e-02
   3.8610000e-01   4.1006585e-03
   3.8620000e-01   2.2887394e-01
   3.8630000e-01   4.5623861e-01
   3.8640000e-01   4.6780586e-01
   3.8650000e-01   8.3936878e-01
   3.8660000e-01   8.2339897e-01
   3.8670000e-01   3.8136821e-01
   3.8680000e-01   1.0152586e-01
   3.8690000e-01   1.1821859e+00
   3.8700000e-01   1.3729725e+00
   3.8710000e-01   2.8179648e-01
   3.8720000e-01   9.6537777e-01
   3.8730000e-01   6.7672355e-01
   3.8740000e-01   5.6623355e-02
   3.8750000e-01   6.1954142e-01
   3.8760000e-01   5.9915813e-01
   3.8770000e-01   3.2972467e-01
   3.8780000e-01   2.6681036e-01
   3.8790000e-01   1.1436383e-01
   3.8800000e-01   2.7379594e-01
   3.8810000e-01   2.1188416e+00
   3.8820000e-01   1.0935764e+00
   3.8830000e-01   1.6013392e+00
   3.8840000e-01   3.3580229e-01
   3.8850000e-01   5.6759084e-01
   3.8860000e-01   2.0250057e-01
   3.8870000e-01   7.0908965e-01
   3.8880000e-01   9.4896673e-01
   3.8890000e-01   1.0768559e-01
   3.8900000e-01   7.7080981e-01
   3.8910000e-01   2.7368810e-02
   3.8920000e-01   2.0673045e-01
   3.8930000e-01   1.2918513e+00
   3.8940000e-01   1.3493278e+00
   3.8950000e-01   1.2492152e+00
   3.8960000e-01   2.8964320e-01
   3.8970000e-01   4.7810893e-02
   3.8980000e-01   5.2371156e-01
   3.8990000e-01   1.1348017e+00
   3.9000000e-01   2.0587501e-01
   3.9010000e-01   1.9204574e-02
   3.9020000e-01   1.1101976e+00
   3.9030000e-01   4.1857969e-01
   3.9040000e-01   7.8416506e-01
   3.9050000e-01   2.8677106e-01
   3.9060000e-01   3.3248004e-01
   3.9070000e-01   2.2992804e-01
   3.9080000e-01   3.0161810e-01
   3.9090000e-01   2.6696784e+00
   3.9100000e-01   1.1200072e+00
   3.9110000e-01   2.4243700e+00
   3.9120000e-01   5.3511536e-01
   3.9130000e-01   1.3107640e-01
   3.9140000e-01   8.0695144e-01
   3.9150000e-01   4.6132056e-01
   3.9160000e-01   8.3285759e-02
   3.9170000e-01   9.3044796e-02
   3.9180000e-01   9.1632205e-01
   3.9190000e-01   3.1008731e-02
   3.9200000e-01   1.3678135e-01
   3.9210000e-01   1.5215056e+00
   3.9220000e-01   9.9709015e-01
   3.9230000e-01   3.2762596e-01
   3.9240000e-01   2.0821076e-01
   3.9250000e-01   5.3778090e-01
   3.9260000e-01   1.0718421e-01
   3.9270000e-01   5.8402366e-01
   3.9280000e-01   4.5138277e-01
   3.9290000e-01   1.8542546e-01
   3.9300000e-01   2.2414862e-01
   3.9310000e-01   5.3817062e-01
   3.9320000e-01   1.8979581e-01
   3.9330000e-01   5.6619542e-01
   3.9340000e-01   1.1134221e+00
   3.9350000e-01   1.4393923e+00
   3.9360000e-01   6.1553159e-01
   3.9370000e-01   2.3281579e+00
   3.9380000e-01   4.8359971e-01
   3.9390000e-01   6.2089472e-01
   3.9400000e-01   2.0897466e-01
   3.9410000e-01   9.8038546e-01
   3.9420000e-01   7.6305799e-01
   3.9430000e-01   8.6798852e-01
   3.9440000e-01   1.2638798e-01
   3.9450000e-01   3.9998493e-01
   3.9460000e-01   8.6016452e-02
   3.9470000e-01   1.3407405e-01
   3.9480000e-01   9.1311793e-01
   3.9490000e-01   1.0293281e-01
   3.9500000e-01   1.2455839e+00
   3.9510000e-01   1.4715892e+00
   3.9520000e-01   1.6330923e-01
   3.9530000e-01   2.2489064e+00
   3.9540000e-01   1.3915787e-01
   3.9550000e-01   4.5697764e-01
   3.9560000e-01   4.6233442e-01
   3.9570000e-01   2.5197991e-01
   3.9580000e-01   7.5123710e-01
   3.9590000e-01   1.6752710e+00
   3.9600000e-01   4.3232155e-01
   3.9610000e-01   2.8059378e+00
   3.9620000e-01   1.2940924e+00
   3.9630000e-01   1.8473420e-01
   3.9640000e-01   1.5901275e-01
   3.9650000e-01   1.3756302e-01
   3.9660000e-01   5.8580906e-02
   3.9670000e-01   1.4462074e+00
   3.9680000e-01   3.7087702e-01
   3.9690000e-01   1.0289840e+00
   3.9700000e-01   6.0435739e-01
   3.9710000e-01   6.0685778e-01
   3.9720000e-01   1.0851862e+00
   3.9730000e-01   4.2065569e-01
   3.9740000e-01   6.1264177e-01
   3.9750000e-01   7.5149949e-01
   3.9760000e-01   4.0911479e-01
   3.9770000e-01   1.0867394e-01
   3.9780000e-01   2.2318795e-01
   3.9790000e-01   1.6614771e-01
   3.9800000e-01   1.7089669e-02
   3.9810000e-01   3.2527937e-02
   3.9820000e-01   3.7781642e-01
   3.9830000e-01   7.3964272e-01
   3.9840000e-01   8.6904405e-01
   3.9850000e-01   1.1719924e+00
   3.9860000e-01   1.1800701e+00
   3.9870000e-01   1.3973690e-01
   3.9880000e-01   4.6695208e-02
   3.9890000e-01   7.4269349e-02
   3.9900000e-01   7.5277245e-04
   3.9910000e-01   1.0214941e+00
   3.9920000e-01   4.1985446e-01
   3.9930000e-01   7.7491614e-01
   3.9940000e-01   1.5429909e-01
   3.9950000e-01   4.9644738e-01
   3.9960000e-01   3.8294655e-01
   3.9970000e-01   2.3778291e-01
   3.9980000e-01   1.8224985e+00
   3.9990000e-01   2.0433408e-02
   4.0000000e-01   7.3237601e-01
   4.0010000e-01   8.0833944e-01
   4.0020000e-01   7.7328491e-01
   4.0030000e-01   1.8223783e+00
   4.0040000e-01   5.1986845e-01
   4.0050000e-01   3.5025031e-01
   4.0060000e-01   2.5013077e-01
   4.0070000e-01   1.7078019e-01
   4.0080000e-01   2.9595576e+00
   4.0090000e-01   2.3243448e-01
   4.0100000e-01   1.8519358e+00
   4.0110000e-01   4.7609130e-01
   4.0120000e-01   1.5368241e+00
   4.0130000e-01   5.5753494e-01
   4.0140000e-01   4.6625817e-02
   4.0150000e-01   6.2747794e-01
   4.0160000e-01   1.1990298e+00
   4.0170000e-01   1.3084681e-01
   4.0180000e-01   6.1685069e-01
   4.0190000e-01   3.8537455e-01
   4.0200000e-01   9.1153723e-02
   4.0210000e-01   1.4484183e-01
   4.0220000e-01   2.9062821e-01
   4.0230000e-01   1.5238112e-01
   4.0240000e-01   2.3400055e-02
   4.0250000e-01   4.4587966e-01
   4.0260000e-01   3.8032928e-01
   4.0270000e-01   1.0468015e+00
   4.0280000e-01   1.3547749e+00
   4.0290000e-01   4.8211736e-01
   4.0300000e-01   2.7229994e-01
   4.0310000e-01   1.2112792e+00
   4.0320000e-01   4.1686674e-01
   4.0330000e-01   5.3182169e-01
   4.0340000e-01   3.9363651e-02
   4.0350000e-01   4.9328492e-01
   4.0360000e-01   3.1079006e+00
   4.0370000e-01   4.5627493e-01
   4.0380000e-01   9.2268477e-02
   4.0390000e-01   1.1796228e-01
   4.0400000e-01   6.2227837e-01
   4.0410000e-01   8.9476666e-01
   4.0420000e-01   2.0703436e-01
   4.0430000e-01   1.0011845e+00
   4.0440000e-01   7.2260748e-01
   4.0450000e-01   4.3897425e-02
   4.0460000e-01   2.8644074e-01
   4.0470000e-01   4.5574164e-02
   4.0480000e-01   1.3568910e-01
   4.0490000e-01   4.4352074e-02
   4.0500000e-01   7.7741638e-02
   4.0510000e-01   5.5519147e-01
   4.0520000e-01   6.2120377e-02
   4.0530000e-01   3.1536879e-01
   4.0540000e-01   3.6853549e-01
   4.0550000e-01   8.2451863e-02
   4.0560000e-01   5.2429240e-01
   4.0570000e-01   2.8211326e+00
   4.0580000e-01   6.4762611e-01
   4.0590000e-01   3.8635730e-01
   4.0600000e-01   2.3469051e-01
   4.0610000e-01   2.4506458e-01
   4.0620000e-01   3.1746499e-01
   4.0630000e-01   1.6928626e-01
   4.0640000e-01   1.1867492e+00
   4.0650000e-01   5.1934011e-01
   4.0660000e-01   5.9184603e-01
   4.0670000e-01   4.1457126e-01
   4.0680000e-01   2.8267712e-01
   4.0690000e-01   4.8594226e-01
   4.0700000e-01   9.9578109e-01
   4.0710000e-01   2.0408166e-02
   4.0720000e-01   2.3941386e-01
   4.0730000e-01   7.3421074e-01
   4.0740000e-01   1.8394799e+00
   4.0750000e-01   8.2404061e-04
   4.0760000e-01   8.1078867e-01
   4.0770000e-01   6.0480899e-02
   4.0780000e-01   2.0556849e+00
   4.0790000e-01   1.0625176e-01
   4.0800000e-01   9.7528942e-01
   4.0810000e-01   3.3665367e-02
   4.0820000e-01   1.7681529e-01
   4.0830000e-01   4.4190321e-01
   4.0840000e-01   4.4540466e-01
   4.0850000e-01   3.2805165e-01
   4.0860000e-01   1.3231432e+00
   4.0870000e-01   2.6910738e+00
   4.0880000e-01   1.7805142e-02
   4.0890000e-01   3.8698555e-02
   4.0900000e-01   1.4175678e-01
   4.0910000e-01   9.2495759e-01
   4.0920000e-01   4.8062125e-01
   4.0930000e-01   1.2219548e-01
   4.0940000e-01   7.6380725e-01
   4.0950000e-01   3.6985440e-01
   4.0960000e-01   3.9388414e-01
   4.0970000e-01   1.1080218e+00
   4.0980000e-01   3.7086190e-01
   4.0990000e-01   4.4013338e-01
   4.1000000e-01   2.9323193e-01
   4.1010000e-01   3.1267651e-01
   4.1020000e-01   7.9735183e-01
   4.1030000e-01   6.8482300e-01
   4.1040000e-01   2.4632182e-01
   4.1050000e-01   9.7351144e-02
   4.1060000e-01   1.0423620e+00
   4.1070000e-01   1.3172921e-01
   4.1080000e-01   3.6382270e-01
   4.1090000e-01   1.0550894e-01
   4.1100000e-01   2.4337342e-02
   4.1110000e-01   4.1265617e-01
   4.1120000e-01   4.4399822e-01
   4.1130000e-01   4.1611354e-01
   4.1140000e-01   1.4254895e-01
   4.1150000e-01   1.5162936e+00
   4.1160000e-01   2.6424612e-01
   4.1170000e-01   1.9454759e-01
   4.1180000e-01   3.9503422e-01
   4.1190000e-01   9.2015685e-01
   4.1200000e-01   5.7777066e-01
   4.1210000e-01   2.1931728e+00
   4.1220000e-01   7.9574962e-02
   4.1230000e-01   5.0439056e-01
   4.1240000e-01   1.3526335e-01
   4.1250000e-01   3.0000891e-01
   4.1260000e-01   2.2752670e-01
   4.1270000e-01   1.3062923e+00
   4.1280000e-01   7.2645087e-01
   4.1290000e-01   5.4589823e-02
   4.1300000e-01   1.8448596e+00
   4.1310000e-01   4.2677928e-01
   4.1320000e-01   7.6640058e-01
   4.1330000e-01   1.7789905e-01
   4.1340000e-01   2.5229064e-01
   4.1350000e-01   7.8251586e-01
   4.1360000e-01   6.5541748e-01
   4.1370000e-01   5.6858055e-01
   4.1380000e-01   4.4839794e-01
   4.1390000e-01   6.6952045e-01
   4.1400000e-01   2.8396770e+00
   4.1410000e-01   4.7688542e-01
   4.1420000e-01   7.4113244e-01
   4.1430000e-01   7.5483817e-02
   4.1440000e-01   1.4858016e+00
   4.1450000e-01   6.3156188e-01
   4.1460000e-01   5.1118177e-01
   4.1470000e-01   1.6035692e-01
   4.1480000e-01   4.5923839e-01
   4.1490000e-01   1.3362701e-01
   4.1500000e-01   8.1091923e-01
   4.1510000e-01   2.7142164e+00
   4.1520000e-01   1.9448318e-01
   4.1530000e-01   1.3630067e-01
   4.1540000e-01   9.4593709e-01
   4.1550000e-01   3.9694496e-02
   4.1560000e-01   5.1454239e-01
   4.1570000e-01   1.6370572e+00
   4.1580000e-01   1.4927526e-01
   4.1590000e-01   5.1761523e-01
   4.1600000e-01   1.3673095e+00
   4.1610000e-01   8.5812277e-01
   4.1620000e-01   5.6848052e-01
   4.1630000e-01   4.5972094e-01
   4.1640000e-01   9.2430985e-01
   4.1650000e-01   1.0520075e+00
   4.1660000e-01   1.5531169e-01
   4.1670000e-01   1.8288285e+00
   4.1680000e-01   5.3805565e-01
   4.1690000e-01   4.9417747e-01
   4.1700000e-01   1.0090723e+00
   4.1710000e-01   1.2610513e+00
   4.1720000e-01   1.7259493e-03
   4.1730000e-01   1.1005506e+00
   4.1740000e-01   8.1412873e-01
   4.1750000e-01   4.9510905e-01
   4.1760000e-01   1.5554367e-01
   4.1770000e-01   1.4713676e-01
   4.1780000e-01   6.1123512e-01
   4.1790000e-01   8.3327327e-01
   4.1800000e-01   1.8289115e+00
   4.1810000e-01   2.0597163e-01
   4.1820000e-01   4.7677959e-02
   4.1830000e-01   3.8681232e-01
   4.1840000e-01   3.3101425e-02
   4.1850000e-01   1.7022444e-01
   4.1860000e-01   4.3781973e-01
   4.1870000e-01   1.4728741e+00
   4.1880000e-01   5.8740502e-01
   4.1890000e-01   1.9264946e+00
   4.1900000e-01   1.0537490e+00
   4.1910000e-01   4.7805609e-02
   4.1920000e-01   5.4689827e-01
   4.1930000e-01   7.9891695e-01
   4.1940000e-01   7.4416221e-01
   4.1950000e-01   3.1529898e-01
   4.1960000e-01   4.7684856e-01
   4.1970000e-01   1.7086042e+00
   4.1980000e-01   1.1200155e-01
   4.1990000e-01   1.7056817e-01
   4.2000000e-01   1.2113801e+00
   4.2010000e-01   4.0309547e-03
   4.2020000e-01   9.3778664e-01
   4.2030000e-01   1.4868534e+00
   4.2040000e-01   2.7134476e-01
   4.2050000e-01   8.9827563e-01
   4.2060000e-01   3.5727521e-01
   4.2070000e-01   5.3873026e-02
   4.2080000e-01   6.5198284e-01
   4.2090000e-01   1.6767185e-01
   4.2100000e-01   1.7136416e+00
   4.2110000e-01   2.4499487e-01
   4.2120000e-01   5.3556542e-01
   4.2130000e-01   2.7676090e-01
   4.2140000e-01   6.0718126e-01
   4.2150000e-01   1.8947419e-01
   4.2160000e-01   8.8397083e-01
   4.2170000e-01   8.9684051e-01
   4.2180000e-01   1.7251437e-01
   4.2190000e-01   7.2096222e-02
   4.2200000e-01   1.1878779e+00
   4.2210000e-01   2.3414360e+00
   4.2220000e-01   2.4328962e+00
   4.2230000e-01   5.7070955e-01
   4.2240000e-01   6.2009210e-01
   4.2250000e-01   1.1153559e-01
   4.2260000e-01   2.1751842e-01
   4.2270000e-01   4.6211339e-01
   4.2280000e-01   5.7011715e-01
   4.2290000e-01   7.0479938e-02
   4.2300000e-01   8.7899657e-01
   4.2310000e-01   1.0242293e-01
   4.2320000e-01   7.5410045e-02
   4.2330000e-01   1.4930070e-01
   4.2340000e-01   2.1044875e-01
   4.2350000e-01   1.1252516e-01
   4.2360000e-01   7.8653891e-01
   4.2370000e-01   5.7092766e-01
   4.2380000e-01   7.9194313e-01
   4.2390000e-01   6.4106313e-02
   4.2400000e-01   1.0081399e+00
   4.2410000e-01   6.9605652e-01
   4.2420000e-01   2.7303877e-01
   4.2430000e-01   2.3596305e-01
   4.2440000e-01   3.1641504e-01
   4.2450000e-01   6.2975124e-01
   4.2460000e-01   1.5213376e+00
   4.2470000e-01   1.9846651e-01
   4.2480000e-01   8.3139663e-01
   4.2490000e-01   1.2902622e-01
   4.2500000e-01   6.5503131e-01
   4.2510000e-01   1.1724513e+00
   4.2520000e-01   2.3571083e-01
   4.2530000e-01   7.0203945e-02
   4.2540000e-01   3.5686716e-01
   4.2550000e-01   5.0730374e-01
   4.2560000e-01   1.2310609e-01
   4.2570000e-01   1.0327017e-03
   4.2580000e-01   7.4098290e-02
   4.2590000e-01   2.0809908e-01
   4.2600000e-01   5.2949370e-01
   4.2610000e-01   7.3717654e-01
   4.2620000e-01   6.1631178e-02
   4.2630000e-01   4.3398318e-01
   4.2640000e-01   3.8143055e-02
   4.2650000e-01   4.0388045e-01
   4.2660000e-01   1.5155249e+00
   4.2670000e-01   5.5416798e-01
   4.2680000e-01   5.6237887e-01
   4.2690000e-01   1.0671460e+00
   4.2700000e-01   2.0058927e-01
   4.2710000e-01   1.7178606e-01
   4.2720000e-01   1.9629090e-03
   4.2730000e-01   1.9159186e+00
   4.2740000e-01   4.0090844e-01
   4.2750000e-01   1.6575146e-01
   4.2760000e-01   3.1405935e-02
   4.2770000e-01   2.0012607e+00
   4.2780000e-01   1.0257900e+00
   4.2790000e-01   1.8479582e-01
   4.2800000e-01   4.9690727e-01
   4.2810000e-01   1.9190928e-01
   4.2820000e-01   3.1889491e-01
   4.2830000e-01   5.8678774e-02
   4.2840000e-01   7.4994351e-02
   4.2850000e-01   3.1141940e-01
   4.2860000e-01   5.6139745e-01
   4.2870000e-01   3.9006116e-02
   4.2880000e-01   2.5228138e-01
   4.2890000e-01   1.2161537e+00
   4.2900000e-01   1.3896512e-01
   4.2910000e-01   4.0081319e-01
   4.2920000e-01   6.5937828e-02
   4.2930000e-01   6.4771001e-01
   4.2940000e-01   1.7015001e-01
   4.2950000e-01   8.0940616e-01
   4.2960000e-01   1.0375652e+00
   4.2970000e-01   2.9929439e-01
   4.2980000e-01   2.1977046e-01
   4.2990000e-01   2.6026597e-02
   4.3000000e-01   6.5005485e-01
   4.3010000e-01   1.7094540e-01
   4.3020000e-01   1.7003547e-01
   4.3030000e-01   6.1190827e-02
   4.3040000e-01   9.9851483e-02
   4.3050000e-01   4.4628540e-01
   4.3060000e-01   7.5048610e-01
   4.3070000e-01   9.9213133e-01
   4.3080000e-01   1.9466216e-01
   4.3090000e-01   4.6174512e-01
   4.3100000e-01   1.9922104e-01
   4.3110000e-01   1.9947737e-02
   4.3120000e-01   9.9294180e-02
   4.3130000e-01   1.4454425e+00
   4.3140000e-01   5.6351367e-01
   4.3150000e-01   3.4409290e-01
   4.3160000e-01   5.3892731e-01
   4.3170000e-01   1.5353334e-03
   4.3180000e-01   5.2881852e-01
   4.3190000e-01   3.2219392e-01
   4.3200000e-01   3.7299019e-01
   4.3210000e-01   7.6542806e-01
   4.3220000e-01   2.0707593e-01
   4.3230000e-01   1.1208295e-01
   4.3240000e-01   1.3537096e+00
   4.3250000e-01   5.6354312e-01
   4.3260000e-01   1.3762411e+00
   4.3270000e-01   3.8345510e-02
   4.3280000e-01   6.0861506e-01
   4.3290000e-01   7.6808847e-03
   4.3300000e-01   3.3501148e-01
   4.3310000e-01   3.6899863e-01
   4.3320000e-01   1.4093978e-01
   4.3330000e-01   5.5595403e-01
   4.3340000e-01   4.5600767e-02
   4.3350000e-01   3.2938655e-01
   4.3360000e-01   1.9444773e-01
   4.3370000e-01   5.8756226e-02
   4.3380000e-01   5.3895378e-01
   4.3390000e-01   1.6268411e+00
   4.3400000e-01   1.3599153e-01
   4.3410000e-01   1.4501187e-01
   4.3420000e-01   4.2804432e-01
   4.3430000e-01   5.3896961e-02
   4.3440000e-01   4.9786453e-01
   4.3450000e-01   2.5015502e-01
   4.3460000e-01   4.7519905e-01
   4.3470000e-01   6.5736961e-01
   4.3480000e-01   1.1884080e-02
   4.3490000e-01   2.7744668e-01
   4.3500000e-01   1.6361524e+00
   4.3510000e-01   2.9789367e-01
   4.3520000e-01   2.2376193e-01
   4.3530000e-01   1.3452652e+00
   4.3540000e-01   4.8806165e-01
   4.3550000e-01   4.0198408e-01
   4.3560000e-01   2.9431797e-01
   4.3570000e-01   1.6455051e+00
   4.3580000e-01   3.7854284e-01
   4.3590000e-01   3.1711480e-01
   4.3600000e-01   9.6678171e-01
   4.3610000e-01   7.4243989e-02
   4.3620000e-01   8.6662156e-01
   4.3630000e-01   1.0130505e-01
   4.3640000e-01   2.5426368e-01
   4.3650000e-01   1.1490767e+00
   4.3660000e-01   4.0918549e-01
   4.3670000e-01   2.2832497e-01
   4.3680000e-01   2.6877101e-01
   4.3690000e-01   1.2955952e+00
   4.3700000e-01   1.7402672e-02
   4.3710000e-01   1.5852278e+00
   4.3720000e-01   1.8828097e-01
   4.3730000e-01   8.4034789e-01
   4.3740000e-01   2.4386146e-02
   4.3750000e-01   4.8846213e-01
   4.3760000e-01   2.8549512e-01
   4.3770000e-01   7.5646079e-01
   4.3780000e-01   1.3039010e-01
   4.3790000e-01   9.4706061e-02
   4.3800000e-01   3.0446643e-01
   4.3810000e-01   6.0328395e-01
   4.3820000e-01   5.7510246e-01
   4.3830000e-01   2.0813940e-01
   4.3840000e-01   1.4219403e-01
   4.3850000e-01   1.2578797e-01
   4.3860000e-01   3.0275353e-01
   4.3870000e-01   1.3773768e+00
   4.3880000e-01   4.4617084e-01
   4.3890000e-01   3.0505829e-01
   4.3900000e-01   1.9091795e+00
   4.3910000e-01   3.2248075e-01
   4.3920000e-01   1.2608293e+00
   4.3930000e-01   5.7215047e-01
   4.3940000e-01   1.3120225e+00
   4.3950000e-01   2.6565523e-01
   4.3960000e-01   1.2519227e+00
   4.3970000e-01   1.7168241e+00
   4.3980000e-01   9.3752129e-01
   4.3990000e-01   1.5463950e-01
   4.4000000e-01   4.5926746e-02
   4.4010000e-01   2.2263103e+00
   4.4020000e-01   7.6363356e-01
   4.4030000e-01   5.0938169e-01
   4.4040000e-01   3.7373692e-01
   4.4050000e-01   3.0018197e-01
   4.4060000e-01   8.8038293e-03
   4.4070000e-01   5.5682327e-01
   4.4080000e-01   6.1812920e-01
   4.4090000e-01   6.6237823e-01
   4.4100000e-01   2.3128634e-01
   4.4110000e-01   3.2871080e-01
   4.4120000e-01   1.0603148e+00
   4.4130000e-01   9.2020142e-01
   4.4140000e-01   1.5713368e-02
   4.4150000e-01   1.7871556e-01
   4.4160000e-01   3.2602960e-02
   4.4170000e-01   1.6051380e-01
   4.4180000e-01   4.2309469e-01
   4.4190000e-01   1.2453798e-01
   4.4200000e-01   2.6909358e-01
   4.4210000e-01   7.2959897e-02
   4.4220000e-01   1.9450824e+00
   4.4230000e-01   9.9489253e-01
   4.4240000e-01   4.1269317e-02
   4.4250000e-01   6.0125848e-01
   4.4260000e-01   1.1772971e+00
   4.4270000e-01   2.7462309e-01
   4.4280000e-01   1.0058229e-01
   4.4290000e-01   5.3595190e-01
   4.4300000e-01   5.4947318e-02
   4.4310000e-01   4.4240849e-01
   4.4320000e-01   1.0836077e+00
   4.4330000e-01   4.8598947e-02
   4.4340000e-01   4.5542030e-01
   4.4350000e-01   5.1411132e-01
   4.4360000e-01   4.1289590e-01
   4.4370000e-01   1.6121564e+00
   4.4380000e-01   1.1711482e-02
   4.4390000e-01   1.6408795e+00
   4.4400000e-01   6.8044307e-01
   4.4410000e-01   1.1658303e+00
   4.4420000e-01   8.8999296e-01
   4.4430000e-01   1.7532175e-01
   4.4440000e-01   3.8658249e-01
   4.4450000e-01   4.5066454e-02
   4.4460000e-01   6.6930636e-01
   4.4470000e-01   1.0079524e+00
   4.4480000e-01   1.0024878e+00
   4.4490000e-01   1.0924569e+00
   4.4500000e-01   2.9016235e+00
   4.4510000e-01   7.2884522e-02
   4.4520000e-01   2.8036219e-01
   4.4530000e-01   1.6067371e+00
   4.4540000e-01   1.0347190e+00
   4.4550000e-01   6.9707200e-03
   4.4560000e-01   3.0041339e-01
   4.4570000e-01   5.1982359e-01
   4.4580000e-01   4.0676911e-01
   4.4590000e-01   1.5565791e-01
   4.4600000e-01   4.5087793e-01
   4.4610000e-01   4.9827293e-01
   4.4620000e-01   3.9081325e-03
   4.4630000e-01   9.6814106e-02
   4.4640000e-01   5.8174978e-01
   4.4650000e-01   1.5171812e-01
   4.4660000e-01   7.3409361e-01
   4.4670000e-01   9.0582218e-01
   4.4680000e-01   1.8834649e-01
   4.4690000e-01   1.7072032e-01
   4.4700000e-01   7.6167394e-01
   4.4710000e-01   1.5793794e+00
   4.4720000e-01   4.1241124e-01
   4.4730000e-01   8.2751352e-01
   4.4740000e-01   1.7679801e+00
   4.4750000e-01   6.0868567e-01
   4.4760000e-01   1.3226018e+00
   4.4770000e-01   1.0896154e+00
   4.4780000e-01   1.7355504e+00
   4.4790000e-01   3.9191462e-02
   4.4800000e-01   1.3309245e+00
   4.4810000e-01   1.6093020e-01
   4.4820000e-01   2.0683138e-01
   4.4830000e-01   2.1538171e-01
   4.4840000e-01   1.7521219e+00
   4.4850000e-01   2.2832592e-01
   4.4860000e-01   4.5313109e-02
   4.4870000e-01   1.3272244e-02
   4.4880000e-01   1.8000149e-01
   4.4890000e-01   5.5183722e-01
   4.4900000e-01   2.3391615e-01
   4.4910000e-01   2.8110388e-01
   4.4920000e-01   3.3640416e-01
   4.4930000e-01   4.0738402e-01
   4.4940000e-01   1.1104046e-01
   4.4950000e-01   5.1060633e-03
   4.4960000e-01   4.4324182e-01
   4.4970000e-01   8.5061294e-02
   4.4980000e-01   1.5687916e+00
   4.4990000e-01   3.0860951e-01
   4.5000000e-01   8.5475262e-01
   4.5010000e-01   1.1022144e+00
   4.5020000e-01   1.1795571e+00
   4.5030000e-01   6.4328650e-01
   4.5040000e-01   1.7692955e-01
   4.5050000e-01   2.4376749e-01
   4.5060000e-01   8.8427311e-03
   4.5070000e-01   1.3878463e+00
   4.5080000e-01   1.4030004e+00
   4.5090000e-01   5.5200913e-01
   4.5100000e-01   8.1501562e-02
   4.5110000e-01   1.2521287e-01
   4.5120000e-01   4.1933766e-01
   4.5130000e-01   1.4692754e-01
   4.5140000e-01   7.5768935e-02
   4.5150000e-01   2.2540912e+00
   4.5160000e-01   2.5320463e-01
   4.5170000e-01   7.6905546e-01
   4.5180000e-01   1.4939131e+00
   4.5190000e-01   2.4627461e-02
   4.5200000e-01   1.7115511e-01
   4.5210000e-01   6.4140761e-02
   4.5220000e-01   1.1648307e+00
   4.5230000e-01   1.2342196e+00
   4.5240000e-01   6.2840568e-01
   4.5250000e-01   9.5198115e-01
   4.5260000e-01   5.9444771e-01
   4.5270000e-01   7.3063868e-01
   4.5280000e-01   1.1013570e+00
   4.5290000e-01   8.9055579e-01
   4.5300000e-01   1.2908649e-01
   4.5310000e-01   4.6608730e-01
   4.5320000e-01   3.3626347e-01
   4.5330000e-01   4.5955612e-01
   4.5340000e-01   1.7202320e+00
   4.5350000e-01   4.2597502e-02
   4.5360000e-01   6.9950012e-01
   4.5370000e-01   5.6350001e-03
   4.5380000e-01   5.2552839e-02
   4.5390000e-01   1.1313006e+00
   4.5400000e-01   9.5533973e-02
   4.5410000e-01   2.3419889e-01
   4.5420000e-01   1.7425528e-01
   4.5430000e-01   8.8934262e-01
   4.5440000e-01   5.2230234e-02
   4.5450000e-01   1.5409879e+00
   4.5460000e-01   2.2944740e-02
   4.5470000e-01   1.5348358e-01
   4.5480000e-01   2.7597475e-01
   4.5490000e-01   3.1473819e-01
   4.5500000e-01   2.3813471e-01
   4.5510000e-01   8.8845495e-01
   4.5520000e-01   3.7032254e-01
   4.5530000e-01   7.6058394e-01
   4.5540000e-01   4.4328864e-01
   4.5550000e-01   5.7745345e-02
   4.5560000e-01   5.0592129e-01
   4.5570000e-01   1.6243179e-01
   4.5580000e-01   3.6207761e-01
   4.5590000e-01   3.1177383e-01
   4.5600000e-01   6.6910803e-01
   4.5610000e-01   4.5755290e-02
   4.5620000e-01   6.5346128e-01
   4.5630000e-01   8.6924977e-02
   4.5640000e-01   3.0740707e-01
   4.5650000e-01   3.1421821e-01
   4.5660000e-01   1.2008443e+00
   4.5670000e-01   1.6154959e+00
   4.5680000e-01   1.7319170e-01
   4.5690000e-01   8.8800356e-01
   4.5700000e-01   5.4624178e-01
   4.5710000e-01   8.2263764e-01
   4.5720000e-01   2.2780219e-01
   4.5730000e-01   4.6989709e-01
   4.5740000e-01   4.0178304e-01
   4.5750000e-01   1.2308974e+00
   4.5760000e-01   1.2026153e-01
   4.5770000e-01   2.4064023e-01
   4.5780000e-01   7.5922662e-01
   4.5790000e-01   8.2912566e-02
   4.5800000e-01   1.2432505e-02
   4.5810000e-01   5.2110232e-01
   4.5820000e-01   5.0298664e-01
   4.5830000e-01   1.6411739e-01
   4.5840000e-01   1.8030521e-01
   4.5850000e-01   3.3595011e-02
   4.5860000e-01   1.0959769e+00
   4.5870000e-01   1.0042232e-01
   4.5880000e-01   3.1743541e-01
   4.5890000e-01   2.7382843e-01
   4.5900000e-01   6.3748269e-02
   4.5910000e-01   1.0122070e+00
   4.5920000e-01   1.3260263e+00
   4.5930000e-01   6.5024093e-01
   4.5940000e-01   2.9432814e-03
   4.5950000e-01   1.1404479e-01
   4.5960000e-01   4.3105370e-01
   4.5970000e-01   3.9150395e-01
   4.5980000e-01   1.0601057e+00
   4.5990000e-01   1.4853528e-01
   4.6000000e-01   1.7818184e+00
   4.6010000e-01   2.8195389e-02
   4.6020000e-01   3.4002234e-01
   4.6030000e-01   8.1684050e-01
   4.6040000e-01   3.4523885e-01
   4.6050000e-01   1.7016374e-02
   4.6060000e-01   6.4251611e-01
   4.6070000e-01   6.0039284e-02
   4.6080000e-01   7.9478888e-01
   4.6090000e-01   8.2006499e-01
   4.6100000e-01   2.5327928e-01
   4.6110000e-01   3.4148147e-01
   4.6120000e-01   1.9194975e-01
   4.6130000e-01   1.3090940e-01
   4.6140000e-01   2.3825789e-01
   4.6150000e-01   2.3871441e-01
   4.6160000e-01   9.1891898e-02
   4.6170000e-01   7.9888838e-02
   4.6180000e-01   1.0908712e+00
   4.6190000e-01   3.5302288e-01
   4.6200000e-01   7.5478752e-01
   4.6210000e-01   4.5743601e-01
   4.6220000e-01   1.0402651e+00
   4.6230000e-01   8.7762949e-01
   4.6240000e-01   7.4864576e-01
   4.6250000e-01   1.0928423e-01
   4.6260000e-01   4.2689959e-01
   4.6270000e-01   4.9150237e-01
   4.6280000e-01   9.0343648e-02
   4.6290000e-01   1.2592173e+00
   4.6300000e-01   2.7275882e-01
   4.6310000e-01   3.4338130e-01
   4.6320000e-01   3.9565555e-01
   4.6330000e-01   9.8451860e-02
   4.6340000e-01   4.0007592e-01
   4.6350000e-01   3.7472001e-01
   4.6360000e-01   5.4127948e-01
   4.6370000e-01   2.2230170e-01
   4.6380000e-01   4.8199873e-01
   4.6390000e-01   5.8870698e-01
   4.6400000e-01   1.9366510e-03
   4.6410000e-01   6.2024202e-01
   4.6420000e-01   5.9518707e-04
   4.6430000e-01   4.5405531e-01
   4.6440000e-01   7.1331899e-01
   4.6450000e-01   7.5264504e-01
   4.6460000e-01   8.5798074e-01
   4.6470000e-01   1.9632683e-01
   4.6480000e-01   7.8333043e-01
   4.6490000e-01   9.9270839e-01
   4.6500000e-01   6.2646436e-01
   4.6510000e-01   7.5077968e-01
   4.6520000e-01   1.6330980e-01
   4.6530000e-01   7.4062991e-01
   4.6540000e-01   3.8681445e-01
   4.6550000e-01   1.8437210e+00
   4.6560000e-01   3.7000360e-01
   4.6570000e-01   4.9136427e-01
   4.6580000e-01   1.3604189e-01
   4.6590000e-01   8.1824796e-02
   4.6600000e-01   2.3658119e-01
   4.6610000e-01   5.2134682e-01
   4.6620000e-01   5.5554742e-01
   4.6630000e-01   1.2415232e-01
   4.6640000e-01   4.6879819e-01
   4.6650000e-01   4.7491686e-01
   4.6660000e-01   3.9156285e-01
   4.6670000e-01   2.2800865e-01
   4.6680000e-01   1.2436314e+00
   4.6690000e-01   8.0544661e-01
   4.6700000e-01   2.0668444e-01
   4.6710000e-01   7.4955868e-01
   4.6720000e-01   1.5510234e-01
   4.6730000e-01   1.8523583e+00
   4.6740000e-01   3.7584216e-01
   4.6750000e-01   1.4270405e+00
   4.6760000e-01   7.2266328e-01
   4.6770000e-01   1.8873666e-01
   4.6780000e-01   2.0367539e+00
   4.6790000e-01   1.0756799e+00
   4.6800000e-01   6.6721395e-01
   4.6810000e-01   3.0071709e-02
   4.6820000e-01   3.1697642e-02
   4.6830000e-01   7.3754810e-01
   4.6840000e-01   6.4939255e-02
   4.6850000e-01   2.9259556e-01
   4.6860000e-01   4.6616522e-01
   4.6870000e-01   2.4538318e-01
   4.6880000e-01   3.5607092e-01
   4.6890000e-01   3.4712968e-01
   4.6900000e-01   1.0049159e+00
   4.6910000e-01   5.8461089e-01
   4.6920000e-01   5.8058445e-01
   4.6930000e-01   1.4024113e+00
   4.6940000e-01   2.3079884e-01
   4.6950000e-01   1.9454051e-01
   4.6960000e-01   1.6012842e+00
   4.6970000e-01   1.5342687e-01
   4.6980000e-01   3.3146110e-01
   4.6990000e-01   6.5443761e-01
   4.7000000e-01   8.5210934e-01
   4.7010000e-01   3.8609095e-01
   4.7020000e-01   6.7672829e-01
   4.7030000e-01   5.9412338e-01
   4.7040000e-01   6.0983479e-01
   4.7050000e-01   6.1089169e-01
   4.7060000e-01   3.1718265e-01
   4.7070000e-01   7.2082324e-01
   4.7080000e-01   1.9885392e+00
   4.7090000e-01   1.4260222e+00
   4.7100000e-01   2.7275853e-01
   4.7110000e-01   1.8736122e-01
   4.7120000e-01   1.6599211e+00
   4.7130000e-01   3.0595504e-01
   4.7140000e-01   1.1576022e-01
   4.7150000e-01   3.2858576e-01
   4.7160000e-01   1.9468356e+00
   4.7170000e-01   3.3119322e-01
   4.7180000e-01   3.5759898e-01
   4.7190000e-01   2.0756857e-01
   4.7200000e-01   9.6185197e-01
   4.7210000e-01   1.2562553e-01
   4.7220000e-01   1.2358840e-01
   4.7230000e-01   7.3698545e-02
   4.7240000e-01   2.5626354e-01
   4.7250000e-01   2.0462348e-01
   4.7260000e-01   2.9709744e-01
   4.7270000e-01   8.6596431e-02
   4.7280000e-01   4.5106276e-01
   4.7290000e-01   1.0445333e-01
   4.7300000e-01   1.8577525e-01
   4.7310000e-01   3.5847169e-01
   4.7320000e-01   5.5754006e-01
   4.7330000e-01   1.3413462e-02
   4.7340000e-01   1.7001309e-01
   4.7350000e-01   3.7731601e-02
   4.7360000e-01   4.5605439e-01
   4.7370000e-01   1.2660687e+00
   4.7380000e-01   2.0347609e+00
   4.7390000e-01   4.4805996e-01
   4.7400000e-01   5.4549094e-01
   4.7410000e-01   5.2493378e-01
   4.7420000e-01   1.4023503e-01
   4.7430000e-01   8.9648847e-01
   4.7440000e-01   7.0018514e-01
   4.7450000e-01   1.7108896e+00
   4.7460000e-01   2.6160109e-01
   4.7470000e-01   2.8276168e-01
   4.7480000e-01   5.5386478e-01
   4.7490000e-01   7.0349922e-01
   4.7500000e-01   6.6510775e-02
   4.7510000e-01   2.6373450e-01
   4.7520000e-01   6.9626012e-01
   4.7530000e-01   1.1251254e-01
   4.7540000e-01   5.1972318e-01
   4.7550000e-01   1.4326923e-01
   4.7560000e-01   7.9662644e-01
   4.7570000e-01   6.4360837e-01
   4.7580000e-01   1.6085394e-01
   4.7590000e-01   3.7629338e-03
   4.7600000e-01   1.0355089e-01
   4.7610000e-01   3.3666076e-01
   4.7620000e-01   4.4472560e-01
   4.7630000e-01   2.3454414e-01
   4.7640000e-01   1.1750553e-01
   4.7650000e-01   3.8127886e-01
   4.7660000e-01   1.0345182e+00
   4.7670000e-01   1.3847134e-01
   4.7680000e-01   5.2586681e-01
   4.7690000e-01   5.2297361e-02
   4.7700000e-01   3.4305045e-01
   4.7710000e-01   4.0897771e-01
   4.7720000e-01   5.1165273e-01
   4.7730000e-01   1.7364339e-01
   4.7740000e-01   6.2838900e-01
   4.7750000e-01   8.9648755e-02
   4.7760000e-01   4.9219563e-01
   4.7770000e-01   9.0285017e-01
   4.7780000e-01   2.5245951e-02
   4.7790000e-01   1.0426950e+00
   4.7800000e-01   3.4915162e-01
   4.7810000e-01   1.5603581e-01
   4.7820000e-01   1.8158695e-01
   4.7830000e-01   1.2198298e-01
   4.7840000e-01   6.6905662e-02
   4.7850000e-01   1.0216561e+00
   4.7860000e-01   6.9496186e-01
   4.7870000e-01   1.2360977e+00
   4.7880000e-01   2.8410994e-01
   4.7890000e-01   5.2260694e-01
   4.7900000e-01   5.0369678e-01
   4.7910000e-01   1.1401100e-01
   4.7920000e-01   3.6106532e-01
   4.7930000e-01   9.4708815e-01
   4.7940000e-01   1.6021593e+00
   4.7950000e-01   2.7394265e+00
   4.7960000e-01   4.6134898e-01
   4.7970000e-01   5.1422203e-01
   4.7980000e-01   5.8190102e-02
   4.7990000e-01   8.2237943e-02
   4.8000000e-01   8.4123332e-01
   4.8010000e-01   2.0749627e-01
   4.8020000e-01   1.9730384e-01
   4.8030000e-01   5.3236719e-01
   4.8040000e-01   1.7535886e-01
   4.8050000e-01   2.5124163e-01
   4.8060000e-01   3.0315934e-01
   4.8070000e-01   1.2756354e-01
   4.8080000e-01   1.3020782e-01
   4.8090000e-01   1.2742125e-01
   4.8100000e-01   2.6825852e-01
   4.8110000e-01   8.0106121e-01
   4.8120000e-01   1.7333418e-01
   4.8130000e-01   1.3264796e-01
   4.8140000e-01   2.2267016e+00
   4.8150000e-01   1.0803753e+00
   4.8160000e-01   4.0146755e-01
   4.8170000e-01   5.1102471e-02
   4.8180000e-01   2.5073476e-01
   4.8190000e-01   9.3112377e-01
   4.8200000e-01   1.2798432e+00
   4.8210000e-01   1.0329451e+00
   4.8220000e-01   3.2108831e-01
   4.8230000e-01   7.0156935e-02
   4.8240000e-01   5.4952416e-01
   4.8250000e-01   9.1356962e-01
   4.8260000e-01   3.9163243e-01
   4.8270000e-01   9.1298097e-01
   4.8280000e-01   6.4983420e-01
   4.8290000e-01   2.1408574e-01
   4.8300000e-01   1.5253197e-01
   4.8310000e-01   3.3414443e-02
   4.8320000e-01   6.3150370e-01
   4.8330000e-01   1.6129120e-01
   4.8340000e-01   1.4738626e+00
   4.8350000e-01   7.1642247e-01
   4.8360000e-01   3.8806427e-02
   4.8370000e-01   7.3386589e-01
   4.8380000e-01   3.2798004e-01
   4.8390000e-01   8.4920668e-02
   4.8400000e-01   4.4759636e-01
   4.8410000e-01   5.6116480e-01
   4.8420000e-01   6.5684706e-01
   4.8430000e-01   2.5705602e-01
   4.8440000e-01   8.9856927e-01
   4.8450000e-01   5.9426977e-02
   4.8460000e-01   8.9996812e-01
   4.8470000e-01   1.0571583e+00
   4.8480000e-01   3.8069609e-02
   4.8490000e-01   6.5641378e-02
   4.8500000e-01   3.6536857e-01
   4.8510000e-01   5.4491019e-01
   4.8520000e-01   7.1394230e-01
   4.8530000e-01   2.0904744e-01
   4.8540000e-01   6.0381963e-01
   4.8550000e-01   1.6105147e-01
   4.8560000e-01   1.2454019e-01
   4.8570000e-01   5.3086706e-01
   4.8580000e-01   9.0752047e-01
   4.8590000e-01   2.2496655e-01
   4.8600000e-01   6.8013564e-01
   4.8610000e-01   6.0775845e-01
   4.8620000e-01   3.7042711e-02
   4.8630000e-01   1.1268085e-01
   4.8640000e-01   1.3452297e+00
   4.8650000e-01   4.1287756e-02
   4.8660000e-01   4.9025459e-01
   4.8670000e-01   4.5993524e-02
   4.8680000e-01   7.3909978e-01
   4.8690000e-01   3.3903733e-01
   4.8700000e-01   5.8979138e-01
   4.8710000e-01   2.2429198e+00
   4.8720000e-01   3.6055940e-01
   4.8730000e-01   5.2323452e-01
   4.8740000e-01   6.1060303e-01
   4.8750000e-01   1.1410393e+00
   4.8760000e-01   4.6513690e-01
   4.8770000e-01   5.3813791e-01
   4.8780000e-01   8.1646509e-01
   4.8790000e-01   1.7514705e+00
   4.8800000e-01   4.4382144e-01
   4.8810000e-01   2.8392131e-01
   4.8820000e-01   2.8727497e-01
   4.8830000e-01   2.8021342e-02
   4.8840000e-01   5.8160009e-01
   4.8850000e-01   5.5020037e-01
   4.8860000e-01   4.9451044e-01
   4.8870000e-01   7.7633712e-01
   4.8880000e-01   1.3878933e-01
   4.8890000e-01   1.1495157e-01
   4.8900000e-01   8.7751833e-01
   4.8910000e-01   7.0386736e-01
   4.8920000e-01   5.5022959e-01
   4.8930000e-01   3.5320609e-01
   4.8940000e-01   1.8065265e-01
   4.8950000e-01   2.9562977e-02
   4.8960000e-01   5.2597642e-01
   4.8970000e-01   3.1180689e-01
   4.8980000e-01   2.1651666e-01
   4.8990000e-01   4.7918011e-01
   4.9000000e-01   1.0271800e-01
   4.9010000e-01   2.4788113e+00
   4.9020000e-01   1.4118443e-01
   4.9030000e-01   1.6369941e-01
   4.9040000e-01   1.2081038e-01
   4.9050000e-01   7.1594613e-01
   4.9060000e-01   1.1597360e-01
   4.9070000e-01   8.6757064e-01
   4.9080000e-01   1.9914155e-01
   4.9090000e-01   8.9190997e-01
   4.9100000e-01   4.4875637e-01
   4.9110000e-01   1.7180031e-01
   4.9120000e-01   1.7970783e+00
   4.9130000e-01   2.2302509e-01
   4.9140000e-01   1.7411610e-01
   4.9150000e-01   2.6199721e-01
   4.9160000e-01   7.6618946e-01
   4.9170000e-01   3.1564393e-01
   4.9180000e-01   1.3941839e-01
   4.9190000e-01   1.0686980e+00
   4.9200000e-01   1.0070133e+00
   4.9210000e-01   5.7113485e-01
   4.9220000e-01   3.8869533e-01
   4.9230000e-01   2.4234347e+00
   4.9240000e-01   2.4247212e-02
   4.9250000e-01   1.3114433e+00
   4.9260000e-01   4.0018534e-02
   4.9270000e-01   2.8096388e-01
   4.9280000e-01   6.9571947e-01
   4.9290000e-01   4.6018000e-02
   4.9300000e-01   2.9261540e-01
   4.9310000e-01   5.0355812e-01
   4.9320000e-01   6.1261977e-01
   4.9330000e-01   2.2790100e-01
   4.9340000e-01   1.6193602e+00
   4.9350000e-01   9.3860796e-01
   4.9360000e-01   1.1617631e+00
   4.9370000e-01   6.4917656e-01
   4.9380000e-01   6.1017220e-01
   4.9390000e-01   5.9063836e-01
   4.9400000e-01   2.2750205e-01
   4.9410000e-01   1.1370557e-01
   4.9420000e-01   2.0264955e+00
   4.9430000e-01   2.2892567e-01
   4.9440000e-01   1.0477204e-01
   4.9450000e-01   1.3257925e-01
   4.9460000e-01   3.8201433e-01
   4.9470000e-01   2.5813709e-01
   4.9480000e-01   1.9169818e-01
   4.9490000e-01   5.2272980e-01
   4.9500000e-01   7.7068108e-01
   4.9510000e-01   1.1427904e+00
   4.9520000e-01   2.6714263e+00
   4.9530000e-01   6.2124731e-01
   4.9540000e-01   6.8900241e-01
   4.9550000e-01   2.4064427e-03
   4.9560000e-01   1.6374812e+00
   4.9570000e-01   1.6308176e-01
   4.9580000e-01   3.8193675e-01
   4.9590000e-01   1.6335633e+00
   4.9600000e-01   5.0860370e-01
   4.9610000e-01   3.3636555e+00
   4.9620000e-01   3.5039494e-01
   4.9630000e-01   3.0420132e-01
   4.9640000e-01   2.6716463e-01
   4.9650000e-01   1.1090595e-01
   4.9660000e-01   7.7780936e-02
   4.9670000e-01   7.1752815e-03
   4.9680000e-01   4.3693568e-01
   4.9690000e-01   7.7979305e-02
   4.9700000e-01   1.0637137e+00
   4.9710000e-01   7.4557871e-01
   4.9720000e-01   1.4359885e-01
   4.9730000e-01   4.0059479e-01
   4.9740000e-01   1.7454081e-01
   4.9750000e-01   1.2178425e+00
   4.9760000e-01   7.8187119e-01
   4.9770000e-01   4.8049254e-01
   4.9780000e-01   3.7430578e-02
   4.9790000e-01   4.0741075e-01
   4.9800000e-01   8.7359986e-02
   4.9810000e-01   1.7995618e-02
   4.9820000e-01   2.8393917e-02
   4.9830000e-01   2.6369280e-02
   4.9840000e-01   1.3489094e-01
   4.9850000e-01   1.4026877e-01
   4.9860000e-01   1.1163413e-01
   4.9870000e-01   1.6719205e-01
   4.9880000e-01   1.4343866e-01
   4.9890000e-01   1.6380575e-01
   4.9900000e-01   2.0411587e-01
   4.9910000e-01   8.1633907e-02
   4.9920000e-01   6.4988971e-01
   4.9930000e-01   4.6799453e-01
   4.9940000e-01   1.4618794e-01
   4.9950000e-01   1.1690734e-01
   4.9960000e-01   8.4044012e-02
   4.9970000e-01   2.0430391e-01
   4.9980000e-01   4.2337731e-01
   4.9990000e-01   1.3283971e+00
   5.0000000e-01   5.2494539e-01
