   0.0000000e+00  -6.9801256e-01
   1.0000000e+00  -8.5656494e-01
   2.0000000e+00  -1.4013575e+00
   3.0000000e+00  -6.7896033e-01
   4.0000000e+00  -1.4741100e-02
   5.0000000e+00   7.3171186e-01
   6.0000000e+00   8.3373635e-01
   7.0000000e+00   6.3671740e-01
   8.0000000e+00   1.9182108e-02
   9.0000000e+00   4.6952763e-01
   1.0000000e+01   1.3508506e+00
   1.1000000e+01   1.5795244e-01
   1.2000000e+01   8.8971688e-01
   1.3000000e+01   7.0836286e-01
   1.4000000e+01  -9.2541062e-02
   1.5000000e+01  -4.4385054e-01
   1.6000000e+01   7.9852892e-01
   1.7000000e+01  -8.6040354e-01
   1.8000000e+01  -1.7659869e-01
   1.9000000e+01  -5.1646460e-01
   2.0000000e+01   8.0649865e-02
   2.1000000e+01  -8.9641130e-01
   2.2000000e+01  -2.8024183e-01
   2.3000000e+01  -5.5242086e-01
   2.4000000e+01  -1.2976025e+00
   2.5000000e+01  -7.6980504e-01
   2.6000000e+01  -9.9806137e-01
   2.7000000e+01  -4.3345124e-01
   2.8000000e+01   3.7400273e-01
   2.9000000e+01   6.4883317e-01
   3.0000000e+01   2.7562250e-01
   3.1000000e+01  -8.5246056e-02
   3.2000000e+01  -1.1350757e+00
   3.3000000e+01  -2.9212268e-01
   3.4000000e+01  -1.2929562e+00
   3.5000000e+01  -1.0261479e+00
   3.6000000e+01  -1.0155842e+00
   3.7000000e+01  -5.1851883e-01
   3.8000000e+01  -9.1139042e-01
   3.9000000e+01  -3.8682477e-01
   4.0000000e+01   2.3282646e-01
   4.1000000e+01   6.1990239e-01
   4.2000000e+01   3.9725248e-01
   4.3000000e+01   2.5101708e-01
   4.4000000e+01  -5.7815261e-01
   4.5000000e+01   6.9156042e-02
   4.6000000e+01   1.2490917e+00
   4.7000000e+01   1.5989986e+00
   4.8000000e+01   8.2718481e-01
   4.9000000e+01   7.6332144e-01
   5.0000000e+01   4.2223880e-02
   5.1000000e+01  -6.9411177e-02
   5.2000000e+01   6.0285319e-01
   5.3000000e+01  -4.0863738e-01
   5.4000000e+01   6.1777225e-01
   5.5000000e+01  -5.2727622e-01
   5.6000000e+01   4.2694733e-01
   5.7000000e+01   2.3701251e-01
   5.8000000e+01  -1.7532328e-02
   5.9000000e+01  -9.5635099e-01
   6.0000000e+01   2.0229927e-02
   6.1000000e+01  -5.5502216e-01
   6.2000000e+01  -8.2250725e-01
   6.3000000e+01  -4.0394826e-01
   6.4000000e+01  -1.7621507e+00
   6.5000000e+01   1.8040514e-01
   6.6000000e+01   4.1574543e-01
   6.7000000e+01   1.2991624e+00
   6.8000000e+01  -5.5221324e-01
   6.9000000e+01   1.1944365e-04
   7.0000000e+01  -4.5848710e-01
   7.1000000e+01  -5.1493858e-02
   7.2000000e+01  -5.6149442e-01
   7.3000000e+01  -2.0158626e+00
   7.4000000e+01  -1.7681685e+00
   7.5000000e+01  -2.7282152e+00
   7.6000000e+01  -1.1805953e+00
   7.7000000e+01   5.8213255e-01
   7.8000000e+01  -7.2399358e-02
   7.9000000e+01  -2.0290845e+00
   8.0000000e+01  -1.8112485e+00
   8.1000000e+01  -1.6231492e+00
   8.2000000e+01  -1.4535301e+00
   8.3000000e+01  -1.1501034e+00
   8.4000000e+01  -5.1795934e-01
   8.5000000e+01   1.2213188e+00
   8.6000000e+01   2.1055294e-01
   8.7000000e+01   6.6015993e-01
   8.8000000e+01   1.7472033e-01
   8.9000000e+01   1.9096284e+00
   9.0000000e+01   1.0928101e+00
   9.1000000e+01   1.1825057e+00
   9.2000000e+01   1.8105038e+00
   9.3000000e+01   2.8090694e+00
   9.4000000e+01   1.8678123e+00
   9.5000000e+01   2.0824627e+00
   9.6000000e+01   3.0955472e+00
   9.7000000e+01   9.8646712e-01
   9.8000000e+01  -2.2233798e-01
   9.9000000e+01   5.4383437e-01
   1.0000000e+02   9.5888246e-01
   1.0100000e+02   1.5340495e+00
   1.0200000e+02   3.5413217e-01
   1.0300000e+02   3.1016111e-01
   1.0400000e+02  -2.9626605e-01
   1.0500000e+02  -7.3889165e-01
   1.0600000e+02  -5.7993354e-01
   1.0700000e+02  -6.2051854e-01
   1.0800000e+02  -1.1283045e+00
   1.0900000e+02  -8.3132428e-01
   1.1000000e+02   8.1780960e-01
   1.1100000e+02   6.5744858e-01
   1.1200000e+02  -1.4018146e+00
   1.1300000e+02  -1.4406225e+00
   1.1400000e+02  -2.8991812e-01
   1.1500000e+02  -5.7568138e-01
   1.1600000e+02  -5.8761787e-01
   1.1700000e+02   3.3984796e-01
   1.1800000e+02  -4.2376033e-01
   1.1900000e+02  -2.0436665e+00
   1.2000000e+02  -1.5513943e+00
   1.2100000e+02  -4.6778150e-01
   1.2200000e+02  -1.4939901e+00
   1.2300000e+02  -1.2932314e-01
   1.2400000e+02   9.4393322e-02
   1.2500000e+02   9.6590640e-01
   1.2600000e+02   2.6677891e-01
   1.2700000e+02   8.3719130e-01
   1.2800000e+02   8.2465577e-01
   1.2900000e+02   1.6583899e+00
   1.3000000e+02   2.9948057e-01
   1.3100000e+02  -3.2950836e-01
   1.3200000e+02  -6.3876504e-01
   1.3300000e+02   7.4950882e-01
   1.3400000e+02   5.8045946e-01
   1.3500000e+02   9.5653676e-01
   1.3600000e+02   9.7107069e-01
   1.3700000e+02  -3.2682494e-01
   1.3800000e+02  -9.7614938e-01
   1.3900000e+02  -1.0916625e+00
   1.4000000e+02  -2.3638756e-01
   1.4100000e+02  -7.4489332e-01
   1.4200000e+02  -2.5234351e-01
   1.4300000e+02  -1.4519170e+00
   1.4400000e+02  -8.1325984e-01
   1.4500000e+02   3.6598214e-01
   1.4600000e+02   6.0240381e-01
   1.4700000e+02  -1.0908232e-01
   1.4800000e+02   1.7389563e-01
   1.4900000e+02   1.5274998e+00
   1.5000000e+02   1.5951363e-01
   1.5100000e+02   5.7580430e-01
   1.5200000e+02  -5.2076559e-01
   1.5300000e+02  -5.6848229e-01
   1.5400000e+02  -5.7389776e-01
   1.5500000e+02   1.9388602e-01
   1.5600000e+02   9.6872694e-01
   1.5700000e+02  -4.7521254e-02
   1.5800000e+02   6.0220839e-01
   1.5900000e+02  -4.2768752e-02
   1.6000000e+02   1.0665102e+00
   1.6100000e+02   1.2573299e+00
   1.6200000e+02   4.8069360e-01
   1.6300000e+02   1.1807430e+00
   1.6400000e+02   2.1022503e+00
   1.6500000e+02  -2.3952861e-01
   1.6600000e+02  -4.1877631e-01
   1.6700000e+02   9.3210995e-01
   1.6800000e+02   5.7631775e-01
   1.6900000e+02   1.1321817e+00
   1.7000000e+02   3.8779291e-01
   1.7100000e+02   3.6732001e-01
   1.7200000e+02   2.0021945e+00
   1.7300000e+02   2.3031516e+00
   1.7400000e+02   1.2895273e+00
   1.7500000e+02   1.4242057e+00
   1.7600000e+02   1.4837902e+00
   1.7700000e+02   1.3459304e+00
   1.7800000e+02   1.6151114e+00
   1.7900000e+02   3.0725557e-01
   1.8000000e+02   3.7883911e-01
   1.8100000e+02  -2.9471218e-01
   1.8200000e+02   5.0985580e-01
   1.8300000e+02   1.1236100e+00
   1.8400000e+02   1.0905586e+00
   1.8500000e+02   3.2240916e-03
   1.8600000e+02   1.1133355e+00
   1.8700000e+02   2.4599260e+00
   1.8800000e+02   7.6742341e-01
   1.8900000e+02   2.3033544e+00
   1.9000000e+02   1.9898440e+00
   1.9100000e+02   1.2430608e+00
   1.9200000e+02   2.0732971e+00
   1.9300000e+02   2.3465824e+00
   1.9400000e+02   8.0894207e-01
   1.9500000e+02   8.9859801e-01
   1.9600000e+02   1.2498254e+00
   1.9700000e+02   1.4257173e+00
   1.9800000e+02   6.0891319e-01
   1.9900000e+02  -3.8014745e-01
   2.0000000e+02   3.3217344e-02
   2.0100000e+02   1.1825233e+00
   2.0200000e+02   1.0713071e+00
   2.0300000e+02   1.3203836e+00
   2.0400000e+02   1.0174806e+00
   2.0500000e+02   2.2058336e-01
   2.0600000e+02  -3.6767307e-01
   2.0700000e+02   8.2742147e-01
   2.0800000e+02   8.3211040e-01
   2.0900000e+02   3.5909542e-01
   2.1000000e+02   1.8310601e+00
   2.1100000e+02  -7.0912796e-01
   2.1200000e+02   1.4381286e-01
   2.1300000e+02  -6.7932453e-01
   2.1400000e+02   7.5267530e-01
   2.1500000e+02  -4.6580940e-01
   2.1600000e+02  -7.1969398e-01
   2.1700000e+02   3.1349217e-02
   2.1800000e+02   1.5358276e+00
   2.1900000e+02   2.0904293e-01
   2.2000000e+02  -1.2733699e+00
   2.2100000e+02  -4.8431127e-01
   2.2200000e+02   3.3246171e-01
   2.2300000e+02  -7.2436300e-01
   2.2400000e+02   3.3801124e-01
   2.2500000e+02  -3.7577543e-01
   2.2600000e+02  -1.0088470e+00
   2.2700000e+02  -2.2751591e-01
   2.2800000e+02  -1.1027003e-02
   2.2900000e+02  -1.1666329e+00
   2.3000000e+02  -1.0357482e+00
   2.3100000e+02  -1.6295292e+00
   2.3200000e+02  -3.4323012e-01
   2.3300000e+02  -2.1058449e-01
   2.3400000e+02   1.0939961e+00
   2.3500000e+02  -3.5907472e-01
   2.3600000e+02   4.7730427e-01
   2.3700000e+02   7.4819830e-01
   2.3800000e+02  -7.1613094e-01
   2.3900000e+02   5.0393892e-03
   2.4000000e+02  -6.7019357e-01
   2.4100000e+02  -2.4653675e-01
   2.4200000e+02   8.3331330e-01
   2.4300000e+02   1.0313278e+00
   2.4400000e+02   1.2245992e+00
   2.4500000e+02  -7.2764065e-01
   2.4600000e+02   9.7019664e-01
   2.4700000e+02  -3.6442020e-01
   2.4800000e+02  -1.5458390e-01
   2.4900000e+02  -1.7932458e-01
   2.5000000e+02  -7.1493813e-01
   2.5100000e+02  -1.2473830e+00
   2.5200000e+02  -3.3802740e-01
   2.5300000e+02  -9.1085530e-01
   2.5400000e+02  -2.4362352e-01
   2.5500000e+02  -1.5709975e+00
   2.5600000e+02  -1.4385239e+00
   2.5700000e+02  -6.1926481e-01
   2.5800000e+02  -1.0129636e+00
   2.5900000e+02  -1.7894943e+00
   2.6000000e+02  -1.6688284e+00
   2.6100000e+02  -9.7705361e-01
   2.6200000e+02  -1.3479577e+00
   2.6300000e+02  -9.4770474e-01
   2.6400000e+02  -6.0760551e-01
   2.6500000e+02  -3.3584528e-01
   2.6600000e+02  -8.4133403e-01
   2.6700000e+02   8.8367387e-02
   2.6800000e+02  -5.4401339e-01
   2.6900000e+02  -1.0659693e+00
   2.7000000e+02   2.5130621e-01
   2.7100000e+02  -3.1569198e-01
   2.7200000e+02  -5.9100714e-01
   2.7300000e+02   7.5442141e-01
   2.7400000e+02  -1.0403494e+00
   2.7500000e+02   2.2021573e-01
   2.7600000e+02   1.9167854e-01
   2.7700000e+02   2.8831472e-01
   2.7800000e+02   1.3873771e-01
   2.7900000e+02  -8.4675566e-02
   2.8000000e+02   1.8783081e-01
   2.8100000e+02  -6.0226660e-01
   2.8200000e+02   3.2964140e-01
   2.8300000e+02  -9.5168174e-02
   2.8400000e+02   2.0100572e-01
   2.8500000e+02   1.9373742e+00
   2.8600000e+02   7.0995577e-01
   2.8700000e+02   2.0656508e-01
   2.8800000e+02  -5.9262405e-01
   2.8900000e+02  -1.2845944e+00
   2.9000000e+02  -1.4808617e+00
   2.9100000e+02  -1.7861760e+00
   2.9200000e+02  -1.2612936e+00
   2.9300000e+02   6.5653944e-01
   2.9400000e+02  -1.2879451e+00
   2.9500000e+02  -8.1614464e-02
   2.9600000e+02  -1.3244291e+00
   2.9700000e+02  -8.5578215e-01
   2.9800000e+02  -7.7668469e-01
   2.9900000e+02  -4.9513406e-01
   3.0000000e+02  -1.3135852e+00
   3.0100000e+02  -8.8033741e-02
   3.0200000e+02   7.8057491e-02
   3.0300000e+02  -9.3174191e-01
   3.0400000e+02  -2.2294930e+00
   3.0500000e+02  -2.3637980e+00
   3.0600000e+02  -9.1788743e-01
   3.0700000e+02  -1.5767632e+00
   3.0800000e+02  -1.1189114e+00
   3.0900000e+02  -9.5751445e-01
   3.1000000e+02  -1.8296227e+00
   3.1100000e+02  -2.3391122e+00
   3.1200000e+02  -1.5664541e+00
   3.1300000e+02  -1.5522920e+00
   3.1400000e+02  -1.9802271e+00
   3.1500000e+02  -1.3322089e+00
   3.1600000e+02  -2.2352010e+00
   3.1700000e+02   2.9299628e-01
   3.1800000e+02  -3.0575110e-01
   3.1900000e+02  -7.2871549e-01
   3.2000000e+02  -8.0620697e-01
   3.2100000e+02  -8.9534774e-01
   3.2200000e+02  -1.0753050e+00
   3.2300000e+02  -3.5175675e-01
   3.2400000e+02  -5.7145934e-02
   3.2500000e+02   1.0485631e+00
   3.2600000e+02   5.8606573e-02
   3.2700000e+02   2.4449650e-01
   3.2800000e+02   4.2377051e-01
   3.2900000e+02   3.1737490e-01
   3.3000000e+02  -2.8443535e-01
   3.3100000e+02  -8.6732533e-02
   3.3200000e+02   4.0383943e-01
   3.3300000e+02  -5.7692581e-01
   3.3400000e+02  -6.6548066e-01
   3.3500000e+02  -4.7657982e-01
   3.3600000e+02  -2.1091048e+00
   3.3700000e+02  -9.3080791e-01
   3.3800000e+02  -3.7312566e-01
   3.3900000e+02   4.1063677e-02
   3.4000000e+02  -6.5343264e-01
   3.4100000e+02  -3.6457467e-01
   3.4200000e+02   1.0195168e+00
   3.4300000e+02  -9.8894927e-01
   3.4400000e+02   2.9424510e-01
   3.4500000e+02  -2.4870826e-01
   3.4600000e+02  -1.7049251e+00
   3.4700000e+02  -1.1849790e+00
   3.4800000e+02  -2.1656006e+00
   3.4900000e+02  -1.3054548e+00
   3.5000000e+02   1.3189213e-01
   3.5100000e+02   1.5776607e+00
   3.5200000e+02  -1.3161552e-01
   3.5300000e+02   3.3309517e-02
   3.5400000e+02   1.9334736e-01
   3.5500000e+02  -7.0439609e-01
   3.5600000e+02  -2.2567683e+00
   3.5700000e+02  -1.3318127e+00
   3.5800000e+02  -9.6129934e-01
   3.5900000e+02   5.3743832e-02
   3.6000000e+02  -2.8663074e-01
   3.6100000e+02  -8.2709250e-01
   3.6200000e+02  -1.1622920e-01
   3.6300000e+02  -6.2882267e-01
   3.6400000e+02  -2.6602048e-01
   3.6500000e+02  -4.7773144e-01
   3.6600000e+02  -2.2250766e-01
   3.6700000e+02   9.5654793e-02
   3.6800000e+02   3.2480349e-01
   3.6900000e+02   4.3552320e-01
   3.7000000e+02  -1.1652321e+00
   3.7100000e+02   6.9949417e-01
   3.7200000e+02   4.4799388e-01
   3.7300000e+02  -1.1321837e+00
   3.7400000e+02  -7.4437078e-01
   3.7500000e+02  -2.9420984e-01
   3.7600000e+02  -4.0416577e-02
   3.7700000e+02  -1.6360424e-01
   3.7800000e+02   8.1523205e-01
   3.7900000e+02   2.3285765e-01
   3.8000000e+02   4.0257110e-01
   3.8100000e+02  -5.3901835e-01
   3.8200000e+02  -9.9424551e-01
   3.8300000e+02  -5.5075211e-01
   3.8400000e+02   6.7573425e-01
   3.8500000e+02   2.1500599e+00
   3.8600000e+02   8.0425493e-01
   3.8700000e+02   8.9477456e-02
   3.8800000e+02   3.4121532e-01
   3.8900000e+02  -9.5101556e-02
   3.9000000e+02   4.9985676e-01
   3.9100000e+02  -3.4019043e-01
   3.9200000e+02  -2.0053000e+00
   3.9300000e+02  -1.3805172e+00
   3.9400000e+02  -4.1336390e-02
   3.9500000e+02   1.2486260e-01
   3.9600000e+02   1.1766791e+00
   3.9700000e+02  -4.7216241e-03
   3.9800000e+02   1.0059236e+00
   3.9900000e+02  -4.6416975e-01
   4.0000000e+02  -8.1210211e-02
   4.0100000e+02  -2.9785600e-01
   4.0200000e+02   2.0515980e+00
   4.0300000e+02   6.7772118e-01
   4.0400000e+02  -9.1737561e-01
   4.0500000e+02   2.1252112e-01
   4.0600000e+02  -5.0681192e-01
   4.0700000e+02  -2.2446830e-01
   4.0800000e+02  -1.2301798e+00
   4.0900000e+02  -5.9983212e-01
   4.1000000e+02  -2.7025497e+00
   4.1100000e+02  -6.2203319e-01
   4.1200000e+02   2.4298725e-01
   4.1300000e+02  -1.4907905e-01
   4.1400000e+02  -1.1840202e+00
   4.1500000e+02  -4.4411910e-01
   4.1600000e+02  -3.6055764e-01
   4.1700000e+02  -5.0176513e-03
   4.1800000e+02  -4.3350887e-02
   4.1900000e+02   4.5193559e-01
   4.2000000e+02  -1.0304725e+00
   4.2100000e+02  -1.3844970e+00
   4.2200000e+02  -3.6549072e-01
   4.2300000e+02  -7.6361974e-01
   4.2400000e+02  -2.8921484e-01
   4.2500000e+02  -1.7657909e+00
   4.2600000e+02  -1.5578848e+00
   4.2700000e+02   3.4792697e-01
   4.2800000e+02  -6.7216605e-01
   4.2900000e+02  -5.2420436e-01
   4.3000000e+02  -1.2010546e-01
   4.3100000e+02   5.6548731e-01
   4.3200000e+02   6.2705606e-01
   4.3300000e+02   1.1117289e-01
   4.3400000e+02   5.1321765e-01
   4.3500000e+02   5.4258595e-01
   4.3600000e+02   6.8520126e-01
   4.3700000e+02  -1.9739660e-01
   4.3800000e+02  -1.1795801e+00
   4.3900000e+02  -2.5078651e-01
   4.4000000e+02   3.6843254e-01
   4.4100000e+02   3.2564955e-01
   4.4200000e+02  -3.9439789e-01
   4.4300000e+02  -5.6558088e-01
   4.4400000e+02   1.1791140e-01
   4.4500000e+02   3.6587193e-02
   4.4600000e+02   9.0051632e-02
   4.4700000e+02   1.6352525e+00
   4.4800000e+02   6.5647980e-01
   4.4900000e+02   1.2938201e+00
   4.5000000e+02   2.0095818e+00
   4.5100000e+02   2.0950831e+00
   4.5200000e+02   1.8921455e+00
   4.5300000e+02  -1.9331177e-01
   4.5400000e+02   6.3034180e-01
   4.5500000e+02  -3.9045650e-01
   4.5600000e+02   1.1314638e-01
   4.5700000e+02  -3.8549577e-01
   4.5800000e+02   1.2070765e-01
   4.5900000e+02  -1.0149412e+00
   4.6000000e+02  -4.3006187e-01
   4.6100000e+02  -1.0378697e+00
   4.6200000e+02  -5.8137135e-01
   4.6300000e+02   2.9140550e-01
   4.6400000e+02   8.2151092e-01
   4.6500000e+02  -2.8980858e-01
   4.6600000e+02  -9.9395498e-01
   4.6700000e+02   2.4126762e-02
   4.6800000e+02  -1.0539805e+00
   4.6900000e+02  -1.4627755e+00
   4.7000000e+02  -1.1269594e+00
   4.7100000e+02  -1.7178599e+00
   4.7200000e+02  -8.8015430e-01
   4.7300000e+02  -5.1160523e-01
   4.7400000e+02  -9.4013795e-01
   4.7500000e+02  -1.6217325e+00
   4.7600000e+02  -1.4461090e-01
   4.7700000e+02  -2.0060095e+00
   4.7800000e+02  -4.0885486e-01
   4.7900000e+02  -6.0386351e-01
   4.8000000e+02  -2.6420860e-01
   4.8100000e+02  -8.1369482e-01
   4.8200000e+02  -7.4209487e-02
   4.8300000e+02  -2.8640844e-04
   4.8400000e+02  -1.5223416e+00
   4.8500000e+02  -8.5481895e-01
   4.8600000e+02  -2.5924421e-01
   4.8700000e+02   9.7118489e-01
   4.8800000e+02   1.9055083e-01
   4.8900000e+02  -3.9027189e-01
   4.9000000e+02   3.9257522e-01
   4.9100000e+02   8.6471757e-01
   4.9200000e+02   2.1386193e-01
   4.9300000e+02   1.5891493e-01
   4.9400000e+02  -2.5860118e-01
   4.9500000e+02  -8.7331193e-01
   4.9600000e+02   1.5512213e-01
   4.9700000e+02  -1.5519256e-01
   4.9800000e+02   2.8942043e-01
   4.9900000e+02  -2.2898860e-01
   5.0000000e+02  -1.5780781e+00
   5.0100000e+02  -2.0294260e+00
   5.0200000e+02  -4.9521316e-01
   5.0300000e+02  -3.4185831e-01
   5.0400000e+02  -6.7357530e-01
   5.0500000e+02  -5.5864975e-01
   5.0600000e+02  -1.0208344e+00
   5.0700000e+02   2.4823083e-01
   5.0800000e+02  -1.2679800e+00
   5.0900000e+02   4.0880459e-01
   5.1000000e+02   3.1606992e-01
   5.1100000e+02   3.4883884e-01
   5.1200000e+02   3.4781293e-01
   5.1300000e+02   1.8237583e+00
   5.1400000e+02   7.2616389e-01
   5.1500000e+02   1.5287975e+00
   5.1600000e+02   1.3925817e+00
   5.1700000e+02   8.8560068e-01
   5.1800000e+02   1.5090436e+00
   5.1900000e+02   8.7807886e-01
   5.2000000e+02   1.9708946e+00
   5.2100000e+02   9.9509682e-01
   5.2200000e+02   5.6712192e-01
   5.2300000e+02   1.5076359e+00
   5.2400000e+02   6.2487081e-01
   5.2500000e+02   1.2485918e-02
   5.2600000e+02   8.8623170e-01
   5.2700000e+02   1.2973283e-01
   5.2800000e+02   7.2278487e-01
   5.2900000e+02   1.1190432e+00
   5.3000000e+02   4.8705303e-02
   5.3100000e+02  -3.0614835e-01
   5.3200000e+02   1.3288246e+00
   5.3300000e+02   3.2178190e-01
   5.3400000e+02  -8.7648305e-01
   5.3500000e+02  -1.9753383e+00
   5.3600000e+02  -1.4662888e+00
   5.3700000e+02  -7.5843564e-01
   5.3800000e+02  -6.5848588e-01
   5.3900000e+02   2.0379663e-02
   5.4000000e+02   1.1182399e+00
   5.4100000e+02   8.5691904e-01
   5.4200000e+02  -2.0248171e-01
   5.4300000e+02   8.7914572e-01
   5.4400000e+02  -7.2294005e-02
   5.4500000e+02   1.7247524e-01
   5.4600000e+02  -1.7201389e-01
   5.4700000e+02   1.1927852e-01
   5.4800000e+02   1.8806415e+00
   5.4900000e+02   2.3301531e+00
   5.5000000e+02   1.1060499e+00
   5.5100000e+02   1.0217237e-01
   5.5200000e+02   1.6504155e+00
   5.5300000e+02   7.4463209e-01
   5.5400000e+02   1.0003204e+00
   5.5500000e+02   1.2986869e+00
   5.5600000e+02   3.1294660e-03
   5.5700000e+02   3.6985642e-01
   5.5800000e+02   6.1054904e-01
   5.5900000e+02   1.9658354e-01
   5.6000000e+02   3.5530300e-01
   5.6100000e+02   1.3670220e+00
   5.6200000e+02   2.7982640e-01
   5.6300000e+02  -4.3354892e-01
   5.6400000e+02  -1.1501001e+00
   5.6500000e+02  -3.2254050e-01
   5.6600000e+02  -1.9475253e+00
   5.6700000e+02  -1.2758944e+00
   5.6800000e+02  -1.5026447e-01
   5.6900000e+02  -1.1831024e-01
   5.7000000e+02   1.1497484e-01
   5.7100000e+02   2.6489595e-01
   5.7200000e+02  -6.5402904e-01
   5.7300000e+02   2.8838329e-01
   5.7400000e+02  -4.7437536e-02
   5.7500000e+02  -1.6624852e+00
   5.7600000e+02   9.3477449e-02
   5.7700000e+02  -8.4384859e-01
   5.7800000e+02  -1.5204354e+00
   5.7900000e+02   5.8523119e-01
   5.8000000e+02   2.7684559e-02
   5.8100000e+02  -9.6839234e-01
   5.8200000e+02   1.1071413e-01
   5.8300000e+02   8.5592242e-01
   5.8400000e+02  -4.1105325e-01
   5.8500000e+02  -2.7062895e-01
   5.8600000e+02   1.9813029e-01
   5.8700000e+02   5.3766829e-01
   5.8800000e+02  -1.1689988e+00
   5.8900000e+02  -1.0456933e+00
   5.9000000e+02  -1.8633785e-01
   5.9100000e+02  -2.0639619e+00
   5.9200000e+02  -1.4543156e+00
   5.9300000e+02  -1.1212263e+00
   5.9400000e+02  -1.0251701e+00
   5.9500000e+02   2.6037119e-01
   5.9600000e+02  -3.7085958e-01
   5.9700000e+02  -2.3827913e-01
   5.9800000e+02  -1.0984618e+00
   5.9900000e+02   8.7279608e-02
   6.0000000e+02  -7.0010456e-01
   6.0100000e+02  -1.7680936e+00
   6.0200000e+02  -9.0419411e-01
   6.0300000e+02   3.8926789e-01
   6.0400000e+02   1.6870981e-01
   6.0500000e+02  -1.7153640e-01
   6.0600000e+02  -9.2155456e-02
   6.0700000e+02  -1.4635465e+00
   6.0800000e+02  -5.5825093e-01
   6.0900000e+02  -1.7023005e+00
   6.1000000e+02  -7.8261011e-01
   6.1100000e+02  -9.9852292e-01
   6.1200000e+02  -9.1186554e-01
   6.1300000e+02  -9.9673097e-01
   6.1400000e+02  -1.9918755e+00
   6.1500000e+02  -6.2389280e-01
   6.1600000e+02  -1.7238513e+00
   6.1700000e+02  -3.9258305e-01
   6.1800000e+02  -1.2650331e+00
   6.1900000e+02  -1.7218849e+00
   6.2000000e+02  -1.2332111e+00
   6.2100000e+02  -1.7693768e+00
   6.2200000e+02  -1.2188334e+00
   6.2300000e+02  -8.3848619e-01
   6.2400000e+02  -1.6869848e+00
   6.2500000e+02  -1.1821790e+00
   6.2600000e+02  -1.0004379e+00
   6.2700000e+02  -8.4906835e-01
   6.2800000e+02  -4.4100743e-01
   6.2900000e+02  -6.6070259e-01
   6.3000000e+02  -9.6840699e-01
   6.3100000e+02  -9.0633200e-01
   6.3200000e+02  -5.9334585e-01
   6.3300000e+02  -1.5574255e-01
   6.3400000e+02  -9.3783568e-01
   6.3500000e+02  -7.1869528e-01
   6.3600000e+02  -8.7631719e-02
   6.3700000e+02   1.0112616e+00
   6.3800000e+02  -5.0142436e-02
   6.3900000e+02  -1.7313620e-01
   6.4000000e+02  -1.6699767e+00
   6.4100000e+02  -2.7703239e+00
   6.4200000e+02  -1.1156677e+00
   6.4300000e+02  -7.4591177e-01
   6.4400000e+02  -1.3437827e+00
   6.4500000e+02   5.5108186e-02
   6.4600000e+02  -1.1706363e+00
   6.4700000e+02  -1.6101791e+00
   6.4800000e+02  -9.0034822e-03
   6.4900000e+02   4.4897635e-01
   6.5000000e+02  -8.0527892e-01
   6.5100000e+02  -1.4870495e+00
   6.5200000e+02  -2.4594704e+00
   6.5300000e+02  -1.9810614e+00
   6.5400000e+02  -1.1661503e+00
   6.5500000e+02  -5.0497402e-02
   6.5600000e+02  -6.5793765e-01
   6.5700000e+02  -4.0701919e-01
   6.5800000e+02   4.1805256e-01
   6.5900000e+02   1.9575427e-01
   6.6000000e+02  -2.1182540e-01
   6.6100000e+02  -1.3330669e-01
   6.6200000e+02  -1.2340916e-01
   6.6300000e+02   4.2223161e-01
   6.6400000e+02   1.0020005e+00
   6.6500000e+02   9.9277724e-03
   6.6600000e+02  -9.3646470e-01
   6.6700000e+02  -1.4157713e-01
   6.6800000e+02   2.5349202e-01
   6.6900000e+02  -1.4054377e+00
   6.7000000e+02  -1.0883889e+00
   6.7100000e+02  -1.3568785e+00
   6.7200000e+02  -9.8896753e-01
   6.7300000e+02  -5.4308413e-01
   6.7400000e+02  -1.2558199e+00
   6.7500000e+02  -4.1114923e-01
   6.7600000e+02  -8.3446265e-01
   6.7700000e+02   2.6264514e-01
   6.7800000e+02  -1.0138617e-01
   6.7900000e+02  -7.7767173e-01
   6.8000000e+02  -1.0976061e+00
   6.8100000e+02  -9.7046508e-01
   6.8200000e+02  -2.2338555e+00
   6.8300000e+02  -1.6282150e+00
   6.8400000e+02  -2.4508465e+00
   6.8500000e+02  -1.6435696e+00
   6.8600000e+02  -7.8470581e-01
   6.8700000e+02   1.8548444e-01
   6.8800000e+02  -1.6338393e+00
   6.8900000e+02  -1.3861242e+00
   6.9000000e+02  -1.2667900e+00
   6.9100000e+02  -1.4300894e+00
   6.9200000e+02  -7.7237891e-01
   6.9300000e+02  -1.7602236e+00
   6.9400000e+02  -1.4752102e+00
   6.9500000e+02  -7.9376857e-01
   6.9600000e+02   9.7797538e-02
   6.9700000e+02   1.8191132e-01
   6.9800000e+02  -1.3530748e+00
   6.9900000e+02  -1.7242949e-01
   7.0000000e+02  -1.1830662e+00
   7.0100000e+02  -1.9202149e+00
   7.0200000e+02  -1.0657607e+00
   7.0300000e+02  -7.6677602e-01
   7.0400000e+02   1.9550972e-01
   7.0500000e+02   6.1202893e-01
   7.0600000e+02   5.7471735e-01
   7.0700000e+02   8.0139241e-01
   7.0800000e+02   4.9120766e-01
   7.0900000e+02   2.8646097e-01
   7.1000000e+02   1.7013939e-01
   7.1100000e+02  -5.9184572e-01
   7.1200000e+02  -1.3871097e+00
   7.1300000e+02  -1.0818183e+00
   7.1400000e+02  -8.8253427e-01
   7.1500000e+02  -1.6442275e+00
   7.1600000e+02  -1.1162292e+00
   7.1700000e+02  -1.1683749e+00
   7.1800000e+02  -3.5217565e-01
   7.1900000e+02  -5.3437184e-01
   7.2000000e+02   8.4948481e-01
   7.2100000e+02  -1.7172470e-01
   7.2200000e+02  -9.8420017e-01
   7.2300000e+02  -3.1181807e-01
   7.2400000e+02  -1.5390805e+00
   7.2500000e+02  -8.4946790e-01
   7.2600000e+02  -1.7417583e+00
   7.2700000e+02  -2.0169125e+00
   7.2800000e+02  -2.1123059e+00
   7.2900000e+02  -2.6560254e+00
   7.3000000e+02  -1.3523793e+00
   7.3100000e+02  -1.8665033e+00
   7.3200000e+02  -2.4519974e+00
   7.3300000e+02  -1.5900837e+00
   7.3400000e+02  -1.9870217e+00
   7.3500000e+02  -1.8528970e+00
   7.3600000e+02  -1.4546901e+00
   7.3700000e+02  -7.2757807e-01
   7.3800000e+02  -1.7226271e+00
   7.3900000e+02  -1.6089871e+00
   7.4000000e+02  -1.1683418e+00
   7.4100000e+02  -1.9591407e+00
   7.4200000e+02  -1.9827869e+00
   7.4300000e+02   1.4267115e-01
   7.4400000e+02   8.0609809e-02
   7.4500000e+02  -1.1732794e+00
   7.4600000e+02   1.1255972e-01
   7.4700000e+02  -4.1804473e-01
   7.4800000e+02   3.6497187e-01
   7.4900000e+02   5.8220691e-01
   7.5000000e+02  -6.3192275e-01
   7.5100000e+02  -1.5109103e+00
   7.5200000e+02  -1.1764072e+00
   7.5300000e+02  -2.1945145e+00
   7.5400000e+02  -2.3930351e-01
   7.5500000e+02  -1.2222494e+00
   7.5600000e+02  -3.4931113e-01
   7.5700000e+02  -1.5081431e+00
   7.5800000e+02  -9.5965605e-01
   7.5900000e+02   3.2689567e-01
   7.6000000e+02  -1.5741332e+00
   7.6100000e+02  -1.0854953e+00
   7.6200000e+02   9.8381250e-02
   7.6300000e+02   6.7412765e-01
   7.6400000e+02   1.3167885e+00
   7.6500000e+02   2.7849132e-01
   7.6600000e+02   5.1728198e-02
   7.6700000e+02   1.7614145e-01
   7.6800000e+02  -2.6395181e-01
   7.6900000e+02  -5.9894201e-01
   7.7000000e+02  -1.0978635e+00
   7.7100000e+02  -5.8198061e-01
   7.7200000e+02   1.0433834e+00
   7.7300000e+02   1.5639921e+00
   7.7400000e+02  -8.8280720e-01
   7.7500000e+02  -1.0717553e+00
   7.7600000e+02  -1.2395254e+00
   7.7700000e+02  -5.7584361e-01
   7.7800000e+02   1.3544657e-01
   7.7900000e+02  -8.3640729e-01
   7.8000000e+02  -7.8949340e-01
   7.8100000e+02  -3.6483392e-01
   7.8200000e+02  -1.6579181e+00
   7.8300000e+02  -1.0231688e+00
   7.8400000e+02   3.8533419e-01
   7.8500000e+02   1.0957601e-01
   7.8600000e+02   4.5698528e-01
   7.8700000e+02   3.1842804e-01
   7.8800000e+02  -2.7343591e-01
   7.8900000e+02   1.8449482e+00
   7.9000000e+02   1.1068425e+00
   7.9100000e+02   1.5474367e+00
   7.9200000e+02   4.9864358e-02
   7.9300000e+02   2.6602137e-01
   7.9400000e+02   2.2645129e-01
   7.9500000e+02   6.5004099e-01
   7.9600000e+02   5.0386662e-01
   7.9700000e+02  -4.1207886e-01
   7.9800000e+02  -6.5588879e-01
   7.9900000e+02  -7.1040478e-01
   8.0000000e+02   3.1602179e-01
   8.0100000e+02  -1.4198285e+00
   8.0200000e+02   4.8415459e-01
   8.0300000e+02   4.7255494e-01
   8.0400000e+02   2.1566052e-01
   8.0500000e+02   1.5745664e-01
   8.0600000e+02   2.5668385e-02
   8.0700000e+02   1.2686343e-01
   8.0800000e+02   1.6298244e+00
   8.0900000e+02   1.5272887e+00
   8.1000000e+02   5.3231711e-01
   8.1100000e+02   6.0257941e-01
   8.1200000e+02   2.6534602e-01
   8.1300000e+02  -9.7709733e-01
   8.1400000e+02  -1.4189322e+00
   8.1500000e+02  -5.0555298e-01
   8.1600000e+02   4.7953480e-01
   8.1700000e+02  -6.6787362e-01
   8.1800000e+02  -5.3939133e-01
   8.1900000e+02   5.9519060e-01
   8.2000000e+02  -8.9049421e-01
   8.2100000e+02  -1.3494147e+00
   8.2200000e+02  -3.9524104e-01
   8.2300000e+02  -6.0870925e-01
   8.2400000e+02  -1.8572057e+00
   8.2500000e+02  -7.7952646e-01
   8.2600000e+02  -4.6039912e-01
   8.2700000e+02  -5.5703043e-01
   8.2800000e+02  -1.1635959e+00
   8.2900000e+02  -2.9986397e-01
   8.3000000e+02  -1.6059184e+00
   8.3100000e+02  -7.3246997e-02
   8.3200000e+02   3.0684901e-01
   8.3300000e+02  -1.5791582e+00
   8.3400000e+02  -5.0107992e-01
   8.3500000e+02  -2.1931868e+00
   8.3600000e+02  -1.1803023e+00
   8.3700000e+02  -1.7558511e+00
   8.3800000e+02  -1.9085540e+00
   8.3900000e+02  -1.1152284e+00
   8.4000000e+02  -1.2929189e+00
   8.4100000e+02  -2.5497458e+00
   8.4200000e+02  -2.5550884e+00
   8.4300000e+02  -2.0382827e+00
   8.4400000e+02  -1.6088323e+00
   8.4500000e+02  -7.5400751e-01
   8.4600000e+02  -6.6687528e-01
   8.4700000e+02   2.0203821e-01
   8.4800000e+02  -1.1328848e+00
   8.4900000e+02  -1.3705208e+00
   8.5000000e+02  -8.9629296e-01
   8.5100000e+02  -5.4026261e-01
   8.5200000e+02  -6.8707209e-01
   8.5300000e+02  -6.1713507e-01
   8.5400000e+02  -1.3601866e+00
   8.5500000e+02  -1.2838261e+00
   8.5600000e+02  -2.5514639e+00
   8.5700000e+02  -2.5418712e+00
   8.5800000e+02  -2.4211366e+00
   8.5900000e+02  -1.8262730e+00
   8.6000000e+02  -2.2231528e+00
   8.6100000e+02  -2.8948379e+00
   8.6200000e+02  -5.2060518e-01
   8.6300000e+02  -1.1573773e+00
   8.6400000e+02  -3.4400390e-01
   8.6500000e+02  -7.0971869e-01
   8.6600000e+02  -4.4654513e-01
   8.6700000e+02  -2.1510471e-01
   8.6800000e+02   6.7868130e-01
   8.6900000e+02  -1.2333781e+00
   8.7000000e+02  -1.2457783e+00
   8.7100000e+02   8.8827203e-02
   8.7200000e+02   2.1119818e-01
   8.7300000e+02  -5.0577728e-01
   8.7400000e+02  -3.6620427e-01
   8.7500000e+02  -8.1072292e-01
   8.7600000e+02  -2.6241284e+00
   8.7700000e+02  -8.8990948e-01
   8.7800000e+02  -2.6290968e-01
   8.7900000e+02   1.3458292e+00
   8.8000000e+02  -1.1097453e-01
   8.8100000e+02   6.6123534e-02
   8.8200000e+02  -5.1883056e-01
   8.8300000e+02  -5.3453862e-01
   8.8400000e+02  -9.3160414e-01
   8.8500000e+02  -1.0242213e+00
   8.8600000e+02  -1.2918512e+00
   8.8700000e+02  -8.5240254e-01
   8.8800000e+02  -2.2538127e+00
   8.8900000e+02  -8.3433077e-01
   8.9000000e+02  -8.6479117e-01
   8.9100000e+02  -1.1190014e+00
   8.9200000e+02  -1.9864105e+00
   8.9300000e+02  -1.7053133e+00
   8.9400000e+02  -3.6723058e-01
   8.9500000e+02  -5.7058542e-01
   8.9600000e+02  -9.4872718e-01
   8.9700000e+02  -1.6121130e+00
   8.9800000e+02  -1.5033805e+00
   8.9900000e+02  -3.2256639e+00
   9.0000000e+02  -2.0275393e+00
   9.0100000e+02  -1.7088883e+00
   9.0200000e+02  -3.0794797e+00
   9.0300000e+02  -1.2695802e+00
   9.0400000e+02  -1.9038096e+00
   9.0500000e+02  -1.1470482e+00
   9.0600000e+02  -1.5110384e+00
   9.0700000e+02  -2.7164995e-01
   9.0800000e+02  -1.0746334e+00
   9.0900000e+02  -4.9685727e-01
   9.1000000e+02  -1.0553075e+00
   9.1100000e+02  -7.9924775e-01
   9.1200000e+02  -9.5400771e-02
   9.1300000e+02  -4.4011813e-01
   9.1400000e+02   3.0850291e-01
   9.1500000e+02   1.1997336e-01
   9.1600000e+02  -7.5019555e-01
   9.1700000e+02  -1.0043066e+00
   9.1800000e+02   1.1450148e+00
   9.1900000e+02   8.0644210e-02
   9.2000000e+02  -7.1822600e-01
   9.2100000e+02   3.8470435e-02
   9.2200000e+02  -3.5021653e-01
   9.2300000e+02   5.0802845e-01
   9.2400000e+02  -2.7298944e-01
   9.2500000e+02  -1.1722466e+00
   9.2600000e+02  -1.2856861e+00
   9.2700000e+02  -1.2451766e+00
   9.2800000e+02   4.8131177e-01
   9.2900000e+02  -2.6894504e-01
   9.3000000e+02  -1.4598433e-01
   9.3100000e+02  -2.0546811e-01
   9.3200000e+02  -2.7195778e-01
   9.3300000e+02   1.1953848e-01
   9.3400000e+02  -6.2535566e-01
   9.3500000e+02   3.3888765e-01
   9.3600000e+02  -9.0485880e-01
   9.3700000e+02  -8.7648328e-01
   9.3800000e+02   1.0476706e+00
   9.3900000e+02   1.3266736e+00
   9.4000000e+02  -4.8280162e-01
   9.4100000e+02  -4.1376746e-01
   9.4200000e+02  -4.9593662e-01
   9.4300000e+02  -5.7054948e-01
   9.4400000e+02   3.3465166e-01
   9.4500000e+02   7.2809965e-01
   9.4600000e+02   4.1977569e-01
   9.4700000e+02   4.0793216e-01
   9.4800000e+02   1.3160429e-01
   9.4900000e+02  -9.0715569e-01
   9.5000000e+02  -1.4640454e+00
   9.5100000e+02  -1.3033859e+00
   9.5200000e+02  -1.8555247e+00
   9.5300000e+02  -6.5594595e-01
   9.5400000e+02  -1.8450264e-01
   9.5500000e+02   1.1752564e-01
   9.5600000e+02   2.7416080e-01
   9.5700000e+02  -3.6628273e-01
   9.5800000e+02  -4.7148719e-01
   9.5900000e+02  -5.0418206e-01
   9.6000000e+02  -2.3042519e-01
   9.6100000e+02   1.9454763e-01
   9.6200000e+02  -1.4239162e+00
   9.6300000e+02  -1.4892594e+00
   9.6400000e+02  -5.0891130e-02
   9.6500000e+02  -5.9144886e-01
   9.6600000e+02   6.6920496e-01
   9.6700000e+02   4.5274144e-01
   9.6800000e+02  -5.7590955e-01
   9.6900000e+02  -6.2117036e-02
   9.7000000e+02  -7.2615488e-01
   9.7100000e+02  -5.5593831e-01
   9.7200000e+02  -7.2400691e-01
   9.7300000e+02  -8.3389114e-01
   9.7400000e+02  -3.9322345e-01
   9.7500000e+02   9.0076358e-02
   9.7600000e+02  -6.3037441e-01
   9.7700000e+02  -1.4861133e+00
   9.7800000e+02  -3.2546688e-02
   9.7900000e+02  -3.0755602e-01
   9.8000000e+02  -1.8947826e+00
   9.8100000e+02  -3.9013400e-01
   9.8200000e+02   1.8377476e-01
   9.8300000e+02  -5.8948135e-01
   9.8400000e+02  -5.4751441e-01
   9.8500000e+02  -1.4353954e+00
   9.8600000e+02  -2.4085908e+00
   9.8700000e+02  -9.3442674e-01
   9.8800000e+02  -2.3029349e+00
   9.8900000e+02  -1.9354715e+00
   9.9000000e+02  -8.5093194e-01
   9.9100000e+02  -1.8366081e+00
   9.9200000e+02  -1.5733553e+00
   9.9300000e+02  -1.6829015e+00
   9.9400000e+02  -5.7164867e-01
   9.9500000e+02  -1.6623280e+00
   9.9600000e+02  -3.3918812e-01
   9.9700000e+02  -3.9642721e-02
   9.9800000e+02  -1.8186450e+00
   9.9900000e+02  -1.0613307e+00
   1.0000000e+03  -1.0193848e+00
   1.0010000e+03  -1.7292222e+00
   1.0020000e+03  -8.6118420e-01
   1.0030000e+03  -1.9704295e-01
   1.0040000e+03  -3.2343839e-01
   1.0050000e+03  -1.2198379e+00
   1.0060000e+03  -1.5136936e+00
   1.0070000e+03  -6.2633906e-01
   1.0080000e+03  -1.0382320e+00
   1.0090000e+03  -1.2277926e+00
   1.0100000e+03  -1.1671078e+00
   1.0110000e+03  -1.6178390e+00
   1.0120000e+03  -1.7204091e+00
   1.0130000e+03  -8.4028268e-01
   1.0140000e+03  -1.9882377e-01
   1.0150000e+03  -1.7312680e+00
   1.0160000e+03  -6.6842289e-01
   1.0170000e+03  -1.3648185e+00
   1.0180000e+03   1.0713365e-01
   1.0190000e+03   1.8395448e-01
   1.0200000e+03  -5.1949769e-01
   1.0210000e+03  -1.1931485e-01
   1.0220000e+03   4.9142685e-01
   1.0230000e+03  -4.4149380e-01
   1.0240000e+03  -1.5131807e-01
   1.0250000e+03   2.8561444e-01
   1.0260000e+03  -2.5915308e-01
   1.0270000e+03  -1.0752988e+00
   1.0280000e+03  -1.4100708e+00
   1.0290000e+03  -8.7589233e-01
   1.0300000e+03  -4.2918237e-01
   1.0310000e+03  -1.6200157e+00
   1.0320000e+03  -1.4376239e+00
   1.0330000e+03  -8.4903291e-01
   1.0340000e+03  -7.3890908e-01
   1.0350000e+03  -1.1623225e-01
   1.0360000e+03  -5.3471246e-01
   1.0370000e+03  -9.6023278e-01
   1.0380000e+03  -3.8241802e-01
   1.0390000e+03  -8.8632938e-01
   1.0400000e+03   5.6200586e-01
   1.0410000e+03  -2.4523672e-01
   1.0420000e+03   2.6516305e-01
   1.0430000e+03   8.5845924e-01
   1.0440000e+03  -3.0755439e-01
   1.0450000e+03  -1.1096128e+00
   1.0460000e+03  -4.0370234e-01
   1.0470000e+03   5.5910752e-01
   1.0480000e+03   1.1050054e+00
   1.0490000e+03   2.5239699e-01
   1.0500000e+03   8.5577569e-01
   1.0510000e+03   1.1752602e+00
   1.0520000e+03  -4.3237351e-01
   1.0530000e+03  -1.1670336e+00
   1.0540000e+03  -1.4958611e-01
   1.0550000e+03  -5.9535879e-01
   1.0560000e+03  -7.3527109e-01
   1.0570000e+03  -8.2517370e-01
   1.0580000e+03  -1.3595689e+00
   1.0590000e+03  -2.1179100e+00
   1.0600000e+03  -2.1498689e+00
   1.0610000e+03  -1.3283479e+00
   1.0620000e+03  -7.5907552e-01
   1.0630000e+03  -4.6798346e-01
   1.0640000e+03  -8.7379757e-01
   1.0650000e+03  -1.9604768e-01
   1.0660000e+03  -1.5273867e+00
   1.0670000e+03   2.3510579e-01
   1.0680000e+03  -1.8743216e+00
   1.0690000e+03  -1.9162157e+00
   1.0700000e+03  -7.6453234e-01
   1.0710000e+03  -8.1357723e-01
   1.0720000e+03  -5.6965611e-01
   1.0730000e+03   1.8618199e-01
   1.0740000e+03  -1.6926080e+00
   1.0750000e+03  -1.0738251e+00
   1.0760000e+03   4.3289147e-01
   1.0770000e+03   9.7348780e-01
   1.0780000e+03   6.9361609e-01
   1.0790000e+03  -8.0223027e-01
   1.0800000e+03  -1.1556266e+00
   1.0810000e+03   4.7410607e-02
   1.0820000e+03  -1.1118606e+00
   1.0830000e+03   6.8405788e-01
   1.0840000e+03  -1.5341712e-01
   1.0850000e+03  -5.3158694e-01
   1.0860000e+03  -4.9304808e-01
   1.0870000e+03  -2.5551901e-01
   1.0880000e+03  -8.0112637e-01
   1.0890000e+03   6.1167037e-01
   1.0900000e+03   8.4673820e-01
   1.0910000e+03  -1.3349554e-01
   1.0920000e+03  -1.2480969e+00
   1.0930000e+03  -3.2308500e-01
   1.0940000e+03  -5.0322800e-01
   1.0950000e+03  -3.5526840e-01
   1.0960000e+03  -4.4549652e-01
   1.0970000e+03  -1.0051133e-02
   1.0980000e+03   3.8149829e-01
   1.0990000e+03   3.4358415e-01
   1.1000000e+03  -1.7104791e+00
   1.1010000e+03   1.8627545e-01
   1.1020000e+03   9.4116780e-01
   1.1030000e+03  -1.4887887e+00
   1.1040000e+03  -1.3723006e+00
   1.1050000e+03  -6.0886769e-02
   1.1060000e+03  -1.6411975e+00
   1.1070000e+03  -8.8342416e-01
   1.1080000e+03  -3.7122104e-01
   1.1090000e+03  -1.2391882e+00
   1.1100000e+03   6.2052046e-01
   1.1110000e+03   1.2431128e+00
   1.1120000e+03   1.1732750e+00
   1.1130000e+03   1.0256022e+00
   1.1140000e+03   7.7512290e-01
   1.1150000e+03   8.6208584e-01
   1.1160000e+03   6.5449154e-01
   1.1170000e+03   1.9752238e+00
   1.1180000e+03   7.1616616e-01
   1.1190000e+03   1.2336924e+00
   1.1200000e+03   3.6049547e-01
   1.1210000e+03   3.7427726e-01
   1.1220000e+03  -3.8843612e-01
   1.1230000e+03   4.7678015e-01
   1.1240000e+03  -4.5156639e-01
   1.1250000e+03  -7.0594864e-01
   1.1260000e+03  -1.6309412e+00
   1.1270000e+03  -2.0400488e+00
   1.1280000e+03  -1.6646669e+00
   1.1290000e+03  -2.5434398e+00
   1.1300000e+03  -2.6012125e+00
   1.1310000e+03  -5.8509057e-01
   1.1320000e+03  -5.4983285e-01
   1.1330000e+03   4.8875971e-01
   1.1340000e+03  -1.4673905e+00
   1.1350000e+03  -4.8645327e-01
   1.1360000e+03  -2.4651321e-01
   1.1370000e+03  -1.2392705e-01
   1.1380000e+03  -1.4401310e+00
   1.1390000e+03  -9.4347731e-02
   1.1400000e+03   1.9749792e+00
   1.1410000e+03   1.9951864e+00
   1.1420000e+03   7.8414695e-01
   1.1430000e+03   9.6859679e-01
   1.1440000e+03  -5.0174380e-01
   1.1450000e+03   2.9923191e-01
   1.1460000e+03   1.2215378e+00
   1.1470000e+03   5.6816610e-01
   1.1480000e+03   1.3199558e+00
   1.1490000e+03   6.4645938e-01
   1.1500000e+03   1.0889603e-01
   1.1510000e+03   1.8976276e+00
   1.1520000e+03   2.3007878e+00
   1.1530000e+03   1.3560427e+00
   1.1540000e+03   2.1043429e+00
   1.1550000e+03   1.6312527e+00
   1.1560000e+03   1.5077445e+00
   1.1570000e+03   6.9957581e-01
   1.1580000e+03   1.1474387e+00
   1.1590000e+03   1.0312261e+00
   1.1600000e+03   3.2167391e-01
   1.1610000e+03  -1.1525070e+00
   1.1620000e+03  -3.8455632e-01
   1.1630000e+03   2.7170855e-01
   1.1640000e+03  -4.7325798e-01
   1.1650000e+03  -3.3938807e-01
   1.1660000e+03   2.2078254e-01
   1.1670000e+03   1.4509225e-01
   1.1680000e+03  -4.1526459e-01
   1.1690000e+03  -6.6562886e-01
   1.1700000e+03   1.3537145e-01
   1.1710000e+03  -9.3118025e-01
   1.1720000e+03  -4.7247601e-01
   1.1730000e+03  -9.8582554e-01
   1.1740000e+03  -1.9518047e+00
   1.1750000e+03  -1.9210172e+00
   1.1760000e+03  -3.8644530e-01
   1.1770000e+03  -1.7341763e+00
   1.1780000e+03  -1.1846326e+00
   1.1790000e+03  -1.9339755e+00
   1.1800000e+03  -1.5912909e+00
   1.1810000e+03  -1.2769872e+00
   1.1820000e+03  -5.7344225e-01
   1.1830000e+03  -1.5948866e+00
   1.1840000e+03  -1.6953623e+00
   1.1850000e+03  -2.0509041e+00
   1.1860000e+03  -1.7130976e+00
   1.1870000e+03  -5.8094609e-01
   1.1880000e+03  -1.9202509e-01
   1.1890000e+03  -1.7133781e-01
   1.1900000e+03  -4.5280153e-01
   1.1910000e+03   7.4843602e-01
   1.1920000e+03   3.4048739e-01
   1.1930000e+03  -5.8159697e-01
   1.1940000e+03  -2.9228334e-01
   1.1950000e+03   5.3422809e-01
   1.1960000e+03   2.8179536e-01
   1.1970000e+03  -8.2221941e-01
   1.1980000e+03  -1.4599769e+00
   1.1990000e+03   7.0322771e-03
   1.2000000e+03   1.1043639e+00
   1.2010000e+03  -3.9731601e-01
   1.2020000e+03  -8.5418652e-01
   1.2030000e+03  -1.0292833e+00
   1.2040000e+03  -1.8199864e+00
   1.2050000e+03  -5.7512189e-01
   1.2060000e+03  -1.0656881e+00
   1.2070000e+03  -7.3795370e-01
   1.2080000e+03   5.3753097e-01
   1.2090000e+03   5.2104560e-01
   1.2100000e+03  -1.1480795e+00
   1.2110000e+03   7.7332805e-01
   1.2120000e+03   3.9119434e-01
   1.2130000e+03  -6.1291000e-01
   1.2140000e+03   3.9215039e-02
   1.2150000e+03   9.8976380e-01
   1.2160000e+03   2.0714593e+00
   1.2170000e+03   2.8625491e+00
   1.2180000e+03   1.2609846e+00
   1.2190000e+03   9.7797089e-01
   1.2200000e+03   1.0805367e+00
   1.2210000e+03   1.1478796e+00
   1.2220000e+03   1.1054673e+00
   1.2230000e+03   1.2623074e+00
   1.2240000e+03   9.8805262e-01
   1.2250000e+03   1.1271632e-01
   1.2260000e+03   3.5541945e-01
   1.2270000e+03   1.1529047e+00
   1.2280000e+03   1.2885307e+00
   1.2290000e+03   1.5704975e-01
   1.2300000e+03   7.7188314e-01
   1.2310000e+03   9.4032842e-01
   1.2320000e+03   1.5232834e+00
   1.2330000e+03   7.2767074e-02
   1.2340000e+03  -1.3134479e+00
   1.2350000e+03  -4.4638632e-01
   1.2360000e+03   1.3386285e+00
   1.2370000e+03   2.7579731e-01
   1.2380000e+03   1.0768220e+00
   1.2390000e+03  -3.1423181e-01
   1.2400000e+03   5.6774722e-01
   1.2410000e+03   1.8715193e+00
   1.2420000e+03   7.4216381e-01
   1.2430000e+03  -7.3297963e-01
   1.2440000e+03   6.5720287e-01
   1.2450000e+03   9.2148271e-02
   1.2460000e+03   1.0990593e+00
   1.2470000e+03   1.2305131e+00
   1.2480000e+03  -3.3315294e-01
   1.2490000e+03  -1.1398094e+00
   1.2500000e+03  -2.9642073e-01
   1.2510000e+03   4.6450466e-01
   1.2520000e+03   1.7452657e+00
   1.2530000e+03   6.0943450e-01
   1.2540000e+03  -8.2399045e-01
   1.2550000e+03  -7.9235925e-01
   1.2560000e+03  -6.1419959e-02
   1.2570000e+03  -9.6903116e-01
   1.2580000e+03  -6.7081509e-01
   1.2590000e+03  -1.5264547e+00
   1.2600000e+03  -2.1591278e+00
   1.2610000e+03  -3.0069986e+00
   1.2620000e+03  -1.7355662e+00
   1.2630000e+03  -1.5590626e+00
   1.2640000e+03  -1.4712696e+00
   1.2650000e+03  -8.2866238e-01
   1.2660000e+03  -2.8763590e-01
   1.2670000e+03  -1.1000097e+00
   1.2680000e+03  -1.4366377e+00
   1.2690000e+03  -2.2429289e+00
   1.2700000e+03  -1.3815407e+00
   1.2710000e+03  -1.5458157e+00
   1.2720000e+03  -7.5656149e-02
   1.2730000e+03  -4.6528072e-01
   1.2740000e+03  -8.6785165e-01
   1.2750000e+03  -7.2962739e-01
   1.2760000e+03  -2.1722860e+00
   1.2770000e+03  -1.5560963e-01
   1.2780000e+03  -2.2416516e-01
   1.2790000e+03  -3.1700634e-01
   1.2800000e+03  -3.0015259e-01
   1.2810000e+03  -7.2771190e-01
   1.2820000e+03  -1.3926810e+00
   1.2830000e+03  -1.1009507e+00
   1.2840000e+03  -2.3427998e+00
   1.2850000e+03  -3.3902494e-01
   1.2860000e+03  -7.0447506e-01
   1.2870000e+03  -8.3929948e-01
   1.2880000e+03  -5.3701350e-01
   1.2890000e+03  -4.2706454e-01
   1.2900000e+03  -1.2926401e-01
   1.2910000e+03  -1.3371475e-01
   1.2920000e+03  -2.2968903e-01
   1.2930000e+03   4.5877731e-02
   1.2940000e+03   6.5575023e-01
   1.2950000e+03   6.5548024e-02
   1.2960000e+03   9.0689517e-01
   1.2970000e+03   1.0810514e+00
   1.2980000e+03   1.2121136e-01
   1.2990000e+03  -9.1059780e-01
   1.3000000e+03  -1.0962991e+00
   1.3010000e+03  -1.7856759e+00
   1.3020000e+03  -1.3902267e+00
   1.3030000e+03  -6.0271301e-01
   1.3040000e+03  -1.5440553e+00
   1.3050000e+03  -7.7669784e-01
   1.3060000e+03  -1.0731159e-01
   1.3070000e+03   8.2263395e-03
   1.3080000e+03  -1.4538506e-01
   1.3090000e+03  -9.0701005e-01
   1.3100000e+03  -1.4610778e+00
   1.3110000e+03  -8.8699253e-01
   1.3120000e+03  -2.3538650e+00
   1.3130000e+03  -1.9710952e+00
   1.3140000e+03  -1.1163560e+00
   1.3150000e+03  -4.9715374e-01
   1.3160000e+03  -2.4577498e+00
   1.3170000e+03  -2.0659736e+00
   1.3180000e+03  -9.9496699e-01
   1.3190000e+03  -3.6456820e-01
   1.3200000e+03   1.1421273e-01
   1.3210000e+03   4.7542131e-03
   1.3220000e+03   3.4116535e-02
   1.3230000e+03  -1.4181453e+00
   1.3240000e+03   7.7915603e-01
   1.3250000e+03   1.9669753e+00
   1.3260000e+03   3.1978606e-01
   1.3270000e+03  -1.1135056e-01
   1.3280000e+03  -4.5426425e-02
   1.3290000e+03   1.2980350e+00
   1.3300000e+03   1.6176977e-01
   1.3310000e+03   1.8570774e+00
   1.3320000e+03  -7.3757518e-01
   1.3330000e+03   3.6891404e-01
   1.3340000e+03   3.9993988e-01
   1.3350000e+03   3.5960741e-01
   1.3360000e+03   4.4026842e-01
   1.3370000e+03   3.1379969e-01
   1.3380000e+03   1.7094792e+00
   1.3390000e+03   1.4992165e+00
   1.3400000e+03  -1.6288690e-01
   1.3410000e+03  -4.7762732e-01
   1.3420000e+03  -1.3512349e+00
   1.3430000e+03  -2.7630147e-01
   1.3440000e+03  -2.9907783e-01
   1.3450000e+03   4.3888177e-01
   1.3460000e+03   5.3371757e-01
   1.3470000e+03   1.0928184e+00
   1.3480000e+03   9.4706353e-01
   1.3490000e+03   1.0817389e+00
   1.3500000e+03  -9.3913388e-03
   1.3510000e+03   3.6624023e-01
   1.3520000e+03   2.1782138e-01
   1.3530000e+03   1.4317324e+00
   1.3540000e+03   3.3682311e-01
   1.3550000e+03   7.7918413e-01
   1.3560000e+03   1.0211333e+00
   1.3570000e+03   1.0197684e+00
   1.3580000e+03   1.3319796e+00
   1.3590000e+03   6.4422700e-01
   1.3600000e+03   1.1863759e+00
   1.3610000e+03   1.3930492e+00
   1.3620000e+03   1.3513057e+00
   1.3630000e+03   3.1788895e-01
   1.3640000e+03   9.8698665e-02
   1.3650000e+03   9.8434251e-01
   1.3660000e+03   1.0462120e+00
   1.3670000e+03   6.7258862e-01
   1.3680000e+03   2.1727048e+00
   1.3690000e+03   2.1344476e+00
   1.3700000e+03   9.9143540e-01
   1.3710000e+03   2.1719728e+00
   1.3720000e+03   1.8884814e+00
   1.3730000e+03   9.3532121e-01
   1.3740000e+03  -2.3119320e-02
   1.3750000e+03   1.9238785e-01
   1.3760000e+03   4.3784555e-01
   1.3770000e+03   1.5747110e-01
   1.3780000e+03   6.1973203e-01
   1.3790000e+03  -3.7813151e-01
   1.3800000e+03  -1.3055559e-01
   1.3810000e+03   1.7278023e-01
   1.3820000e+03   9.2668090e-02
   1.3830000e+03   1.8474226e-01
   1.3840000e+03  -6.4944112e-01
   1.3850000e+03   1.2999656e+00
   1.3860000e+03   1.3192870e+00
   1.3870000e+03   9.6509409e-01
   1.3880000e+03   8.4092986e-01
   1.3890000e+03   1.2649881e+00
   1.3900000e+03   5.4041959e-01
   1.3910000e+03  -2.3880256e-01
   1.3920000e+03  -3.1475146e-01
   1.3930000e+03   1.5979965e+00
   1.3940000e+03   1.4952842e+00
   1.3950000e+03   1.3229637e+00
   1.3960000e+03   1.9742528e+00
   1.3970000e+03   2.9033878e+00
   1.3980000e+03   2.4780231e+00
   1.3990000e+03   1.5152981e+00
   1.4000000e+03   1.5858845e+00
   1.4010000e+03   1.4643117e+00
   1.4020000e+03   1.1587076e+00
   1.4030000e+03   2.1288186e+00
   1.4040000e+03   1.0266840e+00
   1.4050000e+03   8.5812889e-01
   1.4060000e+03   1.4624809e+00
   1.4070000e+03   9.7059698e-01
   1.4080000e+03   1.2078022e+00
   1.4090000e+03   8.9924908e-01
   1.4100000e+03   1.8889981e+00
   1.4110000e+03   1.0410281e+00
   1.4120000e+03   8.9102374e-01
   1.4130000e+03   7.9108114e-01
   1.4140000e+03   3.3190093e-01
   1.4150000e+03   7.8579465e-01
   1.4160000e+03   1.1149672e+00
   1.4170000e+03   2.4636079e+00
   1.4180000e+03   1.4166640e+00
   1.4190000e+03   2.8697429e-01
   1.4200000e+03   2.8775523e-01
   1.4210000e+03   1.6056717e+00
   1.4220000e+03   3.3515018e-01
   1.4230000e+03   6.9259326e-01
   1.4240000e+03   1.1595072e+00
   1.4250000e+03  -3.5379619e-01
   1.4260000e+03   7.2735827e-01
   1.4270000e+03   4.9847264e-01
   1.4280000e+03   4.6355404e-01
   1.4290000e+03   6.0057370e-01
   1.4300000e+03   8.2259950e-01
   1.4310000e+03   1.0573475e+00
   1.4320000e+03   9.3026041e-01
   1.4330000e+03   3.7378319e-01
   1.4340000e+03   5.7686320e-01
   1.4350000e+03   4.9648010e-01
   1.4360000e+03  -1.4925173e-01
   1.4370000e+03  -2.7832025e-01
   1.4380000e+03   1.2644249e-01
   1.4390000e+03   9.6823980e-01
   1.4400000e+03   1.2172586e-01
   1.4410000e+03  -4.5692142e-01
   1.4420000e+03  -1.0599008e+00
   1.4430000e+03   1.3221396e+00
   1.4440000e+03   1.1221449e+00
   1.4450000e+03   1.1769280e+00
   1.4460000e+03   1.9396659e-01
   1.4470000e+03  -2.6798130e-02
   1.4480000e+03  -3.9493395e-02
   1.4490000e+03   1.3523213e+00
   1.4500000e+03  -2.5375362e-02
   1.4510000e+03  -2.6645079e-01
   1.4520000e+03  -5.3606433e-01
   1.4530000e+03  -1.1107216e+00
   1.4540000e+03  -1.1005104e+00
   1.4550000e+03   2.5838316e-02
   1.4560000e+03  -1.4184262e+00
   1.4570000e+03   1.1985900e+00
   1.4580000e+03  -1.0565493e+00
   1.4590000e+03   7.1279574e-01
   1.4600000e+03   1.2887624e+00
   1.4610000e+03   1.3827852e+00
   1.4620000e+03   5.3178571e-01
   1.4630000e+03   5.7991240e-01
   1.4640000e+03   1.0968490e+00
   1.4650000e+03   2.5840012e-01
   1.4660000e+03  -1.4519548e-01
   1.4670000e+03   1.0601212e+00
   1.4680000e+03   4.0158548e-01
   1.4690000e+03   5.7512897e-01
   1.4700000e+03   7.6820756e-01
   1.4710000e+03   2.2311024e-01
   1.4720000e+03   3.5841106e-01
   1.4730000e+03  -1.5526895e+00
   1.4740000e+03  -9.4193003e-01
   1.4750000e+03   3.4207183e-01
   1.4760000e+03  -4.8862123e-01
   1.4770000e+03  -5.3124446e-03
   1.4780000e+03   7.1336352e-01
   1.4790000e+03   1.1641322e+00
   1.4800000e+03   8.5465619e-01
   1.4810000e+03   1.5525768e+00
   1.4820000e+03  -7.9212659e-01
   1.4830000e+03  -6.7363894e-01
   1.4840000e+03  -5.9997915e-01
   1.4850000e+03  -1.2265385e-01
   1.4860000e+03  -9.7519816e-02
   1.4870000e+03  -5.5075987e-02
   1.4880000e+03   8.2648971e-01
   1.4890000e+03   1.2475954e+00
   1.4900000e+03   3.7430400e-01
   1.4910000e+03   7.0526990e-01
   1.4920000e+03   1.4813143e-01
   1.4930000e+03   4.9208005e-01
   1.4940000e+03   6.6209384e-01
   1.4950000e+03  -1.3176800e+00
   1.4960000e+03   1.3606437e+00
   1.4970000e+03   1.0813609e+00
   1.4980000e+03   3.3037203e-01
   1.4990000e+03  -3.2363204e-01
   1.5000000e+03  -1.7334128e+00
   1.5010000e+03  -1.0502641e+00
   1.5020000e+03   2.1066103e-01
   1.5030000e+03  -6.4637748e-01
   1.5040000e+03  -6.7078839e-01
   1.5050000e+03  -7.5604173e-01
   1.5060000e+03  -1.2490328e+00
   1.5070000e+03  -1.1562180e+00
   1.5080000e+03   5.9277865e-01
   1.5090000e+03   2.1862596e-01
   1.5100000e+03  -7.9884086e-02
   1.5110000e+03  -4.1750285e-01
   1.5120000e+03   3.6439438e-01
   1.5130000e+03   7.2821065e-01
   1.5140000e+03  -2.4568757e-01
   1.5150000e+03  -6.5878075e-01
   1.5160000e+03  -1.4933296e+00
   1.5170000e+03  -1.4221043e+00
   1.5180000e+03  -8.8227359e-01
   1.5190000e+03   6.7653236e-02
   1.5200000e+03  -1.1979636e+00
   1.5210000e+03  -8.6510712e-01
   1.5220000e+03  -1.5810298e+00
   1.5230000e+03  -8.5865264e-01
   1.5240000e+03  -8.1051398e-01
   1.5250000e+03  -9.2383709e-01
   1.5260000e+03  -1.7149198e+00
   1.5270000e+03  -2.2827198e+00
   1.5280000e+03  -2.6279522e+00
   1.5290000e+03  -2.1465261e+00
   1.5300000e+03  -1.3986085e+00
   1.5310000e+03  -4.6836201e-01
   1.5320000e+03  -2.5136571e-01
   1.5330000e+03   6.7630054e-02
   1.5340000e+03  -6.1857656e-01
   1.5350000e+03  -8.7713290e-01
   1.5360000e+03   1.4295320e-01
   1.5370000e+03   3.4845100e-01
   1.5380000e+03   1.0680996e+00
   1.5390000e+03  -1.7431455e-02
   1.5400000e+03  -1.1825720e-01
   1.5410000e+03  -2.4354301e-01
   1.5420000e+03  -2.5138616e-01
   1.5430000e+03   1.2814271e+00
   1.5440000e+03   1.4929044e+00
   1.5450000e+03   1.1175141e-01
   1.5460000e+03   1.4118519e+00
   1.5470000e+03   1.7649207e+00
   1.5480000e+03   1.3299555e-01
   1.5490000e+03   1.1841300e+00
   1.5500000e+03  -6.5915182e-01
   1.5510000e+03  -1.2085635e+00
   1.5520000e+03  -1.2180731e+00
   1.5530000e+03  -1.5200172e+00
   1.5540000e+03  -3.2516935e-02
   1.5550000e+03   5.9866209e-01
   1.5560000e+03   1.3414265e+00
   1.5570000e+03   6.8769739e-01
   1.5580000e+03   7.3505058e-01
   1.5590000e+03  -1.1490722e+00
   1.5600000e+03  -1.6120935e+00
   1.5610000e+03  -3.8142757e-01
   1.5620000e+03   4.9251571e-01
   1.5630000e+03  -4.8941314e-01
   1.5640000e+03  -2.2979992e-01
   1.5650000e+03   3.7762477e-01
   1.5660000e+03   5.9385385e-01
   1.5670000e+03  -9.9539533e-01
   1.5680000e+03   1.0648124e+00
   1.5690000e+03   6.2597326e-01
   1.5700000e+03   1.1407258e-01
   1.5710000e+03  -1.6215169e-01
   1.5720000e+03  -2.3970453e-01
   1.5730000e+03  -1.9604939e+00
   1.5740000e+03  -1.0084492e+00
   1.5750000e+03  -1.6763039e+00
   1.5760000e+03  -1.4744165e+00
   1.5770000e+03  -9.5254115e-01
   1.5780000e+03  -1.0003558e+00
   1.5790000e+03  -4.7028239e-01
   1.5800000e+03  -2.0929849e-01
   1.5810000e+03  -7.0799291e-01
   1.5820000e+03   6.8474125e-01
   1.5830000e+03  -7.4245392e-02
   1.5840000e+03   5.7661362e-01
   1.5850000e+03   1.1194850e+00
   1.5860000e+03   6.2099463e-01
   1.5870000e+03  -3.0401809e-01
   1.5880000e+03  -3.7371107e-02
   1.5890000e+03  -3.3146136e-01
   1.5900000e+03  -7.0969743e-01
   1.5910000e+03  -6.0165213e-01
   1.5920000e+03  -1.8832867e+00
   1.5930000e+03  -1.2019129e+00
   1.5940000e+03  -9.7556890e-01
   1.5950000e+03  -3.0990272e-01
   1.5960000e+03  -1.0901264e+00
   1.5970000e+03  -1.0194528e-01
   1.5980000e+03   2.4132707e-01
   1.5990000e+03   9.7772040e-01
   1.6000000e+03   1.0588392e+00
   1.6010000e+03   4.6177298e-01
   1.6020000e+03   7.2748962e-01
   1.6030000e+03  -4.9803714e-01
   1.6040000e+03   9.2018982e-01
   1.6050000e+03  -4.9112411e-01
   1.6060000e+03  -9.2344627e-01
   1.6070000e+03  -3.4115557e-01
   1.6080000e+03  -4.0901721e-01
   1.6090000e+03   1.0713903e-01
   1.6100000e+03   1.0948037e+00
   1.6110000e+03  -1.6037727e-01
   1.6120000e+03  -1.4568158e+00
   1.6130000e+03  -1.8111830e+00
   1.6140000e+03  -2.3147725e+00
   1.6150000e+03  -1.4815140e+00
   1.6160000e+03  -8.5935426e-01
   1.6170000e+03   9.7338786e-01
   1.6180000e+03   1.8485165e-01
   1.6190000e+03   2.4293470e-01
   1.6200000e+03  -4.4546211e-01
   1.6210000e+03   1.1624256e-01
   1.6220000e+03   2.1311539e-01
   1.6230000e+03  -7.0719751e-01
   1.6240000e+03  -3.0212693e+00
   1.6250000e+03  -1.7152310e+00
   1.6260000e+03  -1.3101356e+00
   1.6270000e+03  -1.1350575e+00
   1.6280000e+03  -1.7179775e-01
   1.6290000e+03  -2.7873957e-01
   1.6300000e+03   7.3635290e-02
   1.6310000e+03   9.5068697e-01
   1.6320000e+03  -8.6832525e-01
   1.6330000e+03  -1.6471173e+00
   1.6340000e+03  -1.6946251e+00
   1.6350000e+03  -2.1118692e+00
   1.6360000e+03  -1.3212394e+00
   1.6370000e+03  -1.1762905e+00
   1.6380000e+03  -1.2773463e+00
   1.6390000e+03  -7.9749759e-01
   1.6400000e+03  -1.6459795e+00
   1.6410000e+03  -1.0228999e+00
   1.6420000e+03  -1.8068603e-01
   1.6430000e+03   4.4006767e-01
   1.6440000e+03  -1.8395816e-01
   1.6450000e+03  -1.8901569e+00
   1.6460000e+03  -1.1815060e+00
   1.6470000e+03  -6.4471230e-01
   1.6480000e+03  -1.8820515e+00
   1.6490000e+03  -9.7973723e-01
   1.6500000e+03  -4.8672948e-01
   1.6510000e+03  -1.3853669e+00
   1.6520000e+03  -2.7445952e+00
   1.6530000e+03  -8.0116522e-01
   1.6540000e+03  -2.5071408e-01
   1.6550000e+03  -1.2460637e+00
   1.6560000e+03  -1.0438076e+00
   1.6570000e+03  -2.2283187e+00
   1.6580000e+03  -1.4262634e+00
   1.6590000e+03  -6.1889857e-01
   1.6600000e+03  -5.3668496e-01
   1.6610000e+03  -6.9704557e-01
   1.6620000e+03  -9.7170183e-01
   1.6630000e+03  -2.1185370e+00
   1.6640000e+03  -1.5822185e+00
   1.6650000e+03  -1.7834653e-01
   1.6660000e+03  -2.0975563e+00
   1.6670000e+03  -1.3862242e+00
   1.6680000e+03  -1.5301061e+00
   1.6690000e+03  -6.5263578e-01
   1.6700000e+03  -1.5818917e+00
   1.6710000e+03  -9.9717949e-01
   1.6720000e+03  -6.6427942e-01
   1.6730000e+03  -6.4458699e-01
   1.6740000e+03  -6.5344732e-01
   1.6750000e+03   8.6704713e-01
   1.6760000e+03  -5.0344400e-01
   1.6770000e+03   3.9837789e-01
   1.6780000e+03  -4.0436906e-01
   1.6790000e+03   1.9087118e-01
   1.6800000e+03   7.3792264e-01
   1.6810000e+03   6.4874856e-01
   1.6820000e+03   5.5081020e-02
   1.6830000e+03   5.8537345e-01
   1.6840000e+03   1.2512386e+00
   1.6850000e+03   7.5184602e-01
   1.6860000e+03   3.2309713e-01
   1.6870000e+03   1.1442697e+00
   1.6880000e+03   9.7286144e-01
   1.6890000e+03   1.2569505e+00
   1.6900000e+03   3.6061947e-01
   1.6910000e+03   3.2905978e-01
   1.6920000e+03  -1.0810164e+00
   1.6930000e+03   3.3475193e-02
   1.6940000e+03  -4.3605737e-01
   1.6950000e+03   1.5665564e+00
   1.6960000e+03   2.2896859e-01
   1.6970000e+03   2.4220544e-01
   1.6980000e+03   1.5360983e+00
   1.6990000e+03  -3.1652696e-01
   1.7000000e+03  -2.4912553e-02
   1.7010000e+03  -6.4180148e-01
   1.7020000e+03  -5.6445895e-01
   1.7030000e+03   1.3564142e-01
   1.7040000e+03   1.2338872e+00
   1.7050000e+03   1.0499445e+00
   1.7060000e+03   4.7766701e-01
   1.7070000e+03   6.0287617e-01
   1.7080000e+03   1.0787864e+00
   1.7090000e+03   7.2475534e-01
   1.7100000e+03   2.0343423e+00
   1.7110000e+03   8.7157580e-01
   1.7120000e+03   8.1262720e-01
   1.7130000e+03   8.0284338e-01
   1.7140000e+03   7.2260321e-01
   1.7150000e+03   1.1619675e+00
   1.7160000e+03   9.2705819e-02
   1.7170000e+03   4.3269237e-01
   1.7180000e+03  -2.0398085e-01
   1.7190000e+03  -2.9599869e-01
   1.7200000e+03   1.4655173e-01
   1.7210000e+03  -3.6238787e-01
   1.7220000e+03  -4.4339309e-01
   1.7230000e+03   1.0006496e+00
   1.7240000e+03   8.3122870e-02
   1.7250000e+03   2.4189864e-01
   1.7260000e+03   9.5591549e-01
   1.7270000e+03   7.5065873e-01
   1.7280000e+03  -9.6933673e-02
   1.7290000e+03   3.7042339e-01
   1.7300000e+03   1.7724219e+00
   1.7310000e+03   2.4413289e+00
   1.7320000e+03   1.2873391e+00
   1.7330000e+03   1.4097559e+00
   1.7340000e+03  -9.1105669e-03
   1.7350000e+03   7.7681767e-01
   1.7360000e+03   1.8524058e+00
   1.7370000e+03   1.6116818e+00
   1.7380000e+03   1.7919126e+00
   1.7390000e+03   2.4050164e+00
   1.7400000e+03   2.2678511e+00
   1.7410000e+03   1.9178268e+00
   1.7420000e+03   2.4375122e+00
   1.7430000e+03   5.4379750e-01
   1.7440000e+03   9.3876803e-01
   1.7450000e+03  -1.2048580e-01
   1.7460000e+03   2.3798279e-01
   1.7470000e+03   5.6126931e-01
   1.7480000e+03   1.0469383e+00
   1.7490000e+03   4.8736433e-01
   1.7500000e+03   2.2835378e+00
   1.7510000e+03  -2.5406133e-01
   1.7520000e+03   1.3069007e+00
   1.7530000e+03   1.4382959e+00
   1.7540000e+03   5.8433955e-01
   1.7550000e+03   1.6678077e+00
   1.7560000e+03   1.1698187e+00
   1.7570000e+03   1.2893163e+00
   1.7580000e+03   1.9372748e+00
   1.7590000e+03   1.4470005e+00
   1.7600000e+03   1.5532065e+00
   1.7610000e+03   2.0055998e+00
   1.7620000e+03   8.2678982e-02
   1.7630000e+03   2.3890704e+00
   1.7640000e+03   1.1614680e+00
   1.7650000e+03   2.6204755e-01
   1.7660000e+03   1.2917202e+00
   1.7670000e+03   6.7574500e-01
   1.7680000e+03   6.8620861e-01
   1.7690000e+03  -1.7741068e-01
   1.7700000e+03  -4.2437145e-01
   1.7710000e+03   1.0051727e+00
   1.7720000e+03   7.8423887e-01
   1.7730000e+03   7.4475736e-01
   1.7740000e+03   9.3460319e-01
   1.7750000e+03   1.3769540e+00
   1.7760000e+03   9.0717997e-01
   1.7770000e+03  -1.3716731e-01
   1.7780000e+03  -3.7117393e-01
   1.7790000e+03  -8.9744121e-01
   1.7800000e+03   3.3396168e-01
   1.7810000e+03  -4.9114450e-01
   1.7820000e+03   3.9144465e-01
   1.7830000e+03   9.6036107e-01
   1.7840000e+03   1.2053994e+00
   1.7850000e+03   6.7438540e-01
   1.7860000e+03   3.5397169e-01
   1.7870000e+03   1.1537697e+00
   1.7880000e+03   5.6666148e-01
   1.7890000e+03  -1.7310263e-01
   1.7900000e+03   1.1182088e+00
   1.7910000e+03   1.0491422e+00
   1.7920000e+03   9.4429192e-01
   1.7930000e+03   6.1139706e-01
   1.7940000e+03   1.2638717e+00
   1.7950000e+03   4.8357644e-01
   1.7960000e+03  -8.6790148e-01
   1.7970000e+03   1.5197969e+00
   1.7980000e+03   7.7568972e-01
   1.7990000e+03  -5.8255028e-01
   1.8000000e+03   8.9688837e-02
   1.8010000e+03  -3.0346476e-01
   1.8020000e+03  -1.9566557e+00
   1.8030000e+03  -1.0517137e+00
   1.8040000e+03  -1.0880156e+00
   1.8050000e+03  -1.1168905e+00
   1.8060000e+03  -4.6879168e-01
   1.8070000e+03   1.1090595e+00
   1.8080000e+03   6.0425201e-01
   1.8090000e+03  -1.0984886e+00
   1.8100000e+03  -8.0987174e-01
   1.8110000e+03  -1.9061563e-01
   1.8120000e+03   4.8956737e-02
   1.8130000e+03   2.4633122e-01
   1.8140000e+03  -2.8094398e-01
   1.8150000e+03   9.5104544e-02
   1.8160000e+03  -8.8282537e-01
   1.8170000e+03  -1.0520003e+00
   1.8180000e+03  -6.7994584e-01
   1.8190000e+03  -1.4311432e-01
   1.8200000e+03  -9.6288580e-01
   1.8210000e+03  -1.1473949e+00
   1.8220000e+03   8.5237335e-01
   1.8230000e+03   7.2699825e-01
   1.8240000e+03  -1.0986660e-01
   1.8250000e+03   1.0828063e+00
   1.8260000e+03  -1.6681940e-01
   1.8270000e+03   1.1928976e-01
   1.8280000e+03   4.6273118e-02
   1.8290000e+03  -7.4355579e-01
   1.8300000e+03  -4.8216047e-02
   1.8310000e+03  -5.0597369e-01
   1.8320000e+03  -1.3917700e+00
   1.8330000e+03  -1.1502309e+00
   1.8340000e+03   3.4576510e-02
   1.8350000e+03   1.3968482e+00
   1.8360000e+03   9.9399296e-01
   1.8370000e+03   3.0467523e-01
   1.8380000e+03   8.4734199e-01
   1.8390000e+03   1.3218793e+00
   1.8400000e+03   1.1601341e+00
   1.8410000e+03   1.1417504e+00
   1.8420000e+03  -9.2544327e-02
   1.8430000e+03   1.2605251e+00
   1.8440000e+03   5.6863170e-01
   1.8450000e+03   5.2808547e-01
   1.8460000e+03   1.0237614e+00
   1.8470000e+03  -3.6159252e-01
   1.8480000e+03   1.1392589e+00
   1.8490000e+03   6.5032891e-01
   1.8500000e+03   1.0166217e+00
   1.8510000e+03   1.9709347e+00
   1.8520000e+03   2.7395976e-01
   1.8530000e+03  -7.0087202e-01
   1.8540000e+03  -1.2278210e+00
   1.8550000e+03   1.0943071e-01
   1.8560000e+03   5.4902436e-01
   1.8570000e+03  -6.9682855e-03
   1.8580000e+03  -1.1321040e+00
   1.8590000e+03  -2.4118874e-02
   1.8600000e+03  -1.8930702e+00
   1.8610000e+03  -1.1874810e+00
   1.8620000e+03  -1.4161532e+00
   1.8630000e+03   4.0055473e-01
   1.8640000e+03   4.3481444e-01
   1.8650000e+03  -8.1877613e-01
   1.8660000e+03   9.1599338e-02
   1.8670000e+03  -5.5169913e-01
   1.8680000e+03  -7.4772188e-01
   1.8690000e+03  -3.0893810e-01
   1.8700000e+03  -1.3057550e+00
   1.8710000e+03  -3.2638832e-01
   1.8720000e+03   8.0423415e-01
   1.8730000e+03  -6.9831082e-02
   1.8740000e+03  -1.0959332e+00
   1.8750000e+03  -1.0546030e+00
   1.8760000e+03  -1.3706143e+00
   1.8770000e+03  -9.8482085e-01
   1.8780000e+03  -7.2710036e-01
   1.8790000e+03  -8.2855542e-01
   1.8800000e+03  -9.1901785e-01
   1.8810000e+03   1.4599929e-02
   1.8820000e+03   1.0896020e+00
   1.8830000e+03   9.8196142e-01
   1.8840000e+03   9.7307457e-01
   1.8850000e+03   5.7963521e-01
   1.8860000e+03   1.3651642e-01
   1.8870000e+03   1.2590010e+00
   1.8880000e+03   1.3372788e+00
   1.8890000e+03   2.3751499e-01
   1.8900000e+03   7.2446577e-02
   1.8910000e+03   3.5141548e-01
   1.8920000e+03  -9.0362076e-01
   1.8930000e+03  -7.8948196e-01
   1.8940000e+03  -1.0399899e-02
   1.8950000e+03   2.9204725e-01
   1.8960000e+03  -3.5413698e-01
   1.8970000e+03  -8.4974544e-02
   1.8980000e+03   2.8734529e-01
   1.8990000e+03  -8.4473640e-02
   1.9000000e+03  -4.0167738e-01
   1.9010000e+03   1.0539444e+00
   1.9020000e+03  -1.7459756e-01
   1.9030000e+03  -5.0588978e-01
   1.9040000e+03   9.1913796e-03
   1.9050000e+03   5.0833579e-01
   1.9060000e+03  -3.5837330e-01
   1.9070000e+03  -6.2789221e-01
   1.9080000e+03  -6.5437596e-01
   1.9090000e+03  -2.9448327e-01
   1.9100000e+03  -1.4160001e-01
   1.9110000e+03  -1.5325544e+00
   1.9120000e+03  -1.7755653e+00
   1.9130000e+03  -2.0803955e+00
   1.9140000e+03  -3.2779379e-01
   1.9150000e+03  -5.8620598e-01
   1.9160000e+03  -4.2775203e-01
   1.9170000e+03  -1.9118318e+00
   1.9180000e+03  -1.3881739e+00
   1.9190000e+03  -1.8126957e+00
   1.9200000e+03  -1.5935254e+00
   1.9210000e+03  -8.8862037e-01
   1.9220000e+03  -2.3376430e+00
   1.9230000e+03  -1.0939414e+00
   1.9240000e+03  -2.2677015e+00
   1.9250000e+03  -6.3453165e-01
   1.9260000e+03  -1.1285745e+00
   1.9270000e+03  -2.2571542e+00
   1.9280000e+03  -2.2707314e+00
   1.9290000e+03  -1.6073229e+00
   1.9300000e+03  -7.5135665e-01
   1.9310000e+03  -5.4267809e-01
   1.9320000e+03  -2.2476577e+00
   1.9330000e+03  -2.2123103e+00
   1.9340000e+03  -7.0555631e-01
   1.9350000e+03   3.0723763e-01
   1.9360000e+03  -3.8119857e-02
   1.9370000e+03  -3.5332284e-01
   1.9380000e+03  -5.9761371e-01
   1.9390000e+03  -2.1807586e+00
   1.9400000e+03  -4.5385350e-01
   1.9410000e+03   5.1307580e-01
   1.9420000e+03   1.6044461e-01
   1.9430000e+03   1.0584106e-01
   1.9440000e+03   5.1511796e-01
   1.9450000e+03   1.5126686e-01
   1.9460000e+03  -1.5173296e-01
   1.9470000e+03   3.2135971e-01
   1.9480000e+03  -1.2864834e+00
   1.9490000e+03   2.8135177e-01
   1.9500000e+03  -7.9426478e-01
   1.9510000e+03  -1.2121853e+00
   1.9520000e+03  -1.0863004e+00
   1.9530000e+03   5.7660472e-02
   1.9540000e+03   4.3744227e-01
   1.9550000e+03   4.9183040e-01
   1.9560000e+03   4.8987832e-01
   1.9570000e+03   1.2764523e+00
   1.9580000e+03   1.6349129e+00
   1.9590000e+03   6.3411337e-01
   1.9600000e+03   7.7484282e-01
   1.9610000e+03  -9.4228196e-02
   1.9620000e+03   2.1272808e-01
   1.9630000e+03   8.2544223e-01
   1.9640000e+03  -2.1791528e-01
   1.9650000e+03   4.9534453e-01
   1.9660000e+03   5.0624209e-01
   1.9670000e+03   3.5901470e-01
   1.9680000e+03   1.1312156e+00
   1.9690000e+03   7.8097729e-01
   1.9700000e+03   2.6354163e-01
   1.9710000e+03   8.2830799e-01
   1.9720000e+03  -8.2054236e-02
   1.9730000e+03   7.0584821e-01
   1.9740000e+03   8.2583717e-01
   1.9750000e+03  -2.0495312e-01
   1.9760000e+03  -9.2717637e-01
   1.9770000e+03   9.0935706e-01
   1.9780000e+03   9.8442529e-01
   1.9790000e+03   1.4018292e+00
   1.9800000e+03  -5.4861027e-01
   1.9810000e+03   9.2332039e-01
   1.9820000e+03   9.2635582e-01
   1.9830000e+03   6.9572307e-01
   1.9840000e+03   1.4629345e+00
   1.9850000e+03   7.5231696e-01
   1.9860000e+03   2.8392072e-01
   1.9870000e+03   7.6833215e-01
   1.9880000e+03   6.5593816e-01
   1.9890000e+03   3.1903622e-01
   1.9900000e+03   1.0319750e+00
   1.9910000e+03   5.9252038e-01
   1.9920000e+03   4.2666807e-01
   1.9930000e+03   2.6314182e-01
   1.9940000e+03   2.3673357e-01
   1.9950000e+03   1.3236470e+00
   1.9960000e+03   1.6140380e+00
   1.9970000e+03   6.7806582e-01
   1.9980000e+03   1.0123318e+00
   1.9990000e+03   1.1190315e+00
   2.0000000e+03   6.0145195e-02
   2.0010000e+03   5.2517990e-01
   2.0020000e+03   1.1046801e+00
   2.0030000e+03   2.4266671e+00
   2.0040000e+03   1.7254881e+00
   2.0050000e+03   6.4027304e-01
   2.0060000e+03   2.4007782e+00
   2.0070000e+03   1.6045620e+00
   2.0080000e+03   2.0360085e+00
   2.0090000e+03   1.5223703e+00
   2.0100000e+03   1.4459562e-01
   2.0110000e+03   7.1848432e-01
   2.0120000e+03   1.1899993e+00
   2.0130000e+03   5.6032563e-01
   2.0140000e+03  -1.0531360e+00
   2.0150000e+03   6.2061201e-01
   2.0160000e+03   1.3001013e+00
   2.0170000e+03   3.2098307e-01
   2.0180000e+03   2.7069503e-01
   2.0190000e+03   6.2029122e-01
   2.0200000e+03   1.3170657e+00
   2.0210000e+03   1.3898273e+00
   2.0220000e+03   1.7408385e+00
   2.0230000e+03  -1.4016811e-02
   2.0240000e+03   4.9655569e-01
   2.0250000e+03  -1.3699228e+00
   2.0260000e+03  -1.7719088e-01
   2.0270000e+03   2.8761309e-02
   2.0280000e+03  -2.4542390e-01
   2.0290000e+03  -4.9662897e-01
   2.0300000e+03   1.1514899e+00
   2.0310000e+03   5.9349280e-01
   2.0320000e+03   1.7779388e+00
   2.0330000e+03   1.1974400e+00
   2.0340000e+03  -4.9989505e-01
   2.0350000e+03  -2.3132036e-02
   2.0360000e+03  -5.3279150e-01
   2.0370000e+03  -5.5546715e-01
   2.0380000e+03   4.2211690e-01
   2.0390000e+03   1.1609357e+00
   2.0400000e+03  -6.9102220e-02
   2.0410000e+03   2.1927444e-01
   2.0420000e+03  -1.4154933e+00
   2.0430000e+03  -7.3259595e-01
   2.0440000e+03  -5.5034400e-01
   2.0450000e+03   1.4755423e-01
   2.0460000e+03   6.2005275e-02
   2.0470000e+03   4.2354826e-02
   2.0480000e+03   7.7666277e-01
   2.0490000e+03  -7.6006195e-01
   2.0500000e+03  -9.2278199e-01
   2.0510000e+03   2.1801949e-01
   2.0520000e+03   2.1833809e-01
   2.0530000e+03  -1.4778182e+00
   2.0540000e+03  -8.0682820e-01
   2.0550000e+03  -1.1977228e+00
   2.0560000e+03  -1.4401242e+00
   2.0570000e+03  -1.3977689e+00
   2.0580000e+03  -5.3299715e-02
   2.0590000e+03  -3.6967973e-01
   2.0600000e+03  -5.1969136e-01
   2.0610000e+03  -4.8460169e-01
   2.0620000e+03  -4.4104735e-01
   2.0630000e+03  -3.5974893e-01
   2.0640000e+03  -4.4756676e-01
   2.0650000e+03  -3.4586307e-01
   2.0660000e+03  -2.0811678e-01
   2.0670000e+03  -8.2180877e-01
   2.0680000e+03  -8.6358703e-01
   2.0690000e+03  -9.8666330e-01
   2.0700000e+03  -1.4915696e+00
   2.0710000e+03  -1.6451185e+00
   2.0720000e+03  -2.6092573e-01
   2.0730000e+03  -4.6013342e-01
   2.0740000e+03  -1.5297326e+00
   2.0750000e+03  -1.9280905e+00
   2.0760000e+03  -2.2217189e+00
   2.0770000e+03  -1.2063147e-01
   2.0780000e+03  -2.4823808e-02
   2.0790000e+03  -2.0477898e+00
   2.0800000e+03  -5.5262423e-01
   2.0810000e+03  -2.3462729e-01
   2.0820000e+03  -1.4377608e+00
   2.0830000e+03  -1.0179852e+00
   2.0840000e+03  -3.7267924e-01
   2.0850000e+03  -3.6482685e-01
   2.0860000e+03  -1.3631607e-01
   2.0870000e+03   8.9287607e-01
   2.0880000e+03  -4.7580575e-01
   2.0890000e+03  -9.3580603e-02
   2.0900000e+03  -4.6380600e-02
   2.0910000e+03  -7.1635569e-01
   2.0920000e+03  -1.2312949e+00
   2.0930000e+03  -1.5735140e+00
   2.0940000e+03  -1.4878989e+00
   2.0950000e+03  -1.2573288e+00
   2.0960000e+03   2.1103259e-01
   2.0970000e+03  -4.0093232e-01
   2.0980000e+03  -1.4056488e+00
   2.0990000e+03  -6.2131974e-01
   2.1000000e+03  -1.4065563e+00
   2.1010000e+03  -1.7311857e+00
   2.1020000e+03  -1.8499679e+00
   2.1030000e+03  -9.5287445e-01
   2.1040000e+03  -2.3166673e+00
   2.1050000e+03  -1.9991896e+00
   2.1060000e+03  -3.7934477e-01
   2.1070000e+03  -1.9402783e+00
   2.1080000e+03  -1.7146415e+00
   2.1090000e+03  -2.1605171e+00
   2.1100000e+03  -2.3437463e+00
   2.1110000e+03  -1.5568290e+00
   2.1120000e+03  -1.7968518e+00
   2.1130000e+03  -1.2740018e+00
   2.1140000e+03  -1.3475163e+00
   2.1150000e+03  -3.6976732e-01
   2.1160000e+03  -8.5550002e-01
   2.1170000e+03   4.4802430e-01
   2.1180000e+03   1.4782306e+00
   2.1190000e+03   2.7173860e-01
   2.1200000e+03   8.5593951e-01
   2.1210000e+03  -4.4065885e-02
   2.1220000e+03  -3.9563336e-01
   2.1230000e+03   1.4384127e-01
   2.1240000e+03  -2.1167966e+00
   2.1250000e+03   1.3477547e-01
   2.1260000e+03   4.9480668e-01
   2.1270000e+03   1.1431444e-01
   2.1280000e+03  -4.5116311e-01
   2.1290000e+03   1.1704829e-01
   2.1300000e+03  -3.7631154e-01
   2.1310000e+03  -3.8639885e-01
   2.1320000e+03  -1.2979267e-01
   2.1330000e+03  -6.0077474e-01
   2.1340000e+03   7.5103074e-01
   2.1350000e+03   3.3866279e-02
   2.1360000e+03  -6.8871610e-01
   2.1370000e+03   5.2109619e-01
   2.1380000e+03   1.0410005e+00
   2.1390000e+03   1.4049386e+00
   2.1400000e+03   5.2939188e-01
   2.1410000e+03   2.0308267e-01
   2.1420000e+03  -4.1319486e-01
   2.1430000e+03  -2.8029986e-01
   2.1440000e+03  -4.1873372e-01
   2.1450000e+03   8.8017669e-01
   2.1460000e+03   2.5049311e-01
   2.1470000e+03  -1.0222367e+00
   2.1480000e+03  -6.3552046e-01
   2.1490000e+03   4.4514378e-01
   2.1500000e+03   5.7527593e-01
   2.1510000e+03  -4.3787246e-01
   2.1520000e+03  -8.1300523e-01
   2.1530000e+03   1.2482391e+00
   2.1540000e+03  -1.3232956e-02
   2.1550000e+03  -8.6660813e-01
   2.1560000e+03  -6.7436597e-01
   2.1570000e+03   8.7745791e-02
   2.1580000e+03   1.5247992e+00
   2.1590000e+03   6.6445296e-01
   2.1600000e+03   1.0170300e+00
   2.1610000e+03   2.4097204e+00
   2.1620000e+03   9.0553579e-01
   2.1630000e+03   1.1043103e-01
   2.1640000e+03  -2.7447777e-02
   2.1650000e+03   6.9109629e-01
   2.1660000e+03  -3.6842951e-01
   2.1670000e+03  -5.7408292e-01
   2.1680000e+03  -1.8082513e+00
   2.1690000e+03  -1.2316496e+00
   2.1700000e+03  -1.5955129e+00
   2.1710000e+03   1.7863996e-01
   2.1720000e+03   4.4671484e-01
   2.1730000e+03   7.7319705e-01
   2.1740000e+03   1.4994281e+00
   2.1750000e+03  -4.4783479e-01
   2.1760000e+03  -1.1245118e+00
   2.1770000e+03  -5.2941061e-01
   2.1780000e+03  -1.3794150e-01
   2.1790000e+03  -1.7401674e+00
   2.1800000e+03  -1.7182657e+00
   2.1810000e+03  -1.4109664e+00
   2.1820000e+03  -1.6094139e+00
   2.1830000e+03   1.8233577e-01
   2.1840000e+03  -1.6383708e+00
   2.1850000e+03  -1.3392270e+00
   2.1860000e+03  -5.3078157e-01
   2.1870000e+03  -3.1359188e-01
   2.1880000e+03   7.0957159e-02
   2.1890000e+03  -3.0720979e-02
   2.1900000e+03   1.6616875e-01
   2.1910000e+03  -6.4448949e-02
   2.1920000e+03  -5.8002662e-01
   2.1930000e+03  -4.7419949e-01
   2.1940000e+03   2.9579663e-01
   2.1950000e+03  -3.6451192e-01
   2.1960000e+03  -7.9266835e-01
   2.1970000e+03  -2.4735440e+00
   2.1980000e+03  -1.3752849e+00
   2.1990000e+03  -1.9995247e+00
   2.2000000e+03  -1.5328795e+00
   2.2010000e+03  -1.4878826e+00
   2.2020000e+03  -1.0619298e+00
   2.2030000e+03  -1.0713350e+00
   2.2040000e+03  -1.3908165e+00
   2.2050000e+03  -2.5222739e-01
   2.2060000e+03  -5.3298177e-01
   2.2070000e+03  -1.0269858e+00
   2.2080000e+03  -1.2025745e+00
   2.2090000e+03  -4.1838650e-01
   2.2100000e+03   6.2956249e-01
   2.2110000e+03  -1.7920813e-01
   2.2120000e+03   4.3581592e-01
   2.2130000e+03  -7.0040919e-01
   2.2140000e+03   8.8128143e-02
   2.2150000e+03   2.2730398e-01
   2.2160000e+03   9.0251431e-01
   2.2170000e+03   3.4509573e-01
   2.2180000e+03  -1.3141268e+00
   2.2190000e+03   1.0519277e+00
   2.2200000e+03   1.0405888e+00
   2.2210000e+03   2.1189511e-01
   2.2220000e+03   4.9410896e-01
   2.2230000e+03   3.9333375e-01
   2.2240000e+03   1.0020791e+00
   2.2250000e+03   3.4065664e-01
   2.2260000e+03   3.2174106e-01
   2.2270000e+03   1.1901774e+00
   2.2280000e+03  -4.9888345e-01
   2.2290000e+03   7.1053117e-02
   2.2300000e+03  -3.0538977e-01
   2.2310000e+03   1.2801077e+00
   2.2320000e+03   1.6637436e+00
   2.2330000e+03   2.8545718e-01
   2.2340000e+03   1.5271544e+00
   2.2350000e+03   4.3313322e-01
   2.2360000e+03  -1.3136361e+00
   2.2370000e+03   7.5096669e-01
   2.2380000e+03  -1.5249392e-02
   2.2390000e+03  -2.4457574e-01
   2.2400000e+03  -7.9475446e-02
   2.2410000e+03   6.4337369e-01
   2.2420000e+03   2.9471652e-01
   2.2430000e+03   1.3632853e+00
   2.2440000e+03   4.4884091e-01
   2.2450000e+03   1.7563440e+00
   2.2460000e+03   1.7467716e+00
   2.2470000e+03   5.2651437e-01
   2.2480000e+03   1.5834833e+00
   2.2490000e+03   6.6292695e-01
   2.2500000e+03   1.0550465e-01
   2.2510000e+03  -8.3679323e-01
   2.2520000e+03  -3.7824955e-01
   2.2530000e+03   6.6448925e-01
   2.2540000e+03   2.8229491e-02
   2.2550000e+03  -1.2489732e+00
   2.2560000e+03  -6.5519907e-01
   2.2570000e+03  -8.9501724e-01
   2.2580000e+03  -7.9925657e-01
   2.2590000e+03   2.9406074e-01
   2.2600000e+03   7.3888243e-01
   2.2610000e+03  -9.7896189e-02
   2.2620000e+03   4.6148765e-01
   2.2630000e+03   2.5383312e-01
   2.2640000e+03   1.0555487e+00
   2.2650000e+03  -2.2407557e-02
   2.2660000e+03   4.2732543e-01
   2.2670000e+03  -2.2843060e-01
   2.2680000e+03  -1.6087893e-01
   2.2690000e+03   1.2390792e-01
   2.2700000e+03  -7.1527243e-01
   2.2710000e+03  -8.7244157e-01
   2.2720000e+03   4.0092274e-01
   2.2730000e+03   6.0701508e-01
   2.2740000e+03   1.8128641e+00
   2.2750000e+03   1.0641757e+00
   2.2760000e+03   6.2302926e-01
   2.2770000e+03   5.2293264e-01
   2.2780000e+03  -2.7315546e-01
   2.2790000e+03  -7.7931518e-01
   2.2800000e+03  -1.1540428e+00
   2.2810000e+03  -3.6003445e-01
   2.2820000e+03  -1.2005036e-01
   2.2830000e+03  -9.1380793e-01
   2.2840000e+03  -1.6101903e+00
   2.2850000e+03  -1.0747351e+00
   2.2860000e+03  -1.6538179e+00
   2.2870000e+03  -1.5134442e+00
   2.2880000e+03  -6.3121033e-01
   2.2890000e+03  -1.8740544e+00
   2.2900000e+03  -5.5937802e-01
   2.2910000e+03  -1.2365396e+00
   2.2920000e+03  -8.1599485e-01
   2.2930000e+03  -6.5880077e-01
   2.2940000e+03  -1.1933546e+00
   2.2950000e+03  -7.1820115e-01
   2.2960000e+03   2.1287130e-01
   2.2970000e+03   2.4356913e-01
   2.2980000e+03  -5.5760519e-01
   2.2990000e+03   2.4116803e-01
   2.3000000e+03  -1.2384164e+00
   2.3010000e+03   2.2972658e-02
   2.3020000e+03  -3.1975863e-01
   2.3030000e+03   9.6385758e-02
   2.3040000e+03   4.1283281e-01
   2.3050000e+03  -7.1464458e-01
   2.3060000e+03  -2.3550049e-01
   2.3070000e+03  -1.4833612e+00
   2.3080000e+03  -5.6221457e-01
   2.3090000e+03  -8.1806471e-01
   2.3100000e+03  -7.8407520e-01
   2.3110000e+03  -1.0843340e+00
   2.3120000e+03  -1.4527915e+00
   2.3130000e+03  -1.6322015e-01
   2.3140000e+03  -1.3701345e+00
   2.3150000e+03  -4.3653386e-02
   2.3160000e+03  -1.1042399e+00
   2.3170000e+03  -8.0416763e-01
   2.3180000e+03   1.0335884e-01
   2.3190000e+03  -8.5508123e-01
   2.3200000e+03   2.9819112e-01
   2.3210000e+03  -1.1411679e+00
   2.3220000e+03  -7.5992316e-01
   2.3230000e+03   3.1407796e-01
   2.3240000e+03  -6.8424212e-01
   2.3250000e+03  -1.7643248e+00
   2.3260000e+03   6.4705562e-01
   2.3270000e+03   3.6710468e-01
   2.3280000e+03  -6.1067400e-01
   2.3290000e+03   7.3194340e-02
   2.3300000e+03  -1.0800557e+00
   2.3310000e+03  -1.0669029e+00
   2.3320000e+03   5.3720255e-01
   2.3330000e+03   1.0904815e-01
   2.3340000e+03   2.2436220e-01
   2.3350000e+03  -2.5347769e-01
   2.3360000e+03  -8.6327811e-02
   2.3370000e+03   8.0092979e-01
   2.3380000e+03  -1.0558843e-01
   2.3390000e+03  -2.3180052e-01
   2.3400000e+03  -1.5616674e-01
   2.3410000e+03   4.6039344e-01
   2.3420000e+03  -8.0085254e-01
   2.3430000e+03  -7.0017872e-01
   2.3440000e+03  -6.1473599e-01
   2.3450000e+03  -9.7772310e-01
   2.3460000e+03  -1.7917553e+00
   2.3470000e+03  -4.3186771e-01
   2.3480000e+03  -1.0236496e+00
   2.3490000e+03   2.7684019e-01
   2.3500000e+03   8.9940909e-02
   2.3510000e+03  -8.3401600e-01
   2.3520000e+03  -4.2661372e-01
   2.3530000e+03  -9.0066393e-01
   2.3540000e+03  -4.8571944e-01
   2.3550000e+03  -3.7725026e-01
   2.3560000e+03  -2.8350435e-01
   2.3570000e+03  -6.6928513e-02
   2.3580000e+03   8.4797915e-01
   2.3590000e+03  -1.0696935e+00
   2.3600000e+03  -2.3360256e-01
   2.3610000e+03   7.4461004e-01
   2.3620000e+03   1.0800386e+00
   2.3630000e+03   1.3733417e+00
   2.3640000e+03   3.8122113e-01
   2.3650000e+03   1.3066977e-01
   2.3660000e+03  -5.7495178e-01
   2.3670000e+03   7.6881183e-01
   2.3680000e+03   1.0950171e-02
   2.3690000e+03   1.2346332e-01
   2.3700000e+03   6.9799848e-01
   2.3710000e+03   1.0900663e+00
   2.3720000e+03  -1.8340696e-01
   2.3730000e+03  -7.1835554e-01
   2.3740000e+03   1.9356018e-01
   2.3750000e+03  -2.0040586e-01
   2.3760000e+03   2.7944529e-02
   2.3770000e+03   2.1982930e-01
   2.3780000e+03   2.1458728e-01
   2.3790000e+03  -1.3327069e+00
   2.3800000e+03  -1.7236035e-01
   2.3810000e+03  -2.1108074e+00
   2.3820000e+03  -1.2105199e+00
   2.3830000e+03  -1.9170815e+00
   2.3840000e+03  -7.0650458e-01
   2.3850000e+03   3.0677013e-02
   2.3860000e+03  -1.7886722e+00
   2.3870000e+03  -7.1199800e-01
   2.3880000e+03  -4.1191237e-01
   2.3890000e+03  -2.9382057e-01
   2.3900000e+03  -1.9541483e+00
   2.3910000e+03  -1.7710265e+00
   2.3920000e+03  -1.3913956e+00
   2.3930000e+03  -1.7650860e+00
   2.3940000e+03  -5.1513980e-02
   2.3950000e+03  -7.6846727e-01
   2.3960000e+03  -3.8606046e-01
   2.3970000e+03   9.4095936e-02
   2.3980000e+03  -9.9407780e-02
   2.3990000e+03  -6.2868502e-01
   2.4000000e+03   3.5094207e-01
   2.4010000e+03   1.4359093e-01
   2.4020000e+03  -9.7216538e-01
   2.4030000e+03   3.9050276e-01
   2.4040000e+03   1.6418679e+00
   2.4050000e+03   5.7915763e-01
   2.4060000e+03   1.0422044e+00
   2.4070000e+03   8.5153982e-01
   2.4080000e+03   2.8011830e-01
   2.4090000e+03   2.4876285e-01
   2.4100000e+03   3.6160636e-01
   2.4110000e+03   2.0564603e+00
   2.4120000e+03   5.9691398e-01
   2.4130000e+03   5.0412145e-01
   2.4140000e+03   1.0137318e+00
   2.4150000e+03   1.4495212e-01
   2.4160000e+03   7.9290247e-01
   2.4170000e+03   2.5330062e-01
   2.4180000e+03   4.2326022e-01
   2.4190000e+03   9.0918227e-01
   2.4200000e+03   1.1007440e+00
   2.4210000e+03   1.6314020e+00
   2.4220000e+03   1.5514150e+00
   2.4230000e+03   1.8263803e+00
   2.4240000e+03  -1.8074127e-03
   2.4250000e+03   7.6315972e-01
   2.4260000e+03   1.0934470e-01
   2.4270000e+03   7.4184882e-01
   2.4280000e+03   2.1298800e-01
   2.4290000e+03  -1.0072452e+00
   2.4300000e+03  -2.7995239e-02
   2.4310000e+03  -2.7440555e-01
   2.4320000e+03  -3.6458652e-01
   2.4330000e+03   5.3698113e-01
   2.4340000e+03  -2.4504547e-01
   2.4350000e+03   9.0505078e-01
   2.4360000e+03  -5.9663988e-01
   2.4370000e+03   2.8966557e-01
   2.4380000e+03   3.5111325e-01
   2.4390000e+03   7.4498486e-01
   2.4400000e+03   2.6841246e-01
   2.4410000e+03   7.8809067e-01
   2.4420000e+03  -9.0278326e-01
   2.4430000e+03   4.9126940e-03
   2.4440000e+03  -1.6449905e-01
   2.4450000e+03  -3.9646979e-01
   2.4460000e+03  -5.3122437e-01
   2.4470000e+03  -4.9128771e-01
   2.4480000e+03  -1.9623521e-01
   2.4490000e+03  -3.8359319e-01
   2.4500000e+03  -1.5844306e-01
   2.4510000e+03  -6.0121684e-01
   2.4520000e+03   3.1656759e-01
   2.4530000e+03  -1.3424957e-01
   2.4540000e+03  -1.7594253e-01
   2.4550000e+03   2.1767170e-01
   2.4560000e+03  -4.9075807e-01
   2.4570000e+03   7.5041229e-01
   2.4580000e+03   3.5914274e-01
   2.4590000e+03   9.8275204e-01
   2.4600000e+03   1.2214283e-01
   2.4610000e+03   8.7701924e-01
   2.4620000e+03  -7.2327638e-01
   2.4630000e+03  -2.5795851e-01
   2.4640000e+03   5.8719500e-02
   2.4650000e+03   7.8593245e-01
   2.4660000e+03   8.9110239e-01
   2.4670000e+03   5.0585506e-01
   2.4680000e+03   1.8822567e+00
   2.4690000e+03   1.9736240e+00
   2.4700000e+03   2.1602313e+00
   2.4710000e+03   1.5854347e+00
   2.4720000e+03   6.5818171e-01
   2.4730000e+03   1.5626464e+00
   2.4740000e+03   1.8786115e-01
   2.4750000e+03   1.2468424e+00
   2.4760000e+03   7.2472340e-01
   2.4770000e+03   4.6250496e-01
   2.4780000e+03   8.2656419e-01
   2.4790000e+03   1.1311783e+00
   2.4800000e+03   3.9954594e-01
   2.4810000e+03  -6.6346646e-01
   2.4820000e+03  -4.6190236e-01
   2.4830000e+03  -1.5677588e-01
   2.4840000e+03   9.6128937e-01
   2.4850000e+03   2.1143454e+00
   2.4860000e+03   6.1723427e-01
   2.4870000e+03   8.1294640e-01
   2.4880000e+03   5.3318415e-01
   2.4890000e+03  -3.4423040e-01
   2.4900000e+03   6.0781007e-01
   2.4910000e+03   5.1601111e-02
   2.4920000e+03  -3.8338962e-02
   2.4930000e+03  -8.8360685e-01
   2.4940000e+03  -2.9532525e-01
   2.4950000e+03  -1.3706559e-01
   2.4960000e+03   2.1286280e-01
   2.4970000e+03   1.2621628e+00
   2.4980000e+03   4.4937030e-01
   2.4990000e+03  -2.4455580e-02
   2.5000000e+03   1.1064290e+00
   2.5010000e+03   6.0978296e-01
   2.5020000e+03   2.4307457e-01
   2.5030000e+03  -8.6568210e-02
   2.5040000e+03  -1.4460797e+00
   2.5050000e+03  -1.4644905e+00
   2.5060000e+03  -5.5604449e-01
   2.5070000e+03  -5.6040662e-01
   2.5080000e+03  -1.3966272e+00
   2.5090000e+03  -2.2338591e+00
   2.5100000e+03  -1.0216073e+00
   2.5110000e+03   9.4073912e-01
   2.5120000e+03   3.1149736e-01
   2.5130000e+03  -6.2586372e-01
   2.5140000e+03   1.3454201e-01
   2.5150000e+03   6.1087306e-01
   2.5160000e+03   5.0497807e-02
   2.5170000e+03   2.4839835e-01
   2.5180000e+03   1.0587961e-02
   2.5190000e+03   9.2205191e-01
   2.5200000e+03   1.0932475e+00
   2.5210000e+03   1.0746014e+00
   2.5220000e+03  -2.4545322e-01
   2.5230000e+03  -4.9854797e-02
   2.5240000e+03   1.0317866e+00
   2.5250000e+03  -1.2524101e-01
   2.5260000e+03  -2.1195294e-01
   2.5270000e+03   1.7730567e+00
   2.5280000e+03   1.9717812e+00
   2.5290000e+03   8.9556416e-01
   2.5300000e+03   8.6794425e-01
   2.5310000e+03   8.4888737e-01
   2.5320000e+03   4.5825535e-01
   2.5330000e+03   2.7137755e-01
   2.5340000e+03  -6.5871461e-01
   2.5350000e+03   2.3672843e-01
   2.5360000e+03   1.0986903e+00
   2.5370000e+03  -2.4245256e-01
   2.5380000e+03  -1.7839573e-01
   2.5390000e+03   7.4813405e-01
   2.5400000e+03   8.9706488e-01
   2.5410000e+03   8.0281343e-01
   2.5420000e+03  -5.4401462e-01
   2.5430000e+03  -2.1554654e+00
   2.5440000e+03  -9.9468386e-01
   2.5450000e+03  -2.7636841e-01
   2.5460000e+03   5.9570979e-01
   2.5470000e+03   7.4982993e-01
   2.5480000e+03   1.4938892e+00
   2.5490000e+03   2.3102564e+00
   2.5500000e+03   1.4809478e+00
   2.5510000e+03   5.6883420e-01
   2.5520000e+03   6.8413547e-01
   2.5530000e+03  -1.4383062e-01
   2.5540000e+03   1.8196928e-01
   2.5550000e+03  -7.0437971e-01
   2.5560000e+03   1.9207477e-01
   2.5570000e+03  -1.5093786e+00
   2.5580000e+03  -1.0546166e+00
   2.5590000e+03  -5.1605215e-01
   2.5600000e+03  -7.8425356e-01
   2.5610000e+03  -9.0492511e-01
   2.5620000e+03   3.1464006e-01
   2.5630000e+03   5.2808935e-01
   2.5640000e+03   6.9001861e-01
   2.5650000e+03  -8.5396500e-01
   2.5660000e+03  -3.6155243e-01
   2.5670000e+03   1.6564515e+00
   2.5680000e+03  -2.5498585e-01
   2.5690000e+03  -2.5672155e-01
   2.5700000e+03   1.1200572e+00
   2.5710000e+03   3.9823944e-01
   2.5720000e+03  -2.3104842e-01
   2.5730000e+03  -3.0436679e-01
   2.5740000e+03  -3.2011032e-01
   2.5750000e+03   9.7978362e-01
   2.5760000e+03   1.2693125e+00
   2.5770000e+03   2.6879212e-01
   2.5780000e+03   2.7704612e-01
   2.5790000e+03  -2.3989288e-01
   2.5800000e+03   3.6012983e-01
   2.5810000e+03   1.2615049e+00
   2.5820000e+03   1.9431015e+00
   2.5830000e+03   1.6303622e+00
   2.5840000e+03   1.2926345e+00
   2.5850000e+03   2.0802422e+00
   2.5860000e+03   6.1426576e-01
   2.5870000e+03   5.0600394e-02
   2.5880000e+03  -8.7528573e-02
   2.5890000e+03  -1.7837035e+00
   2.5900000e+03  -1.6917009e+00
   2.5910000e+03  -3.5588879e-01
   2.5920000e+03  -1.1466228e+00
   2.5930000e+03  -1.1597113e-01
   2.5940000e+03  -3.6762297e-01
   2.5950000e+03  -2.1480392e-02
   2.5960000e+03  -4.2370172e-01
   2.5970000e+03   2.5581376e-01
   2.5980000e+03  -3.2663282e-01
   2.5990000e+03   7.4162339e-01
   2.6000000e+03   1.1525614e+00
   2.6010000e+03   1.1244118e+00
   2.6020000e+03   9.4297070e-01
   2.6030000e+03   9.2183409e-02
   2.6040000e+03   4.2395605e-01
   2.6050000e+03   5.6542161e-01
   2.6060000e+03   7.0799156e-01
   2.6070000e+03  -2.4926298e-01
   2.6080000e+03   3.1721412e-02
   2.6090000e+03   9.6585183e-01
   2.6100000e+03   1.4732430e+00
   2.6110000e+03  -2.4510640e-01
   2.6120000e+03   1.2538850e+00
   2.6130000e+03   8.5409129e-01
   2.6140000e+03   1.3489448e+00
   2.6150000e+03   9.7987474e-01
   2.6160000e+03  -3.2491522e-02
   2.6170000e+03  -3.5818436e-02
   2.6180000e+03  -4.5556053e-01
   2.6190000e+03   1.1536558e+00
   2.6200000e+03  -7.7516942e-01
   2.6210000e+03   8.6204722e-03
   2.6220000e+03  -1.8386018e+00
   2.6230000e+03   1.9448316e-01
   2.6240000e+03   4.9821381e-02
   2.6250000e+03  -4.8346227e-02
   2.6260000e+03   4.1554095e-01
   2.6270000e+03   1.0250364e+00
   2.6280000e+03  -6.6810056e-01
   2.6290000e+03  -2.9975645e-01
   2.6300000e+03  -9.4314804e-01
   2.6310000e+03  -1.0680137e+00
   2.6320000e+03   2.6859359e-01
   2.6330000e+03   5.5727577e-01
   2.6340000e+03   9.1322367e-01
   2.6350000e+03  -2.9765224e-01
   2.6360000e+03  -4.7224023e-01
   2.6370000e+03   6.9667819e-01
   2.6380000e+03   5.8470215e-01
   2.6390000e+03  -8.8666647e-02
   2.6400000e+03  -1.3033195e-01
   2.6410000e+03   6.8745001e-01
   2.6420000e+03   1.0108506e-01
   2.6430000e+03   2.0678824e-01
   2.6440000e+03   2.8736239e-01
   2.6450000e+03   1.6146248e-01
   2.6460000e+03  -8.5409792e-01
   2.6470000e+03  -1.3524488e+00
   2.6480000e+03  -1.0984474e+00
   2.6490000e+03  -1.6031942e+00
   2.6500000e+03  -1.0445101e+00
   2.6510000e+03   5.3102076e-03
   2.6520000e+03  -1.0751022e+00
   2.6530000e+03  -5.7607858e-01
   2.6540000e+03  -5.1594298e-01
   2.6550000e+03  -8.0819886e-01
   2.6560000e+03  -8.5039613e-01
   2.6570000e+03  -2.2400114e-02
   2.6580000e+03  -1.2337881e+00
   2.6590000e+03   3.3802654e-01
   2.6600000e+03   1.3141799e-01
   2.6610000e+03  -3.4648421e-01
   2.6620000e+03   8.7891454e-02
   2.6630000e+03  -3.5145867e-01
   2.6640000e+03  -9.7298657e-01
   2.6650000e+03   4.1165329e-01
   2.6660000e+03   1.7973554e-01
   2.6670000e+03  -6.1398161e-01
   2.6680000e+03   1.0636283e-01
   2.6690000e+03   2.7951780e-01
   2.6700000e+03  -1.1287471e+00
   2.6710000e+03  -6.2815488e-01
   2.6720000e+03  -1.3073189e+00
   2.6730000e+03  -6.8144329e-01
   2.6740000e+03   8.3230511e-03
   2.6750000e+03  -1.4185226e+00
   2.6760000e+03  -1.1881942e+00
   2.6770000e+03  -1.0889615e+00
   2.6780000e+03  -7.4321913e-01
   2.6790000e+03  -2.5191896e+00
   2.6800000e+03  -2.0802908e+00
   2.6810000e+03  -1.2362463e+00
   2.6820000e+03  -8.8962936e-01
   2.6830000e+03  -2.3015139e+00
   2.6840000e+03  -1.8778221e+00
   2.6850000e+03  -2.0963045e+00
   2.6860000e+03  -5.9384143e-01
   2.6870000e+03  -1.0040029e+00
   2.6880000e+03  -1.7549241e+00
   2.6890000e+03  -1.6267121e+00
   2.6900000e+03  -1.6137615e+00
   2.6910000e+03  -4.1955952e-01
   2.6920000e+03  -1.3138236e+00
   2.6930000e+03  -1.4016108e+00
   2.6940000e+03  -2.1005101e+00
   2.6950000e+03  -3.7379982e-01
   2.6960000e+03  -7.1998692e-01
   2.6970000e+03  -8.7826088e-02
   2.6980000e+03  -1.8390935e+00
   2.6990000e+03  -1.4337758e+00
   2.7000000e+03  -1.0421493e+00
   2.7010000e+03  -2.2347255e-02
   2.7020000e+03  -1.1232758e+00
   2.7030000e+03  -1.2208970e+00
   2.7040000e+03  -4.8356232e-01
   2.7050000e+03  -3.9862060e-01
   2.7060000e+03  -7.0431988e-01
   2.7070000e+03  -1.9919382e+00
   2.7080000e+03  -1.5224835e+00
   2.7090000e+03  -1.6840288e+00
   2.7100000e+03  -1.3250664e+00
   2.7110000e+03   2.6845136e-01
   2.7120000e+03  -8.2254480e-01
   2.7130000e+03   3.2539575e-01
   2.7140000e+03  -6.7715858e-01
   2.7150000e+03   1.1430922e-01
   2.7160000e+03  -1.3416861e-01
   2.7170000e+03  -1.6263195e+00
   2.7180000e+03  -1.2166777e+00
   2.7190000e+03  -1.4514987e+00
   2.7200000e+03  -2.8621673e-01
   2.7210000e+03  -1.0608665e+00
   2.7220000e+03   4.2052496e-02
   2.7230000e+03   2.8535149e-01
   2.7240000e+03  -1.0194058e+00
   2.7250000e+03  -1.2181534e+00
   2.7260000e+03  -8.4294437e-01
   2.7270000e+03  -3.8418012e-01
   2.7280000e+03  -8.8132895e-01
   2.7290000e+03  -1.5059684e+00
   2.7300000e+03  -1.0164520e+00
   2.7310000e+03  -2.1913302e-01
   2.7320000e+03  -1.3116932e+00
   2.7330000e+03   5.9596723e-02
   2.7340000e+03  -1.8519161e-01
   2.7350000e+03  -1.5691452e+00
   2.7360000e+03  -7.4117317e-01
   2.7370000e+03  -4.7581519e-01
   2.7380000e+03  -7.1139337e-01
   2.7390000e+03  -2.4496901e-01
   2.7400000e+03  -1.0810273e-01
   2.7410000e+03  -3.8507967e-01
   2.7420000e+03  -6.0630037e-01
   2.7430000e+03  -7.5203782e-01
   2.7440000e+03  -4.0891069e-01
   2.7450000e+03  -3.0667645e-01
   2.7460000e+03   1.1885683e-01
   2.7470000e+03   5.7442877e-01
   2.7480000e+03   2.4941586e-01
   2.7490000e+03   9.7423164e-02
   2.7500000e+03   1.2896895e-01
   2.7510000e+03   1.4742659e+00
   2.7520000e+03   1.0843947e+00
   2.7530000e+03  -3.0957450e-01
   2.7540000e+03  -2.5343485e-01
   2.7550000e+03  -1.8908992e-01
   2.7560000e+03  -2.3261590e-01
   2.7570000e+03   9.0191794e-01
   2.7580000e+03   1.5988874e-01
   2.7590000e+03   1.1134584e+00
   2.7600000e+03   6.0476252e-01
   2.7610000e+03   8.2550344e-01
   2.7620000e+03   4.4147798e-01
   2.7630000e+03   1.1751730e-01
   2.7640000e+03   8.3505930e-02
   2.7650000e+03  -1.5169551e+00
   2.7660000e+03  -8.3250960e-01
   2.7670000e+03  -5.3705205e-02
   2.7680000e+03   3.1444928e-02
   2.7690000e+03   7.0616531e-01
   2.7700000e+03   3.0281654e-01
   2.7710000e+03  -2.6973482e-02
   2.7720000e+03   7.8935193e-01
   2.7730000e+03   5.7076007e-01
   2.7740000e+03  -7.1324053e-01
   2.7750000e+03  -6.4144438e-01
   2.7760000e+03  -6.1977336e-01
   2.7770000e+03   4.0981097e-01
   2.7780000e+03  -1.3995840e+00
   2.7790000e+03  -5.4142316e-01
   2.7800000e+03   4.2115691e-01
   2.7810000e+03  -8.3337136e-01
   2.7820000e+03  -5.8988158e-01
   2.7830000e+03  -7.7408446e-01
   2.7840000e+03   1.5382566e-01
   2.7850000e+03   7.8025161e-01
   2.7860000e+03  -1.1226671e+00
   2.7870000e+03  -1.7012037e+00
   2.7880000e+03  -2.3913633e+00
   2.7890000e+03  -1.3771425e+00
   2.7900000e+03  -4.7914916e-01
   2.7910000e+03  -1.1484795e+00
   2.7920000e+03  -1.9209027e+00
   2.7930000e+03  -5.2117922e-01
   2.7940000e+03  -8.3975645e-01
   2.7950000e+03  -5.0573215e-01
   2.7960000e+03   1.2210178e-01
   2.7970000e+03   8.6284840e-01
   2.7980000e+03   1.6073660e+00
   2.7990000e+03   1.0393682e+00
   2.8000000e+03   1.9460490e+00
   2.8010000e+03   6.0503756e-01
   2.8020000e+03   1.2035124e+00
   2.8030000e+03   5.2014532e-01
   2.8040000e+03  -5.7228112e-01
   2.8050000e+03  -8.0385472e-01
   2.8060000e+03  -3.6488976e-01
   2.8070000e+03   9.1897555e-02
   2.8080000e+03  -4.2222013e-02
   2.8090000e+03  -9.3412683e-01
   2.8100000e+03  -1.3153488e+00
   2.8110000e+03  -1.5816245e+00
   2.8120000e+03  -3.3189756e-01
   2.8130000e+03  -2.3633486e+00
   2.8140000e+03   1.4260260e-01
   2.8150000e+03   3.9095854e-01
   2.8160000e+03   4.3731957e-01
   2.8170000e+03   8.3971967e-01
   2.8180000e+03   8.2473552e-01
   2.8190000e+03  -1.6074810e+00
   2.8200000e+03  -5.0736261e-01
   2.8210000e+03  -3.3320364e-02
   2.8220000e+03  -4.0100451e-01
   2.8230000e+03  -3.1032534e-01
   2.8240000e+03  -8.9566382e-01
   2.8250000e+03  -1.1575819e+00
   2.8260000e+03  -7.2460731e-01
   2.8270000e+03   1.0082822e+00
   2.8280000e+03   1.0810153e+00
   2.8290000e+03   1.0355140e+00
   2.8300000e+03   1.7379561e-01
   2.8310000e+03   6.8106675e-01
   2.8320000e+03  -1.5580069e+00
   2.8330000e+03  -1.2372414e+00
   2.8340000e+03  -4.0188132e-01
   2.8350000e+03  -6.4445667e-01
   2.8360000e+03  -9.6637286e-01
   2.8370000e+03  -2.2538527e+00
   2.8380000e+03  -1.8151796e+00
   2.8390000e+03  -1.1125532e+00
   2.8400000e+03  -1.8868174e+00
   2.8410000e+03  -2.3880791e+00
   2.8420000e+03  -1.1624663e+00
   2.8430000e+03  -9.2165171e-01
   2.8440000e+03  -1.2959673e+00
   2.8450000e+03  -1.9452528e+00
   2.8460000e+03  -9.8042479e-01
   2.8470000e+03  -6.5557388e-01
   2.8480000e+03  -1.2694380e+00
   2.8490000e+03  -2.0472226e+00
   2.8500000e+03  -1.5548124e+00
   2.8510000e+03  -1.7069255e+00
   2.8520000e+03  -1.0005942e+00
   2.8530000e+03  -4.6465336e-01
   2.8540000e+03  -1.5370516e+00
   2.8550000e+03  -1.7996777e+00
   2.8560000e+03  -6.7135977e-01
   2.8570000e+03  -9.3672866e-01
   2.8580000e+03  -2.8351567e+00
   2.8590000e+03  -1.6840733e+00
   2.8600000e+03  -1.4899544e+00
   2.8610000e+03  -1.9447038e+00
   2.8620000e+03  -1.4290942e+00
   2.8630000e+03  -1.3443904e+00
   2.8640000e+03  -1.7768912e+00
   2.8650000e+03  -1.7935371e+00
   2.8660000e+03  -1.8298466e+00
   2.8670000e+03  -1.1293160e+00
   2.8680000e+03  -5.2392512e-01
   2.8690000e+03   8.4882713e-02
   2.8700000e+03  -1.3639999e+00
   2.8710000e+03   2.3090647e-02
   2.8720000e+03  -1.4358276e+00
   2.8730000e+03   3.3223096e-01
   2.8740000e+03  -1.4111189e-01
   2.8750000e+03  -2.0865323e-01
   2.8760000e+03   2.1622131e-01
   2.8770000e+03   6.9765894e-01
   2.8780000e+03   5.9824145e-01
   2.8790000e+03  -1.8920586e+00
   2.8800000e+03  -1.3156943e+00
   2.8810000e+03  -8.9449889e-01
   2.8820000e+03  -2.0602038e+00
   2.8830000e+03  -5.2444307e-01
   2.8840000e+03  -8.3634738e-01
   2.8850000e+03  -3.7264199e-01
   2.8860000e+03  -1.8038053e+00
   2.8870000e+03  -2.4532749e-02
   2.8880000e+03  -1.2587196e+00
   2.8890000e+03  -9.8989880e-01
   2.8900000e+03  -2.0569244e+00
   2.8910000e+03  -1.1529162e+00
   2.8920000e+03   1.8496022e-01
   2.8930000e+03  -3.0984597e-01
   2.8940000e+03  -1.1071138e+00
   2.8950000e+03   4.2679591e-02
   2.8960000e+03   3.6437782e-02
   2.8970000e+03   1.2223910e-01
   2.8980000e+03  -4.7495177e-01
   2.8990000e+03   7.6462432e-01
   2.9000000e+03  -2.1161791e-01
   2.9010000e+03   1.0767263e+00
   2.9020000e+03   1.0764747e+00
   2.9030000e+03   1.5353976e+00
   2.9040000e+03  -5.2515469e-01
   2.9050000e+03  -7.9269930e-01
   2.9060000e+03  -3.6480036e-02
   2.9070000e+03  -6.4853518e-01
   2.9080000e+03  -9.3170517e-01
   2.9090000e+03   2.8759534e-01
   2.9100000e+03   3.3085520e-01
   2.9110000e+03   3.9854072e-01
   2.9120000e+03  -9.9491644e-02
   2.9130000e+03  -1.0759354e+00
   2.9140000e+03  -2.7045087e+00
   2.9150000e+03  -1.9550527e+00
   2.9160000e+03   2.1336512e-02
   2.9170000e+03   7.0523497e-02
   2.9180000e+03   1.3841146e-01
   2.9190000e+03   3.0202532e-01
   2.9200000e+03  -1.1375387e+00
   2.9210000e+03  -6.8970141e-02
   2.9220000e+03   4.9166456e-01
   2.9230000e+03  -9.7409611e-01
   2.9240000e+03  -5.1838973e-01
   2.9250000e+03  -5.4705822e-01
   2.9260000e+03  -1.7734136e+00
   2.9270000e+03  -1.9182446e+00
   2.9280000e+03  -2.1038341e+00
   2.9290000e+03  -1.5852418e+00
   2.9300000e+03  -7.5674496e-02
   2.9310000e+03   8.7616508e-02
   2.9320000e+03  -1.2945766e-01
   2.9330000e+03  -3.7717743e-01
   2.9340000e+03   1.2717663e-01
   2.9350000e+03  -1.1083438e-01
   2.9360000e+03   1.3019333e+00
   2.9370000e+03   1.8230624e+00
   2.9380000e+03   4.4486113e-01
   2.9390000e+03  -6.0357501e-01
   2.9400000e+03   1.4552372e-01
   2.9410000e+03   7.6578546e-01
   2.9420000e+03   1.8351390e-01
   2.9430000e+03  -7.7340213e-01
   2.9440000e+03  -7.0697601e-01
   2.9450000e+03  -4.7174403e-01
   2.9460000e+03  -1.1803926e-01
   2.9470000e+03  -4.5573807e-01
   2.9480000e+03  -1.5112413e+00
   2.9490000e+03  -1.9683734e+00
   2.9500000e+03  -1.2920606e+00
   2.9510000e+03  -1.4083477e+00
   2.9520000e+03  -1.2040935e+00
   2.9530000e+03  -1.3828243e+00
   2.9540000e+03  -1.8419166e+00
   2.9550000e+03   7.2734793e-03
   2.9560000e+03  -2.3365019e-01
   2.9570000e+03  -9.5475722e-01
   2.9580000e+03  -5.4077465e-01
   2.9590000e+03  -7.1922770e-01
   2.9600000e+03  -5.6325230e-01
   2.9610000e+03   8.3664317e-01
   2.9620000e+03   3.3477208e-01
   2.9630000e+03  -2.3443772e-01
   2.9640000e+03  -3.3038984e-01
   2.9650000e+03   3.8979733e-01
   2.9660000e+03   1.1634039e-01
   2.9670000e+03  -2.6866722e-01
   2.9680000e+03   2.4554641e-01
   2.9690000e+03  -2.1298926e-01
   2.9700000e+03   5.0822888e-01
   2.9710000e+03  -5.7467672e-01
   2.9720000e+03   1.3498044e-01
   2.9730000e+03   3.9306499e-01
   2.9740000e+03   4.4179386e-01
   2.9750000e+03  -8.5852933e-02
   2.9760000e+03  -2.3450837e-01
   2.9770000e+03   5.2999085e-02
   2.9780000e+03  -3.9726932e-01
   2.9790000e+03  -6.3863940e-01
   2.9800000e+03  -1.3211539e+00
   2.9810000e+03  -1.5663698e+00
   2.9820000e+03  -1.3326324e+00
   2.9830000e+03  -1.3840575e+00
   2.9840000e+03   8.5668802e-03
   2.9850000e+03  -9.1094081e-01
   2.9860000e+03   9.2868192e-02
   2.9870000e+03  -1.6139904e+00
   2.9880000e+03  -1.3550577e+00
   2.9890000e+03   6.0292991e-01
   2.9900000e+03  -1.1456437e+00
   2.9910000e+03  -6.5737601e-02
   2.9920000e+03  -3.7512725e-01
   2.9930000e+03   4.9746427e-01
   2.9940000e+03  -1.2811225e+00
   2.9950000e+03  -1.4363816e+00
   2.9960000e+03  -8.9769275e-01
   2.9970000e+03  -2.9390222e-01
   2.9980000e+03  -3.1151921e-01
   2.9990000e+03   2.6327267e-01
   3.0000000e+03   1.9263317e-01
   3.0010000e+03  -7.5527945e-01
   3.0020000e+03   4.3936681e-01
   3.0030000e+03  -2.2373308e-01
   3.0040000e+03  -1.4999250e+00
   3.0050000e+03  -1.6994651e+00
   3.0060000e+03  -1.7186525e+00
   3.0070000e+03  -9.7224643e-01
   3.0080000e+03  -7.9566944e-01
   3.0090000e+03  -1.3598453e+00
   3.0100000e+03  -1.3050082e+00
   3.0110000e+03  -1.4166288e+00
   3.0120000e+03  -6.1313971e-02
   3.0130000e+03  -1.5621310e+00
   3.0140000e+03  -1.7020997e+00
   3.0150000e+03  -1.5237715e+00
   3.0160000e+03  -2.7180036e+00
   3.0170000e+03  -2.0344893e+00
   3.0180000e+03  -2.3205481e+00
   3.0190000e+03  -1.6926586e+00
   3.0200000e+03  -2.0799059e+00
   3.0210000e+03  -1.7201119e+00
   3.0220000e+03  -1.0083847e+00
   3.0230000e+03  -5.6589424e-01
   3.0240000e+03  -1.4111925e+00
   3.0250000e+03   5.6437346e-01
   3.0260000e+03  -1.0182801e+00
   3.0270000e+03   1.7834222e-01
   3.0280000e+03  -6.6766097e-01
   3.0290000e+03  -4.8408883e-02
   3.0300000e+03  -1.3935584e-01
   3.0310000e+03  -3.8874612e-01
   3.0320000e+03  -8.9600508e-01
   3.0330000e+03  -1.1383082e+00
   3.0340000e+03  -1.4354947e+00
   3.0350000e+03  -2.5044569e-01
   3.0360000e+03  -1.4503467e+00
   3.0370000e+03  -1.9019168e-02
   3.0380000e+03  -8.3862358e-01
   3.0390000e+03  -6.2219536e-01
   3.0400000e+03  -8.8233061e-01
   3.0410000e+03  -1.7973261e-01
   3.0420000e+03  -3.2543296e-01
   3.0430000e+03  -1.8423927e-02
   3.0440000e+03  -6.6314246e-01
   3.0450000e+03  -6.4001908e-01
   3.0460000e+03   4.2648133e-02
   3.0470000e+03   2.1882577e-01
   3.0480000e+03   7.0553220e-01
   3.0490000e+03   8.1607759e-02
   3.0500000e+03   3.1508819e-02
   3.0510000e+03  -8.6892397e-01
   3.0520000e+03  -9.0389821e-02
   3.0530000e+03  -4.0797615e-01
   3.0540000e+03   5.2512611e-02
   3.0550000e+03  -1.4417346e+00
   3.0560000e+03  -1.3466021e+00
   3.0570000e+03  -1.2451755e+00
   3.0580000e+03   1.4549339e+00
   3.0590000e+03   6.3650370e-01
   3.0600000e+03   3.6371718e-01
   3.0610000e+03   2.5309296e-01
   3.0620000e+03  -5.4425243e-02
   3.0630000e+03  -1.0245792e+00
   3.0640000e+03   1.4356519e-01
   3.0650000e+03   1.2128689e+00
   3.0660000e+03   6.7442459e-01
   3.0670000e+03  -1.6362049e-01
   3.0680000e+03   5.3959582e-01
   3.0690000e+03  -6.2890878e-01
   3.0700000e+03   2.8117575e-01
   3.0710000e+03   1.4236736e+00
   3.0720000e+03   1.2496036e-01
   3.0730000e+03   9.8124615e-02
   3.0740000e+03   3.2427102e-01
   3.0750000e+03   1.1862329e+00
   3.0760000e+03  -3.5501794e-01
   3.0770000e+03   3.5619349e-02
   3.0780000e+03  -1.1030770e+00
   3.0790000e+03  -1.2976117e+00
   3.0800000e+03  -5.7810700e-01
   3.0810000e+03  -7.1758023e-01
   3.0820000e+03  -3.2885359e-01
   3.0830000e+03   1.3742238e-01
   3.0840000e+03   7.3289531e-02
   3.0850000e+03   4.8649541e-01
   3.0860000e+03   9.9081420e-02
   3.0870000e+03   4.0012617e-01
   3.0880000e+03  -1.3731621e+00
   3.0890000e+03   4.9444370e-01
   3.0900000e+03   7.2483996e-01
   3.0910000e+03  -1.6991204e-01
   3.0920000e+03  -6.7485479e-01
   3.0930000e+03  -3.2951606e-01
   3.0940000e+03  -1.3054325e+00
   3.0950000e+03  -1.0269931e+00
   3.0960000e+03   7.2380831e-01
   3.0970000e+03  -1.6702123e+00
   3.0980000e+03  -1.8157455e+00
   3.0990000e+03  -3.6673559e-01
   3.1000000e+03  -5.6675568e-02
   3.1010000e+03  -2.2697993e-01
   3.1020000e+03  -9.5973562e-01
   3.1030000e+03   6.2719569e-01
   3.1040000e+03   1.5827760e-01
   3.1050000e+03   1.3145566e-02
   3.1060000e+03  -2.5758915e-01
   3.1070000e+03  -1.2741007e-01
   3.1080000e+03   6.9205101e-01
   3.1090000e+03   1.2412229e+00
   3.1100000e+03   1.7103293e-01
   3.1110000e+03  -1.0384892e+00
   3.1120000e+03  -1.0191785e+00
   3.1130000e+03  -5.2424153e-02
   3.1140000e+03   6.6654853e-02
   3.1150000e+03  -7.7029070e-01
   3.1160000e+03  -1.2327503e-01
   3.1170000e+03  -8.0010063e-03
   3.1180000e+03  -7.4854545e-01
   3.1190000e+03  -1.5106487e-01
   3.1200000e+03   6.3017813e-01
   3.1210000e+03  -4.0941882e-01
   3.1220000e+03  -3.7486221e-01
   3.1230000e+03  -1.5771538e+00
   3.1240000e+03  -1.7013245e+00
   3.1250000e+03  -1.0369135e+00
   3.1260000e+03  -1.1287385e+00
   3.1270000e+03  -1.3834429e+00
   3.1280000e+03  -8.6736800e-01
   3.1290000e+03  -8.6527880e-02
   3.1300000e+03  -7.9034775e-02
   3.1310000e+03   5.0743680e-02
   3.1320000e+03  -1.0084263e-01
   3.1330000e+03   4.5261479e-01
   3.1340000e+03  -1.7725670e+00
   3.1350000e+03  -1.3690735e+00
   3.1360000e+03  -9.6798016e-02
   3.1370000e+03  -3.3945403e-01
   3.1380000e+03  -4.8822640e-01
   3.1390000e+03   3.5016655e-01
   3.1400000e+03  -9.0796843e-01
   3.1410000e+03  -1.6411779e+00
   3.1420000e+03  -1.4848231e-02
   3.1430000e+03  -7.3441882e-02
   3.1440000e+03   1.2275640e+00
   3.1450000e+03  -1.1932554e-01
   3.1460000e+03  -8.4783063e-01
   3.1470000e+03  -2.7757785e-01
   3.1480000e+03   2.0115589e-01
   3.1490000e+03  -3.6201746e-01
   3.1500000e+03  -1.0733026e-01
   3.1510000e+03  -8.0376984e-01
   3.1520000e+03  -8.0986600e-01
   3.1530000e+03  -5.6805354e-01
   3.1540000e+03  -1.3653566e+00
   3.1550000e+03  -3.9422411e-02
   3.1560000e+03   6.8289133e-01
   3.1570000e+03   4.2459529e-01
   3.1580000e+03   7.4028866e-01
   3.1590000e+03  -2.6463069e-01
   3.1600000e+03  -3.5690057e-01
   3.1610000e+03   2.6268117e-01
   3.1620000e+03  -3.2643680e-03
   3.1630000e+03  -1.3955704e+00
   3.1640000e+03  -1.6406540e+00
   3.1650000e+03   6.6995811e-01
   3.1660000e+03   9.9856010e-01
   3.1670000e+03   1.4290018e+00
   3.1680000e+03   8.4672570e-01
   3.1690000e+03   1.7562630e-01
   3.1700000e+03   7.3658031e-01
   3.1710000e+03   1.3041648e+00
   3.1720000e+03   6.3059288e-02
   3.1730000e+03   1.0590848e-01
   3.1740000e+03   2.9897385e-01
   3.1750000e+03   1.0094630e+00
   3.1760000e+03  -5.1685721e-02
   3.1770000e+03  -1.3538530e+00
   3.1780000e+03  -1.2954915e+00
   3.1790000e+03   6.3488738e-01
   3.1800000e+03   2.7768220e-02
   3.1810000e+03  -3.3125139e-01
   3.1820000e+03   8.7024925e-01
   3.1830000e+03   7.9946999e-01
   3.1840000e+03   1.5909355e+00
   3.1850000e+03  -3.5792742e-01
   3.1860000e+03   3.0385752e-01
   3.1870000e+03  -3.3864928e-01
   3.1880000e+03  -1.1175764e+00
   3.1890000e+03  -5.7098137e-01
   3.1900000e+03   1.5118358e-01
   3.1910000e+03   1.2583267e+00
   3.1920000e+03   1.3261414e+00
   3.1930000e+03   1.7481575e-01
   3.1940000e+03  -2.7317234e-01
   3.1950000e+03  -1.8377760e+00
   3.1960000e+03  -1.4348552e-01
   3.1970000e+03  -1.3479311e+00
   3.1980000e+03  -9.4023312e-01
   3.1990000e+03   1.0083781e-01
   3.2000000e+03   5.5060371e-01
   3.2010000e+03   3.2130295e-01
   3.2020000e+03   1.1889367e+00
   3.2030000e+03   2.9795307e-01
   3.2040000e+03   1.8612446e-01
   3.2050000e+03  -1.4788653e-01
   3.2060000e+03  -1.3928509e+00
   3.2070000e+03  -9.8415186e-01
   3.2080000e+03  -6.5662550e-01
   3.2090000e+03  -4.7496507e-01
   3.2100000e+03   9.0869411e-01
   3.2110000e+03   1.8422286e+00
   3.2120000e+03   7.7789654e-01
   3.2130000e+03   6.7299468e-01
   3.2140000e+03   6.9244179e-01
   3.2150000e+03   2.0409089e-01
   3.2160000e+03   8.9992701e-01
   3.2170000e+03   1.0624250e+00
   3.2180000e+03  -2.3802484e-01
   3.2190000e+03   7.5772289e-01
   3.2200000e+03   1.2075103e+00
   3.2210000e+03   7.3036222e-01
   3.2220000e+03   1.8288440e-01
   3.2230000e+03   1.1542104e-01
   3.2240000e+03  -2.3382408e-01
   3.2250000e+03  -4.1595163e-01
   3.2260000e+03  -8.2242300e-02
   3.2270000e+03  -4.9681416e-01
   3.2280000e+03  -1.2756547e+00
   3.2290000e+03  -1.4650318e+00
   3.2300000e+03  -2.2071849e-01
   3.2310000e+03  -1.9710062e+00
   3.2320000e+03  -1.3940670e+00
   3.2330000e+03  -1.2913692e+00
   3.2340000e+03  -1.5989494e+00
   3.2350000e+03  -1.6827854e+00
   3.2360000e+03  -1.1152942e+00
   3.2370000e+03  -1.9289998e+00
   3.2380000e+03  -2.2999144e+00
   3.2390000e+03  -1.1582042e+00
   3.2400000e+03  -1.7764734e+00
   3.2410000e+03  -9.6131172e-01
   3.2420000e+03  -1.1975279e+00
   3.2430000e+03  -7.4982723e-01
   3.2440000e+03  -1.9751515e+00
   3.2450000e+03  -1.1265940e+00
   3.2460000e+03  -1.2449937e+00
   3.2470000e+03  -1.4907631e+00
   3.2480000e+03  -8.5114317e-01
   3.2490000e+03  -2.7711863e+00
   3.2500000e+03  -1.5468153e+00
   3.2510000e+03  -7.0615627e-01
   3.2520000e+03  -1.2420621e+00
   3.2530000e+03  -1.6029132e+00
   3.2540000e+03  -1.6512506e-01
   3.2550000e+03  -8.1640472e-01
   3.2560000e+03  -1.0541052e+00
   3.2570000e+03   7.9636810e-02
   3.2580000e+03  -1.5716957e+00
   3.2590000e+03  -5.2014668e-01
   3.2600000e+03  -1.3920106e+00
   3.2610000e+03  -1.7154036e+00
   3.2620000e+03  -1.3337132e+00
   3.2630000e+03  -1.0785352e+00
   3.2640000e+03  -7.6223640e-01
   3.2650000e+03   9.7544183e-02
   3.2660000e+03   1.6112404e-01
   3.2670000e+03   4.6298168e-01
   3.2680000e+03  -3.0742582e-02
   3.2690000e+03  -1.6867063e-01
   3.2700000e+03   1.4618731e-01
   3.2710000e+03  -1.5299571e+00
   3.2720000e+03  -9.7132449e-01
   3.2730000e+03  -1.7515079e+00
   3.2740000e+03  -1.0857215e+00
   3.2750000e+03  -2.2756099e+00
   3.2760000e+03  -1.8094277e+00
   3.2770000e+03  -2.4593999e+00
   3.2780000e+03  -1.2307552e+00
   3.2790000e+03  -2.4364967e+00
   3.2800000e+03  -2.4725873e+00
   3.2810000e+03  -2.6605007e+00
   3.2820000e+03  -1.0336103e+00
   3.2830000e+03  -5.3497284e-01
   3.2840000e+03  -1.2531150e+00
   3.2850000e+03  -2.4384092e-01
   3.2860000e+03  -1.0412014e+00
   3.2870000e+03  -1.3350021e-01
   3.2880000e+03   9.1165136e-01
   3.2890000e+03  -1.1919843e+00
   3.2900000e+03   5.9137241e-01
   3.2910000e+03  -1.0398446e+00
   3.2920000e+03  -4.2664714e-01
   3.2930000e+03  -6.8315971e-01
   3.2940000e+03  -5.4270733e-01
   3.2950000e+03  -5.3195551e-02
   3.2960000e+03   1.4441077e-01
   3.2970000e+03   3.2968328e-01
   3.2980000e+03  -2.2657437e-01
   3.2990000e+03   2.5981057e-01
   3.3000000e+03  -1.0288603e+00
   3.3010000e+03   3.4391835e-01
   3.3020000e+03  -4.7447291e-01
   3.3030000e+03  -3.5841929e-01
   3.3040000e+03  -5.9078226e-01
   3.3050000e+03  -9.2637582e-01
   3.3060000e+03   1.0228599e+00
   3.3070000e+03   9.0309493e-01
   3.3080000e+03  -4.7779326e-01
   3.3090000e+03  -1.6746034e+00
   3.3100000e+03  -3.1268005e-01
   3.3110000e+03   4.4321339e-01
   3.3120000e+03  -5.2864410e-02
   3.3130000e+03  -5.4823516e-01
   3.3140000e+03   2.2039412e-01
   3.3150000e+03   4.1385269e-01
   3.3160000e+03  -1.9656425e+00
   3.3170000e+03  -2.0473413e+00
   3.3180000e+03  -7.5483874e-01
   3.3190000e+03  -2.9289966e-01
   3.3200000e+03  -1.9463934e-01
   3.3210000e+03  -4.4211817e-01
   3.3220000e+03  -5.5808473e-01
   3.3230000e+03  -1.4640125e-01
   3.3240000e+03  -6.7073854e-01
   3.3250000e+03  -2.1498843e+00
   3.3260000e+03  -1.5332016e+00
   3.3270000e+03  -1.6565915e+00
   3.3280000e+03  -5.4200496e-01
   3.3290000e+03  -1.0085082e+00
   3.3300000e+03   1.2383856e+00
   3.3310000e+03   1.3548991e+00
   3.3320000e+03   4.9878861e-02
   3.3330000e+03  -1.3403102e-01
   3.3340000e+03   5.1479879e-01
   3.3350000e+03   1.5132041e+00
   3.3360000e+03  -9.9073929e-02
   3.3370000e+03   1.7502680e+00
   3.3380000e+03  -2.9985074e-01
   3.3390000e+03   7.5966667e-01
   3.3400000e+03   5.8783110e-01
   3.3410000e+03   8.9772317e-01
   3.3420000e+03   1.3271316e+00
   3.3430000e+03   1.1487400e+00
   3.3440000e+03   1.9282404e+00
   3.3450000e+03   8.3723779e-01
   3.3460000e+03   6.7714221e-01
   3.3470000e+03   1.1496751e+00
   3.3480000e+03   1.9316912e-01
   3.3490000e+03   6.8960717e-01
   3.3500000e+03   1.3920007e+00
   3.3510000e+03   1.3960083e+00
   3.3520000e+03   2.2233565e-01
   3.3530000e+03   1.4925181e+00
   3.3540000e+03   1.4439180e-01
   3.3550000e+03  -1.3061414e+00
   3.3560000e+03  -4.4822967e-02
   3.3570000e+03  -3.4266895e-01
   3.3580000e+03  -4.2910733e-01
   3.3590000e+03   7.9095099e-01
   3.3600000e+03  -8.7677790e-01
   3.3610000e+03  -1.2251307e+00
   3.3620000e+03  -1.0455849e+00
   3.3630000e+03   8.2292410e-01
   3.3640000e+03  -8.9327369e-02
   3.3650000e+03   9.1933846e-01
   3.3660000e+03   1.3789168e-01
   3.3670000e+03  -2.4994384e-01
   3.3680000e+03  -1.6509617e-01
   3.3690000e+03   1.0935587e+00
   3.3700000e+03   4.4772108e-01
   3.3710000e+03  -1.9389264e+00
   3.3720000e+03  -6.6383809e-01
   3.3730000e+03   4.2743417e-01
   3.3740000e+03   6.5523042e-01
   3.3750000e+03   5.7216428e-01
   3.3760000e+03   5.3770958e-01
   3.3770000e+03   1.0935992e+00
   3.3780000e+03   7.1391463e-01
   3.3790000e+03  -3.6411052e-01
   3.3800000e+03  -1.8342822e-01
   3.3810000e+03  -9.3355697e-01
   3.3820000e+03  -1.1925447e+00
   3.3830000e+03  -8.2953873e-01
   3.3840000e+03  -7.5800918e-01
   3.3850000e+03   4.9683874e-01
   3.3860000e+03  -4.4945067e-01
   3.3870000e+03  -8.1168005e-01
   3.3880000e+03  -6.2824473e-01
   3.3890000e+03   5.2234946e-01
   3.3900000e+03   1.1614532e+00
   3.3910000e+03  -8.7911274e-01
   3.3920000e+03  -1.5589237e+00
   3.3930000e+03  -1.5241153e+00
   3.3940000e+03  -8.5730097e-01
   3.3950000e+03   3.4721902e-02
   3.3960000e+03  -2.7752327e-01
   3.3970000e+03  -1.3462763e+00
   3.3980000e+03  -4.1354247e-02
   3.3990000e+03   1.6576349e-01
   3.4000000e+03   8.3860153e-01
   3.4010000e+03  -4.5928639e-01
   3.4020000e+03  -8.0791174e-01
   3.4030000e+03  -3.9076537e-01
   3.4040000e+03  -1.2615789e-01
   3.4050000e+03  -1.1646506e+00
   3.4060000e+03  -1.5211465e+00
   3.4070000e+03  -1.1286106e+00
   3.4080000e+03  -8.9431985e-01
   3.4090000e+03  -1.9618173e-01
   3.4100000e+03   2.5544349e-01
   3.4110000e+03   4.2328319e-01
   3.4120000e+03   4.4471276e-01
   3.4130000e+03   1.1371009e-01
   3.4140000e+03  -3.1928112e-02
   3.4150000e+03  -1.2001905e-01
   3.4160000e+03  -1.2046092e+00
   3.4170000e+03  -1.0818879e+00
   3.4180000e+03   9.1316450e-01
   3.4190000e+03   3.8943262e-01
   3.4200000e+03  -6.0592913e-01
   3.4210000e+03  -9.9611061e-01
   3.4220000e+03  -1.0517998e+00
   3.4230000e+03   6.7065819e-01
   3.4240000e+03  -1.5891446e+00
   3.4250000e+03  -1.5191819e+00
   3.4260000e+03  -9.4816527e-01
   3.4270000e+03  -1.4115824e+00
   3.4280000e+03  -8.9697443e-01
   3.4290000e+03  -1.9013171e+00
   3.4300000e+03  -1.2213049e+00
   3.4310000e+03  -1.4604035e-01
   3.4320000e+03  -3.8021909e-02
   3.4330000e+03  -1.5176777e+00
   3.4340000e+03  -1.4807454e+00
   3.4350000e+03  -5.8203928e-01
   3.4360000e+03  -8.1849717e-01
   3.4370000e+03  -1.3034050e-01
   3.4380000e+03   2.0981069e-01
   3.4390000e+03  -6.6339264e-01
   3.4400000e+03  -4.5270617e-02
   3.4410000e+03  -1.6966032e-01
   3.4420000e+03   5.3926001e-02
   3.4430000e+03   4.8844939e-01
   3.4440000e+03   4.7908565e-02
   3.4450000e+03   2.3974812e-01
   3.4460000e+03   4.0704015e-01
   3.4470000e+03   1.2640929e+00
   3.4480000e+03  -4.8472994e-01
   3.4490000e+03  -1.0767465e+00
   3.4500000e+03  -4.5239260e-01
   3.4510000e+03  -4.1800520e-01
   3.4520000e+03  -6.4849452e-01
   3.4530000e+03  -7.9189471e-01
   3.4540000e+03  -3.6373577e-01
   3.4550000e+03  -1.1374050e+00
   3.4560000e+03  -1.1123648e+00
   3.4570000e+03  -1.6380125e+00
   3.4580000e+03  -1.4081119e+00
   3.4590000e+03  -8.9203582e-01
   3.4600000e+03  -6.1775624e-01
   3.4610000e+03  -1.0611628e+00
   3.4620000e+03  -4.4927416e-01
   3.4630000e+03   4.9953593e-01
   3.4640000e+03   3.4371200e-01
   3.4650000e+03   1.2864201e-01
   3.4660000e+03   3.5311274e-01
   3.4670000e+03   4.3035904e-01
   3.4680000e+03   5.1606101e-02
   3.4690000e+03   3.8160696e-01
   3.4700000e+03   1.3136561e-01
   3.4710000e+03   3.5806028e-01
   3.4720000e+03   1.5483361e+00
   3.4730000e+03  -1.1619820e-01
   3.4740000e+03  -1.1230829e+00
   3.4750000e+03  -1.4265212e+00
   3.4760000e+03  -1.3625911e+00
   3.4770000e+03  -1.2478173e+00
   3.4780000e+03  -2.8897540e-01
   3.4790000e+03  -7.5211496e-01
   3.4800000e+03  -1.8218963e-01
   3.4810000e+03  -4.4048630e-01
   3.4820000e+03  -7.8094341e-01
   3.4830000e+03  -7.8846772e-01
   3.4840000e+03  -1.5986723e+00
   3.4850000e+03  -1.0225541e+00
   3.4860000e+03  -1.3972151e+00
   3.4870000e+03  -1.4175159e+00
   3.4880000e+03  -4.2164238e-01
   3.4890000e+03  -5.1675461e-01
   3.4900000e+03  -7.4773478e-01
   3.4910000e+03   5.2172151e-01
   3.4920000e+03  -1.2068845e+00
   3.4930000e+03  -7.9259622e-01
   3.4940000e+03   8.0118410e-03
   3.4950000e+03  -1.0635873e+00
   3.4960000e+03  -5.2567344e-01
   3.4970000e+03  -1.1546977e+00
   3.4980000e+03  -5.0420586e-02
   3.4990000e+03  -1.3959076e+00
   3.5000000e+03  -7.1874872e-01
   3.5010000e+03   1.6964783e-01
   3.5020000e+03   4.2753562e-01
   3.5030000e+03  -7.3197445e-01
   3.5040000e+03  -9.2392390e-01
   3.5050000e+03  -8.0603896e-02
   3.5060000e+03  -8.1343140e-01
   3.5070000e+03  -1.6392118e-01
   3.5080000e+03  -1.1908826e+00
   3.5090000e+03  -4.1579749e-01
   3.5100000e+03  -8.4754241e-01
   3.5110000e+03  -3.4078244e-05
   3.5120000e+03   5.3937784e-01
   3.5130000e+03   1.4922995e-02
   3.5140000e+03   2.3506211e-01
   3.5150000e+03  -3.0502666e-01
   3.5160000e+03  -2.3658712e+00
   3.5170000e+03  -1.2339564e+00
   3.5180000e+03  -6.5628364e-01
   3.5190000e+03  -3.6467108e-01
   3.5200000e+03  -1.1178970e+00
   3.5210000e+03  -2.8234311e+00
   3.5220000e+03  -1.9904924e+00
   3.5230000e+03  -5.4616941e-01
   3.5240000e+03  -1.0137862e+00
   3.5250000e+03  -1.1403936e+00
   3.5260000e+03  -1.4659188e-01
   3.5270000e+03  -1.5557598e+00
   3.5280000e+03  -1.5953503e+00
   3.5290000e+03  -8.8320447e-01
   3.5300000e+03  -1.2484711e-01
   3.5310000e+03  -1.0400481e-01
   3.5320000e+03  -5.4998817e-01
   3.5330000e+03  -1.5954901e+00
   3.5340000e+03  -2.4386944e-01
   3.5350000e+03  -1.2056914e+00
   3.5360000e+03  -1.0370093e+00
   3.5370000e+03  -1.9470398e-01
   3.5380000e+03  -8.6290807e-01
   3.5390000e+03  -1.9862983e+00
   3.5400000e+03  -1.0067240e+00
   3.5410000e+03  -7.6407294e-02
   3.5420000e+03   1.0774511e+00
   3.5430000e+03  -1.1832820e+00
   3.5440000e+03  -1.5146829e+00
   3.5450000e+03  -8.2788122e-01
   3.5460000e+03  -5.6084829e-01
   3.5470000e+03  -5.4007721e-01
   3.5480000e+03  -1.8561801e+00
   3.5490000e+03  -2.5667318e+00
   3.5500000e+03  -1.2991772e+00
   3.5510000e+03  -1.7619790e+00
   3.5520000e+03  -2.2993580e-01
   3.5530000e+03  -1.2327560e+00
   3.5540000e+03  -1.0014363e+00
   3.5550000e+03  -4.2593842e-01
   3.5560000e+03   1.6702695e-01
   3.5570000e+03  -4.8785650e-01
   3.5580000e+03   6.9021674e-01
   3.5590000e+03   4.8363761e-01
   3.5600000e+03  -9.0691303e-01
   3.5610000e+03  -1.2881579e+00
   3.5620000e+03   3.9182968e-01
   3.5630000e+03  -1.8267517e-01
   3.5640000e+03  -1.2696683e+00
   3.5650000e+03   1.6838711e-01
   3.5660000e+03   4.6756149e-01
   3.5670000e+03   7.2479065e-01
   3.5680000e+03   2.5012910e-01
   3.5690000e+03  -1.4241566e+00
   3.5700000e+03  -9.4391501e-01
   3.5710000e+03  -1.0598065e+00
   3.5720000e+03  -2.4837954e+00
   3.5730000e+03  -2.8310561e+00
   3.5740000e+03  -9.7501661e-01
   3.5750000e+03   3.3915720e-01
   3.5760000e+03   2.0857857e-01
   3.5770000e+03  -1.2732325e+00
   3.5780000e+03  -1.4361478e+00
   3.5790000e+03  -2.1911781e+00
   3.5800000e+03  -8.7451584e-01
   3.5810000e+03  -3.0806334e+00
   3.5820000e+03  -3.2600214e+00
   3.5830000e+03  -2.1154278e+00
   3.5840000e+03  -1.9642702e+00
   3.5850000e+03  -4.1894425e-01
   3.5860000e+03  -1.5860385e+00
   3.5870000e+03  -1.7472186e+00
   3.5880000e+03  -1.2030764e+00
   3.5890000e+03  -3.8092987e+00
   3.5900000e+03  -1.1419313e+00
   3.5910000e+03  -7.7711736e-01
   3.5920000e+03  -5.7060657e-01
   3.5930000e+03  -1.9772117e+00
   3.5940000e+03  -2.0659357e+00
   3.5950000e+03  -1.9564865e+00
   3.5960000e+03  -2.0271777e+00
   3.5970000e+03  -1.3680919e+00
   3.5980000e+03  -6.1545242e-01
   3.5990000e+03  -1.3873986e-01
   3.6000000e+03  -2.2091395e-01
   3.6010000e+03  -2.0246470e+00
   3.6020000e+03  -9.2054525e-01
   3.6030000e+03  -1.1132680e+00
   3.6040000e+03  -9.7073061e-01
   3.6050000e+03  -4.2336837e-01
   3.6060000e+03  -9.7237233e-01
   3.6070000e+03   1.8184566e-01
   3.6080000e+03   2.0399590e-01
   3.6090000e+03   1.6704554e-02
   3.6100000e+03  -2.9806365e-01
   3.6110000e+03  -1.0766161e+00
   3.6120000e+03  -4.2898704e-01
   3.6130000e+03  -1.3934470e+00
   3.6140000e+03  -1.4131797e+00
   3.6150000e+03  -2.2253417e+00
   3.6160000e+03  -1.6274645e+00
   3.6170000e+03  -1.4464234e+00
   3.6180000e+03  -2.1129347e+00
   3.6190000e+03  -1.4865882e+00
   3.6200000e+03  -1.6150859e+00
   3.6210000e+03  -2.3678189e+00
   3.6220000e+03  -1.4991539e+00
   3.6230000e+03  -1.4837817e+00
   3.6240000e+03  -1.1190866e+00
   3.6250000e+03  -1.5091258e+00
   3.6260000e+03  -8.5096506e-01
   3.6270000e+03  -1.6604911e-01
   3.6280000e+03  -1.4394557e+00
   3.6290000e+03  -6.9245583e-01
   3.6300000e+03  -1.1724642e+00
   3.6310000e+03  -1.3912606e-01
   3.6320000e+03  -7.3641123e-02
   3.6330000e+03  -7.0306549e-01
   3.6340000e+03  -1.6009060e-01
   3.6350000e+03   1.6277326e-01
   3.6360000e+03   6.8275743e-01
   3.6370000e+03   6.1412440e-01
   3.6380000e+03   3.6606235e-01
   3.6390000e+03   1.4181107e+00
   3.6400000e+03  -1.4006795e-01
   3.6410000e+03  -7.3349337e-02
   3.6420000e+03  -1.1251436e-01
   3.6430000e+03  -7.6621147e-01
   3.6440000e+03  -1.4308758e+00
   3.6450000e+03  -3.9191652e-01
   3.6460000e+03  -6.1181729e-01
   3.6470000e+03  -3.8395184e-01
   3.6480000e+03  -2.6367494e-01
   3.6490000e+03  -4.1163898e-03
   3.6500000e+03   6.6147896e-02
   3.6510000e+03  -7.2341743e-01
   3.6520000e+03  -1.4045485e+00
   3.6530000e+03  -6.7060151e-01
   3.6540000e+03  -9.6037937e-01
   3.6550000e+03  -9.3111906e-01
   3.6560000e+03  -8.1948364e-01
   3.6570000e+03   7.9452049e-01
   3.6580000e+03   7.2047698e-01
   3.6590000e+03   8.5498011e-01
   3.6600000e+03  -4.5937562e-01
   3.6610000e+03  -7.1926197e-01
   3.6620000e+03   8.2533700e-02
   3.6630000e+03  -8.9469421e-01
   3.6640000e+03  -4.3137450e-01
   3.6650000e+03  -1.1424304e+00
   3.6660000e+03  -1.2532428e+00
   3.6670000e+03  -7.2576628e-02
   3.6680000e+03  -1.5235538e-01
   3.6690000e+03  -1.0477295e+00
   3.6700000e+03  -1.8088066e+00
   3.6710000e+03  -2.4018927e+00
   3.6720000e+03  -4.6207504e-01
   3.6730000e+03  -1.0599320e+00
   3.6740000e+03  -1.1825434e+00
   3.6750000e+03  -2.7966487e+00
   3.6760000e+03  -2.2570374e+00
   3.6770000e+03  -2.0284586e+00
   3.6780000e+03  -7.4852249e-01
   3.6790000e+03  -1.7255010e+00
   3.6800000e+03  -2.1128407e+00
   3.6810000e+03  -2.2740457e+00
   3.6820000e+03  -2.0671330e+00
   3.6830000e+03  -1.8377563e+00
   3.6840000e+03  -4.8061636e-02
   3.6850000e+03   7.8438773e-02
   3.6860000e+03  -2.9725930e-01
   3.6870000e+03  -3.7694641e-01
   3.6880000e+03   7.2462555e-02
   3.6890000e+03   2.0829121e-01
   3.6900000e+03  -1.7590611e-01
   3.6910000e+03  -8.9594044e-01
   3.6920000e+03   2.6695896e-01
   3.6930000e+03  -2.1366985e-01
   3.6940000e+03  -9.5024807e-01
   3.6950000e+03  -8.9731275e-01
   3.6960000e+03  -1.7645729e+00
   3.6970000e+03   5.9339850e-02
   3.6980000e+03  -4.2907973e-01
   3.6990000e+03  -2.0301786e+00
   3.7000000e+03  -7.2013669e-01
   3.7010000e+03  -6.9036312e-01
   3.7020000e+03  -1.5760767e+00
   3.7030000e+03   1.7495596e-01
   3.7040000e+03  -3.2194136e-01
   3.7050000e+03  -4.0627013e-01
   3.7060000e+03   3.1447518e-01
   3.7070000e+03   4.4106974e-01
   3.7080000e+03   4.0962637e-01
   3.7090000e+03   3.4978459e-01
   3.7100000e+03  -8.6756926e-01
   3.7110000e+03  -2.0071560e+00
   3.7120000e+03  -1.2693805e+00
   3.7130000e+03  -1.2000284e-01
   3.7140000e+03  -4.2606281e-01
   3.7150000e+03  -6.7543864e-01
   3.7160000e+03  -3.7015620e-01
   3.7170000e+03   6.3290120e-01
   3.7180000e+03  -8.2590700e-01
   3.7190000e+03  -2.8835527e-01
   3.7200000e+03  -5.1305207e-01
   3.7210000e+03   1.1980723e-01
   3.7220000e+03  -2.3795343e-01
   3.7230000e+03   1.3898685e-01
   3.7240000e+03  -3.4014472e-01
   3.7250000e+03  -3.4986668e-01
   3.7260000e+03  -1.8178499e+00
   3.7270000e+03  -4.3775448e-01
   3.7280000e+03  -3.3003762e-01
   3.7290000e+03   8.9236948e-02
   3.7300000e+03   4.0372382e-01
   3.7310000e+03  -1.3739337e-01
   3.7320000e+03  -6.6753674e-01
   3.7330000e+03   8.7902448e-01
   3.7340000e+03   1.5315026e+00
   3.7350000e+03   6.4216854e-01
   3.7360000e+03  -1.3543511e+00
   3.7370000e+03  -9.0391651e-01
   3.7380000e+03  -4.0983012e-02
   3.7390000e+03  -8.3157422e-01
   3.7400000e+03  -1.0098122e+00
   3.7410000e+03   4.0411221e-01
   3.7420000e+03  -4.7547675e-01
   3.7430000e+03  -6.9553220e-02
   3.7440000e+03   4.8785954e-01
   3.7450000e+03   6.5517244e-01
   3.7460000e+03   1.2719154e-02
   3.7470000e+03   7.6826512e-01
   3.7480000e+03  -8.3248761e-02
   3.7490000e+03  -3.1948683e-02
   3.7500000e+03  -1.3553007e+00
   3.7510000e+03   2.0377986e-01
   3.7520000e+03   4.8199933e-01
   3.7530000e+03   3.6219190e-01
   3.7540000e+03   1.0141166e+00
   3.7550000e+03   4.9523034e-01
   3.7560000e+03   1.3134420e+00
   3.7570000e+03   1.6131748e+00
   3.7580000e+03   1.0763952e+00
   3.7590000e+03   6.2976782e-01
   3.7600000e+03  -4.1880539e-01
   3.7610000e+03   3.9843408e-01
   3.7620000e+03   5.8276514e-01
   3.7630000e+03   2.5439278e-01
   3.7640000e+03  -5.4287575e-01
   3.7650000e+03  -1.2506643e+00
   3.7660000e+03  -1.0423545e-01
   3.7670000e+03  -4.2577089e-01
   3.7680000e+03  -1.3627331e+00
   3.7690000e+03   3.8953493e-01
   3.7700000e+03  -3.3542909e-01
   3.7710000e+03  -1.1822378e+00
   3.7720000e+03  -1.6524792e+00
   3.7730000e+03  -1.7622009e+00
   3.7740000e+03  -6.5559434e-01
   3.7750000e+03  -1.3488325e+00
   3.7760000e+03  -2.1035747e+00
   3.7770000e+03  -1.8264664e+00
   3.7780000e+03   6.5150950e-02
   3.7790000e+03  -2.1617370e+00
   3.7800000e+03  -2.4673810e+00
   3.7810000e+03  -1.1114156e+00
   3.7820000e+03  -1.2006373e+00
   3.7830000e+03  -1.2937835e+00
   3.7840000e+03  -2.8451986e+00
   3.7850000e+03  -2.2489934e+00
   3.7860000e+03  -1.1993022e+00
   3.7870000e+03  -1.6480323e+00
   3.7880000e+03  -2.4208640e+00
   3.7890000e+03  -1.1565817e+00
   3.7900000e+03  -2.0784952e+00
   3.7910000e+03  -9.3851784e-01
   3.7920000e+03  -2.6755122e+00
   3.7930000e+03  -6.7272989e-01
   3.7940000e+03   2.9488367e-03
   3.7950000e+03  -5.8857970e-01
   3.7960000e+03  -1.1294617e+00
   3.7970000e+03  -8.4413612e-01
   3.7980000e+03  -1.5712599e+00
   3.7990000e+03  -2.0941899e+00
   3.8000000e+03  -7.7276940e-01
   3.8010000e+03  -1.0563371e+00
   3.8020000e+03  -1.2097464e+00
   3.8030000e+03  -3.7314777e-01
   3.8040000e+03   1.3539612e+00
   3.8050000e+03   7.3784186e-01
   3.8060000e+03   3.1917251e-01
   3.8070000e+03  -1.2521909e-01
   3.8080000e+03  -8.8603667e-01
   3.8090000e+03  -1.2611803e+00
   3.8100000e+03  -3.4240698e-01
   3.8110000e+03  -7.4147160e-02
   3.8120000e+03  -5.7985083e-01
   3.8130000e+03  -5.7293917e-01
   3.8140000e+03  -9.5795033e-01
   3.8150000e+03   1.4798094e-01
   3.8160000e+03   3.0478818e-02
   3.8170000e+03   5.3393770e-01
   3.8180000e+03   7.4897084e-01
   3.8190000e+03   1.9761405e-01
   3.8200000e+03   1.4028880e+00
   3.8210000e+03  -2.5227425e-01
   3.8220000e+03  -8.4102954e-02
   3.8230000e+03  -8.6869229e-01
   3.8240000e+03  -1.2450852e+00
   3.8250000e+03  -1.6974334e+00
   3.8260000e+03   3.0693798e-01
   3.8270000e+03   2.5781324e-01
   3.8280000e+03  -4.8149145e-01
   3.8290000e+03  -3.7408791e-01
   3.8300000e+03   5.6517493e-01
   3.8310000e+03   7.7104233e-01
   3.8320000e+03   6.6802168e-01
   3.8330000e+03  -1.0020118e+00
   3.8340000e+03  -6.6860617e-01
   3.8350000e+03  -9.6541839e-01
   3.8360000e+03   4.1695720e-01
   3.8370000e+03   1.9467646e-01
   3.8380000e+03   6.0392883e-01
   3.8390000e+03   7.8076418e-01
   3.8400000e+03   5.6511880e-01
   3.8410000e+03   8.1774520e-01
   3.8420000e+03   2.8638669e-01
   3.8430000e+03   4.5576420e-01
   3.8440000e+03  -7.0620515e-01
   3.8450000e+03   2.5648818e-01
   3.8460000e+03   6.0601375e-03
   3.8470000e+03   1.0615227e-01
   3.8480000e+03  -6.1166689e-01
   3.8490000e+03   1.2447222e+00
   3.8500000e+03  -6.5023322e-03
   3.8510000e+03  -5.0599249e-01
   3.8520000e+03   2.8631326e-01
   3.8530000e+03   3.4634294e-01
   3.8540000e+03  -8.0474648e-01
   3.8550000e+03   3.3607256e-01
   3.8560000e+03  -4.5012427e-01
   3.8570000e+03  -2.7422558e+00
   3.8580000e+03  -2.1595512e+00
   3.8590000e+03  -1.5492463e+00
   3.8600000e+03  -1.4711105e+00
   3.8610000e+03  -6.4846905e-01
   3.8620000e+03  -1.3931285e+00
   3.8630000e+03  -2.3606989e-01
   3.8640000e+03   6.0141966e-01
   3.8650000e+03  -1.1170992e+00
   3.8660000e+03  -2.6259407e+00
   3.8670000e+03  -5.8418911e-01
   3.8680000e+03   3.8381243e-01
   3.8690000e+03  -1.0659808e+00
   3.8700000e+03  -9.2664143e-01
   3.8710000e+03  -8.4289382e-01
   3.8720000e+03  -1.0608793e-01
   3.8730000e+03  -1.7609408e-01
   3.8740000e+03  -7.6367336e-02
   3.8750000e+03  -5.3131593e-01
   3.8760000e+03  -1.7207275e+00
   3.8770000e+03   4.0206685e-01
   3.8780000e+03   4.1369197e-01
   3.8790000e+03   1.5041897e+00
   3.8800000e+03   8.0467501e-01
   3.8810000e+03   1.2151237e+00
   3.8820000e+03   2.1177044e+00
   3.8830000e+03  -9.4844787e-02
   3.8840000e+03  -4.6905480e-03
   3.8850000e+03   8.6462409e-01
   3.8860000e+03  -2.6346196e-01
   3.8870000e+03   2.5536837e-01
   3.8880000e+03   8.3304511e-03
   3.8890000e+03   1.3784966e+00
   3.8900000e+03   4.1017650e-01
   3.8910000e+03   4.1932070e-01
   3.8920000e+03   1.0966147e+00
   3.8930000e+03   2.5125917e-01
   3.8940000e+03  -6.5561192e-01
   3.8950000e+03  -1.0671816e-01
   3.8960000e+03  -4.5368639e-01
   3.8970000e+03   2.3135720e-01
   3.8980000e+03   1.1338629e+00
   3.8990000e+03  -5.3214653e-01
   3.9000000e+03  -2.1183882e-01
   3.9010000e+03  -1.0367597e+00
   3.9020000e+03  -5.2172602e-01
   3.9030000e+03  -2.5976572e-01
   3.9040000e+03  -1.2834993e+00
   3.9050000e+03  -1.1108713e+00
   3.9060000e+03   9.7961357e-01
   3.9070000e+03   7.7910326e-01
   3.9080000e+03   1.6550697e-01
   3.9090000e+03   1.7227572e-01
   3.9100000e+03  -5.3622363e-01
   3.9110000e+03  -1.6479212e+00
   3.9120000e+03  -1.6870849e-01
   3.9130000e+03   2.3464987e-01
   3.9140000e+03   5.3861212e-01
   3.9150000e+03   3.4463277e-01
   3.9160000e+03  -1.1115222e+00
   3.9170000e+03   6.8691786e-01
   3.9180000e+03   1.0530334e+00
   3.9190000e+03   8.5937056e-02
   3.9200000e+03   1.1194871e-01
   3.9210000e+03  -3.3688614e-01
   3.9220000e+03   2.2968663e-01
   3.9230000e+03   2.0131790e-01
   3.9240000e+03  -1.9290910e-01
   3.9250000e+03  -4.8604984e-01
   3.9260000e+03   4.2852539e-01
   3.9270000e+03  -2.1885794e+00
   3.9280000e+03  -1.0658087e+00
   3.9290000e+03   1.8271379e-01
   3.9300000e+03   7.0252341e-01
   3.9310000e+03  -3.3681078e-01
   3.9320000e+03   1.1210883e-02
   3.9330000e+03   5.3352544e-01
   3.9340000e+03   1.0828191e+00
   3.9350000e+03   5.4619299e-02
   3.9360000e+03   5.8666027e-02
   3.9370000e+03  -1.7356249e+00
   3.9380000e+03  -3.9597242e-01
   3.9390000e+03   1.4029443e+00
   3.9400000e+03   6.8636415e-01
   3.9410000e+03  -7.5258303e-01
   3.9420000e+03  -1.5105095e-01
   3.9430000e+03   3.2881663e-01
   3.9440000e+03   4.3980304e-01
   3.9450000e+03  -2.7280164e-02
   3.9460000e+03   5.1352157e-02
   3.9470000e+03   5.2912727e-01
   3.9480000e+03   4.3289392e-01
   3.9490000e+03   3.7858686e-01
   3.9500000e+03  -5.0407001e-01
   3.9510000e+03  -3.7304018e-01
   3.9520000e+03  -1.1979105e+00
   3.9530000e+03  -1.3220267e+00
   3.9540000e+03  -2.3997011e-01
   3.9550000e+03  -9.3780755e-01
   3.9560000e+03  -1.7645999e+00
   3.9570000e+03  -8.4407046e-01
   3.9580000e+03  -3.0110527e-01
   3.9590000e+03  -5.7654059e-01
   3.9600000e+03  -7.8228064e-01
   3.9610000e+03  -6.3507891e-02
   3.9620000e+03   9.1440292e-01
   3.9630000e+03   7.5081120e-01
   3.9640000e+03   1.0146275e+00
   3.9650000e+03   3.2146564e-01
   3.9660000e+03   9.8353691e-02
   3.9670000e+03   3.3520735e-01
   3.9680000e+03  -1.0472405e+00
   3.9690000e+03  -2.5537833e-01
   3.9700000e+03  -5.2571109e-01
   3.9710000e+03  -8.2508967e-01
   3.9720000e+03  -9.0918516e-01
   3.9730000e+03  -2.4857821e+00
   3.9740000e+03  -1.3089291e+00
   3.9750000e+03  -6.3046442e-01
   3.9760000e+03  -5.1373120e-01
   3.9770000e+03  -2.1683730e+00
   3.9780000e+03  -8.1605946e-01
   3.9790000e+03  -3.8500301e-01
   3.9800000e+03  -4.4548120e-01
   3.9810000e+03  -1.3824901e+00
   3.9820000e+03  -5.0146938e-02
   3.9830000e+03  -1.1249106e-01
   3.9840000e+03   1.5941113e-01
   3.9850000e+03  -1.2386196e+00
   3.9860000e+03   5.7237622e-01
   3.9870000e+03   4.3582888e-01
   3.9880000e+03   7.7236982e-02
   3.9890000e+03   3.7829332e-01
   3.9900000e+03  -1.6986689e+00
   3.9910000e+03  -1.3646876e+00
   3.9920000e+03  -1.6205020e+00
   3.9930000e+03   4.7191482e-01
   3.9940000e+03   6.7461554e-02
   3.9950000e+03  -4.0383009e-01
   3.9960000e+03  -1.1408224e+00
   3.9970000e+03  -3.9988556e-01
   3.9980000e+03   3.6262475e-01
   3.9990000e+03  -3.0924248e-01
   4.0000000e+03   2.1234360e-01
   4.0010000e+03   5.5680546e-01
   4.0020000e+03   1.4709660e+00
   4.0030000e+03   8.2252235e-01
   4.0040000e+03   9.3011071e-01
   4.0050000e+03   1.2349880e+00
   4.0060000e+03   2.0163109e+00
   4.0070000e+03   1.7062288e+00
   4.0080000e+03   9.7750781e-01
   4.0090000e+03   2.1364877e+00
   4.0100000e+03   1.8656833e+00
   4.0110000e+03   9.6282484e-01
   4.0120000e+03   3.4654166e-01
   4.0130000e+03   4.1190107e-01
   4.0140000e+03   4.5080160e-01
   4.0150000e+03   2.0995419e-01
   4.0160000e+03  -8.0149578e-01
   4.0170000e+03   9.9221846e-01
   4.0180000e+03  -6.2035547e-01
   4.0190000e+03   3.9978533e-01
   4.0200000e+03  -3.7441716e-01
   4.0210000e+03  -3.1098692e-01
   4.0220000e+03   2.3928550e-01
   4.0230000e+03  -1.1090331e-01
   4.0240000e+03  -4.5460934e-01
   4.0250000e+03  -1.7416948e-01
   4.0260000e+03  -1.4201026e+00
   4.0270000e+03  -1.5235334e+00
   4.0280000e+03  -1.0326915e+00
   4.0290000e+03   2.1574905e-01
   4.0300000e+03  -5.8686973e-01
   4.0310000e+03  -6.8971145e-01
   4.0320000e+03  -2.1506232e+00
   4.0330000e+03  -1.5960630e+00
   4.0340000e+03  -7.1812324e-01
   4.0350000e+03  -5.5213012e-01
   4.0360000e+03   9.2344360e-03
   4.0370000e+03  -7.5458305e-01
   4.0380000e+03   1.5539735e-01
   4.0390000e+03   3.7317552e-01
   4.0400000e+03  -1.7855469e+00
   4.0410000e+03  -1.0816279e+00
   4.0420000e+03   3.6956036e-01
   4.0430000e+03  -9.2681740e-01
   4.0440000e+03  -1.5132969e+00
   4.0450000e+03  -1.7077446e+00
   4.0460000e+03  -2.2543918e+00
   4.0470000e+03  -1.2064094e+00
   4.0480000e+03  -8.0201977e-02
   4.0490000e+03  -5.5556344e-01
   4.0500000e+03  -2.7856120e-01
   4.0510000e+03  -1.9262999e+00
   4.0520000e+03  -1.7962005e+00
   4.0530000e+03  -1.1929389e+00
   4.0540000e+03  -1.2693085e+00
   4.0550000e+03  -5.2517830e-01
   4.0560000e+03  -4.0702069e-02
   4.0570000e+03   7.8868235e-01
   4.0580000e+03  -5.5956741e-02
   4.0590000e+03   1.2966069e-01
   4.0600000e+03  -1.2466312e+00
   4.0610000e+03  -2.0305477e-01
   4.0620000e+03   7.2359490e-02
   4.0630000e+03  -2.7186560e-01
   4.0640000e+03  -8.5576728e-02
   4.0650000e+03   4.5197510e-01
   4.0660000e+03  -1.4540149e-01
   4.0670000e+03  -1.1492825e+00
   4.0680000e+03   1.9656513e-01
   4.0690000e+03   1.8392673e-01
   4.0700000e+03  -6.7401722e-01
   4.0710000e+03  -7.6558190e-01
   4.0720000e+03  -1.3216605e-01
   4.0730000e+03   2.3252158e-01
   4.0740000e+03   9.4968760e-01
   4.0750000e+03   1.5888252e+00
   4.0760000e+03   1.3197478e+00
   4.0770000e+03   7.5390230e-01
   4.0780000e+03   6.8820788e-01
   4.0790000e+03   1.7958174e+00
   4.0800000e+03   1.7829870e+00
   4.0810000e+03   1.7609542e+00
   4.0820000e+03   4.7870754e-01
   4.0830000e+03   1.8341966e+00
   4.0840000e+03   1.6926809e+00
   4.0850000e+03   5.4677526e-01
   4.0860000e+03   3.2215712e-01
   4.0870000e+03  -9.3877817e-02
   4.0880000e+03  -9.4506556e-01
   4.0890000e+03  -1.1544573e+00
   4.0900000e+03   1.7457508e-01
   4.0910000e+03  -9.2335996e-01
   4.0920000e+03  -9.6777183e-01
   4.0930000e+03  -3.5863403e-01
   4.0940000e+03  -2.8491767e-01
   4.0950000e+03  -9.6032747e-02
   4.0960000e+03   5.2052660e-01
   4.0970000e+03  -3.0405384e-01
   4.0980000e+03  -2.7295717e+00
   4.0990000e+03  -1.8983993e+00
   4.1000000e+03  -1.1542003e+00
   4.1010000e+03  -1.3293192e+00
   4.1020000e+03  -1.5261612e+00
   4.1030000e+03  -8.0407184e-01
   4.1040000e+03   4.4755665e-01
   4.1050000e+03   2.7933877e-01
   4.1060000e+03   8.4017368e-01
   4.1070000e+03  -4.9187441e-01
   4.1080000e+03   9.8989781e-01
   4.1090000e+03  -3.9095610e-02
   4.1100000e+03  -1.0609695e+00
   4.1110000e+03   7.4052150e-01
   4.1120000e+03   8.5598469e-02
   4.1130000e+03   1.9765964e-01
   4.1140000e+03   1.1420586e+00
   4.1150000e+03   8.9959531e-02
   4.1160000e+03  -6.9193137e-02
   4.1170000e+03  -8.7417659e-01
   4.1180000e+03   7.8651335e-01
   4.1190000e+03  -8.2469668e-02
   4.1200000e+03  -1.8467527e+00
   4.1210000e+03  -2.2087768e+00
   4.1220000e+03  -3.8110527e-01
   4.1230000e+03  -8.4958252e-01
   4.1240000e+03  -2.6292735e-01
   4.1250000e+03  -1.2396791e+00
   4.1260000e+03  -4.4873180e-01
   4.1270000e+03  -5.9956999e-01
   4.1280000e+03   2.3985657e-01
   4.1290000e+03  -7.9564241e-01
   4.1300000e+03  -2.0212927e+00
   4.1310000e+03  -1.6249429e+00
   4.1320000e+03  -1.1075767e+00
   4.1330000e+03  -3.9136137e-01
   4.1340000e+03  -2.9208070e-01
   4.1350000e+03  -6.1726055e-01
   4.1360000e+03  -6.2496222e-01
   4.1370000e+03  -1.0028873e+00
   4.1380000e+03  -9.3685787e-01
   4.1390000e+03  -4.0479489e-01
   4.1400000e+03  -1.6212693e-01
   4.1410000e+03  -5.4972967e-01
   4.1420000e+03  -7.9527478e-01
   4.1430000e+03  -1.7152562e-01
   4.1440000e+03  -3.9254178e-01
   4.1450000e+03  -2.0406359e-01
   4.1460000e+03  -9.9549086e-01
   4.1470000e+03  -1.2285080e+00
   4.1480000e+03  -3.6621372e-01
   4.1490000e+03  -3.4575592e-02
   4.1500000e+03   5.6083722e-01
   4.1510000e+03   1.6686483e-01
   4.1520000e+03   2.3635435e-01
   4.1530000e+03   1.5580959e-01
   4.1540000e+03  -7.6848017e-01
   4.1550000e+03   3.3097752e-01
   4.1560000e+03   3.3827075e-01
   4.1570000e+03   1.4057212e-01
   4.1580000e+03  -1.0270166e+00
   4.1590000e+03  -8.3329146e-01
   4.1600000e+03  -1.3709928e+00
   4.1610000e+03  -7.2030776e-01
   4.1620000e+03  -1.5788857e+00
   4.1630000e+03  -1.4808922e+00
   4.1640000e+03  -4.8979726e-01
   4.1650000e+03  -6.6587446e-02
   4.1660000e+03  -6.0257529e-01
   4.1670000e+03   1.2382440e+00
   4.1680000e+03   1.8313245e+00
   4.1690000e+03   4.5816670e-01
   4.1700000e+03   7.4843170e-01
   4.1710000e+03   7.4173972e-01
   4.1720000e+03  -3.3391387e-01
   4.1730000e+03   1.1921925e+00
   4.1740000e+03  -2.3571344e-01
   4.1750000e+03   9.9096406e-01
   4.1760000e+03   7.7835247e-01
   4.1770000e+03   7.0698631e-01
   4.1780000e+03   1.6086770e+00
   4.1790000e+03   1.5731653e+00
   4.1800000e+03   4.7363310e-01
   4.1810000e+03   2.2888484e-01
   4.1820000e+03   2.4223862e-01
   4.1830000e+03   7.1728524e-01
   4.1840000e+03   1.2069259e+00
   4.1850000e+03   2.0532620e+00
   4.1860000e+03   1.0369378e+00
   4.1870000e+03   1.8338209e+00
   4.1880000e+03   8.0395847e-01
   4.1890000e+03   7.3348949e-01
   4.1900000e+03   1.0011643e+00
   4.1910000e+03   7.4500685e-01
   4.1920000e+03   1.0339584e+00
   4.1930000e+03   6.5286331e-01
   4.1940000e+03   1.5344347e-02
   4.1950000e+03   5.0587373e-01
   4.1960000e+03   5.3365930e-01
   4.1970000e+03   6.4561969e-01
   4.1980000e+03   9.2683091e-01
   4.1990000e+03   3.1960145e-01
   4.2000000e+03  -8.6987310e-01
   4.2010000e+03  -6.7181530e-01
   4.2020000e+03   3.7126089e-02
   4.2030000e+03  -1.3663232e+00
   4.2040000e+03   6.1757420e-01
   4.2050000e+03   1.2022305e+00
   4.2060000e+03   1.2469288e-01
   4.2070000e+03   1.1046288e+00
   4.2080000e+03   1.2884461e+00
   4.2090000e+03   1.0941472e-01
   4.2100000e+03   1.6042170e-01
   4.2110000e+03   1.5572124e-02
   4.2120000e+03  -8.5266318e-03
   4.2130000e+03   1.2657341e-01
   4.2140000e+03   1.3842971e-01
   4.2150000e+03  -1.0655820e+00
   4.2160000e+03   8.7993146e-01
   4.2170000e+03  -1.3838859e-01
   4.2180000e+03   6.2385338e-01
   4.2190000e+03   3.8385872e-01
   4.2200000e+03   5.5448697e-01
   4.2210000e+03  -2.3851381e-01
   4.2220000e+03   1.4860513e-01
   4.2230000e+03   9.1442220e-01
   4.2240000e+03  -4.2150776e-01
   4.2250000e+03   1.0232814e-02
   4.2260000e+03   5.1046738e-01
   4.2270000e+03   8.1350574e-01
   4.2280000e+03   3.2637981e-01
   4.2290000e+03  -1.6966869e-01
   4.2300000e+03  -5.6975694e-01
   4.2310000e+03  -9.8185382e-02
   4.2320000e+03  -8.2365877e-01
   4.2330000e+03   4.0442340e-01
   4.2340000e+03   7.6757129e-01
   4.2350000e+03   6.2949431e-01
   4.2360000e+03   8.1532257e-01
   4.2370000e+03   1.2489408e+00
   4.2380000e+03   2.5108694e-01
   4.2390000e+03   9.9314355e-01
   4.2400000e+03   1.2269327e+00
   4.2410000e+03   1.0704163e+00
   4.2420000e+03   3.6343395e+00
   4.2430000e+03   2.8904882e+00
   4.2440000e+03   1.6347911e+00
   4.2450000e+03   1.3412265e+00
   4.2460000e+03   2.2236334e-02
   4.2470000e+03   1.1702013e-01
   4.2480000e+03  -9.3592834e-01
   4.2490000e+03  -1.0436282e+00
   4.2500000e+03  -1.0358081e+00
   4.2510000e+03  -5.0892763e-01
   4.2520000e+03   4.9930596e-01
   4.2530000e+03  -1.0170116e+00
   4.2540000e+03  -6.9115582e-01
   4.2550000e+03  -6.2475846e-01
   4.2560000e+03  -1.0943696e+00
   4.2570000e+03  -4.9943857e-02
   4.2580000e+03   1.1222077e+00
   4.2590000e+03   7.9945706e-01
   4.2600000e+03   1.0446027e+00
   4.2610000e+03   9.2049681e-01
   4.2620000e+03   4.3934025e-02
   4.2630000e+03   1.2056061e+00
   4.2640000e+03   7.2528817e-01
   4.2650000e+03   1.2649310e+00
   4.2660000e+03   8.1186614e-01
   4.2670000e+03   1.7816475e+00
   4.2680000e+03   1.0484833e+00
   4.2690000e+03   7.2152817e-01
   4.2700000e+03   2.6960273e-01
   4.2710000e+03   1.0879926e+00
   4.2720000e+03   7.0920155e-01
   4.2730000e+03  -1.1076681e-01
   4.2740000e+03   1.1549863e+00
   4.2750000e+03   9.8564236e-01
   4.2760000e+03  -1.3927712e+00
   4.2770000e+03  -7.8724939e-01
   4.2780000e+03   7.3013796e-02
   4.2790000e+03  -1.1384399e+00
   4.2800000e+03  -1.8686550e+00
   4.2810000e+03  -6.9636289e-01
   4.2820000e+03  -1.6719777e-01
   4.2830000e+03  -1.1656901e+00
   4.2840000e+03   6.9346713e-01
   4.2850000e+03   5.0410447e-01
   4.2860000e+03   8.1420972e-01
   4.2870000e+03   1.5289482e+00
   4.2880000e+03   1.4495872e+00
   4.2890000e+03   2.3068185e+00
   4.2900000e+03   2.3337104e+00
   4.2910000e+03   1.8226489e+00
   4.2920000e+03   1.3169459e+00
   4.2930000e+03   1.8215439e-01
   4.2940000e+03  -3.6035688e-01
   4.2950000e+03   6.5038271e-01
   4.2960000e+03  -1.4846845e-01
   4.2970000e+03   3.9496962e-01
   4.2980000e+03   1.4735579e+00
   4.2990000e+03   2.5184565e-01
   4.3000000e+03   2.6112981e-01
   4.3010000e+03   4.2519575e-01
   4.3020000e+03  -7.5007687e-01
   4.3030000e+03   8.2780879e-01
   4.3040000e+03   1.8895535e+00
   4.3050000e+03  -5.1263102e-01
   4.3060000e+03   9.8517093e-01
   4.3070000e+03   6.0524441e-01
   4.3080000e+03   8.1007867e-01
   4.3090000e+03   1.0036872e+00
   4.3100000e+03   1.1752292e+00
   4.3110000e+03   4.6582911e-01
   4.3120000e+03   3.8108671e-01
   4.3130000e+03  -6.1672712e-01
   4.3140000e+03  -6.9366855e-01
   4.3150000e+03  -2.3373078e-01
   4.3160000e+03   9.2363515e-01
   4.3170000e+03   4.6472148e-02
   4.3180000e+03   1.1630619e+00
   4.3190000e+03   8.6332220e-01
   4.3200000e+03  -3.2163495e-01
   4.3210000e+03  -1.1130457e+00
   4.3220000e+03  -3.1268021e-01
   4.3230000e+03  -5.4236366e-01
   4.3240000e+03   3.2608310e-01
   4.3250000e+03   1.8600782e-01
   4.3260000e+03   4.9321657e-01
   4.3270000e+03   1.0446674e+00
   4.3280000e+03   4.6854184e-01
   4.3290000e+03   1.0420316e+00
   4.3300000e+03   7.5764078e-01
   4.3310000e+03   2.1593175e-01
   4.3320000e+03   1.2243989e+00
   4.3330000e+03   3.1952811e-01
   4.3340000e+03   4.2705942e-01
   4.3350000e+03   1.3651300e+00
   4.3360000e+03   1.1284170e+00
   4.3370000e+03   1.4555057e+00
   4.3380000e+03   1.2795031e+00
   4.3390000e+03   6.7768331e-01
   4.3400000e+03   1.3426157e+00
   4.3410000e+03   5.7349851e-01
   4.3420000e+03  -3.1158492e-01
   4.3430000e+03  -4.7572204e-01
   4.3440000e+03   9.4573511e-01
   4.3450000e+03   7.9840507e-01
   4.3460000e+03   1.9540961e+00
   4.3470000e+03   2.7037522e+00
   4.3480000e+03   2.1641109e+00
   4.3490000e+03   2.2699137e+00
   4.3500000e+03   8.5174429e-01
   4.3510000e+03   1.1603524e+00
   4.3520000e+03   1.8784626e+00
   4.3530000e+03   1.6873644e+00
   4.3540000e+03   1.2336844e+00
   4.3550000e+03   6.1174438e-01
   4.3560000e+03   2.2157663e+00
   4.3570000e+03   1.0511857e+00
   4.3580000e+03   1.3592754e+00
   4.3590000e+03   8.5462514e-01
   4.3600000e+03   7.5268001e-01
   4.3610000e+03  -2.9590238e-02
   4.3620000e+03  -2.5607269e-01
   4.3630000e+03   8.5215278e-01
   4.3640000e+03   7.4665542e-01
   4.3650000e+03   7.6154128e-01
   4.3660000e+03   1.0487509e+00
   4.3670000e+03   2.1462946e+00
   4.3680000e+03   1.1866210e+00
   4.3690000e+03   8.8353998e-01
   4.3700000e+03   1.0966541e+00
   4.3710000e+03   1.1523874e+00
   4.3720000e+03  -3.6075239e-01
   4.3730000e+03   8.0141529e-01
   4.3740000e+03   4.5888473e-01
   4.3750000e+03   7.2417921e-01
   4.3760000e+03   7.7177746e-01
   4.3770000e+03   1.3070111e+00
   4.3780000e+03   2.0206161e+00
   4.3790000e+03   2.4090912e+00
   4.3800000e+03   9.7359706e-01
   4.3810000e+03  -1.1100200e+00
   4.3820000e+03  -2.8151728e-01
   4.3830000e+03  -6.1806963e-01
   4.3840000e+03   3.9743251e-01
   4.3850000e+03  -1.9219929e-01
   4.3860000e+03  -3.3561400e-01
   4.3870000e+03   1.9229160e+00
   4.3880000e+03   1.2166316e+00
   4.3890000e+03  -4.4081993e-01
   4.3900000e+03   1.2141134e-01
   4.3910000e+03  -1.7522530e-02
   4.3920000e+03  -3.0162814e-01
   4.3930000e+03  -5.0096367e-01
   4.3940000e+03   5.9693901e-01
   4.3950000e+03  -5.4548563e-01
   4.3960000e+03  -1.6914998e+00
   4.3970000e+03  -1.9428671e+00
   4.3980000e+03  -1.3516259e+00
   4.3990000e+03  -1.2221799e+00
   4.4000000e+03  -7.9601042e-01
   4.4010000e+03   6.7873098e-01
   4.4020000e+03   5.7797388e-01
   4.4030000e+03   4.9047520e-02
   4.4040000e+03   1.2855571e+00
   4.4050000e+03   1.0253708e+00
   4.4060000e+03   3.9301975e-01
   4.4070000e+03  -7.3858980e-01
   4.4080000e+03  -3.4107720e-01
   4.4090000e+03  -4.7035655e-01
   4.4100000e+03  -8.2069304e-01
   4.4110000e+03   1.4457624e+00
   4.4120000e+03  -5.9442765e-01
   4.4130000e+03   4.1372505e-02
   4.4140000e+03  -5.5925154e-01
   4.4150000e+03  -4.2821005e-02
   4.4160000e+03   1.9860519e-01
   4.4170000e+03  -4.3310222e-01
   4.4180000e+03  -1.1886187e+00
   4.4190000e+03  -7.9813046e-01
   4.4200000e+03  -1.1060665e-01
   4.4210000e+03  -6.3588228e-01
   4.4220000e+03  -7.9624801e-01
   4.4230000e+03   6.3474628e-01
   4.4240000e+03   9.3200295e-01
   4.4250000e+03   4.9171757e-01
   4.4260000e+03  -3.8534481e-01
   4.4270000e+03   7.7014337e-01
   4.4280000e+03   1.6764118e+00
   4.4290000e+03   8.9455233e-01
   4.4300000e+03   9.3737550e-02
   4.4310000e+03   1.2259635e+00
   4.4320000e+03   4.2057912e-01
   4.4330000e+03   2.1079371e-01
   4.4340000e+03   5.3962124e-01
   4.4350000e+03   1.1641925e+00
   4.4360000e+03   9.0566145e-01
   4.4370000e+03   2.7585798e-01
   4.4380000e+03  -1.4298549e+00
   4.4390000e+03  -1.8367206e-01
   4.4400000e+03   7.1732430e-01
   4.4410000e+03  -7.7272969e-01
   4.4420000e+03  -5.8922488e-01
   4.4430000e+03   5.2266085e-01
   4.4440000e+03  -1.2045655e+00
   4.4450000e+03  -1.7801544e-01
   4.4460000e+03   6.3701370e-02
   4.4470000e+03   1.1907638e+00
   4.4480000e+03   3.4450064e-01
   4.4490000e+03  -1.9666300e-01
   4.4500000e+03   5.4492592e-01
   4.4510000e+03   5.9182437e-01
   4.4520000e+03   1.2582507e+00
   4.4530000e+03  -2.9802188e-01
   4.4540000e+03   6.7824632e-01
   4.4550000e+03  -3.9732716e-02
   4.4560000e+03  -8.6726996e-01
   4.4570000e+03   9.4699589e-01
   4.4580000e+03  -2.8254409e-02
   4.4590000e+03   1.7071811e+00
   4.4600000e+03   2.3645442e-01
   4.4610000e+03   5.1801082e-01
   4.4620000e+03   6.3240879e-01
   4.4630000e+03  -7.7448476e-01
   4.4640000e+03   1.2464901e+00
   4.4650000e+03   7.0983545e-01
   4.4660000e+03   6.1127711e-01
   4.4670000e+03   6.0493036e-01
   4.4680000e+03   4.8380556e-01
   4.4690000e+03   1.8815930e-01
   4.4700000e+03  -3.0781072e-01
   4.4710000e+03   9.2616152e-01
   4.4720000e+03  -1.1542130e-01
   4.4730000e+03   1.0551680e+00
   4.4740000e+03   6.9327874e-01
   4.4750000e+03  -7.9493736e-01
   4.4760000e+03  -1.6067761e+00
   4.4770000e+03  -3.2367862e-01
   4.4780000e+03  -2.9333628e-01
   4.4790000e+03   9.3642314e-02
   4.4800000e+03  -1.0060070e+00
   4.4810000e+03  -1.0739802e+00
   4.4820000e+03  -8.8852126e-01
   4.4830000e+03  -9.2296644e-01
   4.4840000e+03  -4.8656821e-01
   4.4850000e+03  -6.7910345e-01
   4.4860000e+03  -1.3797755e+00
   4.4870000e+03  -1.9088428e+00
   4.4880000e+03  -2.3810485e+00
   4.4890000e+03  -2.6495063e+00
   4.4900000e+03  -7.0002159e-01
   4.4910000e+03  -9.7464056e-01
   4.4920000e+03  -1.1522032e+00
   4.4930000e+03  -1.6239488e+00
   4.4940000e+03  -8.8724062e-01
   4.4950000e+03   3.2317512e-01
   4.4960000e+03  -1.4158653e+00
   4.4970000e+03  -2.5811492e+00
   4.4980000e+03  -1.3455534e+00
   4.4990000e+03  -1.5421197e+00
   4.5000000e+03  -1.0743679e-01
   4.5010000e+03   9.6002853e-01
   4.5020000e+03  -5.0853882e-01
   4.5030000e+03  -1.1234174e+00
   4.5040000e+03  -1.5081445e+00
   4.5050000e+03  -1.0792895e+00
   4.5060000e+03  -1.1103122e+00
   4.5070000e+03  -8.1972551e-01
   4.5080000e+03  -1.5588977e+00
   4.5090000e+03  -8.7843922e-01
   4.5100000e+03  -7.5656579e-02
   4.5110000e+03  -2.2131267e-01
   4.5120000e+03  -8.7059056e-01
   4.5130000e+03  -8.3317417e-01
   4.5140000e+03   4.9093661e-02
   4.5150000e+03  -1.2079456e+00
   4.5160000e+03  -1.5533795e+00
   4.5170000e+03  -8.2168455e-01
   4.5180000e+03  -2.4008114e+00
   4.5190000e+03  -4.3465752e-01
   4.5200000e+03   1.4209886e-01
   4.5210000e+03  -1.5282010e+00
   4.5220000e+03  -4.5187802e-01
   4.5230000e+03  -9.7245720e-01
   4.5240000e+03  -1.1290078e+00
   4.5250000e+03  -2.2184272e+00
   4.5260000e+03  -1.3282994e+00
   4.5270000e+03  -1.4867795e+00
   4.5280000e+03  -1.8013399e+00
   4.5290000e+03  -8.8058578e-01
   4.5300000e+03  -2.6654084e+00
   4.5310000e+03  -1.9589409e+00
   4.5320000e+03  -1.8780266e+00
   4.5330000e+03  -5.5566055e-01
   4.5340000e+03  -6.5157315e-01
   4.5350000e+03  -9.2194932e-01
   4.5360000e+03  -1.2054113e+00
   4.5370000e+03   2.7203569e-01
   4.5380000e+03  -2.0596337e+00
   4.5390000e+03  -2.1062149e+00
   4.5400000e+03  -3.6750834e+00
   4.5410000e+03  -2.2055850e+00
   4.5420000e+03  -1.7489487e+00
   4.5430000e+03  -1.6963234e+00
   4.5440000e+03  -1.2436119e+00
   4.5450000e+03  -4.4547890e-01
   4.5460000e+03  -2.1003688e+00
   4.5470000e+03  -1.3091953e+00
   4.5480000e+03   5.0844994e-01
   4.5490000e+03  -1.6773459e+00
   4.5500000e+03  -1.0135774e+00
   4.5510000e+03  -2.1432436e+00
   4.5520000e+03  -1.1661821e+00
   4.5530000e+03  -8.0607679e-01
   4.5540000e+03  -1.3041238e+00
   4.5550000e+03  -3.2474170e-01
   4.5560000e+03  -1.3063588e+00
   4.5570000e+03  -6.7525590e-01
   4.5580000e+03  -5.9654561e-01
   4.5590000e+03  -1.7735612e+00
   4.5600000e+03  -9.7096228e-01
   4.5610000e+03  -1.7755986e+00
   4.5620000e+03  -2.4728868e-01
   4.5630000e+03  -1.2916927e+00
   4.5640000e+03  -1.0622883e+00
   4.5650000e+03  -1.1050096e+00
   4.5660000e+03  -5.0226810e-01
   4.5670000e+03  -3.0008158e-01
   4.5680000e+03  -2.0255436e-01
   4.5690000e+03  -1.2054099e+00
   4.5700000e+03  -9.0843862e-01
   4.5710000e+03  -1.1319498e+00
   4.5720000e+03  -6.9315716e-01
   4.5730000e+03  -1.1514107e+00
   4.5740000e+03  -5.1268055e-01
   4.5750000e+03  -2.2408362e-01
   4.5760000e+03  -1.0509456e+00
   4.5770000e+03  -2.0544482e+00
   4.5780000e+03  -1.6288429e+00
   4.5790000e+03  -2.2215642e-01
   4.5800000e+03  -6.5148267e-01
   4.5810000e+03  -1.6858483e+00
   4.5820000e+03   1.9155021e-01
   4.5830000e+03  -1.1560311e+00
   4.5840000e+03  -4.4207314e-01
   4.5850000e+03  -6.9596080e-01
   4.5860000e+03  -7.5872763e-01
   4.5870000e+03  -2.4567481e+00
   4.5880000e+03  -1.4156736e+00
   4.5890000e+03  -6.3819478e-01
   4.5900000e+03  -2.3717005e+00
   4.5910000e+03   2.3740555e-01
   4.5920000e+03   2.4915948e-01
   4.5930000e+03   7.3788880e-01
   4.5940000e+03   2.1788226e-01
   4.5950000e+03   9.0432776e-01
   4.5960000e+03   1.5354341e+00
   4.5970000e+03   4.8363708e-01
   4.5980000e+03   4.4371772e-01
   4.5990000e+03  -2.5115255e-01
   4.6000000e+03   1.9249711e-01
   4.6010000e+03   7.0824010e-01
   4.6020000e+03   8.8904133e-01
   4.6030000e+03   2.1086537e-01
   4.6040000e+03   4.9997767e-02
   4.6050000e+03   9.5208116e-01
   4.6060000e+03   4.9178263e-01
   4.6070000e+03   1.5814616e-01
   4.6080000e+03  -1.0327331e+00
   4.6090000e+03  -5.2146659e-01
   4.6100000e+03  -2.0622286e-01
   4.6110000e+03  -1.3063636e-01
   4.6120000e+03  -5.5187363e-02
   4.6130000e+03  -8.3352060e-01
   4.6140000e+03   5.3777712e-01
   4.6150000e+03   3.6502925e-01
   4.6160000e+03  -3.7669830e-01
   4.6170000e+03  -3.3119773e-01
   4.6180000e+03   3.6526039e-01
   4.6190000e+03  -8.2149313e-01
   4.6200000e+03  -1.4968953e-01
   4.6210000e+03   8.0554625e-01
   4.6220000e+03   7.2676313e-02
   4.6230000e+03   8.1205637e-01
   4.6240000e+03   1.1206748e+00
   4.6250000e+03   5.6385230e-01
   4.6260000e+03  -9.8688045e-03
   4.6270000e+03   7.0810218e-02
   4.6280000e+03   9.5243133e-01
   4.6290000e+03   1.3615804e+00
   4.6300000e+03  -1.4644337e-01
   4.6310000e+03   8.6188261e-01
   4.6320000e+03   1.1799077e+00
   4.6330000e+03   3.2714674e-01
   4.6340000e+03   2.7069323e-01
   4.6350000e+03   3.8012123e-01
   4.6360000e+03  -7.8546750e-01
   4.6370000e+03   2.1595459e-02
   4.6380000e+03   1.3333063e-01
   4.6390000e+03   8.4178385e-01
   4.6400000e+03   7.2379955e-01
   4.6410000e+03   1.2569588e+00
   4.6420000e+03   7.4348942e-01
   4.6430000e+03  -1.5635940e-01
   4.6440000e+03  -1.0132016e+00
   4.6450000e+03  -2.1804716e-01
   4.6460000e+03  -8.0876211e-01
   4.6470000e+03   5.6754992e-01
   4.6480000e+03   8.2294539e-01
   4.6490000e+03   5.0385325e-01
   4.6500000e+03   3.0650610e-01
   4.6510000e+03   2.1331699e-01
   4.6520000e+03   1.3197104e+00
   4.6530000e+03  -3.7650805e-01
   4.6540000e+03   9.4718069e-01
   4.6550000e+03   5.2597392e-01
   4.6560000e+03  -7.3930284e-01
   4.6570000e+03  -1.0356372e-01
   4.6580000e+03  -2.7249892e-01
   4.6590000e+03   1.5798130e-01
   4.6600000e+03   1.1779015e+00
   4.6610000e+03   1.1380281e+00
   4.6620000e+03   2.3037944e-01
   4.6630000e+03   3.7148340e-01
   4.6640000e+03   6.9304227e-01
   4.6650000e+03   5.1989682e-01
   4.6660000e+03   2.5728527e-01
   4.6670000e+03   3.2539766e-01
   4.6680000e+03   1.3850183e+00
   4.6690000e+03   5.7197112e-01
   4.6700000e+03   5.7089810e-03
   4.6710000e+03   1.3140409e+00
   4.6720000e+03   1.5137613e+00
   4.6730000e+03   2.0859635e+00
   4.6740000e+03   1.1491917e+00
   4.6750000e+03   7.5067832e-01
   4.6760000e+03   1.6826692e+00
   4.6770000e+03   2.4054753e+00
   4.6780000e+03   3.1236684e+00
   4.6790000e+03   2.6599237e+00
   4.6800000e+03   1.1687709e+00
   4.6810000e+03   3.3344574e-01
   4.6820000e+03   8.1367543e-01
   4.6830000e+03   8.9057813e-01
   4.6840000e+03   1.4395718e+00
   4.6850000e+03   1.6037321e+00
   4.6860000e+03   1.7873359e+00
   4.6870000e+03   1.7228973e+00
   4.6880000e+03   7.0864382e-01
   4.6890000e+03   1.6923800e+00
   4.6900000e+03  -7.6190577e-02
   4.6910000e+03   1.0915322e+00
   4.6920000e+03   1.0285475e+00
   4.6930000e+03   3.4860258e-01
   4.6940000e+03  -3.6039082e-01
   4.6950000e+03   1.9271563e-02
   4.6960000e+03  -5.7022325e-01
   4.6970000e+03   1.0941383e+00
   4.6980000e+03   5.2417466e-01
   4.6990000e+03   4.2753749e-01
   4.7000000e+03   1.5055017e+00
   4.7010000e+03  -4.5331005e-01
   4.7020000e+03  -5.8902146e-02
   4.7030000e+03   3.2832699e-01
   4.7040000e+03   1.8803434e-01
   4.7050000e+03  -5.1281796e-01
   4.7060000e+03   7.4548915e-01
   4.7070000e+03   1.5161650e-01
   4.7080000e+03  -3.3274651e-01
   4.7090000e+03  -4.0583109e-01
   4.7100000e+03  -2.8843631e-01
   4.7110000e+03   4.2313278e-01
   4.7120000e+03   2.3250479e-01
   4.7130000e+03  -3.2824480e-01
   4.7140000e+03   6.5705329e-02
   4.7150000e+03   2.4424385e-01
   4.7160000e+03  -5.4780393e-01
   4.7170000e+03   8.8473062e-01
   4.7180000e+03   4.8694839e-01
   4.7190000e+03   5.8277957e-01
   4.7200000e+03  -5.9215162e-01
   4.7210000e+03  -6.0011456e-01
   4.7220000e+03   3.7533031e-01
   4.7230000e+03  -3.1886795e-01
   4.7240000e+03  -1.2146316e+00
   4.7250000e+03  -7.2432617e-01
   4.7260000e+03  -5.9664200e-01
   4.7270000e+03   1.3547200e+00
   4.7280000e+03   1.6816590e+00
   4.7290000e+03   1.9822172e-01
   4.7300000e+03   7.4276412e-01
   4.7310000e+03   1.1478013e-01
   4.7320000e+03   1.0639020e-01
   4.7330000e+03   4.9500724e-01
   4.7340000e+03  -5.7919883e-02
   4.7350000e+03   6.2863259e-01
   4.7360000e+03   5.7564027e-01
   4.7370000e+03  -2.0302779e-01
   4.7380000e+03   5.2898994e-01
   4.7390000e+03   7.3678100e-01
   4.7400000e+03   1.0864459e+00
   4.7410000e+03  -5.1491975e-01
   4.7420000e+03   4.6961327e-01
   4.7430000e+03   1.2641952e+00
   4.7440000e+03  -2.7022148e-02
   4.7450000e+03  -7.6853363e-01
   4.7460000e+03  -1.3214510e+00
   4.7470000e+03  -4.1133780e-01
   4.7480000e+03  -2.8672767e-01
   4.7490000e+03   4.1739703e-01
   4.7500000e+03  -2.3288480e-01
   4.7510000e+03  -1.5324535e+00
   4.7520000e+03  -1.5132205e-01
   4.7530000e+03   1.4556059e-01
   4.7540000e+03   4.7820513e-01
   4.7550000e+03   5.8793888e-01
   4.7560000e+03  -7.7548803e-01
   4.7570000e+03  -1.5446186e+00
   4.7580000e+03  -3.5660396e-01
   4.7590000e+03  -4.5181758e-01
   4.7600000e+03  -1.0836024e+00
   4.7610000e+03  -6.7140566e-01
   4.7620000e+03   2.8425872e-01
   4.7630000e+03  -7.9448945e-01
   4.7640000e+03   4.9758904e-01
   4.7650000e+03   1.6631683e+00
   4.7660000e+03  -1.2997850e-01
   4.7670000e+03  -7.5472064e-01
   4.7680000e+03  -6.4072493e-01
   4.7690000e+03  -5.5120027e-01
   4.7700000e+03  -5.1295203e-01
   4.7710000e+03  -1.4599427e-01
   4.7720000e+03   6.1749926e-01
   4.7730000e+03  -3.5168304e-01
   4.7740000e+03   1.1742785e+00
   4.7750000e+03   1.3860690e+00
   4.7760000e+03   1.3890176e+00
   4.7770000e+03   1.4470113e+00
   4.7780000e+03   1.1338601e+00
   4.7790000e+03   7.6501488e-01
   4.7800000e+03   3.8238868e-01
   4.7810000e+03   8.9642379e-01
   4.7820000e+03   1.1412742e+00
   4.7830000e+03   8.6461493e-01
   4.7840000e+03   8.9835832e-01
   4.7850000e+03   1.5404209e-01
   4.7860000e+03   2.9589839e-01
   4.7870000e+03   1.1821736e+00
   4.7880000e+03  -6.1176034e-01
   4.7890000e+03  -8.4634562e-01
   4.7900000e+03  -7.8542340e-01
   4.7910000e+03  -1.5499082e+00
   4.7920000e+03  -8.7557923e-01
   4.7930000e+03  -4.0045525e-01
   4.7940000e+03   3.6452849e-01
   4.7950000e+03  -5.1864470e-01
   4.7960000e+03   1.3286430e-01
   4.7970000e+03   5.1691855e-01
   4.7980000e+03  -6.5760668e-01
   4.7990000e+03   1.8931139e-01
   4.8000000e+03  -1.2716791e+00
   4.8010000e+03  -1.3800459e+00
   4.8020000e+03  -2.8290761e-01
   4.8030000e+03  -1.1745840e+00
   4.8040000e+03  -9.1004285e-01
   4.8050000e+03  -8.5465432e-01
   4.8060000e+03  -3.7478762e-01
   4.8070000e+03   2.9888482e-02
   4.8080000e+03   7.7751349e-01
   4.8090000e+03   2.4172370e+00
   4.8100000e+03   7.4751583e-01
   4.8110000e+03   6.9623254e-01
   4.8120000e+03   8.6070201e-01
   4.8130000e+03  -7.5223687e-01
   4.8140000e+03   5.8343569e-01
   4.8150000e+03   6.7641897e-01
   4.8160000e+03   1.7273181e+00
   4.8170000e+03   1.4977437e+00
   4.8180000e+03   1.6084155e+00
   4.8190000e+03   1.3871448e+00
   4.8200000e+03   6.1022554e-01
   4.8210000e+03   6.9538538e-01
   4.8220000e+03   9.8534310e-01
   4.8230000e+03   2.0571675e-01
   4.8240000e+03   2.5825343e-02
   4.8250000e+03   1.3279183e+00
   4.8260000e+03   6.6703015e-01
   4.8270000e+03  -3.2851464e-02
   4.8280000e+03   2.5924038e-02
   4.8290000e+03  -9.2091001e-01
   4.8300000e+03  -3.0015981e-01
   4.8310000e+03  -3.1871575e-01
   4.8320000e+03   2.5852399e-01
   4.8330000e+03  -1.4664300e+00
   4.8340000e+03  -6.8661861e-01
   4.8350000e+03  -6.5480857e-01
   4.8360000e+03   4.4090054e-02
   4.8370000e+03   6.0634693e-01
   4.8380000e+03   1.7115952e+00
   4.8390000e+03   9.9873790e-01
   4.8400000e+03  -6.1429597e-01
   4.8410000e+03  -2.4114398e-02
   4.8420000e+03   3.2212635e-01
   4.8430000e+03   3.2397858e-02
   4.8440000e+03  -4.4917907e-01
   4.8450000e+03  -3.6946827e-01
   4.8460000e+03   1.0162120e+00
   4.8470000e+03   9.0018892e-01
   4.8480000e+03   4.5788697e-01
   4.8490000e+03   2.6767310e-01
   4.8500000e+03   9.3521576e-01
   4.8510000e+03   3.5135303e-01
   4.8520000e+03   3.0053918e-01
   4.8530000e+03  -4.1241371e-02
   4.8540000e+03   9.4915240e-01
   4.8550000e+03   1.8343265e+00
   4.8560000e+03   1.6948295e+00
   4.8570000e+03   6.3081664e-01
   4.8580000e+03  -4.7973158e-01
   4.8590000e+03  -4.9648697e-01
   4.8600000e+03  -4.5566588e-01
   4.8610000e+03  -1.0229555e+00
   4.8620000e+03  -6.2607405e-01
   4.8630000e+03   5.4588275e-01
   4.8640000e+03  -4.9585815e-03
   4.8650000e+03   2.2251344e-01
   4.8660000e+03   4.9752500e-01
   4.8670000e+03  -9.2762968e-01
   4.8680000e+03  -5.6614254e-01
   4.8690000e+03   2.0277737e-01
   4.8700000e+03  -7.7156635e-01
   4.8710000e+03   3.0965893e-02
   4.8720000e+03   9.1707565e-01
   4.8730000e+03   1.0764886e-01
   4.8740000e+03   1.2150562e+00
   4.8750000e+03   1.6295443e+00
   4.8760000e+03   1.7581188e+00
   4.8770000e+03   6.4995977e-01
   4.8780000e+03   8.4517853e-01
   4.8790000e+03  -8.5983206e-01
   4.8800000e+03   4.6770255e-01
   4.8810000e+03   7.0211849e-01
   4.8820000e+03   8.0322247e-01
   4.8830000e+03   1.5336340e-01
   4.8840000e+03   5.2834712e-02
   4.8850000e+03   2.8598971e-01
   4.8860000e+03   4.4846472e-01
   4.8870000e+03   9.3778449e-01
   4.8880000e+03  -7.7037468e-02
   4.8890000e+03   1.1143446e+00
   4.8900000e+03   1.2407471e+00
   4.8910000e+03   8.7915846e-01
   4.8920000e+03   2.0367163e+00
   4.8930000e+03   3.1420571e-01
   4.8940000e+03   1.9083819e+00
   4.8950000e+03  -8.7395989e-01
   4.8960000e+03  -2.1122479e-01
   4.8970000e+03  -1.3029337e-01
   4.8980000e+03   3.3180581e-01
   4.8990000e+03   7.1266334e-01
   4.9000000e+03   7.8790470e-01
   4.9010000e+03  -3.0013585e-01
   4.9020000e+03   8.9696140e-01
   4.9030000e+03  -2.8269182e-01
   4.9040000e+03   4.1338522e-01
   4.9050000e+03   8.2221339e-01
   4.9060000e+03  -9.9550448e-01
   4.9070000e+03  -5.1051130e-01
   4.9080000e+03   3.4973267e-02
   4.9090000e+03  -4.3353169e-01
   4.9100000e+03   3.6676202e-01
   4.9110000e+03   4.3786397e-01
   4.9120000e+03  -1.0270364e+00
   4.9130000e+03  -2.7316049e-01
   4.9140000e+03  -1.0802122e+00
   4.9150000e+03   7.2391339e-01
   4.9160000e+03   2.3274842e-01
   4.9170000e+03  -1.2538311e-01
   4.9180000e+03  -6.7115122e-01
   4.9190000e+03  -1.3897615e+00
   4.9200000e+03  -1.0010315e+00
   4.9210000e+03  -7.2701846e-01
   4.9220000e+03  -1.1709730e+00
   4.9230000e+03  -2.1873484e-01
   4.9240000e+03  -9.1408698e-01
   4.9250000e+03  -1.0691731e+00
   4.9260000e+03  -1.0888461e+00
   4.9270000e+03   5.0608079e-01
   4.9280000e+03   1.3068992e-01
   4.9290000e+03   5.1588071e-02
   4.9300000e+03   8.2331749e-01
   4.9310000e+03   6.3331559e-01
   4.9320000e+03   2.2847904e-01
   4.9330000e+03   1.3437378e+00
   4.9340000e+03   5.0701321e-01
   4.9350000e+03   6.2905948e-01
   4.9360000e+03   1.3453315e+00
   4.9370000e+03   2.2461767e+00
   4.9380000e+03   3.5063462e-01
   4.9390000e+03  -2.5804580e-01
   4.9400000e+03   4.9400900e-01
   4.9410000e+03   9.9805873e-01
   4.9420000e+03   1.1524611e+00
   4.9430000e+03  -9.3541366e-01
   4.9440000e+03   7.5935289e-02
   4.9450000e+03  -5.1614020e-01
   4.9460000e+03  -5.3615065e-01
   4.9470000e+03   9.8659272e-01
   4.9480000e+03  -3.2184887e-01
   4.9490000e+03  -6.1629173e-01
   4.9500000e+03   2.8842523e-01
   4.9510000e+03   2.4096703e-01
   4.9520000e+03   1.3194774e-01
   4.9530000e+03   4.5082033e-01
   4.9540000e+03   4.3739832e-01
   4.9550000e+03   2.1832095e+00
   4.9560000e+03   1.7151951e+00
   4.9570000e+03   1.8185885e+00
   4.9580000e+03   1.8093851e+00
   4.9590000e+03   6.2484729e-01
   4.9600000e+03   6.6150295e-01
   4.9610000e+03   1.1137898e+00
   4.9620000e+03   1.3467261e+00
   4.9630000e+03  -6.4163864e-01
   4.9640000e+03   9.6783724e-02
   4.9650000e+03   1.3894377e-02
   4.9660000e+03  -1.8802292e+00
   4.9670000e+03   2.3033239e-01
   4.9680000e+03  -2.6893391e-01
   4.9690000e+03  -2.3809138e-01
   4.9700000e+03  -2.5478442e-01
   4.9710000e+03   8.6795145e-01
   4.9720000e+03   1.7861881e-01
   4.9730000e+03   7.6515930e-01
   4.9740000e+03   1.2846774e+00
   4.9750000e+03   1.2871549e-01
   4.9760000e+03  -1.2966843e+00
   4.9770000e+03   6.7004194e-01
   4.9780000e+03   4.4292438e-01
   4.9790000e+03  -2.2282518e-01
   4.9800000e+03   1.9605800e-01
   4.9810000e+03  -4.2795157e-01
   4.9820000e+03  -1.0432430e-01
   4.9830000e+03   6.2096028e-01
   4.9840000e+03  -3.1355330e-02
   4.9850000e+03   3.2107463e-01
   4.9860000e+03   7.4338491e-01
   4.9870000e+03   1.2065063e+00
   4.9880000e+03   1.3593273e+00
   4.9890000e+03   9.0206990e-01
   4.9900000e+03   1.8714401e+00
   4.9910000e+03   8.7684377e-01
   4.9920000e+03  -3.7282460e-01
   4.9930000e+03  -2.5090413e-01
   4.9940000e+03   1.1984783e+00
   4.9950000e+03   9.8845279e-02
   4.9960000e+03   1.2831106e+00
   4.9970000e+03   6.7382151e-01
   4.9980000e+03   1.5630072e+00
   4.9990000e+03  -1.3666341e+00
   5.0000000e+03   2.1470886e-01
   5.0010000e+03   1.2030135e+00
   5.0020000e+03   5.6416263e-01
   5.0030000e+03   1.8154962e-01
   5.0040000e+03   6.2661894e-01
   5.0050000e+03   7.1275499e-01
   5.0060000e+03  -5.0530931e-01
   5.0070000e+03  -3.4481688e-01
   5.0080000e+03   2.7018376e-02
   5.0090000e+03  -5.8143998e-01
   5.0100000e+03   8.7354548e-01
   5.0110000e+03   1.1448796e+00
   5.0120000e+03   2.6414397e-01
   5.0130000e+03   5.1214144e-01
   5.0140000e+03   1.5781832e-01
   5.0150000e+03  -1.3950733e-01
   5.0160000e+03   1.0723022e+00
   5.0170000e+03   4.6186853e-01
   5.0180000e+03   1.0013716e+00
   5.0190000e+03   1.2517101e+00
   5.0200000e+03   5.5688859e-01
   5.0210000e+03   1.3575774e+00
   5.0220000e+03   1.4966520e+00
   5.0230000e+03   2.1140502e-01
   5.0240000e+03   2.3800206e-01
   5.0250000e+03   2.5274369e-01
   5.0260000e+03  -1.2339392e+00
   5.0270000e+03  -6.4783571e-01
   5.0280000e+03   1.1105408e+00
   5.0290000e+03   2.5492466e+00
   5.0300000e+03   2.1661871e+00
   5.0310000e+03   1.2921777e+00
   5.0320000e+03   1.8615254e+00
   5.0330000e+03   1.1136128e+00
   5.0340000e+03   1.7782555e+00
   5.0350000e+03   9.7680107e-01
   5.0360000e+03   9.5571336e-01
   5.0370000e+03   1.8602243e+00
   5.0380000e+03  -2.7651138e-02
   5.0390000e+03   3.2526937e-01
   5.0400000e+03   9.3094230e-01
   5.0410000e+03  -1.6808228e-01
   5.0420000e+03   8.3030657e-02
   5.0430000e+03   3.0267538e-01
   5.0440000e+03   3.9213570e-01
   5.0450000e+03   2.3951425e-01
   5.0460000e+03   5.1305369e-01
   5.0470000e+03   8.0999265e-01
   5.0480000e+03   1.1657210e+00
   5.0490000e+03   5.0999839e-01
   5.0500000e+03   6.7588137e-01
   5.0510000e+03   5.8269021e-01
   5.0520000e+03   3.1790238e-01
   5.0530000e+03   5.2588264e-01
   5.0540000e+03   9.4232005e-01
   5.0550000e+03   1.8476346e+00
   5.0560000e+03   3.8369072e-01
   5.0570000e+03   1.1507504e+00
   5.0580000e+03   7.8138750e-01
   5.0590000e+03   9.0064401e-01
   5.0600000e+03  -4.5432820e-02
   5.0610000e+03  -1.8157518e-01
   5.0620000e+03  -4.6489335e-01
   5.0630000e+03   5.2569578e-01
   5.0640000e+03  -1.6138327e-01
   5.0650000e+03  -8.5994081e-01
   5.0660000e+03  -5.7205996e-01
   5.0670000e+03  -7.0703197e-01
   5.0680000e+03  -2.2177167e-01
   5.0690000e+03  -4.5948683e-01
   5.0700000e+03  -4.7851218e-01
   5.0710000e+03  -3.2647564e-01
   5.0720000e+03  -1.1142026e+00
   5.0730000e+03  -1.1583837e+00
   5.0740000e+03  -4.7691110e-01
   5.0750000e+03  -2.7335884e-01
   5.0760000e+03  -1.1258724e+00
   5.0770000e+03   2.8654798e-01
   5.0780000e+03  -1.5354402e+00
   5.0790000e+03  -1.1793460e+00
   5.0800000e+03  -1.7834855e+00
   5.0810000e+03  -9.9254590e-01
   5.0820000e+03  -6.9471609e-01
   5.0830000e+03  -6.0171712e-01
   5.0840000e+03  -1.9784156e-01
   5.0850000e+03  -1.2066351e-01
   5.0860000e+03  -1.0002052e+00
   5.0870000e+03  -9.7703247e-01
   5.0880000e+03  -2.4612745e-01
   5.0890000e+03  -1.1760980e+00
   5.0900000e+03  -1.3973398e+00
   5.0910000e+03  -1.6883538e+00
   5.0920000e+03  -9.6132670e-01
   5.0930000e+03   7.6849438e-01
   5.0940000e+03  -3.0845692e-01
   5.0950000e+03  -4.0647370e-01
   5.0960000e+03  -6.5116926e-02
   5.0970000e+03  -7.1482422e-01
   5.0980000e+03   1.5832132e-01
   5.0990000e+03  -1.4152369e+00
   5.1000000e+03  -2.1547718e-01
   5.1010000e+03  -8.0787262e-01
   5.1020000e+03  -9.5652908e-01
   5.1030000e+03  -7.2020789e-01
   5.1040000e+03  -2.3569449e-01
   5.1050000e+03  -5.0633035e-01
   5.1060000e+03  -6.4248066e-01
   5.1070000e+03  -6.4090875e-01
   5.1080000e+03  -9.9340841e-01
   5.1090000e+03  -1.6147626e-01
   5.1100000e+03  -1.2742727e+00
   5.1110000e+03   6.0657182e-01
   5.1120000e+03  -8.1468478e-01
   5.1130000e+03   2.7366285e-02
   5.1140000e+03   4.6068030e-01
   5.1150000e+03   9.8302018e-02
   5.1160000e+03   6.9905614e-01
   5.1170000e+03   1.6767443e+00
   5.1180000e+03   2.7339694e-01
   5.1190000e+03   1.5362198e+00
   5.1200000e+03   1.1561540e+00
   5.1210000e+03  -2.8000456e-01
   5.1220000e+03  -3.2205007e-01
   5.1230000e+03   3.9338471e-01
   5.1240000e+03   1.4912535e+00
   5.1250000e+03   6.7685249e-01
   5.1260000e+03   6.6088032e-01
   5.1270000e+03   6.0813476e-01
   5.1280000e+03   4.9536827e-01
   5.1290000e+03   2.7977754e-01
   5.1300000e+03  -2.0347341e-01
   5.1310000e+03  -6.2155753e-01
   5.1320000e+03  -3.5634861e-01
   5.1330000e+03  -2.4546433e-01
   5.1340000e+03   7.1099921e-01
   5.1350000e+03   7.9838071e-01
   5.1360000e+03   1.8291142e+00
   5.1370000e+03   8.6629050e-01
   5.1380000e+03   4.1963885e-01
   5.1390000e+03   6.5053291e-01
   5.1400000e+03   8.9467247e-01
   5.1410000e+03   1.2015100e+00
   5.1420000e+03   8.2615237e-01
   5.1430000e+03  -1.1334267e-01
   5.1440000e+03   1.6675049e+00
   5.1450000e+03   1.0288699e+00
   5.1460000e+03   1.0811059e+00
   5.1470000e+03   1.4049713e+00
   5.1480000e+03   1.8099860e+00
   5.1490000e+03   1.6651578e+00
   5.1500000e+03   2.0710613e+00
   5.1510000e+03   1.5773482e+00
   5.1520000e+03   5.7799253e-02
   5.1530000e+03   8.9188760e-01
   5.1540000e+03   1.4564728e+00
   5.1550000e+03   3.0427198e-01
   5.1560000e+03   1.3594671e+00
   5.1570000e+03  -1.8412176e-01
   5.1580000e+03   1.6859006e+00
   5.1590000e+03  -6.3262663e-02
   5.1600000e+03  -1.8731648e-01
   5.1610000e+03   2.3171292e+00
   5.1620000e+03   1.3684656e+00
   5.1630000e+03   4.3502579e-01
   5.1640000e+03  -3.7981247e-01
   5.1650000e+03   2.4115900e-01
   5.1660000e+03  -4.2705577e-01
   5.1670000e+03   4.6956489e-01
   5.1680000e+03  -7.5438805e-02
   5.1690000e+03  -8.7731799e-01
   5.1700000e+03  -7.1700482e-01
   5.1710000e+03   3.7903250e-01
   5.1720000e+03  -1.1451332e+00
   5.1730000e+03  -3.8737949e-01
   5.1740000e+03  -8.2442037e-02
   5.1750000e+03  -3.9236213e-01
   5.1760000e+03  -5.6361310e-01
   5.1770000e+03  -1.9497651e+00
   5.1780000e+03  -8.4266315e-01
   5.1790000e+03   2.7421516e-01
   5.1800000e+03  -2.8371648e-02
   5.1810000e+03  -1.6591581e+00
   5.1820000e+03  -1.2480471e+00
   5.1830000e+03  -9.4677076e-01
   5.1840000e+03   4.2814343e-01
   5.1850000e+03  -3.9864165e-01
   5.1860000e+03  -1.3978565e+00
   5.1870000e+03  -8.8907478e-01
   5.1880000e+03   7.5262087e-01
   5.1890000e+03   9.5195850e-02
   5.1900000e+03   5.5446150e-01
   5.1910000e+03  -4.3515642e-01
   5.1920000e+03   2.7918165e-01
   5.1930000e+03  -5.0189067e-02
   5.1940000e+03   3.7139284e-01
   5.1950000e+03   9.8852082e-01
   5.1960000e+03  -5.7876899e-01
   5.1970000e+03  -4.0615093e-01
   5.1980000e+03  -3.5644591e-01
   5.1990000e+03  -1.3385217e+00
   5.2000000e+03   3.2512245e-01
   5.2010000e+03  -1.1100692e-01
   5.2020000e+03   1.0741833e+00
   5.2030000e+03   1.9815011e-02
   5.2040000e+03   1.2588160e-01
   5.2050000e+03   1.5770759e-01
   5.2060000e+03  -9.4889414e-02
   5.2070000e+03  -6.3007229e-01
   5.2080000e+03  -2.9182596e-01
   5.2090000e+03  -2.1676497e-01
   5.2100000e+03   7.6763582e-01
   5.2110000e+03   1.0310555e+00
   5.2120000e+03   1.9525778e+00
   5.2130000e+03   4.0142976e-01
   5.2140000e+03   1.4545269e+00
   5.2150000e+03   8.4908863e-01
   5.2160000e+03   2.0723948e+00
   5.2170000e+03   1.8612740e+00
   5.2180000e+03   1.5863158e+00
   5.2190000e+03   2.6076483e+00
   5.2200000e+03   7.5378419e-01
   5.2210000e+03   7.5660620e-01
   5.2220000e+03  -8.5340954e-02
   5.2230000e+03   1.1204627e-01
   5.2240000e+03   4.7564043e-02
   5.2250000e+03   1.8797299e-01
   5.2260000e+03   7.5306990e-01
   5.2270000e+03  -1.5626556e-01
   5.2280000e+03   1.1975451e+00
   5.2290000e+03   4.6863404e-01
   5.2300000e+03  -9.2884066e-02
   5.2310000e+03   1.2854982e+00
   5.2320000e+03   2.8522485e-01
   5.2330000e+03   6.6320297e-02
   5.2340000e+03   7.6248606e-01
   5.2350000e+03   1.4202883e+00
   5.2360000e+03   4.5450070e-01
   5.2370000e+03  -5.7461723e-01
   5.2380000e+03   1.7091925e-02
   5.2390000e+03   5.8809151e-01
   5.2400000e+03   5.6569030e-01
   5.2410000e+03   2.6101744e-01
   5.2420000e+03   1.5774057e+00
   5.2430000e+03   8.4147559e-01
   5.2440000e+03  -3.0913080e-01
   5.2450000e+03   5.4456305e-01
   5.2460000e+03   4.8946169e-01
   5.2470000e+03   3.4144890e-01
   5.2480000e+03   1.2431891e+00
   5.2490000e+03   4.1261574e-01
   5.2500000e+03  -5.2101072e-01
   5.2510000e+03   1.0099102e+00
   5.2520000e+03   4.7747144e-01
   5.2530000e+03   8.4335319e-01
   5.2540000e+03   3.4145426e-01
   5.2550000e+03   1.3610444e+00
   5.2560000e+03   7.8229275e-01
   5.2570000e+03   6.7475319e-01
   5.2580000e+03   1.4273509e-01
   5.2590000e+03   1.0629748e+00
   5.2600000e+03   4.3502606e-01
   5.2610000e+03   1.1374562e+00
   5.2620000e+03   9.7381591e-01
   5.2630000e+03   1.0593587e+00
   5.2640000e+03   6.0182115e-01
   5.2650000e+03   5.9041336e-01
   5.2660000e+03   2.2677344e-01
   5.2670000e+03   1.4131523e-01
   5.2680000e+03   6.3142657e-01
   5.2690000e+03   7.4323473e-01
   5.2700000e+03   1.2832822e+00
   5.2710000e+03   7.8045687e-02
   5.2720000e+03  -1.3954959e+00
   5.2730000e+03  -3.4770968e-01
   5.2740000e+03  -8.2041137e-02
   5.2750000e+03  -7.7113171e-01
   5.2760000e+03  -2.0042143e+00
   5.2770000e+03  -1.0779817e+00
   5.2780000e+03  -2.8237328e-01
   5.2790000e+03  -1.8439136e-02
   5.2800000e+03   4.5610797e-01
   5.2810000e+03  -5.5311395e-01
   5.2820000e+03  -2.4120579e-01
   5.2830000e+03  -1.7666354e+00
   5.2840000e+03  -5.2848905e-01
   5.2850000e+03  -1.6932793e+00
   5.2860000e+03  -1.1836400e+00
   5.2870000e+03  -2.2511324e+00
   5.2880000e+03  -6.1875590e-01
   5.2890000e+03  -2.4185383e-01
   5.2900000e+03  -1.9996627e+00
   5.2910000e+03  -3.6442388e-01
   5.2920000e+03  -8.6945135e-01
   5.2930000e+03  -1.3698104e+00
   5.2940000e+03  -2.1987095e+00
   5.2950000e+03  -7.0056694e-01
   5.2960000e+03  -1.5547809e+00
   5.2970000e+03  -1.2397732e+00
   5.2980000e+03  -1.4484241e+00
   5.2990000e+03  -1.9725681e+00
   5.3000000e+03  -1.6086262e+00
   5.3010000e+03  -4.1280000e-01
   5.3020000e+03  -6.4215606e-02
   5.3030000e+03   1.5587099e+00
   5.3040000e+03   7.1455570e-01
   5.3050000e+03   4.5049779e-01
   5.3060000e+03   1.0990878e+00
   5.3070000e+03   6.9755395e-01
   5.3080000e+03  -6.6582823e-01
   5.3090000e+03   9.5272637e-02
   5.3100000e+03  -1.0656352e+00
   5.3110000e+03  -4.1464621e-01
   5.3120000e+03   6.5072199e-01
   5.3130000e+03   2.5778216e-01
   5.3140000e+03   2.2357677e-01
   5.3150000e+03   1.4199248e+00
   5.3160000e+03   9.8383372e-01
   5.3170000e+03  -2.5785019e-01
   5.3180000e+03   7.8838604e-01
   5.3190000e+03  -2.2965734e-01
   5.3200000e+03  -1.6935689e-01
   5.3210000e+03   1.9649531e-01
   5.3220000e+03   1.1662217e+00
   5.3230000e+03  -3.9848572e-01
   5.3240000e+03  -1.3543363e-01
   5.3250000e+03  -1.5721074e-01
   5.3260000e+03  -6.7365467e-01
   5.3270000e+03  -1.0944888e+00
   5.3280000e+03   1.4019894e-01
   5.3290000e+03   3.0959787e-01
   5.3300000e+03  -6.8370280e-01
   5.3310000e+03  -3.4949533e-01
   5.3320000e+03   2.0890134e-01
   5.3330000e+03  -7.6716519e-01
   5.3340000e+03   6.0549191e-01
   5.3350000e+03   6.2016066e-01
   5.3360000e+03  -5.9480509e-01
   5.3370000e+03  -5.0108971e-02
   5.3380000e+03  -8.7780551e-01
   5.3390000e+03  -4.7430454e-01
   5.3400000e+03   3.9138075e-01
   5.3410000e+03  -3.2450797e-01
   5.3420000e+03   1.3126102e-01
   5.3430000e+03  -3.8228967e-01
   5.3440000e+03  -7.8277072e-02
   5.3450000e+03   4.9570837e-01
   5.3460000e+03   9.7186919e-01
   5.3470000e+03   6.7945843e-01
   5.3480000e+03   1.1124694e-01
   5.3490000e+03  -9.9910524e-01
   5.3500000e+03  -6.9379487e-01
   5.3510000e+03   1.1064261e+00
   5.3520000e+03   5.2190639e-01
   5.3530000e+03   8.4848638e-01
   5.3540000e+03  -3.0393724e-01
   5.3550000e+03   1.5356511e+00
   5.3560000e+03   6.9356043e-01
   5.3570000e+03  -1.4228391e-01
   5.3580000e+03  -6.6324858e-01
   5.3590000e+03   6.1173905e-01
   5.3600000e+03  -2.6319993e-01
   5.3610000e+03   2.2722149e-02
   5.3620000e+03   1.1586207e+00
   5.3630000e+03  -1.6721928e-01
   5.3640000e+03   4.7536477e-01
   5.3650000e+03  -6.7464096e-01
   5.3660000e+03  -1.0732094e-01
   5.3670000e+03  -9.5612519e-01
   5.3680000e+03   4.7803027e-01
   5.3690000e+03   5.5084376e-01
   5.3700000e+03   6.1558939e-01
   5.3710000e+03   1.8531124e+00
   5.3720000e+03   8.1479990e-01
   5.3730000e+03   1.0014018e-01
   5.3740000e+03  -7.0148698e-01
   5.3750000e+03  -2.7251419e-01
   5.3760000e+03   5.3312142e-01
   5.3770000e+03   1.9096272e+00
   5.3780000e+03  -9.6275927e-01
   5.3790000e+03  -1.9174592e-01
   5.3800000e+03  -8.8557246e-02
   5.3810000e+03  -1.1322336e+00
   5.3820000e+03  -3.6238954e-01
   5.3830000e+03  -1.7523689e+00
   5.3840000e+03   2.8058980e-01
   5.3850000e+03   2.6670741e-01
   5.3860000e+03  -2.1219762e+00
   5.3870000e+03  -1.6488665e+00
   5.3880000e+03   2.0727669e-01
   5.3890000e+03  -1.5828133e+00
   5.3900000e+03  -8.7968203e-02
   5.3910000e+03  -5.6783574e-01
   5.3920000e+03  -2.3781844e+00
   5.3930000e+03  -1.2034384e+00
   5.3940000e+03  -1.1305372e+00
   5.3950000e+03  -1.2619319e+00
   5.3960000e+03   7.8976626e-01
   5.3970000e+03  -8.9869326e-02
   5.3980000e+03   1.2469053e+00
   5.3990000e+03   1.7055934e+00
   5.4000000e+03   6.6167484e-01
   5.4010000e+03   6.2181839e-01
   5.4020000e+03  -7.1817568e-01
   5.4030000e+03   3.6648638e-01
   5.4040000e+03  -3.2553678e-01
   5.4050000e+03   6.7825802e-01
   5.4060000e+03  -4.9334211e-01
   5.4070000e+03  -4.3204335e-01
   5.4080000e+03   4.6914875e-01
   5.4090000e+03   8.0288471e-01
   5.4100000e+03  -3.3232720e-01
   5.4110000e+03  -8.4225892e-01
   5.4120000e+03  -6.0996836e-01
   5.4130000e+03   1.0011386e+00
   5.4140000e+03   1.3642877e+00
   5.4150000e+03  -7.7849511e-02
   5.4160000e+03   5.5924860e-02
   5.4170000e+03   1.6726364e+00
   5.4180000e+03   1.6131314e+00
   5.4190000e+03   1.9394789e+00
   5.4200000e+03   1.4482040e+00
   5.4210000e+03  -3.3679851e-01
   5.4220000e+03   4.7192033e-01
   5.4230000e+03   1.5728376e+00
   5.4240000e+03   4.4811911e-01
   5.4250000e+03  -7.4417209e-01
   5.4260000e+03  -1.0221148e+00
   5.4270000e+03  -3.0385012e-02
   5.4280000e+03   5.6885381e-01
   5.4290000e+03   5.0467639e-01
   5.4300000e+03   6.1959357e-01
   5.4310000e+03   4.6482810e-01
   5.4320000e+03  -5.2423208e-01
   5.4330000e+03   6.3330073e-02
   5.4340000e+03  -2.0702136e-01
   5.4350000e+03  -1.9446789e-01
   5.4360000e+03  -1.2299629e+00
   5.4370000e+03  -2.6063533e-01
   5.4380000e+03   5.9748903e-01
   5.4390000e+03   4.6203966e-01
   5.4400000e+03  -4.5790751e-01
   5.4410000e+03  -4.3014758e-01
   5.4420000e+03   6.1793972e-01
   5.4430000e+03  -5.9197291e-02
   5.4440000e+03  -1.2389060e-01
   5.4450000e+03   4.0726330e-01
   5.4460000e+03   1.0067385e-03
   5.4470000e+03   1.6096929e-01
   5.4480000e+03   2.8129687e-02
   5.4490000e+03   1.1567580e+00
   5.4500000e+03   6.3823207e-02
   5.4510000e+03  -9.4432354e-03
   5.4520000e+03   9.5732061e-02
   5.4530000e+03   7.6626411e-01
   5.4540000e+03   7.0268299e-01
   5.4550000e+03   1.4326342e+00
   5.4560000e+03  -4.4519900e-02
   5.4570000e+03  -8.6295715e-01
   5.4580000e+03  -2.6275725e-01
   5.4590000e+03  -6.6161064e-01
   5.4600000e+03  -3.3091861e-01
   5.4610000e+03   1.2326406e+00
   5.4620000e+03   5.2537440e-01
   5.4630000e+03   1.2942328e+00
   5.4640000e+03   1.5525954e+00
   5.4650000e+03   8.6591044e-01
   5.4660000e+03   3.6839892e-01
   5.4670000e+03   4.8841650e-01
   5.4680000e+03  -3.3189012e-01
   5.4690000e+03   1.3050078e+00
   5.4700000e+03   1.2219039e+00
   5.4710000e+03  -2.3677912e-01
   5.4720000e+03  -2.5421822e-01
   5.4730000e+03  -7.9112699e-01
   5.4740000e+03  -8.1335105e-01
   5.4750000e+03   4.5023738e-01
   5.4760000e+03   1.6815251e+00
   5.4770000e+03  -3.1799785e-01
   5.4780000e+03   6.9877138e-01
   5.4790000e+03  -2.8704303e-01
   5.4800000e+03   5.7573175e-01
   5.4810000e+03   3.4696735e-02
   5.4820000e+03  -6.4207417e-01
   5.4830000e+03   1.0740818e+00
   5.4840000e+03  -2.3697614e-01
   5.4850000e+03  -8.3613280e-01
   5.4860000e+03   5.1909008e-01
   5.4870000e+03   8.6958408e-01
   5.4880000e+03   1.6448451e+00
   5.4890000e+03   2.2206657e+00
   5.4900000e+03   1.5407190e+00
   5.4910000e+03   2.9266278e-01
   5.4920000e+03  -5.0830575e-01
   5.4930000e+03   1.6703737e-01
   5.4940000e+03   2.3303863e-03
   5.4950000e+03  -5.1027976e-01
   5.4960000e+03   2.1695461e-01
   5.4970000e+03   2.3391428e-01
   5.4980000e+03   4.0024049e-01
   5.4990000e+03   6.9340198e-02
   5.5000000e+03  -4.5131463e-02
   5.5010000e+03  -5.7917610e-01
   5.5020000e+03   6.4715947e-01
   5.5030000e+03   1.2982547e+00
   5.5040000e+03   2.3629663e-01
   5.5050000e+03   7.4335471e-01
   5.5060000e+03   1.0878680e+00
   5.5070000e+03   1.7868174e+00
   5.5080000e+03   7.3941817e-01
   5.5090000e+03   2.1483870e+00
   5.5100000e+03   8.8186365e-01
   5.5110000e+03   1.6577117e-01
   5.5120000e+03   1.3622525e+00
   5.5130000e+03   1.9629783e+00
   5.5140000e+03   2.2426974e+00
   5.5150000e+03   1.4595718e+00
   5.5160000e+03   5.3497433e-01
   5.5170000e+03   4.7981789e-01
   5.5180000e+03   1.8402177e+00
   5.5190000e+03   1.1393831e+00
   5.5200000e+03   8.2190129e-01
   5.5210000e+03   3.9449656e-01
   5.5220000e+03   1.6307508e+00
   5.5230000e+03   9.9506404e-01
   5.5240000e+03   1.3904949e+00
   5.5250000e+03   2.4919037e+00
   5.5260000e+03   2.2215766e+00
   5.5270000e+03   1.7642212e+00
   5.5280000e+03   1.3558953e+00
   5.5290000e+03   2.3406364e+00
   5.5300000e+03   7.9374416e-01
   5.5310000e+03   1.5637423e+00
   5.5320000e+03   1.4439254e+00
   5.5330000e+03   2.1934280e+00
   5.5340000e+03   1.3164860e+00
   5.5350000e+03   1.0251262e+00
   5.5360000e+03   1.2364402e+00
   5.5370000e+03   1.1942164e+00
   5.5380000e+03   1.2813538e+00
   5.5390000e+03   2.1500383e+00
   5.5400000e+03   1.9929013e+00
   5.5410000e+03   1.9643734e+00
   5.5420000e+03   2.3899262e+00
   5.5430000e+03   9.2986489e-01
   5.5440000e+03   1.1999206e+00
   5.5450000e+03   1.1621153e+00
   5.5460000e+03   7.0852774e-01
   5.5470000e+03   9.5183979e-01
   5.5480000e+03   6.6813409e-01
   5.5490000e+03   4.0259352e-01
   5.5500000e+03   4.5737750e-01
   5.5510000e+03   2.0506049e-02
   5.5520000e+03  -4.1388218e-01
   5.5530000e+03  -6.9729320e-01
   5.5540000e+03   1.6054258e+00
   5.5550000e+03   6.7923861e-01
   5.5560000e+03   1.2857965e+00
   5.5570000e+03   1.5991888e-01
   5.5580000e+03  -1.2702596e-02
   5.5590000e+03   1.5492530e+00
   5.5600000e+03   1.1566520e+00
   5.5610000e+03   9.4508902e-02
   5.5620000e+03  -9.7166102e-01
   5.5630000e+03   3.9107479e-01
   5.5640000e+03  -1.4053566e-02
   5.5650000e+03   1.2407850e-02
   5.5660000e+03   1.0388316e+00
   5.5670000e+03   2.7989981e+00
   5.5680000e+03   1.1947729e+00
   5.5690000e+03   1.5574000e+00
   5.5700000e+03  -8.8103882e-01
   5.5710000e+03  -1.5716875e+00
   5.5720000e+03  -5.1722814e-01
   5.5730000e+03  -1.0509686e+00
   5.5740000e+03  -2.4248408e-01
   5.5750000e+03   3.3655984e-01
   5.5760000e+03   1.0847154e+00
   5.5770000e+03   1.7416140e+00
   5.5780000e+03   1.8037892e+00
   5.5790000e+03   6.6738490e-01
   5.5800000e+03   1.6383808e-01
   5.5810000e+03  -1.4310299e-01
   5.5820000e+03  -2.4956118e-01
   5.5830000e+03  -7.3825972e-02
   5.5840000e+03  -1.5784575e+00
   5.5850000e+03  -2.3947413e-01
   5.5860000e+03   1.9269404e-01
   5.5870000e+03  -6.2947600e-01
   5.5880000e+03  -9.9102604e-02
   5.5890000e+03  -8.2242543e-01
   5.5900000e+03  -3.9586389e-01
   5.5910000e+03  -6.0544398e-01
   5.5920000e+03  -1.3217144e+00
   5.5930000e+03  -9.5796908e-01
   5.5940000e+03  -1.8830925e-01
   5.5950000e+03  -1.5738561e-01
   5.5960000e+03  -1.2977087e-01
   5.5970000e+03   1.1037257e-01
   5.5980000e+03   6.9380784e-01
   5.5990000e+03   9.7900342e-01
   5.6000000e+03   7.0266509e-01
   5.6010000e+03  -1.2857812e-01
   5.6020000e+03   1.8693662e-01
   5.6030000e+03   1.5308513e+00
   5.6040000e+03   1.7087767e+00
   5.6050000e+03   1.4699028e+00
   5.6060000e+03   7.1445267e-01
   5.6070000e+03   1.5561635e+00
   5.6080000e+03   6.4382663e-01
   5.6090000e+03   1.2567982e+00
   5.6100000e+03   1.2447202e+00
   5.6110000e+03   5.8433839e-01
   5.6120000e+03   4.5346218e-01
   5.6130000e+03   5.5494414e-02
   5.6140000e+03   9.2792572e-01
   5.6150000e+03   6.4258023e-02
   5.6160000e+03   2.0456784e-01
   5.6170000e+03   1.0792073e-01
   5.6180000e+03   9.7214110e-02
   5.6190000e+03  -1.7281704e+00
   5.6200000e+03  -1.8818137e+00
   5.6210000e+03  -1.0075095e+00
   5.6220000e+03  -7.2093742e-01
   5.6230000e+03  -1.1059824e+00
   5.6240000e+03  -2.0942074e-01
   5.6250000e+03  -2.3309053e+00
   5.6260000e+03  -1.7958597e+00
   5.6270000e+03  -1.0124536e+00
   5.6280000e+03  -1.5498261e+00
   5.6290000e+03  -8.1258010e-01
   5.6300000e+03  -7.0554393e-01
   5.6310000e+03  -4.5168122e-01
   5.6320000e+03   6.7535707e-02
   5.6330000e+03   1.1042374e+00
   5.6340000e+03   4.2017334e-01
   5.6350000e+03  -1.1115929e+00
   5.6360000e+03  -3.0284944e-01
   5.6370000e+03   7.4920738e-01
   5.6380000e+03   3.4306779e-01
   5.6390000e+03  -3.6869241e-01
   5.6400000e+03  -6.2446011e-01
   5.6410000e+03   5.7669226e-01
   5.6420000e+03  -5.6676817e-01
   5.6430000e+03   2.5290535e-01
   5.6440000e+03   5.6157291e-01
   5.6450000e+03  -4.0033213e-01
   5.6460000e+03  -7.1680508e-01
   5.6470000e+03   4.1164830e-02
   5.6480000e+03   4.6203763e-01
   5.6490000e+03   6.1700273e-01
   5.6500000e+03   1.1536835e+00
   5.6510000e+03   2.5360739e-01
   5.6520000e+03  -1.3608754e-01
   5.6530000e+03  -4.2490946e-01
   5.6540000e+03  -1.1000371e+00
   5.6550000e+03  -3.9080761e-01
   5.6560000e+03  -4.6380721e-01
   5.6570000e+03  -7.8994400e-01
   5.6580000e+03   1.2773978e-01
   5.6590000e+03  -1.4166892e+00
   5.6600000e+03  -8.6867571e-01
   5.6610000e+03   2.2934965e-01
   5.6620000e+03   3.8451247e-01
   5.6630000e+03   2.8614108e-01
   5.6640000e+03   1.0500154e+00
   5.6650000e+03   8.0649958e-01
   5.6660000e+03   1.6694859e-01
   5.6670000e+03  -8.3577722e-01
   5.6680000e+03   7.7913386e-01
   5.6690000e+03   2.3183096e-01
   5.6700000e+03   1.1140414e-01
   5.6710000e+03   1.7571324e-01
   5.6720000e+03   1.1626151e-02
   5.6730000e+03   1.4997022e+00
   5.6740000e+03   1.1203391e+00
   5.6750000e+03   4.3832189e-01
   5.6760000e+03   4.4774215e-01
   5.6770000e+03  -3.0224649e-01
   5.6780000e+03  -1.5465210e-01
   5.6790000e+03   5.8349118e-01
   5.6800000e+03   1.3228681e+00
   5.6810000e+03  -2.7520096e-01
   5.6820000e+03   7.0141329e-01
   5.6830000e+03   8.2160141e-01
   5.6840000e+03   5.8454183e-01
   5.6850000e+03  -8.5582814e-02
   5.6860000e+03  -8.1333448e-01
   5.6870000e+03   7.2969826e-01
   5.6880000e+03   5.4244246e-02
   5.6890000e+03   4.9918279e-01
   5.6900000e+03  -1.2714742e-02
   5.6910000e+03  -6.0396343e-01
   5.6920000e+03   2.9587661e-01
   5.6930000e+03  -3.4576709e-01
   5.6940000e+03   4.0731280e-01
   5.6950000e+03  -2.9599093e-01
   5.6960000e+03   5.9074842e-01
   5.6970000e+03   1.1677562e-01
   5.6980000e+03  -8.8308768e-01
   5.6990000e+03  -1.2428927e+00
   5.7000000e+03  -1.4903962e-01
   5.7010000e+03  -6.9673581e-01
   5.7020000e+03  -1.0413769e+00
   5.7030000e+03  -2.5038984e-01
   5.7040000e+03  -3.7651015e-01
   5.7050000e+03  -1.4855973e+00
   5.7060000e+03   8.3868354e-02
   5.7070000e+03   7.1921986e-01
   5.7080000e+03   1.7781449e+00
   5.7090000e+03   3.5583544e-01
   5.7100000e+03   4.2544742e-01
   5.7110000e+03   8.8257557e-01
   5.7120000e+03   1.1807475e+00
   5.7130000e+03   1.1634243e+00
   5.7140000e+03   1.4623529e+00
   5.7150000e+03   1.6657370e+00
   5.7160000e+03   9.4923759e-01
   5.7170000e+03  -5.4594574e-02
   5.7180000e+03  -1.3580331e+00
   5.7190000e+03   1.3812804e-01
   5.7200000e+03   1.8873042e-01
   5.7210000e+03  -5.2545418e-01
   5.7220000e+03   2.1889620e-01
   5.7230000e+03  -2.9352154e-01
   5.7240000e+03   7.9682739e-01
   5.7250000e+03  -7.1607726e-01
   5.7260000e+03  -7.7808707e-01
   5.7270000e+03  -3.8894294e-01
   5.7280000e+03  -8.6726741e-01
   5.7290000e+03  -4.3122089e-01
   5.7300000e+03  -1.2818905e+00
   5.7310000e+03   7.7882966e-01
   5.7320000e+03  -7.6078977e-02
   5.7330000e+03   9.9016102e-01
   5.7340000e+03   4.8897670e-01
   5.7350000e+03   2.0002421e+00
   5.7360000e+03   3.7181260e-01
   5.7370000e+03   1.3501806e+00
   5.7380000e+03   1.4788633e+00
   5.7390000e+03   1.0652219e+00
   5.7400000e+03   2.0206854e+00
   5.7410000e+03   5.6021791e-01
   5.7420000e+03  -1.5363169e-02
   5.7430000e+03   4.9446629e-01
   5.7440000e+03   1.7871951e-01
   5.7450000e+03   4.9646109e-02
   5.7460000e+03   5.6715442e-01
   5.7470000e+03   9.4023501e-01
   5.7480000e+03  -9.1704582e-01
   5.7490000e+03   8.2983720e-02
   5.7500000e+03   4.2684408e-01
   5.7510000e+03   2.2483100e-01
   5.7520000e+03  -3.4050984e-01
   5.7530000e+03  -6.8468757e-02
   5.7540000e+03  -5.0524987e-01
   5.7550000e+03  -1.4848641e-01
   5.7560000e+03  -7.5265185e-01
   5.7570000e+03  -4.3205524e-01
   5.7580000e+03   6.7374508e-01
   5.7590000e+03   4.9926420e-01
   5.7600000e+03   1.2445309e+00
   5.7610000e+03   1.0177310e+00
   5.7620000e+03   8.3460526e-01
   5.7630000e+03   3.1722798e+00
   5.7640000e+03   9.7853200e-01
   5.7650000e+03   3.2656072e-01
   5.7660000e+03   1.6292047e+00
   5.7670000e+03   3.0529456e-01
   5.7680000e+03  -2.9656672e-01
   5.7690000e+03  -5.3023544e-01
   5.7700000e+03   7.3388098e-01
   5.7710000e+03   1.3693958e-01
   5.7720000e+03  -2.0806253e-01
   5.7730000e+03   6.4016816e-01
   5.7740000e+03  -1.6015323e-01
   5.7750000e+03   1.8635623e+00
   5.7760000e+03   4.1884060e-01
   5.7770000e+03   6.9689083e-02
   5.7780000e+03  -2.3402429e-02
   5.7790000e+03   3.5749653e-01
   5.7800000e+03   4.8391964e-01
   5.7810000e+03   1.1231558e+00
   5.7820000e+03   5.0749624e-01
   5.7830000e+03   7.1488054e-01
   5.7840000e+03   8.2631507e-01
   5.7850000e+03   1.0976521e+00
   5.7860000e+03  -1.9481159e-01
   5.7870000e+03  -1.2320003e+00
   5.7880000e+03  -1.2124390e+00
   5.7890000e+03  -4.7878109e-01
   5.7900000e+03  -3.6352824e-01
   5.7910000e+03  -8.3847644e-01
   5.7920000e+03  -1.9044515e-01
   5.7930000e+03   3.9705079e-01
   5.7940000e+03   1.4402071e+00
   5.7950000e+03   8.6840579e-01
   5.7960000e+03   6.1517237e-01
   5.7970000e+03  -1.2045637e-01
   5.7980000e+03   5.9644187e-03
   5.7990000e+03   8.6142026e-01
   5.8000000e+03   7.5517530e-01
   5.8010000e+03   1.4952842e-01
   5.8020000e+03  -7.3088625e-01
   5.8030000e+03  -6.0539402e-01
   5.8040000e+03  -1.5577535e-01
   5.8050000e+03   7.7949969e-02
   5.8060000e+03   6.5938178e-01
   5.8070000e+03  -4.4807360e-01
   5.8080000e+03   4.8165561e-01
   5.8090000e+03   4.4041452e-01
   5.8100000e+03   4.3396090e-01
   5.8110000e+03  -7.4445714e-01
   5.8120000e+03  -1.3496049e-01
   5.8130000e+03  -5.9389016e-01
   5.8140000e+03  -1.6145847e-01
   5.8150000e+03   1.5305035e-01
   5.8160000e+03   1.6595699e+00
   5.8170000e+03   7.5262612e-01
   5.8180000e+03  -8.0828026e-02
   5.8190000e+03   6.8200195e-01
   5.8200000e+03   2.2774152e-01
   5.8210000e+03   4.7777213e-01
   5.8220000e+03   6.1215812e-01
   5.8230000e+03   9.4827502e-01
   5.8240000e+03   2.2699840e+00
   5.8250000e+03   8.3238117e-01
   5.8260000e+03  -1.0021894e-01
   5.8270000e+03   4.0770865e-01
   5.8280000e+03   9.6620240e-01
   5.8290000e+03   4.6151837e-01
   5.8300000e+03   6.3200525e-01
   5.8310000e+03  -1.0395108e-01
   5.8320000e+03   3.7912685e-01
   5.8330000e+03  -1.2705717e+00
   5.8340000e+03  -2.6541810e-01
   5.8350000e+03   6.4655493e-01
   5.8360000e+03   4.4737893e-01
   5.8370000e+03   1.4127713e+00
   5.8380000e+03   4.6659397e-01
   5.8390000e+03  -1.0770768e-01
   5.8400000e+03   2.9749425e-01
   5.8410000e+03   1.1363637e+00
   5.8420000e+03   1.1906311e+00
   5.8430000e+03   1.7597926e+00
   5.8440000e+03  -3.0493310e-02
   5.8450000e+03  -6.9588390e-01
   5.8460000e+03   7.7948326e-01
   5.8470000e+03   2.1979542e-01
   5.8480000e+03   1.0221491e+00
   5.8490000e+03   2.6704997e+00
   5.8500000e+03   7.2142165e-01
   5.8510000e+03   1.1211912e+00
   5.8520000e+03   1.2778091e-02
   5.8530000e+03   9.9769469e-01
   5.8540000e+03   7.4628978e-01
   5.8550000e+03   9.7684153e-01
   5.8560000e+03   1.4070391e+00
   5.8570000e+03   9.3966095e-01
   5.8580000e+03  -3.8130730e-01
   5.8590000e+03  -3.9947133e-01
   5.8600000e+03  -1.3530954e-01
   5.8610000e+03   2.4855619e-01
   5.8620000e+03   6.5035791e-01
   5.8630000e+03   1.5134883e+00
   5.8640000e+03   5.2558384e-01
   5.8650000e+03  -7.6240033e-01
   5.8660000e+03   1.3131779e+00
   5.8670000e+03  -3.7491242e-01
   5.8680000e+03   1.1684562e-01
   5.8690000e+03   1.0019159e+00
   5.8700000e+03   3.2084326e-01
   5.8710000e+03   3.6970714e-01
   5.8720000e+03   2.3715787e-01
   5.8730000e+03   1.5282968e+00
   5.8740000e+03   1.6749176e+00
   5.8750000e+03   1.2707820e+00
   5.8760000e+03   1.5658243e+00
   5.8770000e+03   1.0367153e+00
   5.8780000e+03   5.7216285e-01
   5.8790000e+03   1.4415337e-01
   5.8800000e+03   3.9256045e-01
   5.8810000e+03   9.1362011e-01
   5.8820000e+03   2.2061974e-01
   5.8830000e+03   7.4413008e-01
   5.8840000e+03   1.2890589e+00
   5.8850000e+03   7.6344111e-01
   5.8860000e+03   1.3890723e-02
   5.8870000e+03  -6.4495236e-01
   5.8880000e+03  -3.7700080e-01
   5.8890000e+03   2.1366165e-01
   5.8900000e+03  -3.4007824e-01
   5.8910000e+03  -2.3569353e-01
   5.8920000e+03  -4.7020797e-01
   5.8930000e+03  -8.4442021e-01
   5.8940000e+03   2.8673406e-01
   5.8950000e+03  -1.3083449e-01
   5.8960000e+03  -3.1851964e-01
   5.8970000e+03  -4.2164456e-01
   5.8980000e+03   2.5175857e-01
   5.8990000e+03  -5.9372219e-01
   5.9000000e+03  -6.4502759e-01
   5.9010000e+03  -1.1099352e+00
   5.9020000e+03   8.1434780e-02
   5.9030000e+03  -3.6729079e-01
   5.9040000e+03  -8.6232531e-02
   5.9050000e+03   2.9150029e-01
   5.9060000e+03   3.7834086e-01
   5.9070000e+03  -2.7417090e-02
   5.9080000e+03  -1.1433686e-01
   5.9090000e+03  -6.9724539e-02
   5.9100000e+03   9.2363943e-01
   5.9110000e+03   5.4041231e-01
   5.9120000e+03   3.7175523e-01
   5.9130000e+03  -2.4215818e-01
   5.9140000e+03  -6.2227491e-01
   5.9150000e+03   5.7189261e-02
   5.9160000e+03   2.0590719e-01
   5.9170000e+03  -1.3946401e-01
   5.9180000e+03   9.6576842e-01
   5.9190000e+03   4.6720505e-01
   5.9200000e+03   7.3046729e-01
   5.9210000e+03   1.6115544e+00
   5.9220000e+03   5.5452827e-01
   5.9230000e+03  -8.3249758e-01
   5.9240000e+03   3.1844476e-02
   5.9250000e+03   5.0551978e-01
   5.9260000e+03   9.7764971e-01
   5.9270000e+03   1.4561918e+00
   5.9280000e+03   1.2056636e-01
   5.9290000e+03   8.1525524e-01
   5.9300000e+03   2.3604769e-01
   5.9310000e+03   4.7622554e-01
   5.9320000e+03   1.0273977e+00
   5.9330000e+03   7.8731859e-01
   5.9340000e+03   1.1434523e+00
   5.9350000e+03   2.2198074e+00
   5.9360000e+03   1.8299176e+00
   5.9370000e+03   1.2266403e+00
   5.9380000e+03   1.1176435e+00
   5.9390000e+03   1.0129100e+00
   5.9400000e+03   5.4171354e-01
   5.9410000e+03   1.0397793e+00
   5.9420000e+03   1.1039408e+00
   5.9430000e+03   1.5296086e+00
   5.9440000e+03   1.7984916e+00
   5.9450000e+03   1.9142102e+00
   5.9460000e+03   1.7449550e+00
   5.9470000e+03   1.6923378e+00
   5.9480000e+03   2.2983590e+00
   5.9490000e+03   2.8982799e+00
   5.9500000e+03   1.9854327e+00
   5.9510000e+03   7.8576793e-01
   5.9520000e+03   2.4356394e+00
   5.9530000e+03   1.4761239e+00
   5.9540000e+03   1.5274626e+00
   5.9550000e+03   1.0387823e+00
   5.9560000e+03   1.1498099e+00
   5.9570000e+03   1.4992939e+00
   5.9580000e+03   2.3797727e+00
   5.9590000e+03   2.3845566e+00
   5.9600000e+03   2.4619833e+00
   5.9610000e+03   7.7224359e-01
   5.9620000e+03   6.5472916e-01
   5.9630000e+03   1.5834093e+00
   5.9640000e+03   1.3645316e+00
   5.9650000e+03   8.4907818e-01
   5.9660000e+03  -5.0902701e-01
   5.9670000e+03   2.0039267e-01
   5.9680000e+03   2.1286585e-01
   5.9690000e+03   1.2348126e-01
   5.9700000e+03   1.0607852e+00
   5.9710000e+03   1.1210053e+00
   5.9720000e+03   4.8298810e-01
   5.9730000e+03  -2.8889950e-01
   5.9740000e+03   8.3910055e-01
   5.9750000e+03   8.9099131e-01
   5.9760000e+03   1.5464434e+00
   5.9770000e+03   2.1485960e-02
   5.9780000e+03   8.3065133e-01
   5.9790000e+03   1.4300547e+00
   5.9800000e+03   2.2496189e+00
   5.9810000e+03   1.7372827e+00
   5.9820000e+03   1.1657226e+00
   5.9830000e+03   1.9562796e+00
   5.9840000e+03   7.6549825e-01
   5.9850000e+03   2.1328513e+00
   5.9860000e+03   1.2799364e+00
   5.9870000e+03   1.4398142e+00
   5.9880000e+03   3.3724327e+00
   5.9890000e+03   2.5404179e+00
   5.9900000e+03   2.8413511e+00
   5.9910000e+03   1.4243109e+00
   5.9920000e+03   4.8218085e-01
   5.9930000e+03   1.0344621e+00
   5.9940000e+03   2.1819237e+00
   5.9950000e+03   1.3402001e+00
   5.9960000e+03   6.5496044e-01
   5.9970000e+03   8.9020133e-01
   5.9980000e+03   1.2860902e+00
   5.9990000e+03   1.3984620e+00
   6.0000000e+03   2.0450741e+00
   6.0010000e+03   7.7828798e-01
   6.0020000e+03   1.2137441e+00
   6.0030000e+03   1.6002149e+00
   6.0040000e+03   1.0734115e+00
   6.0050000e+03   2.2117783e+00
   6.0060000e+03   1.8041623e+00
   6.0070000e+03   2.1930532e+00
   6.0080000e+03   2.8140398e+00
   6.0090000e+03   1.7051801e+00
   6.0100000e+03   7.8889125e-01
   6.0110000e+03   1.2625453e+00
   6.0120000e+03   1.9999000e+00
   6.0130000e+03   1.6165438e+00
   6.0140000e+03   4.3926084e-01
   6.0150000e+03   1.5531320e+00
   6.0160000e+03   1.3802427e+00
   6.0170000e+03   2.7652291e-01
   6.0180000e+03   1.3716646e+00
   6.0190000e+03  -2.2710450e-01
   6.0200000e+03   1.6649700e+00
   6.0210000e+03   2.2015540e+00
   6.0220000e+03  -9.9915714e-02
   6.0230000e+03   1.8688934e+00
   6.0240000e+03   7.3768420e-01
   6.0250000e+03   4.9159923e-01
   6.0260000e+03   5.0875622e-01
   6.0270000e+03   1.3747836e+00
   6.0280000e+03   1.4556421e+00
   6.0290000e+03   1.8786419e+00
   6.0300000e+03   2.4700684e+00
   6.0310000e+03   1.2557172e+00
   6.0320000e+03   7.0333510e-01
   6.0330000e+03   1.5962691e+00
   6.0340000e+03   1.9658723e+00
   6.0350000e+03   1.1351973e+00
   6.0360000e+03   9.8772644e-01
   6.0370000e+03   5.5053916e-01
   6.0380000e+03   5.1448068e-01
   6.0390000e+03   3.6905117e-01
   6.0400000e+03  -8.1216505e-01
   6.0410000e+03   3.4972973e-01
   6.0420000e+03   1.2151772e+00
   6.0430000e+03  -4.4510377e-01
   6.0440000e+03   7.2760739e-01
   6.0450000e+03  -4.4125262e-01
   6.0460000e+03   1.0179492e+00
   6.0470000e+03   8.2929312e-01
   6.0480000e+03   1.9153659e+00
   6.0490000e+03   1.0510269e+00
   6.0500000e+03   1.4811937e-01
   6.0510000e+03   3.1700710e-01
   6.0520000e+03   7.7701354e-01
   6.0530000e+03  -2.3406765e-01
   6.0540000e+03   7.3148574e-01
   6.0550000e+03  -3.2692677e-01
   6.0560000e+03   1.9591866e+00
   6.0570000e+03  -7.3720135e-02
   6.0580000e+03  -7.5929282e-02
   6.0590000e+03   7.9088993e-01
   6.0600000e+03   1.0822334e+00
   6.0610000e+03  -3.9918734e-01
   6.0620000e+03   6.9644525e-01
   6.0630000e+03  -6.9864968e-01
   6.0640000e+03  -1.2004907e+00
   6.0650000e+03  -5.8330785e-01
   6.0660000e+03  -6.9626559e-01
   6.0670000e+03   6.4091601e-01
   6.0680000e+03   9.4471090e-01
   6.0690000e+03  -4.9608561e-01
   6.0700000e+03   5.6974019e-01
   6.0710000e+03   2.3284588e+00
   6.0720000e+03   2.6894828e+00
   6.0730000e+03   1.9372491e+00
   6.0740000e+03   2.1369518e+00
   6.0750000e+03   2.0676252e+00
   6.0760000e+03   5.7017581e-01
   6.0770000e+03   1.4425723e+00
   6.0780000e+03   9.0023322e-01
   6.0790000e+03   5.1732420e-01
   6.0800000e+03   9.7695761e-01
   6.0810000e+03   3.3421319e-01
   6.0820000e+03   8.2325671e-01
   6.0830000e+03  -3.8053580e-03
   6.0840000e+03   2.4034243e-01
   6.0850000e+03   5.6878189e-01
   6.0860000e+03  -1.3321200e+00
   6.0870000e+03  -9.1897879e-02
   6.0880000e+03  -6.9867251e-01
   6.0890000e+03   7.5731317e-01
   6.0900000e+03   1.1090934e+00
   6.0910000e+03  -8.5093544e-01
   6.0920000e+03  -1.0619344e+00
   6.0930000e+03   3.6738656e-02
   6.0940000e+03   4.1223658e-01
   6.0950000e+03  -1.0250103e+00
   6.0960000e+03  -1.1617428e+00
   6.0970000e+03  -1.6303238e-01
   6.0980000e+03   7.8393697e-01
   6.0990000e+03   7.5433425e-01
   6.1000000e+03   1.7168432e+00
   6.1010000e+03   2.7975326e+00
   6.1020000e+03   1.4110225e+00
   6.1030000e+03   1.8710472e+00
   6.1040000e+03   9.6692472e-01
   6.1050000e+03   1.6878423e+00
   6.1060000e+03   1.9446397e+00
   6.1070000e+03   1.8818717e+00
   6.1080000e+03   1.6660641e+00
   6.1090000e+03   1.0758702e+00
   6.1100000e+03   2.7615499e+00
   6.1110000e+03  -5.6961240e-02
   6.1120000e+03   1.3969146e-01
   6.1130000e+03   9.0905738e-01
   6.1140000e+03   1.4103277e+00
   6.1150000e+03   1.5355334e+00
   6.1160000e+03   1.8107977e+00
   6.1170000e+03   1.3912857e+00
   6.1180000e+03   8.3532385e-01
   6.1190000e+03  -8.1079350e-01
   6.1200000e+03   7.2544917e-01
   6.1210000e+03   1.3034997e+00
   6.1220000e+03   1.1166007e+00
   6.1230000e+03   7.3210785e-01
   6.1240000e+03   7.4041888e-01
   6.1250000e+03   1.9760560e+00
   6.1260000e+03   1.1652355e+00
   6.1270000e+03   5.5760515e-01
   6.1280000e+03   7.1188993e-01
   6.1290000e+03   4.5232739e-01
   6.1300000e+03   8.5600580e-01
   6.1310000e+03   7.1536931e-01
   6.1320000e+03   7.1096479e-01
   6.1330000e+03   2.0133765e-01
   6.1340000e+03   1.7021797e+00
   6.1350000e+03   2.3936875e+00
   6.1360000e+03   6.2043885e-01
   6.1370000e+03   3.6288299e-01
   6.1380000e+03   1.0384587e+00
   6.1390000e+03   2.7114548e-01
   6.1400000e+03   1.1250595e+00
   6.1410000e+03   6.7866687e-01
   6.1420000e+03   6.4740241e-01
   6.1430000e+03  -5.0404090e-01
   6.1440000e+03   9.1911479e-01
   6.1450000e+03   4.7225496e-01
   6.1460000e+03   4.1644201e-01
   6.1470000e+03   4.9900668e-01
   6.1480000e+03  -7.5842184e-02
   6.1490000e+03  -1.9785279e-01
   6.1500000e+03   6.2982329e-01
   6.1510000e+03   7.4797814e-01
   6.1520000e+03   7.3869952e-01
   6.1530000e+03   1.3690832e+00
   6.1540000e+03   1.0373675e+00
   6.1550000e+03   1.5498831e+00
   6.1560000e+03   8.6740493e-01
   6.1570000e+03   7.7853204e-01
   6.1580000e+03   7.2291062e-01
   6.1590000e+03   1.1344178e+00
   6.1600000e+03   1.5026392e+00
   6.1610000e+03   3.9088114e-01
   6.1620000e+03   1.5494860e-01
   6.1630000e+03   9.2924924e-03
   6.1640000e+03  -6.9426604e-01
   6.1650000e+03  -4.1497881e-01
   6.1660000e+03   4.6978423e-01
   6.1670000e+03   3.2886750e-01
   6.1680000e+03  -9.1267064e-01
   6.1690000e+03  -1.2049448e+00
   6.1700000e+03  -3.0701067e-01
   6.1710000e+03  -8.1181379e-01
   6.1720000e+03  -6.2490591e-01
   6.1730000e+03  -1.5255061e+00
   6.1740000e+03  -1.6705225e+00
   6.1750000e+03  -7.3743063e-01
   6.1760000e+03  -7.1884863e-01
   6.1770000e+03  -1.5377677e+00
   6.1780000e+03  -2.2088235e+00
   6.1790000e+03  -1.2228068e+00
   6.1800000e+03  -4.7190333e-01
   6.1810000e+03   5.2520703e-01
   6.1820000e+03   5.1467122e-01
   6.1830000e+03   4.3335185e-01
   6.1840000e+03  -3.4073974e-01
   6.1850000e+03  -2.1837539e+00
   6.1860000e+03  -2.5170501e+00
   6.1870000e+03  -6.0201599e-01
   6.1880000e+03  -1.0579478e+00
   6.1890000e+03  -7.5335513e-01
   6.1900000e+03  -8.8959102e-01
   6.1910000e+03  -1.0358553e+00
   6.1920000e+03  -4.6769880e-01
   6.1930000e+03   3.6819014e-01
   6.1940000e+03   1.0514062e+00
   6.1950000e+03  -7.6450194e-02
   6.1960000e+03   1.1150017e+00
   6.1970000e+03   2.0379954e-01
   6.1980000e+03  -1.8111523e-01
   6.1990000e+03   1.1543820e+00
   6.2000000e+03  -1.9421117e-01
   6.2010000e+03  -5.7332163e-01
   6.2020000e+03   4.0979149e-01
   6.2030000e+03   6.4095861e-01
   6.2040000e+03   1.2048087e+00
   6.2050000e+03   1.5974947e+00
   6.2060000e+03  -1.5492432e-02
   6.2070000e+03  -1.8256894e-02
   6.2080000e+03   3.4960648e-01
   6.2090000e+03   1.0467058e+00
   6.2100000e+03   1.3468718e+00
   6.2110000e+03   2.3556819e-03
   6.2120000e+03   2.3403743e-01
   6.2130000e+03  -9.4356104e-02
   6.2140000e+03   1.0896222e+00
   6.2150000e+03   3.1503539e-01
   6.2160000e+03  -8.6408649e-01
   6.2170000e+03   3.3206817e-01
   6.2180000e+03   1.0424811e-01
   6.2190000e+03  -4.4765348e-01
   6.2200000e+03   3.4900980e-01
   6.2210000e+03   2.3037134e-01
   6.2220000e+03  -1.0185476e+00
   6.2230000e+03  -1.5913296e-01
   6.2240000e+03   3.7730695e-01
   6.2250000e+03  -1.0137559e+00
   6.2260000e+03  -6.9744822e-02
   6.2270000e+03   7.4205002e-01
   6.2280000e+03   2.3752737e-02
   6.2290000e+03   7.8039655e-01
   6.2300000e+03   9.4997129e-01
   6.2310000e+03  -2.7829224e-01
   6.2320000e+03   5.4112812e-01
   6.2330000e+03  -1.2551542e+00
   6.2340000e+03  -1.3371725e+00
   6.2350000e+03   3.0456057e-01
   6.2360000e+03  -1.1510878e+00
   6.2370000e+03  -9.4429347e-01
   6.2380000e+03  -1.0877395e-01
   6.2390000e+03   1.0951294e+00
   6.2400000e+03  -2.1036280e-01
   6.2410000e+03  -1.5264648e+00
   6.2420000e+03  -1.6527247e-01
   6.2430000e+03  -8.8891673e-01
   6.2440000e+03  -1.4289649e+00
   6.2450000e+03  -1.5591858e-01
   6.2460000e+03  -1.2347569e+00
   6.2470000e+03  -4.5979730e-01
   6.2480000e+03   1.4641201e-01
   6.2490000e+03  -6.9395368e-02
   6.2500000e+03  -7.5620218e-01
   6.2510000e+03  -8.6822911e-01
   6.2520000e+03  -1.2835516e+00
   6.2530000e+03  -4.6040989e-01
   6.2540000e+03  -5.5635551e-01
   6.2550000e+03  -8.1906582e-01
   6.2560000e+03  -3.8903693e-02
   6.2570000e+03  -8.6721001e-01
   6.2580000e+03  -6.8475105e-01
   6.2590000e+03   1.6993297e-01
   6.2600000e+03   2.5312984e-01
   6.2610000e+03   6.9416814e-01
   6.2620000e+03  -7.4174366e-01
   6.2630000e+03  -5.6908072e-01
   6.2640000e+03  -7.8820858e-01
   6.2650000e+03  -1.1700536e+00
   6.2660000e+03  -5.7617063e-01
   6.2670000e+03  -2.1200610e-01
   6.2680000e+03   5.0855425e-01
   6.2690000e+03  -3.5148597e-01
   6.2700000e+03  -1.6611691e+00
   6.2710000e+03   6.0045868e-01
   6.2720000e+03  -4.6013998e-01
   6.2730000e+03  -4.9149821e-01
   6.2740000e+03  -9.1279170e-01
   6.2750000e+03   1.4141201e+00
   6.2760000e+03   4.6514180e-01
   6.2770000e+03  -2.4720533e-01
   6.2780000e+03  -2.5383845e-01
   6.2790000e+03  -7.9777279e-01
   6.2800000e+03  -1.0737384e+00
   6.2810000e+03  -3.2223514e-01
   6.2820000e+03  -7.2872684e-01
   6.2830000e+03  -9.3803195e-01
   6.2840000e+03  -3.4044226e-01
   6.2850000e+03   4.5008010e-01
   6.2860000e+03   1.8299863e-01
   6.2870000e+03   1.8835739e-01
   6.2880000e+03  -4.0068241e-01
   6.2890000e+03  -4.5222548e-01
   6.2900000e+03  -1.7636670e+00
   6.2910000e+03  -1.1359925e+00
   6.2920000e+03  -5.5888129e-01
   6.2930000e+03  -5.0073118e-01
   6.2940000e+03  -8.1810820e-01
   6.2950000e+03  -5.9364687e-01
   6.2960000e+03  -2.6804041e-01
   6.2970000e+03  -6.8064312e-01
   6.2980000e+03  -7.5741673e-01
   6.2990000e+03  -4.8885565e-01
   6.3000000e+03   9.6548087e-01
   6.3010000e+03   1.0646505e+00
   6.3020000e+03  -1.1714019e-01
   6.3030000e+03  -9.2914554e-01
   6.3040000e+03  -6.7725599e-01
   6.3050000e+03  -6.8842957e-02
   6.3060000e+03   3.9279528e-01
   6.3070000e+03  -4.6270595e-01
   6.3080000e+03  -9.9597590e-03
   6.3090000e+03  -3.3251100e-01
   6.3100000e+03   4.0099859e-01
   6.3110000e+03   5.0929045e-01
   6.3120000e+03  -9.2214628e-01
   6.3130000e+03   1.2427639e+00
   6.3140000e+03   1.5780942e+00
   6.3150000e+03   1.2270398e+00
   6.3160000e+03   3.4973032e-01
   6.3170000e+03  -6.7296421e-01
   6.3180000e+03   3.9317468e-01
   6.3190000e+03  -4.3221955e-01
   6.3200000e+03  -4.8792235e-01
   6.3210000e+03  -3.2055038e-01
   6.3220000e+03  -3.2230977e-01
   6.3230000e+03   1.4728405e-01
   6.3240000e+03  -1.2390358e+00
   6.3250000e+03  -9.1668569e-01
   6.3260000e+03  -3.1656597e-01
   6.3270000e+03  -1.1800256e+00
   6.3280000e+03  -6.7785230e-01
   6.3290000e+03  -3.9889652e-01
   6.3300000e+03  -4.5146879e-01
   6.3310000e+03   8.9461286e-01
   6.3320000e+03  -6.4483776e-01
   6.3330000e+03  -1.3127552e+00
   6.3340000e+03   3.9724995e-01
   6.3350000e+03   1.0644616e+00
   6.3360000e+03   1.7784072e-01
   6.3370000e+03   8.7016773e-01
   6.3380000e+03   9.4345586e-01
   6.3390000e+03   7.2386175e-01
   6.3400000e+03   5.0346324e-02
   6.3410000e+03   8.6867420e-01
   6.3420000e+03   2.4731405e-01
   6.3430000e+03   1.1946808e-02
   6.3440000e+03   4.6791485e-01
   6.3450000e+03   2.8005739e-01
   6.3460000e+03   6.1895698e-01
   6.3470000e+03  -4.1397101e-01
   6.3480000e+03   4.9228128e-01
   6.3490000e+03   4.8915346e-01
   6.3500000e+03   6.1861604e-01
   6.3510000e+03  -1.6489525e-02
   6.3520000e+03  -1.0845209e+00
   6.3530000e+03  -7.6191811e-01
   6.3540000e+03   4.7187752e-01
   6.3550000e+03   4.2293651e-01
   6.3560000e+03   8.7672576e-01
   6.3570000e+03   1.9600286e+00
   6.3580000e+03   8.1020414e-01
   6.3590000e+03   4.0115412e-01
   6.3600000e+03   7.2368017e-01
   6.3610000e+03  -8.5600978e-01
   6.3620000e+03  -1.5889226e-01
   6.3630000e+03   9.7223895e-01
   6.3640000e+03   4.1358664e-01
   6.3650000e+03   3.2481089e-01
   6.3660000e+03   1.1178419e+00
   6.3670000e+03  -2.3099058e-01
   6.3680000e+03   4.5845235e-01
   6.3690000e+03   2.1469794e+00
   6.3700000e+03   1.2670931e+00
   6.3710000e+03   4.9079369e-01
   6.3720000e+03   1.6858499e+00
   6.3730000e+03   1.5771291e+00
   6.3740000e+03   7.7656635e-01
   6.3750000e+03   1.8953950e+00
   6.3760000e+03   1.6376583e+00
   6.3770000e+03   2.0053571e+00
   6.3780000e+03   7.1145679e-01
   6.3790000e+03   1.6238132e+00
   6.3800000e+03   9.2514196e-01
   6.3810000e+03   1.1213151e+00
   6.3820000e+03   5.5467755e-01
   6.3830000e+03   3.9906135e-01
   6.3840000e+03   3.6307739e-01
   6.3850000e+03  -2.3659512e-03
   6.3860000e+03  -5.7389941e-02
   6.3870000e+03   1.0740803e-02
   6.3880000e+03   1.1897432e-01
   6.3890000e+03   4.9719655e-01
   6.3900000e+03   1.1765279e+00
   6.3910000e+03  -4.3589913e-01
   6.3920000e+03   6.5553660e-01
   6.3930000e+03   1.0235558e+00
   6.3940000e+03   1.0597375e+00
   6.3950000e+03   2.4295129e-01
   6.3960000e+03   1.6264396e+00
   6.3970000e+03   1.2037566e+00
   6.3980000e+03   3.5563411e-01
   6.3990000e+03  -7.2742722e-01
   6.4000000e+03   4.5320460e-02
   6.4010000e+03  -7.5877325e-01
   6.4020000e+03   5.6883247e-01
   6.4030000e+03   5.9874102e-01
   6.4040000e+03   8.8544371e-01
   6.4050000e+03   2.3685550e-01
   6.4060000e+03   5.9341391e-01
   6.4070000e+03  -6.4907554e-01
   6.4080000e+03  -4.9818299e-01
   6.4090000e+03   3.0804748e-01
   6.4100000e+03   3.4564728e-01
   6.4110000e+03   7.0793082e-02
   6.4120000e+03   4.5699480e-01
   6.4130000e+03   5.0443970e-01
   6.4140000e+03  -5.8774426e-01
   6.4150000e+03  -1.0820609e+00
   6.4160000e+03  -2.9241842e-01
   6.4170000e+03   4.2016937e-01
   6.4180000e+03  -7.2688485e-01
   6.4190000e+03  -6.0876023e-01
   6.4200000e+03  -2.6737548e-01
   6.4210000e+03  -1.0895923e+00
   6.4220000e+03   1.0208884e-01
   6.4230000e+03  -7.8271194e-01
   6.4240000e+03  -1.4179019e-01
   6.4250000e+03  -1.4276340e+00
   6.4260000e+03  -2.1373295e+00
   6.4270000e+03  -2.1737077e+00
   6.4280000e+03   3.3686400e-01
   6.4290000e+03  -7.2239368e-01
   6.4300000e+03  -3.8301251e-01
   6.4310000e+03  -8.8804475e-02
   6.4320000e+03   7.6505560e-01
   6.4330000e+03  -8.2075957e-01
   6.4340000e+03  -8.5910070e-01
   6.4350000e+03  -6.1941362e-01
   6.4360000e+03  -5.9252702e-01
   6.4370000e+03  -5.3703630e-01
   6.4380000e+03   9.6086066e-02
   6.4390000e+03  -1.2935216e+00
   6.4400000e+03  -8.6080795e-01
   6.4410000e+03  -3.1422073e-01
   6.4420000e+03  -3.1172611e-01
   6.4430000e+03  -5.0501503e-01
   6.4440000e+03  -1.5776398e+00
   6.4450000e+03  -1.1930408e+00
   6.4460000e+03  -1.8483645e+00
   6.4470000e+03  -2.5520058e+00
   6.4480000e+03  -2.0151482e+00
   6.4490000e+03  -4.4302702e-01
   6.4500000e+03   7.2707597e-01
   6.4510000e+03  -4.6845808e-01
   6.4520000e+03   1.2870483e-01
   6.4530000e+03  -1.4105377e+00
   6.4540000e+03  -1.8674652e+00
   6.4550000e+03  -1.3242532e+00
   6.4560000e+03  -1.1629154e+00
   6.4570000e+03  -1.1858352e+00
   6.4580000e+03  -6.0079872e-01
   6.4590000e+03  -1.1327396e+00
   6.4600000e+03  -8.5092495e-01
   6.4610000e+03  -1.0742203e+00
   6.4620000e+03   2.9545702e-02
   6.4630000e+03  -8.2749871e-01
   6.4640000e+03  -2.0457924e+00
   6.4650000e+03  -2.0789353e+00
   6.4660000e+03  -1.6867077e+00
   6.4670000e+03  -1.3767936e+00
   6.4680000e+03  -8.1000367e-01
   6.4690000e+03  -7.4534290e-01
   6.4700000e+03  -6.4832589e-01
   6.4710000e+03  -2.8727951e-01
   6.4720000e+03  -6.9256768e-01
   6.4730000e+03   3.7761481e-01
   6.4740000e+03  -3.5130057e-01
   6.4750000e+03   4.0504398e-01
   6.4760000e+03   1.5616953e+00
   6.4770000e+03   3.8050430e-01
   6.4780000e+03  -9.7614876e-01
   6.4790000e+03   4.2204724e-01
   6.4800000e+03  -1.3635224e+00
   6.4810000e+03  -9.1915848e-01
   6.4820000e+03  -9.8122933e-01
   6.4830000e+03  -1.9843527e-01
   6.4840000e+03  -9.6534098e-01
   6.4850000e+03   7.5404706e-02
   6.4860000e+03   3.7514688e-02
   6.4870000e+03  -1.2205456e+00
   6.4880000e+03  -1.1677216e-01
   6.4890000e+03   2.5233724e-01
   6.4900000e+03   4.9614150e-01
   6.4910000e+03  -8.2879551e-02
   6.4920000e+03  -1.7692948e-01
   6.4930000e+03   7.2483313e-01
   6.4940000e+03  -6.7850801e-01
   6.4950000e+03  -7.0432342e-02
   6.4960000e+03   9.0100074e-02
   6.4970000e+03   6.9411730e-01
   6.4980000e+03   1.1443674e+00
   6.4990000e+03   9.2629324e-01
   6.5000000e+03  -3.8329790e-01
   6.5010000e+03   3.8143115e-01
   6.5020000e+03  -1.3555550e+00
   6.5030000e+03  -3.4963839e-01
   6.5040000e+03  -4.3039716e-01
   6.5050000e+03  -8.4497643e-02
   6.5060000e+03  -2.0769336e-01
   6.5070000e+03  -4.7853044e-01
   6.5080000e+03   2.4159302e-01
   6.5090000e+03  -4.5452653e-01
   6.5100000e+03  -7.9916738e-01
   6.5110000e+03  -3.8766059e-01
   6.5120000e+03   2.6750489e-01
   6.5130000e+03   6.9621359e-01
   6.5140000e+03  -1.9223419e-01
   6.5150000e+03  -3.0357269e-01
   6.5160000e+03   6.3322691e-01
   6.5170000e+03   3.9400396e-01
   6.5180000e+03  -8.9353843e-02
   6.5190000e+03  -8.1422738e-02
   6.5200000e+03  -5.2831290e-01
   6.5210000e+03   2.3372926e-01
   6.5220000e+03   4.9105617e-01
   6.5230000e+03   5.2115101e-01
   6.5240000e+03   8.4084354e-01
   6.5250000e+03   1.9971445e+00
   6.5260000e+03   8.3214291e-01
   6.5270000e+03   1.6030619e+00
   6.5280000e+03   7.4613045e-01
   6.5290000e+03   9.4802141e-02
   6.5300000e+03  -1.7286082e+00
   6.5310000e+03   2.5013271e-01
   6.5320000e+03  -7.0803448e-01
   6.5330000e+03  -3.8415299e-01
   6.5340000e+03   1.2830412e+00
   6.5350000e+03  -4.6172807e-02
   6.5360000e+03   5.9080144e-01
   6.5370000e+03  -1.0962395e-01
   6.5380000e+03   1.7569213e-01
   6.5390000e+03  -3.7758283e-01
   6.5400000e+03  -7.2205264e-01
   6.5410000e+03  -1.2345814e-01
   6.5420000e+03  -3.6002629e-01
   6.5430000e+03  -4.0169646e-01
   6.5440000e+03   2.8647732e-01
   6.5450000e+03  -1.3507470e+00
   6.5460000e+03  -2.3439223e-01
   6.5470000e+03  -1.2300821e+00
   6.5480000e+03  -3.3886356e-01
   6.5490000e+03   1.5485580e+00
   6.5500000e+03  -4.6776126e-01
   6.5510000e+03  -1.0731938e+00
   6.5520000e+03  -8.0309699e-01
   6.5530000e+03  -1.3892671e+00
   6.5540000e+03  -1.8789834e+00
   6.5550000e+03  -6.1037293e-01
   6.5560000e+03   4.6883334e-01
   6.5570000e+03  -9.8047962e-01
   6.5580000e+03  -7.7282378e-01
   6.5590000e+03  -4.4878916e-02
   6.5600000e+03  -3.8162640e-01
   6.5610000e+03   1.6438143e+00
   6.5620000e+03   2.9782439e-01
   6.5630000e+03  -3.2993295e-01
   6.5640000e+03  -1.0750367e+00
   6.5650000e+03   3.3899881e-01
   6.5660000e+03   1.3069608e+00
   6.5670000e+03   1.4156110e+00
   6.5680000e+03   1.3194806e+00
   6.5690000e+03  -3.5419792e-02
   6.5700000e+03   7.0143559e-01
   6.5710000e+03   4.7792778e-01
   6.5720000e+03   2.3082391e-01
   6.5730000e+03   1.1597496e-01
   6.5740000e+03  -5.5824727e-01
   6.5750000e+03  -1.1099057e-01
   6.5760000e+03  -6.2560906e-01
   6.5770000e+03  -1.1191563e+00
   6.5780000e+03   3.8728769e-01
   6.5790000e+03  -7.9527500e-01
   6.5800000e+03  -1.2691927e+00
   6.5810000e+03  -8.3275074e-01
   6.5820000e+03  -1.6194749e+00
   6.5830000e+03  -8.0899371e-01
   6.5840000e+03  -7.3797081e-01
   6.5850000e+03  -1.0256801e+00
   6.5860000e+03   2.6337621e-01
   6.5870000e+03   3.4264571e-01
   6.5880000e+03  -3.2179944e-01
   6.5890000e+03  -4.8559024e-01
   6.5900000e+03  -4.7167911e-01
   6.5910000e+03  -7.1293074e-01
   6.5920000e+03   1.4945795e-01
   6.5930000e+03   1.1168811e+00
   6.5940000e+03   1.0123823e+00
   6.5950000e+03   2.5887429e-02
   6.5960000e+03   5.2083755e-02
   6.5970000e+03  -1.3097838e-01
   6.5980000e+03   8.7795620e-01
   6.5990000e+03   1.1434885e+00
   6.6000000e+03  -2.3539256e-01
   6.6010000e+03   7.9754978e-01
   6.6020000e+03   2.3604245e-01
   6.6030000e+03  -1.1489596e+00
   6.6040000e+03  -5.9538013e-01
   6.6050000e+03  -7.5118788e-01
   6.6060000e+03  -7.1804830e-01
   6.6070000e+03  -5.3875210e-01
   6.6080000e+03  -4.5371883e-01
   6.6090000e+03  -4.8941710e-01
   6.6100000e+03  -6.7326644e-01
   6.6110000e+03  -1.5813226e+00
   6.6120000e+03  -6.3902195e-01
   6.6130000e+03   1.0141728e+00
   6.6140000e+03  -8.0268952e-02
   6.6150000e+03  -3.7394300e-01
   6.6160000e+03  -4.8978689e-01
   6.6170000e+03  -7.1454993e-01
   6.6180000e+03  -8.1560865e-01
   6.6190000e+03  -3.6323686e-01
   6.6200000e+03   3.1698689e-02
   6.6210000e+03   1.3299830e+00
   6.6220000e+03  -7.0037721e-02
   6.6230000e+03  -1.0431349e+00
   6.6240000e+03  -6.1022037e-01
   6.6250000e+03  -5.0320980e-01
   6.6260000e+03  -7.6944181e-01
   6.6270000e+03   1.5817665e-02
   6.6280000e+03  -1.5031754e-01
   6.6290000e+03  -4.7857280e-01
   6.6300000e+03  -1.1230644e+00
   6.6310000e+03  -1.3700242e+00
   6.6320000e+03  -1.0432268e+00
   6.6330000e+03  -6.1732793e-01
   6.6340000e+03  -2.6894687e-01
   6.6350000e+03  -9.3399166e-03
   6.6360000e+03   6.2302605e-01
   6.6370000e+03  -3.4271948e-01
   6.6380000e+03  -5.5615798e-01
   6.6390000e+03  -1.4364473e+00
   6.6400000e+03  -1.7657275e+00
   6.6410000e+03  -2.7642139e-01
   6.6420000e+03  -4.6139160e-01
   6.6430000e+03  -1.5868543e-01
   6.6440000e+03  -5.7127005e-01
   6.6450000e+03   3.2948800e-01
   6.6460000e+03   1.1204085e+00
   6.6470000e+03  -3.1763234e-01
   6.6480000e+03  -5.0539511e-01
   6.6490000e+03   7.5590914e-01
   6.6500000e+03   1.3264866e-02
   6.6510000e+03   1.1354541e+00
   6.6520000e+03   8.4954747e-01
   6.6530000e+03   1.5145678e+00
   6.6540000e+03   3.6552292e-01
   6.6550000e+03  -1.2099663e-01
   6.6560000e+03  -5.1332849e-01
   6.6570000e+03  -7.2071039e-01
   6.6580000e+03   3.4502945e-01
   6.6590000e+03   1.3525857e+00
   6.6600000e+03  -4.2597548e-01
   6.6610000e+03  -5.4411690e-01
   6.6620000e+03  -6.6639044e-01
   6.6630000e+03  -6.8217222e-01
   6.6640000e+03  -3.4381068e-01
   6.6650000e+03  -5.3019603e-02
   6.6660000e+03  -8.3243449e-01
   6.6670000e+03   4.8740953e-01
   6.6680000e+03   7.5965357e-01
   6.6690000e+03   4.7163631e-01
   6.6700000e+03  -1.6188343e-01
   6.6710000e+03  -2.0955724e-01
   6.6720000e+03   5.7679938e-02
   6.6730000e+03   7.5203342e-01
   6.6740000e+03  -2.7034228e-01
   6.6750000e+03   4.9438807e-01
   6.6760000e+03   1.6574239e+00
   6.6770000e+03  -2.7307234e-02
   6.6780000e+03  -5.0533128e-01
   6.6790000e+03  -9.1605297e-01
   6.6800000e+03   7.6355047e-01
   6.6810000e+03   4.5206095e-02
   6.6820000e+03   5.9452098e-01
   6.6830000e+03   8.7683884e-02
   6.6840000e+03  -2.5163447e-01
   6.6850000e+03  -5.3116571e-01
   6.6860000e+03  -8.2598094e-01
   6.6870000e+03   2.7062360e-01
   6.6880000e+03  -6.7025515e-01
   6.6890000e+03  -2.1264078e-01
   6.6900000e+03   1.3476254e-02
   6.6910000e+03  -2.1192234e+00
   6.6920000e+03   1.3425033e-01
   6.6930000e+03   4.3460365e-01
   6.6940000e+03  -8.3541191e-01
   6.6950000e+03  -6.7806377e-01
   6.6960000e+03  -6.8752121e-01
   6.6970000e+03  -5.8147834e-01
   6.6980000e+03  -9.7166740e-01
   6.6990000e+03  -8.2676600e-01
   6.7000000e+03   3.6442430e-01
   6.7010000e+03  -9.7280159e-01
   6.7020000e+03  -3.5351050e-01
   6.7030000e+03  -2.5815042e-01
   6.7040000e+03  -4.8701545e-01
   6.7050000e+03  -5.8726907e-01
   6.7060000e+03   6.9028424e-02
   6.7070000e+03  -4.3457034e-01
   6.7080000e+03   9.1647745e-02
   6.7090000e+03  -1.1644359e+00
   6.7100000e+03  -1.9687108e+00
   6.7110000e+03  -1.0901471e+00
   6.7120000e+03  -5.7379990e-01
   6.7130000e+03   3.2138168e-01
   6.7140000e+03  -1.6809417e+00
   6.7150000e+03  -4.7593924e-01
   6.7160000e+03   3.2583701e-02
   6.7170000e+03  -4.3911838e-01
   6.7180000e+03  -6.2467126e-01
   6.7190000e+03   1.6846203e-02
   6.7200000e+03   3.1155301e-01
   6.7210000e+03  -4.2788171e-01
   6.7220000e+03   1.0539929e+00
   6.7230000e+03   7.5572903e-01
   6.7240000e+03   2.3450425e-01
   6.7250000e+03  -1.0722969e-01
   6.7260000e+03  -2.1230962e-01
   6.7270000e+03  -1.3692640e+00
   6.7280000e+03   8.9234998e-02
   6.7290000e+03   1.6402453e-01
   6.7300000e+03  -9.3439610e-01
   6.7310000e+03  -8.5533573e-01
   6.7320000e+03  -9.9885937e-01
   6.7330000e+03  -9.1721637e-01
   6.7340000e+03  -4.1954238e-01
   6.7350000e+03   7.6639295e-01
   6.7360000e+03  -4.1654881e-01
   6.7370000e+03   8.3666843e-01
   6.7380000e+03  -4.6436409e-01
   6.7390000e+03  -8.0115293e-02
   6.7400000e+03  -8.9045855e-01
   6.7410000e+03  -2.7204929e-01
   6.7420000e+03  -1.0823375e+00
   6.7430000e+03  -3.1681513e-01
   6.7440000e+03   6.6041950e-03
   6.7450000e+03   2.9211348e-01
   6.7460000e+03   5.1653565e-02
   6.7470000e+03  -2.1836323e-02
   6.7480000e+03  -2.0008051e+00
   6.7490000e+03  -2.0985902e+00
   6.7500000e+03  -5.1401077e-01
   6.7510000e+03   6.1552803e-01
   6.7520000e+03   1.5891611e+00
   6.7530000e+03  -1.1460116e-01
   6.7540000e+03   7.9802511e-01
   6.7550000e+03   6.2064725e-01
   6.7560000e+03   1.0330864e-01
   6.7570000e+03  -1.9703909e-01
   6.7580000e+03   1.1500628e+00
   6.7590000e+03   1.6507854e+00
   6.7600000e+03   6.3063947e-01
   6.7610000e+03   1.3619036e+00
   6.7620000e+03   1.5326783e+00
   6.7630000e+03   5.3367041e-01
   6.7640000e+03  -4.6926043e-01
   6.7650000e+03   4.4486033e-01
   6.7660000e+03   9.9618167e-02
   6.7670000e+03  -4.9786041e-01
   6.7680000e+03  -1.2002178e+00
   6.7690000e+03  -2.9954208e-01
   6.7700000e+03  -6.2358277e-02
   6.7710000e+03  -4.1004299e-01
   6.7720000e+03   1.6307405e-01
   6.7730000e+03   2.3259350e-01
   6.7740000e+03  -1.3513524e-01
   6.7750000e+03  -5.7972110e-01
   6.7760000e+03  -2.1049987e+00
   6.7770000e+03  -1.2091539e+00
   6.7780000e+03  -4.5107824e-02
   6.7790000e+03  -7.7769821e-01
   6.7800000e+03  -4.6693114e-01
   6.7810000e+03  -2.9006261e-01
   6.7820000e+03  -1.5935993e+00
   6.7830000e+03  -4.5237660e-01
   6.7840000e+03  -5.7019655e-01
   6.7850000e+03   6.3456572e-01
   6.7860000e+03   7.2694318e-01
   6.7870000e+03  -5.3136376e-01
   6.7880000e+03   7.9058640e-02
   6.7890000e+03  -3.4117994e-01
   6.7900000e+03  -9.2272250e-01
   6.7910000e+03   1.0073249e-01
   6.7920000e+03   2.9664138e-01
   6.7930000e+03   5.5379490e-01
   6.7940000e+03  -1.5402626e-02
   6.7950000e+03  -1.5464200e+00
   6.7960000e+03   1.0992091e-01
   6.7970000e+03  -1.0701526e+00
   6.7980000e+03  -9.0157067e-01
   6.7990000e+03   1.8233077e-01
   6.8000000e+03  -2.9989200e-01
   6.8010000e+03   1.4468115e+00
   6.8020000e+03   4.9591954e-01
   6.8030000e+03  -1.0774212e+00
   6.8040000e+03  -2.1636431e-01
   6.8050000e+03   2.8870167e-01
   6.8060000e+03   8.5250936e-02
   6.8070000e+03  -1.2443329e-01
   6.8080000e+03   9.0814438e-01
   6.8090000e+03  -1.5073991e-01
   6.8100000e+03  -1.6184801e-01
   6.8110000e+03   1.0191388e+00
   6.8120000e+03  -4.0060007e-01
   6.8130000e+03   2.0116405e-02
   6.8140000e+03  -2.4790884e-01
   6.8150000e+03  -3.6811054e-01
   6.8160000e+03  -8.8400875e-03
   6.8170000e+03  -1.0896939e+00
   6.8180000e+03   3.0990383e-01
   6.8190000e+03   1.2207798e+00
   6.8200000e+03   1.5993781e-01
   6.8210000e+03  -1.4562497e+00
   6.8220000e+03   6.4264200e-01
   6.8230000e+03   1.0651381e+00
   6.8240000e+03  -3.1873622e-01
   6.8250000e+03   1.7457468e+00
   6.8260000e+03   1.3656954e+00
   6.8270000e+03   7.1037634e-02
   6.8280000e+03   6.8226600e-02
   6.8290000e+03  -8.1960788e-01
   6.8300000e+03  -6.9093485e-01
   6.8310000e+03  -1.1621465e+00
   6.8320000e+03   4.8554123e-01
   6.8330000e+03   7.8308772e-01
   6.8340000e+03   3.0429934e-01
   6.8350000e+03  -1.5176811e-01
   6.8360000e+03   6.8323358e-01
   6.8370000e+03  -6.2940165e-01
   6.8380000e+03   6.8250560e-01
   6.8390000e+03   1.6628119e+00
   6.8400000e+03   8.8983807e-01
   6.8410000e+03   8.4159660e-01
   6.8420000e+03   1.8757339e-01
   6.8430000e+03   8.7517237e-01
   6.8440000e+03   1.7936464e+00
   6.8450000e+03  -4.3863551e-01
   6.8460000e+03  -1.7484314e+00
   6.8470000e+03  -9.8430321e-01
   6.8480000e+03  -1.2847442e+00
   6.8490000e+03  -6.6398464e-01
   6.8500000e+03  -7.7769383e-01
   6.8510000e+03  -4.8489321e-01
   6.8520000e+03   1.3929950e+00
   6.8530000e+03   6.3642654e-02
   6.8540000e+03   8.4591114e-01
   6.8550000e+03   3.8466442e-01
   6.8560000e+03   8.0068900e-01
   6.8570000e+03   5.7914475e-01
   6.8580000e+03   8.5398377e-01
   6.8590000e+03   8.2800882e-01
   6.8600000e+03   2.1075607e+00
   6.8610000e+03   2.6295129e+00
   6.8620000e+03   2.5511435e+00
   6.8630000e+03   1.3392354e+00
   6.8640000e+03   1.3075180e+00
   6.8650000e+03   8.0811934e-01
   6.8660000e+03   1.0335193e+00
   6.8670000e+03   6.7345647e-01
   6.8680000e+03   9.1393264e-02
   6.8690000e+03   8.5417991e-01
   6.8700000e+03   1.0115396e+00
   6.8710000e+03   3.1995683e-01
   6.8720000e+03   1.8246808e-01
   6.8730000e+03  -2.2597728e-01
   6.8740000e+03   2.0411633e-01
   6.8750000e+03   4.1073126e-01
   6.8760000e+03  -9.6802233e-01
   6.8770000e+03  -9.7783778e-01
   6.8780000e+03  -6.7401828e-02
   6.8790000e+03   6.0302290e-01
   6.8800000e+03   1.1507549e+00
   6.8810000e+03   6.9026856e-02
   6.8820000e+03   1.4022119e+00
   6.8830000e+03   5.6117886e-01
   6.8840000e+03  -1.1970084e-01
   6.8850000e+03   4.3506643e-01
   6.8860000e+03   2.6293442e-01
   6.8870000e+03  -3.9805859e-01
   6.8880000e+03   1.4352844e-01
   6.8890000e+03   8.2569781e-01
   6.8900000e+03  -3.0107097e-01
   6.8910000e+03  -7.9590103e-01
   6.8920000e+03  -5.0275971e-01
   6.8930000e+03  -4.4795633e-01
   6.8940000e+03  -3.7819022e-01
   6.8950000e+03   1.5632863e-02
   6.8960000e+03  -8.1217646e-01
   6.8970000e+03  -8.7380553e-01
   6.8980000e+03  -5.9753255e-01
   6.8990000e+03  -3.1967556e-01
   6.9000000e+03  -8.9047685e-01
   6.9010000e+03  -8.2401688e-03
   6.9020000e+03   1.7655513e-01
   6.9030000e+03   1.2966006e+00
   6.9040000e+03   1.7565449e-01
   6.9050000e+03   4.0000975e-02
   6.9060000e+03  -1.3021005e-01
   6.9070000e+03  -9.3762021e-01
   6.9080000e+03  -1.2339279e+00
   6.9090000e+03  -1.4838541e+00
   6.9100000e+03  -3.2085726e-01
   6.9110000e+03  -4.7606531e-01
   6.9120000e+03  -6.8478278e-01
   6.9130000e+03  -9.1058006e-03
   6.9140000e+03   1.5669330e+00
   6.9150000e+03   1.0209267e+00
   6.9160000e+03  -1.1487241e+00
   6.9170000e+03  -7.7213919e-01
   6.9180000e+03   1.5586570e+00
   6.9190000e+03  -1.8108578e+00
   6.9200000e+03  -2.4127125e-01
   6.9210000e+03  -7.6020434e-01
   6.9220000e+03  -2.7496265e-01
   6.9230000e+03  -1.2224006e+00
   6.9240000e+03  -5.4048724e-01
   6.9250000e+03  -7.8761286e-01
   6.9260000e+03   9.3953456e-01
   6.9270000e+03   1.0916219e+00
   6.9280000e+03   6.9405671e-01
   6.9290000e+03  -1.3243822e-01
   6.9300000e+03   2.0200484e-01
   6.9310000e+03  -9.8515058e-01
   6.9320000e+03  -4.0278272e-01
   6.9330000e+03  -1.5170100e+00
   6.9340000e+03  -1.0327529e+00
   6.9350000e+03  -2.7030719e-01
   6.9360000e+03   1.3395145e-01
   6.9370000e+03   1.4324684e+00
   6.9380000e+03  -6.0072083e-01
   6.9390000e+03  -1.0954518e+00
   6.9400000e+03  -1.3190315e+00
   6.9410000e+03  -1.6007508e+00
   6.9420000e+03  -1.4103635e+00
   6.9430000e+03  -8.3681584e-01
   6.9440000e+03  -1.3148790e+00
   6.9450000e+03  -1.1277202e+00
   6.9460000e+03  -9.2095117e-01
   6.9470000e+03  -1.7001580e+00
   6.9480000e+03  -2.8378765e-01
   6.9490000e+03   9.4598826e-02
   6.9500000e+03   6.4665547e-02
   6.9510000e+03  -7.0924415e-02
   6.9520000e+03   2.1333784e-01
   6.9530000e+03  -1.6174997e+00
   6.9540000e+03  -1.3483248e+00
   6.9550000e+03  -2.8783541e-01
   6.9560000e+03  -7.8002211e-01
   6.9570000e+03  -1.0374576e+00
   6.9580000e+03  -1.0397065e+00
   6.9590000e+03  -7.3449181e-01
   6.9600000e+03  -2.2564673e+00
   6.9610000e+03  -1.0982126e+00
   6.9620000e+03  -7.3580278e-01
   6.9630000e+03   4.5763207e-01
   6.9640000e+03  -8.9462044e-01
   6.9650000e+03  -6.0519594e-01
   6.9660000e+03  -2.1876061e+00
   6.9670000e+03  -9.7332420e-01
   6.9680000e+03  -2.1392613e+00
   6.9690000e+03   1.6755065e-01
   6.9700000e+03  -3.6567766e-01
   6.9710000e+03   2.2129067e-01
   6.9720000e+03  -5.9424952e-03
   6.9730000e+03  -1.4048258e-01
   6.9740000e+03  -5.2653537e-01
   6.9750000e+03  -4.6399406e-02
   6.9760000e+03  -6.5995710e-01
   6.9770000e+03  -4.9390759e-01
   6.9780000e+03  -1.4006688e+00
   6.9790000e+03   1.4405890e-01
   6.9800000e+03  -8.8700883e-01
   6.9810000e+03  -2.0439981e-02
   6.9820000e+03   7.4941441e-01
   6.9830000e+03   3.8288273e-01
   6.9840000e+03  -3.9182284e-01
   6.9850000e+03   3.6283964e-01
   6.9860000e+03  -4.1296819e-01
   6.9870000e+03   1.1821710e+00
   6.9880000e+03   3.6591828e-01
   6.9890000e+03   6.9196495e-01
   6.9900000e+03   8.3674939e-01
   6.9910000e+03   6.0509836e-01
   6.9920000e+03   1.0330177e+00
   6.9930000e+03   4.0206030e-01
   6.9940000e+03   1.2853635e+00
   6.9950000e+03  -5.2828275e-01
   6.9960000e+03  -3.4183648e-01
   6.9970000e+03  -6.1185658e-01
   6.9980000e+03   1.3384899e-01
   6.9990000e+03   5.9654566e-01
   7.0000000e+03   2.3641515e-01
   7.0010000e+03   7.1712737e-01
   7.0020000e+03  -2.7315478e-01
   7.0030000e+03  -1.5369096e+00
   7.0040000e+03  -3.5766442e-01
   7.0050000e+03  -3.7866702e-02
   7.0060000e+03  -1.6221801e+00
   7.0070000e+03  -1.6606967e+00
   7.0080000e+03  -6.2185084e-01
   7.0090000e+03  -1.0832090e+00
   7.0100000e+03  -4.1893331e-01
   7.0110000e+03  -5.6862434e-01
   7.0120000e+03  -1.0404581e+00
   7.0130000e+03  -1.8224472e-01
   7.0140000e+03  -3.8153871e-01
   7.0150000e+03   2.7866895e-01
   7.0160000e+03  -3.4411661e-01
   7.0170000e+03  -8.2471950e-01
   7.0180000e+03  -4.5908984e-01
   7.0190000e+03  -9.4323723e-01
   7.0200000e+03   3.1356910e-01
   7.0210000e+03   5.3714524e-01
   7.0220000e+03   6.2910382e-02
   7.0230000e+03  -3.9409100e-01
   7.0240000e+03  -1.2146615e+00
   7.0250000e+03   7.6557787e-03
   7.0260000e+03  -4.1188842e-02
   7.0270000e+03  -1.3716669e+00
   7.0280000e+03  -1.7713809e+00
   7.0290000e+03  -1.3646848e+00
   7.0300000e+03   8.1287954e-01
   7.0310000e+03   2.8395047e-01
   7.0320000e+03   1.7856539e-01
   7.0330000e+03  -1.5368040e-01
   7.0340000e+03   8.7101727e-01
   7.0350000e+03   1.6513391e+00
   7.0360000e+03   3.3737327e-01
   7.0370000e+03  -1.3215033e+00
   7.0380000e+03  -2.3412763e-01
   7.0390000e+03  -1.7075469e-01
   7.0400000e+03  -3.9388006e-01
   7.0410000e+03  -9.0223404e-01
   7.0420000e+03  -1.2883922e-01
   7.0430000e+03  -3.8731171e-02
   7.0440000e+03  -6.4397829e-01
   7.0450000e+03   7.9678561e-01
   7.0460000e+03   1.3937313e+00
   7.0470000e+03   7.4970975e-01
   7.0480000e+03   1.4830126e+00
   7.0490000e+03   1.6869342e+00
   7.0500000e+03   1.6499855e+00
   7.0510000e+03   8.0709073e-01
   7.0520000e+03   1.5476573e-02
   7.0530000e+03   6.4388387e-01
   7.0540000e+03  -3.4913481e-01
   7.0550000e+03  -2.3715012e-01
   7.0560000e+03   4.3415854e-01
   7.0570000e+03   1.4327310e+00
   7.0580000e+03   1.3035876e+00
   7.0590000e+03   1.9554901e+00
   7.0600000e+03  -5.6601314e-02
   7.0610000e+03   3.9815387e-01
   7.0620000e+03  -1.3440999e+00
   7.0630000e+03  -1.0692044e+00
   7.0640000e+03  -5.1795562e-01
   7.0650000e+03   1.4289698e-01
   7.0660000e+03  -2.6855139e-01
   7.0670000e+03  -9.3762053e-01
   7.0680000e+03  -3.4268322e-01
   7.0690000e+03   8.4839196e-02
   7.0700000e+03   1.3499227e+00
   7.0710000e+03  -3.4741701e-01
   7.0720000e+03   8.9416458e-01
   7.0730000e+03  -3.2746475e-01
   7.0740000e+03  -1.0422226e+00
   7.0750000e+03  -9.2119746e-01
   7.0760000e+03  -9.4157584e-01
   7.0770000e+03  -5.1434538e-01
   7.0780000e+03  -1.7134024e+00
   7.0790000e+03  -1.4079845e+00
   7.0800000e+03   8.5218868e-02
   7.0810000e+03  -4.2829476e-01
   7.0820000e+03   3.2707594e-01
   7.0830000e+03  -6.2476499e-01
   7.0840000e+03  -1.2626307e-01
   7.0850000e+03   1.2407853e+00
   7.0860000e+03   1.8896305e+00
   7.0870000e+03   6.8382834e-01
   7.0880000e+03   5.4204286e-02
   7.0890000e+03  -1.6854608e-01
   7.0900000e+03  -9.4512737e-01
   7.0910000e+03  -2.9589891e-01
   7.0920000e+03   3.6061604e-01
   7.0930000e+03   5.4607908e-01
   7.0940000e+03  -2.2524390e-01
   7.0950000e+03  -5.3788367e-01
   7.0960000e+03  -8.8310776e-01
   7.0970000e+03  -8.1699888e-01
   7.0980000e+03  -8.5284764e-01
   7.0990000e+03  -2.9388318e-01
   7.1000000e+03   4.5536711e-01
   7.1010000e+03   9.7799964e-01
   7.1020000e+03   7.7859143e-01
   7.1030000e+03  -4.0852506e-01
   7.1040000e+03  -2.8316195e-02
   7.1050000e+03   1.7557154e-01
   7.1060000e+03   1.1159973e+00
   7.1070000e+03   5.3723367e-02
   7.1080000e+03   2.0826451e-01
   7.1090000e+03   8.2892668e-01
   7.1100000e+03   1.3226331e+00
   7.1110000e+03   5.7566413e-01
   7.1120000e+03   1.2896458e+00
   7.1130000e+03   5.5381778e-01
   7.1140000e+03   4.5855456e-01
   7.1150000e+03   1.5262557e+00
   7.1160000e+03   8.1292549e-02
   7.1170000e+03   3.6813215e-01
   7.1180000e+03  -5.6515615e-01
   7.1190000e+03  -1.2179685e+00
   7.1200000e+03  -1.7147890e+00
   7.1210000e+03  -9.5286308e-02
   7.1220000e+03  -3.4061295e-01
   7.1230000e+03  -2.2001678e+00
   7.1240000e+03  -1.0736819e+00
   7.1250000e+03  -1.6433447e+00
   7.1260000e+03  -6.9552434e-01
   7.1270000e+03   5.8924035e-01
   7.1280000e+03   1.1390723e+00
   7.1290000e+03   1.1760469e+00
   7.1300000e+03   4.1903221e-01
   7.1310000e+03   9.0208478e-01
   7.1320000e+03  -1.7571974e-01
   7.1330000e+03   1.0839773e-01
   7.1340000e+03   8.5248366e-01
   7.1350000e+03   9.7225381e-01
   7.1360000e+03   5.1849096e-01
   7.1370000e+03   7.3994037e-01
   7.1380000e+03  -1.2413116e-01
   7.1390000e+03  -4.4870375e-02
   7.1400000e+03   2.7032152e-02
   7.1410000e+03   1.2010295e+00
   7.1420000e+03   5.4436105e-02
   7.1430000e+03  -1.9291051e-01
   7.1440000e+03   5.4428342e-02
   7.1450000e+03  -1.3218014e-01
   7.1460000e+03   1.1711483e+00
   7.1470000e+03  -4.2603843e-01
   7.1480000e+03   6.0000975e-01
   7.1490000e+03   1.7562865e+00
   7.1500000e+03  -6.2106889e-01
   7.1510000e+03   1.8406692e-01
   7.1520000e+03   4.0068503e-01
   7.1530000e+03  -3.0797256e-01
   7.1540000e+03   6.0727031e-01
   7.1550000e+03  -1.2228010e+00
   7.1560000e+03  -1.3760214e+00
   7.1570000e+03  -5.5643296e-01
   7.1580000e+03   4.7280202e-02
   7.1590000e+03  -8.7769172e-01
   7.1600000e+03   5.6306148e-01
   7.1610000e+03   2.9543444e-01
   7.1620000e+03   7.1964116e-02
   7.1630000e+03   1.0126716e+00
   7.1640000e+03  -7.7465868e-01
   7.1650000e+03   1.4256961e+00
   7.1660000e+03   2.7160854e-01
   7.1670000e+03   1.3651165e+00
   7.1680000e+03   1.2681685e+00
   7.1690000e+03   7.0822102e-01
   7.1700000e+03   8.0028073e-01
   7.1710000e+03   5.7420327e-01
   7.1720000e+03   9.0364454e-01
   7.1730000e+03   1.6576607e+00
   7.1740000e+03   2.0416001e+00
   7.1750000e+03   8.8863824e-01
   7.1760000e+03   1.3505350e+00
   7.1770000e+03   1.0315025e+00
   7.1780000e+03   9.9255827e-02
   7.1790000e+03   3.8217536e-01
   7.1800000e+03   1.9548077e-01
   7.1810000e+03  -1.5301913e-01
   7.1820000e+03  -2.1378525e-01
   7.1830000e+03  -3.0725332e-02
   7.1840000e+03   5.8321229e-01
   7.1850000e+03   3.6619828e-01
   7.1860000e+03  -3.0522901e-01
   7.1870000e+03  -8.4094488e-01
   7.1880000e+03   3.1896024e-02
   7.1890000e+03  -2.7168426e-01
   7.1900000e+03  -4.0668730e-01
   7.1910000e+03  -5.0515105e-02
   7.1920000e+03   1.3116981e-01
   7.1930000e+03   5.5425174e-01
   7.1940000e+03   7.8661043e-01
   7.1950000e+03   7.4702198e-01
   7.1960000e+03   1.0333704e+00
   7.1970000e+03   8.0135122e-01
   7.1980000e+03   7.0215492e-01
   7.1990000e+03   9.4465451e-02
   7.2000000e+03   3.6940847e-01
   7.2010000e+03   4.2744768e-01
   7.2020000e+03   1.0916475e+00
   7.2030000e+03   4.8800270e-01
   7.2040000e+03   5.1792511e-01
   7.2050000e+03   7.0334641e-01
   7.2060000e+03   4.3152330e-01
   7.2070000e+03   4.1353629e-01
   7.2080000e+03   4.9111846e-01
   7.2090000e+03   1.0977209e-01
   7.2100000e+03  -1.1553276e-01
   7.2110000e+03  -5.9731654e-01
   7.2120000e+03   5.4470627e-02
   7.2130000e+03   4.1275021e-01
   7.2140000e+03  -2.3839262e-01
   7.2150000e+03   4.0948589e-01
   7.2160000e+03   3.8686236e-01
   7.2170000e+03   1.4202258e+00
   7.2180000e+03   6.6770037e-01
   7.2190000e+03   1.5269467e+00
   7.2200000e+03   9.3555565e-01
   7.2210000e+03  -1.5351683e+00
   7.2220000e+03  -9.4942099e-01
   7.2230000e+03  -4.0247071e-01
   7.2240000e+03  -6.2710704e-01
   7.2250000e+03  -1.6360424e-01
   7.2260000e+03  -1.3642387e+00
   7.2270000e+03  -1.6031313e+00
   7.2280000e+03  -3.9551647e-01
   7.2290000e+03  -2.9777564e-01
   7.2300000e+03   7.4292695e-03
   7.2310000e+03  -8.4595522e-01
   7.2320000e+03  -8.9296116e-01
   7.2330000e+03   1.9145212e-01
   7.2340000e+03  -4.7476287e-01
   7.2350000e+03   5.3072141e-01
   7.2360000e+03  -3.3055886e-01
   7.2370000e+03  -2.0145949e-01
   7.2380000e+03   5.2624532e-01
   7.2390000e+03  -9.1239379e-01
   7.2400000e+03  -1.5943359e-01
   7.2410000e+03   5.1057852e-01
   7.2420000e+03  -2.8794717e-01
   7.2430000e+03  -1.9745552e-01
   7.2440000e+03  -6.1338359e-01
   7.2450000e+03  -7.6104416e-01
   7.2460000e+03  -4.5504125e-01
   7.2470000e+03   2.3899272e-01
   7.2480000e+03  -3.6338743e-01
   7.2490000e+03  -1.1440946e+00
   7.2500000e+03  -1.0438962e+00
   7.2510000e+03   5.0897062e-01
   7.2520000e+03   9.3136775e-01
   7.2530000e+03  -4.8453627e-01
   7.2540000e+03  -2.5400875e-01
   7.2550000e+03   2.2679667e-01
   7.2560000e+03   5.5276034e-01
   7.2570000e+03  -1.5102319e+00
   7.2580000e+03  -3.8160782e-01
   7.2590000e+03   5.0109772e-01
   7.2600000e+03   2.2613738e-01
   7.2610000e+03   2.1047634e-01
   7.2620000e+03   9.5126072e-01
   7.2630000e+03   1.1150415e+00
   7.2640000e+03   9.1840563e-01
   7.2650000e+03   4.4282321e-01
   7.2660000e+03   4.3845057e-01
   7.2670000e+03   8.0129961e-01
   7.2680000e+03   2.0030897e+00
   7.2690000e+03   6.7459709e-01
   7.2700000e+03   1.0721131e+00
   7.2710000e+03   1.4511628e+00
   7.2720000e+03   1.5859945e+00
   7.2730000e+03   1.1389389e+00
   7.2740000e+03   1.4244327e+00
   7.2750000e+03  -1.3147554e-01
   7.2760000e+03   4.1010343e-01
   7.2770000e+03   4.5265775e-01
   7.2780000e+03  -1.9412151e-01
   7.2790000e+03   6.8209865e-01
   7.2800000e+03   6.8704985e-01
   7.2810000e+03   1.0295216e+00
   7.2820000e+03   4.5461167e-01
   7.2830000e+03   1.2582751e+00
   7.2840000e+03  -8.7215410e-01
   7.2850000e+03  -2.0211178e+00
   7.2860000e+03  -7.2097643e-01
   7.2870000e+03  -4.9032449e-01
   7.2880000e+03   2.0585676e-02
   7.2890000e+03  -1.4913314e-01
   7.2900000e+03   6.1718009e-02
   7.2910000e+03  -4.5043017e-01
   7.2920000e+03  -1.2450117e+00
   7.2930000e+03  -1.9161361e-01
   7.2940000e+03  -6.1135981e-01
   7.2950000e+03  -2.4041479e+00
   7.2960000e+03  -1.5948244e-01
   7.2970000e+03  -3.7444670e-02
   7.2980000e+03  -1.3450319e+00
   7.2990000e+03  -1.0617353e+00
   7.3000000e+03  -4.8510256e-01
   7.3010000e+03  -1.0433683e+00
   7.3020000e+03   2.2447832e-01
   7.3030000e+03   3.6433202e-01
   7.3040000e+03  -1.2283370e+00
   7.3050000e+03  -8.5798905e-01
   7.3060000e+03  -1.9268594e-01
   7.3070000e+03  -7.9446701e-01
   7.3080000e+03   6.8316618e-01
   7.3090000e+03  -2.0103553e-01
   7.3100000e+03  -4.7390057e-02
   7.3110000e+03   6.9563366e-01
   7.3120000e+03  -2.8694507e-01
   7.3130000e+03   3.9893684e-01
   7.3140000e+03  -5.6610591e-01
   7.3150000e+03  -1.2262559e+00
   7.3160000e+03   2.1169452e-01
   7.3170000e+03   6.7258056e-01
   7.3180000e+03   4.8258250e-01
   7.3190000e+03  -3.0554100e-01
   7.3200000e+03   1.9039737e-01
   7.3210000e+03  -4.2120782e-01
   7.3220000e+03  -5.4738608e-01
   7.3230000e+03  -3.7634069e-01
   7.3240000e+03   1.1666203e-01
   7.3250000e+03   1.0172720e+00
   7.3260000e+03   2.3640329e-01
   7.3270000e+03  -1.1826466e+00
   7.3280000e+03  -1.4542810e-01
   7.3290000e+03   7.2528380e-01
   7.3300000e+03  -1.5858802e-01
   7.3310000e+03  -4.1237801e-02
   7.3320000e+03   7.0392439e-01
   7.3330000e+03   2.0435366e-01
   7.3340000e+03  -4.1047526e-01
   7.3350000e+03  -7.1379821e-01
   7.3360000e+03  -3.7972569e-01
   7.3370000e+03  -4.2365719e-02
   7.3380000e+03  -7.8130437e-01
   7.3390000e+03   6.9870462e-01
   7.3400000e+03   4.0758104e-02
   7.3410000e+03  -1.0263970e+00
   7.3420000e+03  -1.2671014e+00
   7.3430000e+03  -8.7922088e-01
   7.3440000e+03  -9.3728750e-01
   7.3450000e+03  -1.5290393e+00
   7.3460000e+03  -2.2112363e+00
   7.3470000e+03  -1.3210171e+00
   7.3480000e+03  -4.4784360e-01
   7.3490000e+03   5.4208269e-01
   7.3500000e+03   1.1733826e+00
   7.3510000e+03   5.4852728e-01
   7.3520000e+03   2.7721573e-01
   7.3530000e+03   3.2240823e-01
   7.3540000e+03   1.0283580e+00
   7.3550000e+03   5.4549150e-01
   7.3560000e+03   4.4251831e-01
   7.3570000e+03   1.6556673e+00
   7.3580000e+03   1.6782945e+00
   7.3590000e+03   3.5548928e-01
   7.3600000e+03  -4.2218105e-01
   7.3610000e+03  -7.9316568e-01
   7.3620000e+03  -1.9837024e+00
   7.3630000e+03  -1.9971712e+00
   7.3640000e+03  -2.3641704e+00
   7.3650000e+03  -7.1541105e-01
   7.3660000e+03  -9.8789287e-03
   7.3670000e+03  -9.9512498e-01
   7.3680000e+03  -1.6452792e+00
   7.3690000e+03  -7.4418189e-01
   7.3700000e+03  -1.0382612e+00
   7.3710000e+03  -9.9824092e-01
   7.3720000e+03  -2.2309043e-01
   7.3730000e+03  -6.9983539e-01
   7.3740000e+03  -6.9719399e-01
   7.3750000e+03  -1.2380161e+00
   7.3760000e+03   1.6080299e-01
   7.3770000e+03  -6.7153284e-01
   7.3780000e+03  -5.9294210e-01
   7.3790000e+03  -5.8773449e-01
   7.3800000e+03  -1.1333670e+00
   7.3810000e+03  -9.8934922e-01
   7.3820000e+03   1.3072582e-01
   7.3830000e+03  -4.4408561e-01
   7.3840000e+03  -1.2389390e+00
   7.3850000e+03  -1.3537737e+00
   7.3860000e+03  -5.2091447e-01
   7.3870000e+03  -1.6200396e+00
   7.3880000e+03  -1.4816986e+00
   7.3890000e+03  -1.4496450e+00
   7.3900000e+03  -5.3527110e-01
   7.3910000e+03  -5.4313628e-01
   7.3920000e+03  -6.5374376e-01
   7.3930000e+03   6.7087512e-01
   7.3940000e+03  -1.2270338e-01
   7.3950000e+03  -6.0933642e-01
   7.3960000e+03  -4.0896664e-01
   7.3970000e+03  -4.5064782e-01
   7.3980000e+03  -1.7922757e+00
   7.3990000e+03  -6.7346230e-01
   7.4000000e+03  -1.2277075e+00
   7.4010000e+03  -6.0773366e-01
   7.4020000e+03   1.0078825e+00
   7.4030000e+03   1.1002533e-01
   7.4040000e+03  -5.5001584e-01
   7.4050000e+03  -1.9686855e+00
   7.4060000e+03  -1.7076121e-01
   7.4070000e+03   4.5048289e-01
   7.4080000e+03  -8.8840012e-01
   7.4090000e+03   4.9161220e-01
   7.4100000e+03   4.1285458e-01
   7.4110000e+03  -1.4510687e+00
   7.4120000e+03  -2.6253284e-01
   7.4130000e+03  -1.4084026e+00
   7.4140000e+03  -1.3097808e+00
   7.4150000e+03  -1.0576653e+00
   7.4160000e+03  -1.3917149e+00
   7.4170000e+03  -7.2690431e-01
   7.4180000e+03  -5.8569585e-01
   7.4190000e+03  -7.0501982e-01
   7.4200000e+03   4.8638425e-01
   7.4210000e+03   1.3793434e-02
   7.4220000e+03   9.8124446e-02
   7.4230000e+03  -1.0915764e+00
   7.4240000e+03   3.1453533e-01
   7.4250000e+03   1.4034562e+00
   7.4260000e+03   1.7449509e+00
   7.4270000e+03   1.2561325e+00
   7.4280000e+03   1.0003262e+00
   7.4290000e+03   1.1223288e-01
   7.4300000e+03   1.1545431e+00
   7.4310000e+03  -8.8664387e-01
   7.4320000e+03  -5.4360522e-01
   7.4330000e+03  -4.9340266e-01
   7.4340000e+03   1.1892090e-02
   7.4350000e+03  -5.5895398e-01
   7.4360000e+03   1.5140739e+00
   7.4370000e+03   1.4742654e-01
   7.4380000e+03  -5.6064978e-01
   7.4390000e+03  -6.5500297e-01
   7.4400000e+03  -1.1504347e+00
   7.4410000e+03  -8.4415581e-01
   7.4420000e+03  -1.2644747e+00
   7.4430000e+03  -1.1937437e+00
   7.4440000e+03  -1.3287991e+00
   7.4450000e+03  -3.4141904e-01
   7.4460000e+03  -3.3493743e+00
   7.4470000e+03  -6.1031274e-01
   7.4480000e+03  -1.3042570e+00
   7.4490000e+03  -1.8654012e+00
   7.4500000e+03  -1.3563082e+00
   7.4510000e+03  -1.3864557e+00
   7.4520000e+03  -1.9721942e-01
   7.4530000e+03  -3.5462426e-01
   7.4540000e+03  -3.8999365e-01
   7.4550000e+03  -6.4843665e-02
   7.4560000e+03  -9.3591733e-01
   7.4570000e+03  -3.4269222e-01
   7.4580000e+03   1.0263950e-02
   7.4590000e+03  -1.4697093e+00
   7.4600000e+03  -5.4068598e-02
   7.4610000e+03  -7.2988824e-01
   7.4620000e+03  -9.9054698e-01
   7.4630000e+03  -3.9592913e-01
   7.4640000e+03  -1.1035927e+00
   7.4650000e+03  -2.7858627e-01
   7.4660000e+03  -4.2888305e-01
   7.4670000e+03   8.5178360e-01
   7.4680000e+03   9.7915022e-01
   7.4690000e+03   7.6904838e-02
   7.4700000e+03  -2.5733428e-01
   7.4710000e+03  -1.1477675e+00
   7.4720000e+03  -1.3207295e+00
   7.4730000e+03  -1.9333216e+00
   7.4740000e+03  -6.0106665e-01
   7.4750000e+03  -1.8923128e+00
   7.4760000e+03  -1.5945539e+00
   7.4770000e+03   1.3249262e-01
   7.4780000e+03   2.3218714e-01
   7.4790000e+03  -4.8664523e-01
   7.4800000e+03  -2.2684609e-01
   7.4810000e+03   5.8312611e-01
   7.4820000e+03  -1.1686483e-01
   7.4830000e+03   3.2729094e-01
   7.4840000e+03   3.2757048e-01
   7.4850000e+03  -1.3257868e-01
   7.4860000e+03  -2.4753873e-02
   7.4870000e+03  -1.1489742e+00
   7.4880000e+03   5.0153086e-02
   7.4890000e+03  -3.7804063e-01
   7.4900000e+03  -1.4012421e+00
   7.4910000e+03  -1.2297306e+00
   7.4920000e+03  -4.5448180e-01
   7.4930000e+03  -2.1888089e+00
   7.4940000e+03  -2.8119702e+00
   7.4950000e+03  -5.8968335e-02
   7.4960000e+03  -3.8150481e-01
   7.4970000e+03  -4.3589085e-01
   7.4980000e+03   3.6245403e-01
   7.4990000e+03   1.2617424e+00
   7.5000000e+03  -1.5769131e-01
   7.5010000e+03  -1.0197908e-01
   7.5020000e+03  -2.4681572e-01
   7.5030000e+03   3.1597865e-02
   7.5040000e+03   2.2957866e-01
   7.5050000e+03   6.7637282e-01
   7.5060000e+03   2.5105875e-01
   7.5070000e+03   6.5144087e-01
   7.5080000e+03   9.8592859e-01
   7.5090000e+03  -1.3816747e-01
   7.5100000e+03   3.4566677e-01
   7.5110000e+03   8.7978287e-01
   7.5120000e+03   9.7897588e-01
   7.5130000e+03   2.2959703e-01
   7.5140000e+03  -4.3402574e-02
   7.5150000e+03  -9.2728711e-01
   7.5160000e+03  -6.1596934e-01
   7.5170000e+03   4.5549839e-01
   7.5180000e+03  -2.8178410e-01
   7.5190000e+03  -5.5649707e-01
   7.5200000e+03   4.6711877e-01
   7.5210000e+03  -5.9737986e-01
   7.5220000e+03   3.3936085e-01
   7.5230000e+03   2.9274900e-01
   7.5240000e+03  -2.8502756e-01
   7.5250000e+03  -1.3136214e-01
   7.5260000e+03  -6.5848540e-01
   7.5270000e+03   4.4016801e-01
   7.5280000e+03   2.1711088e-02
   7.5290000e+03  -1.4365108e+00
   7.5300000e+03  -7.4952347e-01
   7.5310000e+03  -1.5405999e+00
   7.5320000e+03  -1.8431229e+00
   7.5330000e+03  -1.6322335e+00
   7.5340000e+03  -9.0817189e-01
   7.5350000e+03  -9.7435625e-01
   7.5360000e+03  -2.1885449e+00
   7.5370000e+03  -2.1227005e+00
   7.5380000e+03  -9.6331454e-01
   7.5390000e+03  -3.5232935e+00
   7.5400000e+03  -2.3928313e+00
   7.5410000e+03  -1.2352468e+00
   7.5420000e+03  -1.4599556e+00
   7.5430000e+03  -1.3315826e+00
   7.5440000e+03  -1.5064118e+00
   7.5450000e+03   7.5463414e-01
   7.5460000e+03  -1.3664423e+00
   7.5470000e+03  -1.3369939e+00
   7.5480000e+03  -6.9664788e-01
   7.5490000e+03  -3.8881755e-01
   7.5500000e+03   1.4732527e-01
   7.5510000e+03  -3.8887096e-01
   7.5520000e+03  -7.8680300e-01
   7.5530000e+03  -3.6519633e-01
   7.5540000e+03  -9.0093020e-01
   7.5550000e+03  -4.9503189e-01
   7.5560000e+03  -9.3086523e-01
   7.5570000e+03  -3.4160479e-02
   7.5580000e+03  -5.2235635e-01
   7.5590000e+03  -2.2223144e+00
   7.5600000e+03  -1.5628391e+00
   7.5610000e+03  -1.4805890e+00
   7.5620000e+03  -2.0985688e+00
   7.5630000e+03  -1.1431024e+00
   7.5640000e+03  -8.0155939e-01
   7.5650000e+03  -2.2311723e+00
   7.5660000e+03  -1.8320116e+00
   7.5670000e+03  -1.0769950e-01
   7.5680000e+03   1.7534652e-01
   7.5690000e+03  -1.1289357e+00
   7.5700000e+03  -8.6995136e-01
   7.5710000e+03   3.8341369e-01
   7.5720000e+03  -2.2578958e-01
   7.5730000e+03   2.5330485e-01
   7.5740000e+03   1.2850505e+00
   7.5750000e+03   2.4728692e-01
   7.5760000e+03   3.3870217e-01
   7.5770000e+03   2.5263811e-01
   7.5780000e+03  -1.1577397e+00
   7.5790000e+03   1.6501489e-01
   7.5800000e+03  -1.3220633e+00
   7.5810000e+03  -7.2857796e-01
   7.5820000e+03  -1.2662076e+00
   7.5830000e+03  -6.3539281e-01
   7.5840000e+03   3.9874954e-01
   7.5850000e+03  -4.3130106e-01
   7.5860000e+03   1.9196525e-02
   7.5870000e+03  -1.3226822e+00
   7.5880000e+03  -3.9702766e-01
   7.5890000e+03  -2.1765823e-01
   7.5900000e+03  -7.7627637e-01
   7.5910000e+03  -1.2638508e-01
   7.5920000e+03  -6.9290805e-01
   7.5930000e+03   2.3246894e-02
   7.5940000e+03  -1.9654447e-01
   7.5950000e+03   2.5815711e-01
   7.5960000e+03  -1.0629718e+00
   7.5970000e+03  -1.1232553e+00
   7.5980000e+03  -6.8933878e-01
   7.5990000e+03  -2.3885191e-01
   7.6000000e+03  -1.1310490e+00
   7.6010000e+03  -1.2385783e+00
   7.6020000e+03  -2.2462771e-02
   7.6030000e+03  -3.4937995e-01
   7.6040000e+03  -6.3680031e-01
   7.6050000e+03  -1.0048442e+00
   7.6060000e+03  -5.3727778e-01
   7.6070000e+03   4.0005422e-01
   7.6080000e+03  -1.1956448e+00
   7.6090000e+03  -8.1991000e-01
   7.6100000e+03  -1.4818102e+00
   7.6110000e+03  -2.1212006e+00
   7.6120000e+03  -3.6152117e-01
   7.6130000e+03   2.2568148e-01
   7.6140000e+03  -3.1915145e-01
   7.6150000e+03  -2.9739658e-01
   7.6160000e+03   1.6273797e-01
   7.6170000e+03  -9.8455834e-01
   7.6180000e+03  -2.0542205e-01
   7.6190000e+03   1.9834273e+00
   7.6200000e+03  -5.8982103e-02
   7.6210000e+03  -2.0955387e+00
   7.6220000e+03  -9.2735122e-01
   7.6230000e+03  -5.8300560e-01
   7.6240000e+03  -4.3477444e-01
   7.6250000e+03  -1.2250008e+00
   7.6260000e+03  -1.2631828e+00
   7.6270000e+03  -2.0956423e+00
   7.6280000e+03  -1.6125965e+00
   7.6290000e+03  -1.0172008e+00
   7.6300000e+03  -1.6036099e+00
   7.6310000e+03  -2.2410419e+00
   7.6320000e+03  -2.9969740e+00
   7.6330000e+03  -2.7745413e+00
   7.6340000e+03  -1.4115141e+00
   7.6350000e+03  -1.5946229e+00
   7.6360000e+03  -1.8082970e+00
   7.6370000e+03  -2.0735463e+00
   7.6380000e+03  -2.5200674e+00
   7.6390000e+03  -1.5850425e+00
   7.6400000e+03  -1.5957614e+00
   7.6410000e+03  -2.2058925e-01
   7.6420000e+03   2.9395463e-01
   7.6430000e+03  -5.1213409e-01
   7.6440000e+03  -1.4465656e+00
   7.6450000e+03  -7.5289924e-01
   7.6460000e+03  -7.3262618e-01
   7.6470000e+03  -3.0506314e-01
   7.6480000e+03  -4.0946621e-01
   7.6490000e+03  -1.3643497e+00
   7.6500000e+03  -4.3948849e-01
   7.6510000e+03  -2.2538770e+00
   7.6520000e+03  -2.0072546e+00
   7.6530000e+03  -2.5761800e+00
   7.6540000e+03  -2.0276277e+00
   7.6550000e+03  -1.7170951e+00
   7.6560000e+03  -3.7439680e-01
   7.6570000e+03   3.8049701e-01
   7.6580000e+03  -1.5921878e+00
   7.6590000e+03  -7.0633497e-01
   7.6600000e+03  -3.8736472e-01
   7.6610000e+03  -5.2413886e-01
   7.6620000e+03  -6.3133972e-01
   7.6630000e+03   2.5452515e-01
   7.6640000e+03  -2.3408461e-01
   7.6650000e+03  -1.5374141e-01
   7.6660000e+03   4.8624486e-01
   7.6670000e+03  -5.8350340e-01
   7.6680000e+03   3.1016905e-01
   7.6690000e+03  -4.6753176e-01
   7.6700000e+03  -1.0906712e+00
   7.6710000e+03   4.4854292e-01
   7.6720000e+03  -9.1076167e-01
   7.6730000e+03  -1.6838001e+00
   7.6740000e+03  -1.0376246e+00
   7.6750000e+03  -9.9994056e-01
   7.6760000e+03   2.4076076e-01
   7.6770000e+03   2.4393234e-02
   7.6780000e+03  -4.3677178e-02
   7.6790000e+03  -3.0007040e-01
   7.6800000e+03  -5.6707715e-01
   7.6810000e+03  -1.8280491e-02
   7.6820000e+03   9.7511584e-01
   7.6830000e+03   1.2423797e-03
   7.6840000e+03   6.4099032e-01
   7.6850000e+03   7.0006753e-02
   7.6860000e+03   7.6417018e-01
   7.6870000e+03   1.3708999e+00
   7.6880000e+03   3.0585926e-01
   7.6890000e+03  -1.8205778e-01
   7.6900000e+03  -1.7309078e-02
   7.6910000e+03  -9.0144123e-01
   7.6920000e+03  -1.0055763e+00
   7.6930000e+03  -1.0080820e+00
   7.6940000e+03  -9.4728395e-01
   7.6950000e+03  -8.2073513e-02
   7.6960000e+03   1.8012195e-01
   7.6970000e+03   1.4562607e+00
   7.6980000e+03  -2.6137470e-01
   7.6990000e+03   1.2065336e+00
   7.7000000e+03   9.9575007e-01
   7.7010000e+03   1.0073610e+00
   7.7020000e+03   2.1314723e+00
   7.7030000e+03   1.4670995e+00
   7.7040000e+03   1.0835293e-01
   7.7050000e+03  -3.3962224e-02
   7.7060000e+03   4.2148292e-01
   7.7070000e+03   1.3413136e+00
   7.7080000e+03   1.2499445e+00
   7.7090000e+03   1.6136585e+00
   7.7100000e+03   7.3052670e-01
   7.7110000e+03   4.6388132e-01
   7.7120000e+03   4.1449033e-01
   7.7130000e+03   5.7696245e-01
   7.7140000e+03   4.4252613e-01
   7.7150000e+03   7.4780679e-01
   7.7160000e+03   1.5965705e+00
   7.7170000e+03   1.7735300e-01
   7.7180000e+03   1.2032172e+00
   7.7190000e+03   1.5971895e+00
   7.7200000e+03   1.5200798e+00
   7.7210000e+03   1.9177729e+00
   7.7220000e+03   6.5263664e-01
   7.7230000e+03   1.8844360e+00
   7.7240000e+03   2.4321699e-01
   7.7250000e+03   1.7780163e+00
   7.7260000e+03   6.3699330e-01
   7.7270000e+03   6.7025010e-01
   7.7280000e+03   2.6613533e-01
   7.7290000e+03   1.7793097e-01
   7.7300000e+03   2.0671254e-01
   7.7310000e+03  -1.2376842e+00
   7.7320000e+03  -1.4078506e+00
   7.7330000e+03   6.2857055e-01
   7.7340000e+03  -4.1761528e-01
   7.7350000e+03  -3.1081205e-01
   7.7360000e+03   1.3273511e+00
   7.7370000e+03   1.4124389e-01
   7.7380000e+03  -3.6498006e-01
   7.7390000e+03   1.9080863e-01
   7.7400000e+03   9.4080511e-01
   7.7410000e+03   4.8890563e-01
   7.7420000e+03   2.8367216e-01
   7.7430000e+03   9.5773543e-01
   7.7440000e+03  -2.6020930e-01
   7.7450000e+03  -3.5446381e-01
   7.7460000e+03   5.7470517e-01
   7.7470000e+03  -4.5981401e-01
   7.7480000e+03   4.5556122e-01
   7.7490000e+03   1.6106939e-01
   7.7500000e+03   2.5803882e-01
   7.7510000e+03  -8.0783776e-01
   7.7520000e+03   4.7499810e-02
   7.7530000e+03  -1.5917565e-01
   7.7540000e+03   2.5368189e-02
   7.7550000e+03   4.0774536e-02
   7.7560000e+03  -1.3954033e+00
   7.7570000e+03   2.5262274e-01
   7.7580000e+03  -5.6549177e-01
   7.7590000e+03   4.1684524e-01
   7.7600000e+03   2.7425349e-01
   7.7610000e+03  -3.4266589e-02
   7.7620000e+03   1.0530811e+00
   7.7630000e+03  -1.5984821e-01
   7.7640000e+03   8.3279129e-01
   7.7650000e+03   2.4249064e+00
   7.7660000e+03  -6.8386411e-01
   7.7670000e+03  -8.8140442e-01
   7.7680000e+03  -4.1223928e-01
   7.7690000e+03  -6.5336923e-01
   7.7700000e+03   8.4942469e-01
   7.7710000e+03   9.7487249e-01
   7.7720000e+03  -1.5199257e+00
   7.7730000e+03  -1.2684682e+00
   7.7740000e+03   4.5441329e-01
   7.7750000e+03   7.2429172e-01
   7.7760000e+03  -2.7913491e-01
   7.7770000e+03   5.1775780e-01
   7.7780000e+03   5.9374595e-01
   7.7790000e+03   3.1739742e-01
   7.7800000e+03  -1.7905223e-01
   7.7810000e+03  -4.8691738e-01
   7.7820000e+03  -4.4640970e-01
   7.7830000e+03   9.5006309e-02
   7.7840000e+03   6.7486275e-01
   7.7850000e+03  -8.5595495e-01
   7.7860000e+03   1.4540554e-01
   7.7870000e+03  -8.8969349e-02
   7.7880000e+03  -1.2878879e+00
   7.7890000e+03  -2.1562631e-01
   7.7900000e+03  -1.2653730e+00
   7.7910000e+03   1.5501173e-01
   7.7920000e+03  -6.8526265e-01
   7.7930000e+03   1.5956639e-01
   7.7940000e+03   1.4590708e-01
   7.7950000e+03  -9.2501210e-01
   7.7960000e+03  -6.3083314e-01
   7.7970000e+03   4.7878567e-01
   7.7980000e+03  -4.5777966e-01
   7.7990000e+03   4.3213912e-01
   7.8000000e+03   1.2388076e+00
   7.8010000e+03   1.4789229e+00
   7.8020000e+03   2.0379008e+00
   7.8030000e+03   2.2601316e+00
   7.8040000e+03   2.1854154e+00
   7.8050000e+03   3.4123646e-01
   7.8060000e+03   1.5761781e+00
   7.8070000e+03   1.7151475e+00
   7.8080000e+03   4.6145988e-01
   7.8090000e+03   1.1011768e-01
   7.8100000e+03   9.0071971e-01
   7.8110000e+03   1.2704663e+00
   7.8120000e+03   3.0962915e-01
   7.8130000e+03   8.9475778e-01
   7.8140000e+03   1.5815646e+00
   7.8150000e+03   1.7600287e+00
   7.8160000e+03   5.9407506e-01
   7.8170000e+03   6.8060900e-01
   7.8180000e+03   1.2515373e+00
   7.8190000e+03   7.5472723e-01
   7.8200000e+03  -1.8183987e-01
   7.8210000e+03   5.0843334e-01
   7.8220000e+03   1.0525755e+00
   7.8230000e+03   1.1654638e+00
   7.8240000e+03   5.1518551e-01
   7.8250000e+03   1.0166285e+00
   7.8260000e+03   1.3346077e+00
   7.8270000e+03   5.7477755e-01
   7.8280000e+03  -1.8419626e-01
   7.8290000e+03   2.2777743e-01
   7.8300000e+03  -4.2370965e-02
   7.8310000e+03   6.8715655e-01
   7.8320000e+03   1.2102496e+00
   7.8330000e+03  -1.7285505e-01
   7.8340000e+03  -1.8833808e-01
   7.8350000e+03  -3.1586791e-01
   7.8360000e+03   2.3199234e-01
   7.8370000e+03   4.9159966e-01
   7.8380000e+03   6.6353981e-01
   7.8390000e+03  -1.0716379e+00
   7.8400000e+03  -4.0094099e-01
   7.8410000e+03  -3.0713942e-01
   7.8420000e+03   2.1872773e-01
   7.8430000e+03  -6.9382145e-02
   7.8440000e+03  -4.3594918e-01
   7.8450000e+03  -1.5633795e-01
   7.8460000e+03   9.7661210e-02
   7.8470000e+03  -7.1261202e-01
   7.8480000e+03  -5.6562854e-01
   7.8490000e+03  -4.2341632e-01
   7.8500000e+03  -3.1107360e-01
   7.8510000e+03  -1.1908995e+00
   7.8520000e+03   2.4764586e-01
   7.8530000e+03   1.0921485e+00
   7.8540000e+03   6.7329942e-01
   7.8550000e+03  -1.1938793e-01
   7.8560000e+03   1.4782789e+00
   7.8570000e+03  -2.7058060e-01
   7.8580000e+03  -1.1569078e-02
   7.8590000e+03  -4.8325142e-01
   7.8600000e+03   6.4176285e-01
   7.8610000e+03   5.8396570e-01
   7.8620000e+03   2.2136516e-01
   7.8630000e+03   2.2455369e+00
   7.8640000e+03   1.3154736e+00
   7.8650000e+03   1.6527553e+00
   7.8660000e+03   2.4122069e+00
   7.8670000e+03   2.1417412e+00
   7.8680000e+03   1.2591188e+00
   7.8690000e+03  -8.7291218e-01
   7.8700000e+03   3.8234539e-01
   7.8710000e+03  -2.1674083e-01
   7.8720000e+03   1.0633529e-01
   7.8730000e+03   1.1906182e+00
   7.8740000e+03   6.1945201e-01
   7.8750000e+03  -3.1285493e-01
   7.8760000e+03  -6.7803175e-01
   7.8770000e+03   1.5571760e-01
   7.8780000e+03   3.4075983e-01
   7.8790000e+03  -5.0691987e-01
   7.8800000e+03  -4.0831919e-01
   7.8810000e+03   1.4120371e+00
   7.8820000e+03  -4.8740189e-01
   7.8830000e+03  -2.0960087e-01
   7.8840000e+03   9.6513712e-01
   7.8850000e+03   1.1861270e+00
   7.8860000e+03   1.2622580e-01
   7.8870000e+03  -1.0532330e-01
   7.8880000e+03  -8.7929157e-01
   7.8890000e+03   4.0217251e-01
   7.8900000e+03   4.6644686e-01
   7.8910000e+03   1.3955591e+00
   7.8920000e+03   4.8665768e-01
   7.8930000e+03   5.6262718e-01
   7.8940000e+03   3.1555430e-01
   7.8950000e+03   1.5197634e+00
   7.8960000e+03   7.0107112e-01
   7.8970000e+03  -5.2059916e-01
   7.8980000e+03  -4.0669107e-01
   7.8990000e+03   1.0493059e+00
   7.9000000e+03   7.5832469e-01
   7.9010000e+03  -1.0213160e-01
   7.9020000e+03   1.4835069e+00
   7.9030000e+03   1.6645926e+00
   7.9040000e+03   4.2169286e-01
   7.9050000e+03   2.6835597e-01
   7.9060000e+03   1.5532818e+00
   7.9070000e+03   3.7833412e-01
   7.9080000e+03   2.7333717e-01
   7.9090000e+03   1.0892967e+00
   7.9100000e+03   9.9769808e-01
   7.9110000e+03   1.4596032e+00
   7.9120000e+03   7.2127861e-01
   7.9130000e+03   7.3718117e-01
   7.9140000e+03   1.8404637e+00
   7.9150000e+03   1.9097395e+00
   7.9160000e+03   2.0094054e+00
   7.9170000e+03   1.4018081e+00
   7.9180000e+03   1.3414965e+00
   7.9190000e+03   1.1843382e+00
   7.9200000e+03   1.0200423e+00
   7.9210000e+03   1.5721468e+00
   7.9220000e+03   1.3305976e-02
   7.9230000e+03   9.8060827e-01
   7.9240000e+03  -5.6624530e-01
   7.9250000e+03  -8.7307061e-01
   7.9260000e+03   1.2449738e-01
   7.9270000e+03  -1.8942778e-01
   7.9280000e+03   1.0956799e+00
   7.9290000e+03   1.4028269e+00
   7.9300000e+03   1.1302281e+00
   7.9310000e+03   1.9971641e+00
   7.9320000e+03   1.7458555e+00
   7.9330000e+03   8.6280154e-01
   7.9340000e+03   1.2686416e+00
   7.9350000e+03   1.2967709e+00
   7.9360000e+03   2.9945101e+00
   7.9370000e+03   1.6236235e+00
   7.9380000e+03   1.0199728e+00
   7.9390000e+03   1.5654600e+00
   7.9400000e+03   1.4310602e+00
   7.9410000e+03   7.7493586e-01
   7.9420000e+03   1.2079191e+00
   7.9430000e+03   2.4862865e+00
   7.9440000e+03   1.3180461e+00
   7.9450000e+03   1.8564279e+00
   7.9460000e+03   3.7888454e-01
   7.9470000e+03   9.4764988e-02
   7.9480000e+03   9.1768616e-01
   7.9490000e+03  -2.0126589e-01
   7.9500000e+03  -9.6320691e-01
   7.9510000e+03  -2.1072891e-01
   7.9520000e+03   1.6355310e+00
   7.9530000e+03   1.3397235e+00
   7.9540000e+03   1.0538247e+00
   7.9550000e+03   6.7366396e-01
   7.9560000e+03   8.6625895e-01
   7.9570000e+03   7.2586383e-01
   7.9580000e+03  -5.6753122e-01
   7.9590000e+03   8.7436992e-01
   7.9600000e+03   3.1962544e-01
   7.9610000e+03   8.5661118e-01
   7.9620000e+03   1.0528486e+00
   7.9630000e+03   6.6678660e-01
   7.9640000e+03   2.8719434e-01
   7.9650000e+03  -4.8925318e-01
   7.9660000e+03  -3.5446789e-01
   7.9670000e+03   9.1422607e-01
   7.9680000e+03   1.1889656e+00
   7.9690000e+03   5.8393188e-01
   7.9700000e+03   5.4770343e-01
   7.9710000e+03   4.9818663e-01
   7.9720000e+03   4.1362708e-01
   7.9730000e+03   4.8388945e-02
   7.9740000e+03  -6.0963881e-01
   7.9750000e+03  -1.7075002e+00
   7.9760000e+03  -5.3913195e-01
   7.9770000e+03  -1.0607721e+00
   7.9780000e+03  -7.4351576e-01
   7.9790000e+03  -1.5757000e-01
   7.9800000e+03   1.1929539e+00
   7.9810000e+03   6.7500440e-01
   7.9820000e+03   1.3419153e+00
   7.9830000e+03   1.3729922e+00
   7.9840000e+03   8.2858204e-02
   7.9850000e+03   5.8194999e-01
   7.9860000e+03   2.8781869e-02
   7.9870000e+03   1.3321703e+00
   7.9880000e+03   1.8031518e-01
   7.9890000e+03   1.7768070e-01
   7.9900000e+03   5.8527836e-01
   7.9910000e+03   3.8712983e-01
   7.9920000e+03  -5.5159996e-01
   7.9930000e+03   1.1445609e+00
   7.9940000e+03  -1.5922823e-01
   7.9950000e+03  -1.3417281e-01
   7.9960000e+03   9.2658674e-01
   7.9970000e+03   9.0816391e-01
   7.9980000e+03   9.3428218e-01
   7.9990000e+03   1.5744568e+00
   8.0000000e+03   1.1743138e+00
   8.0010000e+03   1.0804449e+00
   8.0020000e+03   4.9876183e-02
   8.0030000e+03   3.2659789e-01
   8.0040000e+03  -2.3976704e-01
   8.0050000e+03   4.5413509e-02
   8.0060000e+03  -4.8545023e-01
   8.0070000e+03   7.8051104e-01
   8.0080000e+03   1.2443620e+00
   8.0090000e+03   1.4260640e-01
   8.0100000e+03  -8.9502540e-01
   8.0110000e+03   2.3891002e-01
   8.0120000e+03   1.8949572e+00
   8.0130000e+03   1.4783184e+00
   8.0140000e+03   1.1647297e+00
   8.0150000e+03   2.6512798e-01
   8.0160000e+03   9.1789055e-01
   8.0170000e+03   8.3079469e-01
   8.0180000e+03   8.8289864e-01
   8.0190000e+03  -1.2983545e-01
   8.0200000e+03   2.8796638e-01
   8.0210000e+03   1.6646914e+00
   8.0220000e+03   1.5116463e+00
   8.0230000e+03   1.2853841e+00
   8.0240000e+03   9.9051413e-01
   8.0250000e+03   8.0851759e-01
   8.0260000e+03   1.4816145e+00
   8.0270000e+03   1.2934544e+00
   8.0280000e+03   8.7539436e-01
   8.0290000e+03   4.6207245e-01
   8.0300000e+03   3.6626359e-01
   8.0310000e+03   1.4826300e+00
   8.0320000e+03   1.7513007e+00
   8.0330000e+03   8.2718636e-01
   8.0340000e+03  -8.9288343e-01
   8.0350000e+03   1.9570298e-01
   8.0360000e+03   3.3913745e-01
   8.0370000e+03   1.2475638e-01
   8.0380000e+03  -1.8455672e-01
   8.0390000e+03   7.6728278e-01
   8.0400000e+03  -1.7889948e-01
   8.0410000e+03   1.1233888e+00
   8.0420000e+03  -3.6974266e-01
   8.0430000e+03   2.2206232e-01
   8.0440000e+03   1.8943969e-01
   8.0450000e+03   3.4074036e-01
   8.0460000e+03  -5.4017550e-02
   8.0470000e+03  -6.2342043e-01
   8.0480000e+03  -2.1533322e-01
   8.0490000e+03  -6.5822511e-01
   8.0500000e+03  -1.0362107e+00
   8.0510000e+03  -2.3138342e-02
   8.0520000e+03   6.0195767e-01
   8.0530000e+03   7.7535673e-01
   8.0540000e+03   1.0061255e-01
   8.0550000e+03  -5.7206864e-01
   8.0560000e+03  -4.2778509e-01
   8.0570000e+03   8.3217212e-01
   8.0580000e+03   3.0912072e-01
   8.0590000e+03   4.6499866e-01
   8.0600000e+03   4.6579216e-01
   8.0610000e+03   7.7535396e-02
   8.0620000e+03  -9.9834405e-01
   8.0630000e+03  -8.7463759e-01
   8.0640000e+03  -1.8535987e-01
   8.0650000e+03  -3.0569118e-01
   8.0660000e+03   2.5399159e-02
   8.0670000e+03   1.6029270e-01
   8.0680000e+03  -6.6987305e-02
   8.0690000e+03   7.8048335e-01
   8.0700000e+03   1.4200678e-02
   8.0710000e+03   3.6096509e-01
   8.0720000e+03   1.0433863e+00
   8.0730000e+03  -4.8402296e-01
   8.0740000e+03  -4.3472300e-02
   8.0750000e+03  -1.4666047e+00
   8.0760000e+03  -4.5536885e-01
   8.0770000e+03   2.4826975e-02
   8.0780000e+03  -1.2148834e+00
   8.0790000e+03  -1.3581239e+00
   8.0800000e+03  -7.8365204e-01
   8.0810000e+03  -5.8988007e-01
   8.0820000e+03  -2.1030870e+00
   8.0830000e+03  -1.9668786e+00
   8.0840000e+03  -1.8494052e+00
   8.0850000e+03  -2.1029981e+00
   8.0860000e+03  -9.6386326e-01
   8.0870000e+03  -9.8886377e-01
   8.0880000e+03  -4.1323444e-01
   8.0890000e+03  -1.8191868e+00
   8.0900000e+03  -1.6719309e+00
   8.0910000e+03  -7.3153700e-01
   8.0920000e+03  -7.0708918e-01
   8.0930000e+03  -1.9412480e+00
   8.0940000e+03  -1.6238159e+00
   8.0950000e+03  -9.5676456e-01
   8.0960000e+03  -6.7870486e-01
   8.0970000e+03  -1.8436066e+00
   8.0980000e+03  -2.0405150e+00
   8.0990000e+03  -1.3675972e+00
   8.1000000e+03  -2.2270309e+00
   8.1010000e+03  -1.9588283e+00
   8.1020000e+03  -2.1622422e-02
   8.1030000e+03  -1.9764473e+00
   8.1040000e+03  -1.2597807e+00
   8.1050000e+03  -1.0956737e+00
   8.1060000e+03  -1.2408680e+00
   8.1070000e+03  -2.2070628e+00
   8.1080000e+03  -1.6781317e+00
   8.1090000e+03  -8.9185405e-01
   8.1100000e+03  -2.8851930e-01
   8.1110000e+03  -1.4196410e+00
   8.1120000e+03   1.1280653e-01
   8.1130000e+03   5.1105383e-02
   8.1140000e+03   2.4223594e-02
   8.1150000e+03  -5.6804465e-02
   8.1160000e+03  -9.7344597e-02
   8.1170000e+03  -1.7996865e-01
   8.1180000e+03  -1.1114114e+00
   8.1190000e+03  -5.8303148e-01
   8.1200000e+03  -1.1037086e+00
   8.1210000e+03   4.7439432e-01
   8.1220000e+03  -1.5012931e-01
   8.1230000e+03   9.7602694e-01
   8.1240000e+03   5.9834127e-01
   8.1250000e+03   3.5986735e-01
   8.1260000e+03   5.0580015e-02
   8.1270000e+03   1.9857218e+00
   8.1280000e+03   9.7336688e-01
   8.1290000e+03  -1.1914646e+00
   8.1300000e+03  -7.7719359e-01
   8.1310000e+03  -1.4941109e+00
   8.1320000e+03  -4.8840383e-01
   8.1330000e+03   3.7745412e-01
   8.1340000e+03  -3.6835066e-01
   8.1350000e+03  -1.4392472e+00
   8.1360000e+03  -8.3751349e-01
   8.1370000e+03   5.7796026e-01
   8.1380000e+03  -8.3168401e-01
   8.1390000e+03  -3.8252405e-01
   8.1400000e+03   6.9245490e-01
   8.1410000e+03  -1.4170503e-01
   8.1420000e+03   6.8907469e-01
   8.1430000e+03   1.2899445e+00
   8.1440000e+03   8.0930735e-01
   8.1450000e+03  -1.1588374e+00
   8.1460000e+03  -1.9365090e-01
   8.1470000e+03  -2.1219496e-01
   8.1480000e+03   2.7037333e-02
   8.1490000e+03   6.1085006e-01
   8.1500000e+03   7.7858536e-01
   8.1510000e+03   4.4583874e-01
   8.1520000e+03   5.7741781e-01
   8.1530000e+03  -3.5814315e-01
   8.1540000e+03   5.5457648e-01
   8.1550000e+03   1.1132754e-01
   8.1560000e+03  -4.7019313e-01
   8.1570000e+03   9.0490919e-02
   8.1580000e+03  -5.1490899e-01
   8.1590000e+03   1.9071778e-01
   8.1600000e+03   3.6498619e-01
   8.1610000e+03   4.5977806e-03
   8.1620000e+03  -1.3909420e+00
   8.1630000e+03   1.3297246e+00
   8.1640000e+03   1.9987948e+00
   8.1650000e+03   4.2766086e-01
   8.1660000e+03   6.0505417e-01
   8.1670000e+03   4.9620236e-01
   8.1680000e+03   7.3624715e-01
   8.1690000e+03   2.3846757e-01
   8.1700000e+03   3.7967680e-01
   8.1710000e+03   3.7218542e-01
   8.1720000e+03   1.6650234e+00
   8.1730000e+03   6.1725994e-01
   8.1740000e+03   1.5571424e-01
   8.1750000e+03   2.5299199e-01
   8.1760000e+03   3.0746737e-01
   8.1770000e+03   6.5994665e-02
   8.1780000e+03   7.7131368e-01
   8.1790000e+03   2.7322084e+00
   8.1800000e+03   1.3580273e+00
   8.1810000e+03   2.3907115e+00
   8.1820000e+03   2.2220570e+00
   8.1830000e+03   1.8031435e+00
   8.1840000e+03   1.8722976e+00
   8.1850000e+03   1.6628757e+00
   8.1860000e+03   2.9617423e-01
   8.1870000e+03  -6.0690399e-01
   8.1880000e+03  -5.3249400e-01
   8.1890000e+03   7.2450894e-01
   8.1900000e+03   5.8025494e-01
   8.1910000e+03  -1.2836443e-01
   8.1920000e+03  -2.0237126e+00
   8.1930000e+03  -7.0556590e-02
   8.1940000e+03  -1.2111725e+00
   8.1950000e+03  -1.1254445e+00
   8.1960000e+03  -3.0580205e-01
   8.1970000e+03  -2.7401246e-01
   8.1980000e+03   3.0486540e-02
   8.1990000e+03  -2.0637997e-01
   8.2000000e+03   5.9651258e-01
   8.2010000e+03   2.1781344e-01
   8.2020000e+03   2.1008829e-01
   8.2030000e+03  -3.7042786e-01
   8.2040000e+03  -1.0523219e+00
   8.2050000e+03  -1.3826714e+00
   8.2060000e+03   3.7916084e-02
   8.2070000e+03   1.9304823e-01
   8.2080000e+03   1.1791650e+00
   8.2090000e+03   2.6274200e-01
   8.2100000e+03   3.5528956e-01
   8.2110000e+03  -1.4070713e-01
   8.2120000e+03  -1.1469861e+00
   8.2130000e+03   8.0177012e-01
   8.2140000e+03   7.8485591e-01
   8.2150000e+03  -1.9650912e-01
   8.2160000e+03   1.0214143e+00
   8.2170000e+03   1.2608676e+00
   8.2180000e+03   1.1861339e-01
   8.2190000e+03  -1.7782785e-01
   8.2200000e+03  -2.5501306e-01
   8.2210000e+03  -1.7601598e+00
   8.2220000e+03  -1.7132843e+00
   8.2230000e+03  -4.7990743e-02
   8.2240000e+03   3.0431825e-01
   8.2250000e+03   3.7076351e-01
   8.2260000e+03  -1.2675061e-01
   8.2270000e+03  -3.8003064e-01
   8.2280000e+03   6.0257184e-01
   8.2290000e+03  -2.8868948e-01
   8.2300000e+03  -2.1263787e-01
   8.2310000e+03   8.0436536e-01
   8.2320000e+03   2.3456796e-01
   8.2330000e+03   1.8104636e+00
   8.2340000e+03   5.0935320e-01
   8.2350000e+03   4.7382421e-01
   8.2360000e+03   1.3202812e-01
   8.2370000e+03   6.5104068e-01
   8.2380000e+03   1.8932642e+00
   8.2390000e+03   2.4179945e+00
   8.2400000e+03   1.5261886e+00
   8.2410000e+03   1.7328393e+00
   8.2420000e+03   8.6458372e-01
   8.2430000e+03   5.7096702e-01
   8.2440000e+03   1.1405770e+00
   8.2450000e+03   1.8718068e+00
   8.2460000e+03   9.0226692e-01
   8.2470000e+03   1.5198694e+00
   8.2480000e+03   1.1958490e+00
   8.2490000e+03  -9.4772593e-03
   8.2500000e+03   8.9399260e-01
   8.2510000e+03  -1.2949743e-01
   8.2520000e+03  -3.8236124e-01
   8.2530000e+03  -8.8277629e-01
   8.2540000e+03  -3.0605173e-01
   8.2550000e+03  -8.2210806e-01
   8.2560000e+03  -4.4107776e-02
   8.2570000e+03  -9.2552654e-01
   8.2580000e+03  -9.6069500e-01
   8.2590000e+03   4.2205071e-01
   8.2600000e+03   8.7383167e-01
   8.2610000e+03   1.7027490e-01
   8.2620000e+03  -1.1878486e+00
   8.2630000e+03  -2.0720110e-01
   8.2640000e+03   4.9945070e-02
   8.2650000e+03   8.9820731e-01
   8.2660000e+03   9.9224346e-01
   8.2670000e+03  -5.2041741e-01
   8.2680000e+03  -1.5927966e-01
   8.2690000e+03  -1.0584406e+00
   8.2700000e+03  -7.7465186e-01
   8.2710000e+03  -1.2655657e+00
   8.2720000e+03  -1.3492364e+00
   8.2730000e+03   1.6195626e-01
   8.2740000e+03  -3.0513242e-01
   8.2750000e+03  -2.7632229e-02
   8.2760000e+03   4.7954875e-01
   8.2770000e+03  -3.0936347e-01
   8.2780000e+03  -9.2522095e-01
   8.2790000e+03  -1.6133924e+00
   8.2800000e+03  -1.1052629e+00
   8.2810000e+03  -1.2997496e+00
   8.2820000e+03  -1.6462777e-01
   8.2830000e+03   1.2239821e+00
   8.2840000e+03  -1.5923599e-01
   8.2850000e+03  -1.5081933e+00
   8.2860000e+03  -1.5258624e+00
   8.2870000e+03  -2.1673591e+00
   8.2880000e+03  -2.3648837e+00
   8.2890000e+03  -1.7214233e+00
   8.2900000e+03  -4.3801131e-02
   8.2910000e+03  -1.0762347e-01
   8.2920000e+03   5.6662938e-01
   8.2930000e+03  -1.2620968e+00
   8.2940000e+03  -2.2890030e-01
   8.2950000e+03  -1.2175686e+00
   8.2960000e+03  -9.1311737e-01
   8.2970000e+03  -9.6638435e-01
   8.2980000e+03  -1.4116926e+00
   8.2990000e+03  -1.5266418e+00
   8.3000000e+03  -1.5651646e+00
   8.3010000e+03  -2.1158328e+00
   8.3020000e+03  -3.2424223e+00
   8.3030000e+03  -1.5725835e+00
   8.3040000e+03  -2.0532326e+00
   8.3050000e+03  -1.4933197e+00
   8.3060000e+03  -9.6984779e-01
   8.3070000e+03   1.9413223e-01
   8.3080000e+03   8.8077150e-03
   8.3090000e+03   1.2181227e-01
   8.3100000e+03  -8.3649876e-01
   8.3110000e+03  -1.1360379e+00
   8.3120000e+03  -1.6216609e+00
   8.3130000e+03  -2.3321726e+00
   8.3140000e+03  -2.0009941e+00
   8.3150000e+03  -1.3560580e+00
   8.3160000e+03  -6.6258608e-01
   8.3170000e+03  -7.1264487e-01
   8.3180000e+03  -1.5332673e-02
   8.3190000e+03  -7.2989365e-01
   8.3200000e+03  -6.1749870e-01
   8.3210000e+03  -2.0245871e-01
   8.3220000e+03  -9.2664177e-02
   8.3230000e+03  -5.1670579e-02
   8.3240000e+03  -5.8073884e-01
   8.3250000e+03  -4.6469827e-01
   8.3260000e+03  -4.5239432e-01
   8.3270000e+03  -5.6290748e-01
   8.3280000e+03   8.1558519e-01
   8.3290000e+03   9.7677068e-01
   8.3300000e+03  -1.5051669e-01
   8.3310000e+03  -1.7741778e-01
   8.3320000e+03  -6.3451367e-01
   8.3330000e+03  -8.9561686e-01
   8.3340000e+03  -6.9911089e-01
   8.3350000e+03  -9.1930377e-01
   8.3360000e+03  -5.0567184e-01
   8.3370000e+03  -1.7899407e+00
   8.3380000e+03  -1.3454369e+00
   8.3390000e+03  -6.3047001e-01
   8.3400000e+03   3.2979207e-01
   8.3410000e+03   2.3678587e-01
   8.3420000e+03  -4.3975099e-02
   8.3430000e+03  -1.3064394e+00
   8.3440000e+03  -1.2136246e+00
   8.3450000e+03  -7.6044823e-01
   8.3460000e+03  -9.1139960e-01
   8.3470000e+03   7.2211442e-01
   8.3480000e+03   1.7229084e+00
   8.3490000e+03   6.9902185e-01
   8.3500000e+03   3.8377935e-01
   8.3510000e+03   1.8404738e+00
   8.3520000e+03   5.6779534e-01
   8.3530000e+03  -5.0428944e-01
   8.3540000e+03  -9.5931916e-01
   8.3550000e+03  -3.7608108e-01
   8.3560000e+03   2.7510421e-01
   8.3570000e+03   5.5082099e-01
   8.3580000e+03  -3.0493658e-02
   8.3590000e+03   1.4158933e+00
   8.3600000e+03   1.5106150e+00
   8.3610000e+03   5.4873552e-01
   8.3620000e+03   1.1067930e-01
   8.3630000e+03   2.5525523e-01
   8.3640000e+03  -6.8358191e-01
   8.3650000e+03   7.1505804e-01
   8.3660000e+03   9.2980923e-01
   8.3670000e+03   2.6072251e-02
   8.3680000e+03  -9.1244658e-01
   8.3690000e+03   4.9054613e-01
   8.3700000e+03   9.9475949e-01
   8.3710000e+03   1.5524591e+00
   8.3720000e+03   7.6903037e-01
   8.3730000e+03   5.0770657e-01
   8.3740000e+03   4.8878205e-01
   8.3750000e+03   1.1669268e+00
   8.3760000e+03   6.8761938e-01
   8.3770000e+03  -4.9392882e-01
   8.3780000e+03   6.6762633e-01
   8.3790000e+03  -1.1140647e-01
   8.3800000e+03  -6.6179873e-01
   8.3810000e+03   5.3760999e-01
   8.3820000e+03   4.2819937e-01
   8.3830000e+03  -2.7194385e-02
   8.3840000e+03  -2.2362346e-01
   8.3850000e+03  -6.2682323e-02
   8.3860000e+03   4.8345031e-01
   8.3870000e+03   7.4415105e-01
   8.3880000e+03  -1.0284083e+00
   8.3890000e+03  -7.9076924e-01
   8.3900000e+03  -1.4951395e+00
   8.3910000e+03  -8.0269586e-01
   8.3920000e+03   5.6767821e-01
   8.3930000e+03   8.3229038e-01
   8.3940000e+03   1.2687734e+00
   8.3950000e+03   2.0414758e+00
   8.3960000e+03   1.4547326e+00
   8.3970000e+03   2.3272364e-01
   8.3980000e+03   1.6152625e+00
   8.3990000e+03   1.4724846e+00
   8.4000000e+03   1.7091007e+00
   8.4010000e+03   4.6985342e-01
   8.4020000e+03  -3.7322043e-01
   8.4030000e+03  -2.8679037e-01
   8.4040000e+03  -4.3511608e-01
   8.4050000e+03   1.5486761e+00
   8.4060000e+03   1.0970874e-01
   8.4070000e+03  -3.3397017e-01
   8.4080000e+03   5.4016635e-01
   8.4090000e+03  -6.6580182e-01
   8.4100000e+03  -5.0483803e-01
   8.4110000e+03  -6.2430361e-02
   8.4120000e+03   6.7925547e-01
   8.4130000e+03   3.9506251e-01
   8.4140000e+03   1.3017891e+00
   8.4150000e+03   1.9825367e+00
   8.4160000e+03  -1.8077470e-01
   8.4170000e+03  -1.6484014e-01
   8.4180000e+03   8.7328575e-01
   8.4190000e+03   4.3575360e-01
   8.4200000e+03   5.7292420e-01
   8.4210000e+03   5.6484525e-01
   8.4220000e+03   3.2127226e-01
   8.4230000e+03   1.5973135e+00
   8.4240000e+03   2.0944314e+00
   8.4250000e+03   1.7516353e+00
   8.4260000e+03   1.0036743e+00
   8.4270000e+03   1.4446295e+00
   8.4280000e+03   1.2266681e+00
   8.4290000e+03   1.1721556e+00
   8.4300000e+03   3.9276433e-01
   8.4310000e+03   1.3910772e+00
   8.4320000e+03   1.3508685e+00
   8.4330000e+03   2.0391773e+00
   8.4340000e+03   3.2268019e-01
   8.4350000e+03   3.8747599e-01
   8.4360000e+03   9.3346633e-01
   8.4370000e+03   2.5441809e+00
   8.4380000e+03   5.2517347e-01
   8.4390000e+03  -2.9151498e-01
   8.4400000e+03   1.1462120e+00
   8.4410000e+03  -2.7086786e-01
   8.4420000e+03   5.2327597e-01
   8.4430000e+03  -3.8899635e-02
   8.4440000e+03  -4.8247882e-01
   8.4450000e+03  -1.6731541e+00
   8.4460000e+03  -8.7687186e-01
   8.4470000e+03  -5.1058846e-02
   8.4480000e+03   4.1041900e-01
   8.4490000e+03  -1.2665875e+00
   8.4500000e+03  -5.5964498e-01
   8.4510000e+03  -9.5313632e-01
   8.4520000e+03  -1.2319985e-01
   8.4530000e+03  -5.2086497e-01
   8.4540000e+03   1.8625761e-01
   8.4550000e+03   9.5926010e-01
   8.4560000e+03   1.1752685e+00
   8.4570000e+03   1.1422395e+00
   8.4580000e+03  -1.3224228e-01
   8.4590000e+03  -4.8352472e-01
   8.4600000e+03   1.0981718e+00
   8.4610000e+03   3.5912237e-01
   8.4620000e+03   4.1690210e-01
   8.4630000e+03   1.1895641e+00
   8.4640000e+03   1.4994281e+00
   8.4650000e+03   1.5818148e+00
   8.4660000e+03  -9.8237861e-01
   8.4670000e+03   1.0744983e+00
   8.4680000e+03   1.5521246e+00
   8.4690000e+03   1.1399175e+00
   8.4700000e+03   8.2364026e-01
   8.4710000e+03   8.6043830e-01
   8.4720000e+03   1.1399808e+00
   8.4730000e+03   1.1878986e+00
   8.4740000e+03   1.8903942e-01
   8.4750000e+03   5.2046409e-01
   8.4760000e+03   1.7345153e+00
   8.4770000e+03   1.2824341e+00
   8.4780000e+03   7.6570553e-01
   8.4790000e+03   1.5265588e+00
   8.4800000e+03   1.0859521e-01
   8.4810000e+03   2.6094238e-01
   8.4820000e+03   7.5694791e-01
   8.4830000e+03  -5.0975123e-01
   8.4840000e+03   8.5874664e-01
   8.4850000e+03   1.1320571e+00
   8.4860000e+03   5.4415251e-02
   8.4870000e+03   9.7625809e-01
   8.4880000e+03   7.2959690e-01
   8.4890000e+03   1.9728097e-01
   8.4900000e+03  -3.9831662e-01
   8.4910000e+03   6.7604274e-02
   8.4920000e+03   4.3266842e-01
   8.4930000e+03   1.3715674e+00
   8.4940000e+03   1.6252901e-01
   8.4950000e+03   6.3244183e-01
   8.4960000e+03   2.9524118e-01
   8.4970000e+03   9.1315201e-01
   8.4980000e+03   5.3186437e-01
   8.4990000e+03   7.1009248e-01
   8.5000000e+03   1.6301699e+00
   8.5010000e+03   1.9769493e+00
   8.5020000e+03   7.1145719e-01
   8.5030000e+03   1.7382058e+00
   8.5040000e+03   2.2548054e+00
   8.5050000e+03   1.7415735e+00
   8.5060000e+03   2.5410063e+00
   8.5070000e+03   6.7933267e-01
   8.5080000e+03   8.6853985e-01
   8.5090000e+03   5.6503762e-01
   8.5100000e+03  -5.6091952e-01
   8.5110000e+03  -4.7510237e-01
   8.5120000e+03  -5.9731521e-02
   8.5130000e+03   9.2827677e-01
   8.5140000e+03   1.5838429e+00
   8.5150000e+03   5.6498569e-01
   8.5160000e+03   1.1837646e+00
   8.5170000e+03   1.5182237e+00
   8.5180000e+03   3.0546860e-01
   8.5190000e+03   1.5663187e+00
   8.5200000e+03   1.0568041e+00
   8.5210000e+03  -6.3152376e-01
   8.5220000e+03  -4.5532954e-01
   8.5230000e+03  -1.3536507e-01
   8.5240000e+03   1.4751059e+00
   8.5250000e+03   4.4470453e-01
   8.5260000e+03   8.2947761e-01
   8.5270000e+03   1.6737766e+00
   8.5280000e+03   1.1014848e+00
   8.5290000e+03   1.7441975e-01
   8.5300000e+03   1.9236698e-01
   8.5310000e+03   1.4722472e+00
   8.5320000e+03   8.2280312e-02
   8.5330000e+03   6.5779696e-01
   8.5340000e+03  -1.5658221e-01
   8.5350000e+03  -4.5087159e-01
   8.5360000e+03   6.8187791e-01
   8.5370000e+03   6.7206366e-01
   8.5380000e+03   1.1217536e+00
   8.5390000e+03   2.6862431e-01
   8.5400000e+03   1.4721361e+00
   8.5410000e+03   1.5682182e+00
   8.5420000e+03   1.1282456e+00
   8.5430000e+03   8.4745823e-01
   8.5440000e+03   9.6955324e-01
   8.5450000e+03  -4.9734618e-01
   8.5460000e+03  -2.6270950e-01
   8.5470000e+03   9.3047335e-01
   8.5480000e+03   6.9847281e-01
   8.5490000e+03  -1.0094467e+00
   8.5500000e+03   3.7882274e-02
   8.5510000e+03  -4.4912732e-03
   8.5520000e+03   1.8304264e+00
   8.5530000e+03   2.6768560e+00
   8.5540000e+03   2.0630687e+00
   8.5550000e+03   1.7263241e+00
   8.5560000e+03   9.0024011e-01
   8.5570000e+03   1.1154872e+00
   8.5580000e+03   4.3634220e-01
   8.5590000e+03   1.0873400e+00
   8.5600000e+03   1.6053998e+00
   8.5610000e+03   1.2451209e+00
   8.5620000e+03   1.2509477e+00
   8.5630000e+03   1.7096867e+00
   8.5640000e+03   1.0207951e+00
   8.5650000e+03  -1.1236323e-01
   8.5660000e+03   2.5945406e-01
   8.5670000e+03  -5.0309914e-01
   8.5680000e+03   7.1714304e-01
   8.5690000e+03  -7.5740267e-01
   8.5700000e+03   5.5874769e-03
   8.5710000e+03   1.5261481e-01
   8.5720000e+03   2.8967131e-01
   8.5730000e+03   2.9839812e-01
   8.5740000e+03   4.1987468e-01
   8.5750000e+03   4.3243627e-01
   8.5760000e+03   8.1934461e-01
   8.5770000e+03   1.9878268e+00
   8.5780000e+03   1.0356445e-01
   8.5790000e+03   4.3428416e-01
   8.5800000e+03  -5.2546458e-01
   8.5810000e+03   3.0571432e-01
   8.5820000e+03  -8.5671396e-03
   8.5830000e+03   1.4015213e+00
   8.5840000e+03   1.1268376e+00
   8.5850000e+03   1.2202015e-01
   8.5860000e+03  -9.2725499e-01
   8.5870000e+03   1.7538429e-01
   8.5880000e+03   7.5534830e-01
   8.5890000e+03   1.2631930e+00
   8.5900000e+03   1.1557601e+00
   8.5910000e+03   1.5129435e-01
   8.5920000e+03  -1.3977529e+00
   8.5930000e+03   9.5805195e-02
   8.5940000e+03   1.8164937e-01
   8.5950000e+03   7.5854579e-03
   8.5960000e+03  -1.1007284e+00
   8.5970000e+03  -2.5462526e-01
   8.5980000e+03   8.9287239e-01
   8.5990000e+03  -4.0279474e-01
   8.6000000e+03  -6.6258090e-01
   8.6010000e+03  -1.0169241e+00
   8.6020000e+03   1.5292348e+00
   8.6030000e+03   1.7813560e+00
   8.6040000e+03  -3.3655932e-01
   8.6050000e+03  -1.1098037e+00
   8.6060000e+03  -1.3152542e+00
   8.6070000e+03  -1.3927405e+00
   8.6080000e+03   8.0386822e-01
   8.6090000e+03  -1.0641350e-01
   8.6100000e+03  -4.8722051e-01
   8.6110000e+03   2.2615953e-01
   8.6120000e+03  -9.0471409e-01
   8.6130000e+03  -1.1081181e-01
   8.6140000e+03   6.4818137e-01
   8.6150000e+03   8.5995550e-01
   8.6160000e+03  -7.1103517e-01
   8.6170000e+03   6.1152838e-01
   8.6180000e+03   5.4011766e-01
   8.6190000e+03  -9.3092594e-03
   8.6200000e+03   7.5625282e-01
   8.6210000e+03   1.9637027e-01
   8.6220000e+03   2.4165891e-02
   8.6230000e+03   2.1175658e+00
   8.6240000e+03   1.7830948e+00
   8.6250000e+03   6.9838598e-01
   8.6260000e+03  -6.2856989e-02
   8.6270000e+03   1.9408632e-01
   8.6280000e+03   1.2813769e+00
   8.6290000e+03   1.2865816e+00
   8.6300000e+03   9.8914838e-01
   8.6310000e+03   4.7246910e-01
   8.6320000e+03   3.7256730e-01
   8.6330000e+03   9.7815013e-01
   8.6340000e+03   2.3612919e+00
   8.6350000e+03   6.0594827e-01
   8.6360000e+03   1.3384061e+00
   8.6370000e+03   1.3276017e+00
   8.6380000e+03   1.5179041e+00
   8.6390000e+03   1.1162891e+00
   8.6400000e+03   7.3551749e-01
   8.6410000e+03   4.9274726e-01
   8.6420000e+03   1.6767178e+00
   8.6430000e+03   1.3060719e+00
   8.6440000e+03   1.5496994e+00
   8.6450000e+03   2.4270663e+00
   8.6460000e+03   1.8367504e+00
   8.6470000e+03   3.1218258e+00
   8.6480000e+03   3.5210797e+00
   8.6490000e+03   2.8112884e+00
   8.6500000e+03   2.6368145e+00
   8.6510000e+03   1.5884634e+00
   8.6520000e+03   5.2112346e-01
   8.6530000e+03   2.1327397e-01
   8.6540000e+03   1.4370171e+00
   8.6550000e+03   1.9285074e+00
   8.6560000e+03   8.9186083e-01
   8.6570000e+03   7.6046318e-01
   8.6580000e+03   2.7222832e-01
   8.6590000e+03   6.9677683e-01
   8.6600000e+03   1.3319636e+00
   8.6610000e+03   1.4946861e+00
   8.6620000e+03   9.4779214e-01
   8.6630000e+03   1.2144076e+00
   8.6640000e+03   1.4967120e+00
   8.6650000e+03   2.4434543e+00
   8.6660000e+03   3.6756255e-01
   8.6670000e+03   8.7506947e-01
   8.6680000e+03   6.5385369e-01
   8.6690000e+03   7.8105098e-01
   8.6700000e+03   1.4400470e+00
   8.6710000e+03   1.0919593e+00
   8.6720000e+03   1.7269820e+00
   8.6730000e+03   8.0460862e-02
   8.6740000e+03   3.4328343e-01
   8.6750000e+03   5.1169793e-01
   8.6760000e+03  -6.5386689e-01
   8.6770000e+03   1.0315999e+00
   8.6780000e+03   5.2914106e-01
   8.6790000e+03   2.2712991e-01
   8.6800000e+03   8.3226814e-01
   8.6810000e+03   1.1205211e+00
   8.6820000e+03   7.4340178e-01
   8.6830000e+03   1.0980177e+00
   8.6840000e+03   8.3513208e-01
   8.6850000e+03  -4.7809356e-01
   8.6860000e+03   7.0375075e-01
   8.6870000e+03   4.8608881e-01
   8.6880000e+03   8.7795076e-01
   8.6890000e+03  -2.2254932e-02
   8.6900000e+03   1.0915361e+00
   8.6910000e+03   1.7629430e+00
   8.6920000e+03   9.3740220e-01
   8.6930000e+03  -4.5010580e-02
   8.6940000e+03   6.9947354e-01
   8.6950000e+03   4.3375905e-01
   8.6960000e+03   5.1069477e-01
   8.6970000e+03   1.0856173e+00
   8.6980000e+03  -7.7648692e-02
   8.6990000e+03   4.4772355e-02
   8.7000000e+03  -6.0637774e-01
   8.7010000e+03   7.0104317e-01
   8.7020000e+03  -2.7233808e-01
   8.7030000e+03  -4.3661938e-01
   8.7040000e+03   9.6904506e-01
   8.7050000e+03  -2.6764710e-01
   8.7060000e+03   3.4791317e-01
   8.7070000e+03  -8.6789308e-01
   8.7080000e+03  -5.5234760e-01
   8.7090000e+03   2.2271286e-01
   8.7100000e+03   7.7837287e-01
   8.7110000e+03   1.7446750e+00
   8.7120000e+03   3.7270678e-02
   8.7130000e+03   8.2864340e-01
   8.7140000e+03   1.2746719e+00
   8.7150000e+03  -5.4904912e-01
   8.7160000e+03   5.1485848e-01
   8.7170000e+03   9.5358097e-01
   8.7180000e+03   4.0209938e-01
   8.7190000e+03  -6.3516219e-01
   8.7200000e+03  -9.0840955e-01
   8.7210000e+03   1.0118080e+00
   8.7220000e+03   6.2856059e-01
   8.7230000e+03   8.6509079e-01
   8.7240000e+03  -1.6999614e-01
   8.7250000e+03   1.2314776e+00
   8.7260000e+03   7.0689113e-02
   8.7270000e+03   8.5396270e-01
   8.7280000e+03  -7.1716968e-01
   8.7290000e+03  -3.2258128e-01
   8.7300000e+03  -2.0671338e-01
   8.7310000e+03   9.6165079e-01
   8.7320000e+03  -6.2492605e-01
   8.7330000e+03  -6.9022147e-01
   8.7340000e+03   6.6552832e-01
   8.7350000e+03   9.0455109e-01
   8.7360000e+03   8.2308072e-01
   8.7370000e+03   2.3514185e+00
   8.7380000e+03   1.8509690e+00
   8.7390000e+03   2.8214378e+00
   8.7400000e+03   1.6975212e+00
   8.7410000e+03   5.3675910e-01
   8.7420000e+03   2.3759236e+00
   8.7430000e+03   3.0135084e-01
   8.7440000e+03   1.0103992e+00
   8.7450000e+03   2.6315030e-01
   8.7460000e+03  -5.1333818e-02
   8.7470000e+03   1.1960761e+00
   8.7480000e+03   3.8513756e-01
   8.7490000e+03   6.6100291e-02
   8.7500000e+03   1.0298263e+00
   8.7510000e+03  -1.5103784e+00
   8.7520000e+03   1.5366765e+00
   8.7530000e+03   2.5739482e-01
   8.7540000e+03   1.5630878e+00
   8.7550000e+03  -1.6701736e-01
   8.7560000e+03   1.1831475e+00
   8.7570000e+03  -1.1155773e+00
   8.7580000e+03  -1.3649201e-01
   8.7590000e+03   4.3739991e-01
   8.7600000e+03   7.8034171e-02
   8.7610000e+03  -3.9415177e-01
   8.7620000e+03   2.1593912e-01
   8.7630000e+03   1.5669529e-01
   8.7640000e+03   4.4876354e-01
   8.7650000e+03  -9.4792050e-02
   8.7660000e+03  -3.5233439e-01
   8.7670000e+03   1.4910831e-01
   8.7680000e+03   1.6981660e-01
   8.7690000e+03   1.3329088e+00
   8.7700000e+03   1.0742765e+00
   8.7710000e+03   2.2585179e-01
   8.7720000e+03   7.0476856e-01
   8.7730000e+03   1.1280714e+00
   8.7740000e+03   1.9077440e+00
   8.7750000e+03   8.1137634e-01
   8.7760000e+03   4.1508512e-01
   8.7770000e+03   1.2208435e+00
   8.7780000e+03   1.1034965e+00
   8.7790000e+03   1.8675479e+00
   8.7800000e+03   1.5673816e+00
   8.7810000e+03   1.4308087e+00
   8.7820000e+03   1.4368126e+00
   8.7830000e+03   1.2180120e+00
   8.7840000e+03   5.1833541e-01
   8.7850000e+03  -6.0150975e-02
   8.7860000e+03   1.5465423e-01
   8.7870000e+03   7.9187676e-01
   8.7880000e+03   7.4107622e-01
   8.7890000e+03  -4.6333462e-03
   8.7900000e+03  -2.8666341e-01
   8.7910000e+03   8.8369439e-01
   8.7920000e+03   7.7160498e-01
   8.7930000e+03   3.9463031e-01
   8.7940000e+03   8.9748700e-01
   8.7950000e+03  -1.2945439e-01
   8.7960000e+03  -1.1404316e-01
   8.7970000e+03  -2.5028081e-01
   8.7980000e+03  -6.2852388e-02
   8.7990000e+03   1.1041627e+00
   8.8000000e+03  -2.5421689e-01
   8.8010000e+03   4.7475188e-01
   8.8020000e+03  -2.2711277e-01
   8.8030000e+03  -3.9284512e-01
   8.8040000e+03   5.2598735e-01
   8.8050000e+03   2.4928100e+00
   8.8060000e+03   1.0266003e+00
   8.8070000e+03   1.1265209e+00
   8.8080000e+03   5.9711814e-01
   8.8090000e+03  -1.9346158e+00
   8.8100000e+03  -2.5432402e-01
   8.8110000e+03   1.2856235e+00
   8.8120000e+03  -3.4300444e-01
   8.8130000e+03   2.0634932e-01
   8.8140000e+03  -3.0043138e-03
   8.8150000e+03   5.2589546e-01
   8.8160000e+03   1.7738805e-01
   8.8170000e+03   4.5642388e-01
   8.8180000e+03  -8.4497050e-01
   8.8190000e+03  -6.4168195e-01
   8.8200000e+03  -1.9072257e-01
   8.8210000e+03   3.6063513e-01
   8.8220000e+03   7.1897436e-01
   8.8230000e+03   5.0644269e-01
   8.8240000e+03   9.8306757e-01
   8.8250000e+03   6.8248382e-01
   8.8260000e+03   2.0522510e-01
   8.8270000e+03   2.7128755e-01
   8.8280000e+03   3.3015290e-01
   8.8290000e+03   1.4687747e+00
   8.8300000e+03  -9.6385365e-01
   8.8310000e+03  -1.2992564e+00
   8.8320000e+03   1.9175155e+00
   8.8330000e+03   8.3305965e-01
   8.8340000e+03   1.8678741e-01
   8.8350000e+03  -4.9180304e-01
   8.8360000e+03   4.2784997e-01
   8.8370000e+03  -7.2779786e-02
   8.8380000e+03  -1.1976741e-01
   8.8390000e+03   7.2087986e-01
   8.8400000e+03   5.3135194e-01
   8.8410000e+03   3.6111159e-01
   8.8420000e+03   1.1041985e+00
   8.8430000e+03   2.6035694e-01
   8.8440000e+03   4.8133854e-01
   8.8450000e+03  -1.6201679e-01
   8.8460000e+03   6.5946883e-01
   8.8470000e+03  -1.3482447e-01
   8.8480000e+03   6.6855616e-01
   8.8490000e+03   1.5322599e+00
   8.8500000e+03   1.8968140e+00
   8.8510000e+03   3.8107886e+00
   8.8520000e+03   1.8628287e+00
   8.8530000e+03   1.3206329e+00
   8.8540000e+03   2.5631002e+00
   8.8550000e+03   1.8239325e+00
   8.8560000e+03   1.1681329e+00
   8.8570000e+03   1.9894032e-01
   8.8580000e+03   1.0666206e+00
   8.8590000e+03   4.6702260e-01
   8.8600000e+03   1.5095515e+00
   8.8610000e+03   1.5907888e+00
   8.8620000e+03   1.8116526e+00
   8.8630000e+03   2.4218003e+00
   8.8640000e+03   2.4181222e+00
   8.8650000e+03   2.3591906e+00
   8.8660000e+03   2.5016929e+00
   8.8670000e+03   1.1318056e+00
   8.8680000e+03   2.3060861e+00
   8.8690000e+03   1.4745017e+00
   8.8700000e+03   2.7539306e-01
   8.8710000e+03   1.4267580e+00
   8.8720000e+03   5.6191885e-01
   8.8730000e+03   8.5291412e-01
   8.8740000e+03  -3.3430805e-01
   8.8750000e+03  -7.4125781e-03
   8.8760000e+03   6.2236841e-01
   8.8770000e+03   4.8615037e-01
   8.8780000e+03   9.5978613e-01
   8.8790000e+03  -2.1965408e-01
   8.8800000e+03  -9.0797633e-01
   8.8810000e+03   9.8248818e-01
   8.8820000e+03   7.0629506e-01
   8.8830000e+03   1.2220868e+00
   8.8840000e+03   1.8076082e+00
   8.8850000e+03   7.5291130e-01
   8.8860000e+03   2.0270060e-01
   8.8870000e+03   6.4113391e-01
   8.8880000e+03   9.0216140e-01
   8.8890000e+03   7.6402172e-02
   8.8900000e+03  -1.7868551e-02
   8.8910000e+03  -2.9351365e-01
   8.8920000e+03   7.2862426e-02
   8.8930000e+03   1.5856719e+00
   8.8940000e+03   1.2645974e+00
   8.8950000e+03   9.6432404e-02
   8.8960000e+03   1.1088192e+00
   8.8970000e+03   1.4037956e+00
   8.8980000e+03  -2.6744701e-01
   8.8990000e+03  -2.2587541e-01
   8.9000000e+03  -4.0856371e-01
   8.9010000e+03   2.2086043e-01
   8.9020000e+03   6.7053357e-01
   8.9030000e+03   1.3778681e-01
   8.9040000e+03   1.7886024e+00
   8.9050000e+03   6.5144201e-01
   8.9060000e+03   6.6476010e-01
   8.9070000e+03   6.4931476e-01
   8.9080000e+03   1.8240572e+00
   8.9090000e+03   1.3709968e+00
   8.9100000e+03   1.9613064e+00
   8.9110000e+03   1.6434033e+00
   8.9120000e+03   1.0651610e+00
   8.9130000e+03   6.0117033e-01
   8.9140000e+03   1.2038802e+00
   8.9150000e+03   1.1609427e+00
   8.9160000e+03  -2.3002826e-01
   8.9170000e+03  -3.6981000e-01
   8.9180000e+03   5.7315995e-02
   8.9190000e+03   9.8729537e-01
   8.9200000e+03   1.0768149e+00
   8.9210000e+03   2.6356157e+00
   8.9220000e+03   4.1282251e-01
   8.9230000e+03  -4.4979633e-01
   8.9240000e+03  -3.3219984e-01
   8.9250000e+03   3.6020041e-02
   8.9260000e+03   1.3348749e+00
   8.9270000e+03   7.0654612e-01
   8.9280000e+03   1.3510040e+00
   8.9290000e+03   1.4577952e+00
   8.9300000e+03   2.1569034e+00
   8.9310000e+03   1.4558781e+00
   8.9320000e+03   1.7453644e+00
   8.9330000e+03   1.5221430e+00
   8.9340000e+03   1.4698010e-01
   8.9350000e+03  -5.2550575e-01
   8.9360000e+03   1.7518596e+00
   8.9370000e+03   1.3932826e+00
   8.9380000e+03   2.1939862e+00
   8.9390000e+03   2.3481603e+00
   8.9400000e+03   2.8953167e+00
   8.9410000e+03   2.7526865e+00
   8.9420000e+03   2.5441911e+00
   8.9430000e+03   2.0551283e+00
   8.9440000e+03   3.0262242e+00
   8.9450000e+03   1.0324097e+00
   8.9460000e+03   2.3279914e-01
   8.9470000e+03   4.9874783e-01
   8.9480000e+03  -2.1687237e-02
   8.9490000e+03   5.7818482e-01
   8.9500000e+03  -2.2709753e-01
   8.9510000e+03   6.0905868e-01
   8.9520000e+03   1.3769040e+00
   8.9530000e+03   1.2135776e+00
   8.9540000e+03   8.6712457e-01
   8.9550000e+03   1.5826283e+00
   8.9560000e+03   1.4387821e+00
   8.9570000e+03   2.2683230e+00
   8.9580000e+03   1.3541941e+00
   8.9590000e+03   1.3123215e+00
   8.9600000e+03   3.3638800e-01
   8.9610000e+03   1.4336704e+00
   8.9620000e+03   1.0024788e+00
   8.9630000e+03  -6.2142871e-01
   8.9640000e+03   5.8368827e-01
   8.9650000e+03   1.1317393e-01
   8.9660000e+03  -2.3398771e-01
   8.9670000e+03   1.5099328e+00
   8.9680000e+03  -1.7311331e-01
   8.9690000e+03   1.0505139e+00
   8.9700000e+03   1.8397689e+00
   8.9710000e+03  -1.7021190e-01
   8.9720000e+03   4.6479301e-01
   8.9730000e+03   1.3128655e+00
   8.9740000e+03   1.6579841e+00
   8.9750000e+03   4.9472953e-01
   8.9760000e+03   1.8856692e+00
   8.9770000e+03   1.8520600e+00
   8.9780000e+03   1.7548160e+00
   8.9790000e+03   1.4318229e+00
   8.9800000e+03   1.7282112e+00
   8.9810000e+03   2.9818613e+00
   8.9820000e+03   2.0467594e+00
   8.9830000e+03   2.6458859e+00
   8.9840000e+03   1.9626822e+00
   8.9850000e+03   3.7166086e-01
   8.9860000e+03   2.2091884e-02
   8.9870000e+03  -3.9974570e-01
   8.9880000e+03   4.6984688e-01
   8.9890000e+03   2.0961878e-01
   8.9900000e+03   1.3681207e-01
   8.9910000e+03   1.3189473e+00
   8.9920000e+03   8.5389187e-01
   8.9930000e+03   5.5787188e-01
   8.9940000e+03   2.3796757e+00
   8.9950000e+03   1.7953203e+00
   8.9960000e+03   1.4568360e+00
   8.9970000e+03   6.0476829e-01
   8.9980000e+03   4.1652486e-01
   8.9990000e+03   2.5163642e+00
   9.0000000e+03   1.9436952e+00
   9.0010000e+03   1.6923485e+00
   9.0020000e+03   1.9608463e+00
   9.0030000e+03   1.6396669e+00
   9.0040000e+03   2.6785819e+00
   9.0050000e+03   2.1073707e+00
   9.0060000e+03   2.0724238e+00
   9.0070000e+03   2.2498169e+00
   9.0080000e+03   2.8939104e+00
   9.0090000e+03   2.6891517e+00
   9.0100000e+03   1.4304271e+00
   9.0110000e+03   8.3970283e-01
   9.0120000e+03   1.0196666e+00
   9.0130000e+03   1.8710044e+00
   9.0140000e+03   1.5251645e+00
   9.0150000e+03   3.3397890e+00
   9.0160000e+03   2.6724323e+00
   9.0170000e+03   2.1188376e+00
   9.0180000e+03   6.1009251e-01
   9.0190000e+03   2.5329982e-01
   9.0200000e+03   4.3310258e-01
   9.0210000e+03   5.7562978e-01
   9.0220000e+03   1.5417799e+00
   9.0230000e+03   1.1535811e+00
   9.0240000e+03   7.0941415e-01
   9.0250000e+03   1.5778180e+00
   9.0260000e+03   1.6908244e+00
   9.0270000e+03   1.3168947e+00
   9.0280000e+03   2.7379379e-01
   9.0290000e+03   1.1873458e+00
   9.0300000e+03   1.5379258e+00
   9.0310000e+03   4.3726127e-02
   9.0320000e+03   2.3209961e+00
   9.0330000e+03   8.0050716e-01
   9.0340000e+03   2.0950258e-01
   9.0350000e+03   7.0505805e-01
   9.0360000e+03   1.0047348e-01
   9.0370000e+03  -1.1271460e+00
   9.0380000e+03  -1.1501952e+00
   9.0390000e+03  -1.6482249e+00
   9.0400000e+03  -2.3160010e+00
   9.0410000e+03  -2.5409938e-01
   9.0420000e+03  -3.1551272e-01
   9.0430000e+03  -1.6667682e-01
   9.0440000e+03  -3.3751346e-01
   9.0450000e+03  -2.1646763e-01
   9.0460000e+03  -1.1146367e+00
   9.0470000e+03  -1.5621541e+00
   9.0480000e+03  -1.2228353e+00
   9.0490000e+03  -2.8139028e-01
   9.0500000e+03  -9.7709595e-01
   9.0510000e+03  -1.3542971e+00
   9.0520000e+03  -2.0942863e-01
   9.0530000e+03   2.3904448e-01
   9.0540000e+03  -3.1238291e-01
   9.0550000e+03  -3.7173054e-02
   9.0560000e+03   7.3416463e-01
   9.0570000e+03   1.2632154e+00
   9.0580000e+03   5.3397949e-01
   9.0590000e+03  -4.5721424e-01
   9.0600000e+03  -3.1938619e-01
   9.0610000e+03   1.4599751e+00
   9.0620000e+03  -1.0260924e+00
   9.0630000e+03  -3.6462611e-01
   9.0640000e+03  -2.5328534e-01
   9.0650000e+03  -1.1838430e+00
   9.0660000e+03   9.3021537e-01
   9.0670000e+03   1.8992722e+00
   9.0680000e+03   1.1034941e+00
   9.0690000e+03  -3.0963757e-01
   9.0700000e+03   2.0091483e-01
   9.0710000e+03  -1.0524366e+00
   9.0720000e+03  -6.9971206e-01
   9.0730000e+03   1.4281349e+00
   9.0740000e+03   4.1135988e-02
   9.0750000e+03   6.0628321e-01
   9.0760000e+03   2.2343999e-01
   9.0770000e+03   8.1968714e-01
   9.0780000e+03   1.2253274e+00
   9.0790000e+03  -5.1608521e-01
   9.0800000e+03   2.4182656e-01
   9.0810000e+03   1.2578753e-01
   9.0820000e+03   2.1879626e-01
   9.0830000e+03   1.5700464e-01
   9.0840000e+03  -5.5300213e-01
   9.0850000e+03   3.1248740e-02
   9.0860000e+03   9.1932984e-01
   9.0870000e+03   6.2984638e-01
   9.0880000e+03  -1.1201561e-01
   9.0890000e+03   4.3264004e-01
   9.0900000e+03   9.1856849e-01
   9.0910000e+03   2.8512806e+00
   9.0920000e+03   2.7930112e+00
   9.0930000e+03   1.8012925e+00
   9.0940000e+03   1.3645982e+00
   9.0950000e+03   4.8895178e-01
   9.0960000e+03   8.6861638e-01
   9.0970000e+03   9.1253905e-01
   9.0980000e+03   2.2610484e+00
   9.0990000e+03   1.1979455e+00
   9.1000000e+03   1.8425683e+00
   9.1010000e+03   2.2683201e+00
   9.1020000e+03   8.6226429e-01
   9.1030000e+03   1.3132827e+00
   9.1040000e+03   2.0915751e+00
   9.1050000e+03   1.6770549e+00
   9.1060000e+03   1.0915784e+00
   9.1070000e+03   6.8957496e-01
   9.1080000e+03   9.5021155e-01
   9.1090000e+03   8.1098765e-02
   9.1100000e+03   9.0887737e-01
   9.1110000e+03   1.3408333e+00
   9.1120000e+03  -2.8359549e-01
   9.1130000e+03   1.9079281e+00
   9.1140000e+03   1.5541615e+00
   9.1150000e+03  -3.7831609e-02
   9.1160000e+03  -4.5012794e-01
   9.1170000e+03   9.9708564e-01
   9.1180000e+03  -8.3845161e-01
   9.1190000e+03  -7.8568820e-01
   9.1200000e+03  -1.7698355e+00
   9.1210000e+03  -1.0934469e-01
   9.1220000e+03  -7.5299595e-01
   9.1230000e+03  -9.3267578e-01
   9.1240000e+03  -6.1571404e-01
   9.1250000e+03   3.5720237e-01
   9.1260000e+03   6.1402085e-01
   9.1270000e+03  -3.6263310e-01
   9.1280000e+03  -2.6204433e-01
   9.1290000e+03  -2.9433874e-01
   9.1300000e+03   2.2850765e-01
   9.1310000e+03   7.9552616e-01
   9.1320000e+03   1.2900788e+00
   9.1330000e+03   3.4331713e-01
   9.1340000e+03   1.6313171e+00
   9.1350000e+03   8.7650911e-01
   9.1360000e+03  -5.2669324e-02
   9.1370000e+03  -8.8182967e-01
   9.1380000e+03   9.4485748e-01
   9.1390000e+03   1.6910819e-01
   9.1400000e+03   4.0507311e-01
   9.1410000e+03  -3.7105743e-01
   9.1420000e+03   9.0757307e-01
   9.1430000e+03  -1.1563693e+00
   9.1440000e+03  -8.4646374e-01
   9.1450000e+03  -6.2062785e-01
   9.1460000e+03  -1.4172749e+00
   9.1470000e+03  -1.9508652e+00
   9.1480000e+03   3.4133790e-01
   9.1490000e+03   1.1966104e-01
   9.1500000e+03   1.1231068e+00
   9.1510000e+03   1.0675413e+00
   9.1520000e+03   2.0289443e+00
   9.1530000e+03   1.1796476e+00
   9.1540000e+03   1.3146588e+00
   9.1550000e+03   2.2001092e+00
   9.1560000e+03   1.5716968e+00
   9.1570000e+03  -1.3832995e+00
   9.1580000e+03   3.6940955e-01
   9.1590000e+03  -8.3531754e-01
   9.1600000e+03  -9.0335563e-01
   9.1610000e+03   7.1128719e-01
   9.1620000e+03   2.0403734e-01
   9.1630000e+03  -8.4759441e-01
   9.1640000e+03   7.7173266e-01
   9.1650000e+03   1.7260487e+00
   9.1660000e+03   1.9982659e+00
   9.1670000e+03  -6.4208809e-01
   9.1680000e+03   1.0564334e+00
   9.1690000e+03  -3.9982195e-01
   9.1700000e+03   6.5640430e-01
   9.1710000e+03   1.4522786e+00
   9.1720000e+03   1.4646904e+00
   9.1730000e+03   1.1321839e+00
   9.1740000e+03   1.0436194e+00
   9.1750000e+03  -3.5613396e-02
   9.1760000e+03   1.1385745e-01
   9.1770000e+03   5.1939320e-01
   9.1780000e+03   9.2994863e-01
   9.1790000e+03   1.4307453e+00
   9.1800000e+03   3.6444272e-01
   9.1810000e+03   4.4542299e-01
   9.1820000e+03  -3.9446360e-01
   9.1830000e+03   1.2839869e+00
   9.1840000e+03   1.2540084e+00
   9.1850000e+03   6.3182385e-01
   9.1860000e+03   2.1034912e-01
   9.1870000e+03   1.2778518e+00
   9.1880000e+03  -3.3541593e-01
   9.1890000e+03  -7.3794268e-01
   9.1900000e+03   6.1112971e-01
   9.1910000e+03   1.0900054e+00
   9.1920000e+03   1.6145039e+00
   9.1930000e+03   1.3263264e+00
   9.1940000e+03  -1.4099784e-01
   9.1950000e+03  -7.7558610e-01
   9.1960000e+03  -2.6296553e-01
   9.1970000e+03   4.2570036e-01
   9.1980000e+03  -8.1110979e-01
   9.1990000e+03   3.4662818e-01
   9.2000000e+03  -2.4818775e-01
   9.2010000e+03   8.0536690e-03
   9.2020000e+03  -4.3563407e-01
   9.2030000e+03  -3.2851410e-01
   9.2040000e+03   4.2326863e-02
   9.2050000e+03  -9.4735717e-01
   9.2060000e+03   1.0458468e-01
   9.2070000e+03   2.2541290e-01
   9.2080000e+03  -2.7863207e-01
   9.2090000e+03   6.6823372e-01
   9.2100000e+03   1.5384954e+00
   9.2110000e+03   6.5083241e-01
   9.2120000e+03   1.8264649e-01
   9.2130000e+03   7.8495256e-01
   9.2140000e+03   4.6724030e-01
   9.2150000e+03   4.3001660e-01
   9.2160000e+03  -9.7023447e-01
   9.2170000e+03   3.6095407e-01
   9.2180000e+03  -5.0838581e-01
   9.2190000e+03  -4.7561691e-01
   9.2200000e+03  -4.7351432e-01
   9.2210000e+03  -3.4686152e-01
   9.2220000e+03  -1.8745906e+00
   9.2230000e+03   4.3402058e-01
   9.2240000e+03   2.9809640e-01
   9.2250000e+03   6.8107116e-01
   9.2260000e+03  -3.4472057e-01
   9.2270000e+03   6.9406800e-01
   9.2280000e+03   7.3480303e-01
   9.2290000e+03   1.5451836e+00
   9.2300000e+03   8.6304245e-01
   9.2310000e+03   1.6436436e+00
   9.2320000e+03   1.0066284e+00
   9.2330000e+03  -3.8116731e-02
   9.2340000e+03   1.7253319e-01
   9.2350000e+03  -1.0880857e+00
   9.2360000e+03  -4.4600024e-01
   9.2370000e+03   8.2439216e-01
   9.2380000e+03  -7.4297232e-02
   9.2390000e+03   1.1473519e+00
   9.2400000e+03   8.8395853e-01
   9.2410000e+03   1.2930837e+00
   9.2420000e+03   1.6565525e+00
   9.2430000e+03   1.6567755e+00
   9.2440000e+03   1.0859106e+00
   9.2450000e+03   1.0556882e+00
   9.2460000e+03   1.9627934e-01
   9.2470000e+03  -8.4800458e-01
   9.2480000e+03   4.8923124e-01
   9.2490000e+03   6.3341553e-02
   9.2500000e+03   1.5312152e+00
   9.2510000e+03   7.6715560e-01
   9.2520000e+03  -1.7044614e-01
   9.2530000e+03   6.9603012e-02
   9.2540000e+03   2.1392097e+00
   9.2550000e+03   2.0341529e+00
   9.2560000e+03   1.7976315e+00
   9.2570000e+03   9.1746138e-01
   9.2580000e+03   1.3717876e+00
   9.2590000e+03   8.8021078e-01
   9.2600000e+03   9.9429771e-01
   9.2610000e+03   1.3728479e+00
   9.2620000e+03   1.4527128e+00
   9.2630000e+03   4.0416582e-01
   9.2640000e+03   7.1862760e-01
   9.2650000e+03   2.3104303e-01
   9.2660000e+03   1.6679667e+00
   9.2670000e+03   1.0532483e+00
   9.2680000e+03   6.4381909e-01
   9.2690000e+03   7.4544080e-02
   9.2700000e+03  -1.4476610e-01
   9.2710000e+03  -1.2257837e+00
   9.2720000e+03  -2.0883927e-01
   9.2730000e+03   2.4223167e-01
   9.2740000e+03  -1.4738792e-01
   9.2750000e+03   1.9717135e-01
   9.2760000e+03   9.3134256e-01
   9.2770000e+03   5.2488937e-01
   9.2780000e+03   1.6800210e+00
   9.2790000e+03  -1.1180255e-01
   9.2800000e+03  -1.1035952e+00
   9.2810000e+03  -9.9551830e-01
   9.2820000e+03  -4.4331093e-01
   9.2830000e+03   3.5218703e-01
   9.2840000e+03  -3.9874282e-01
   9.2850000e+03  -8.7267205e-01
   9.2860000e+03  -1.3527831e+00
   9.2870000e+03  -3.5657199e-01
   9.2880000e+03  -2.6165785e-01
   9.2890000e+03   5.2884387e-01
   9.2900000e+03  -9.1261742e-01
   9.2910000e+03  -7.3252506e-01
   9.2920000e+03  -3.0391199e-01
   9.2930000e+03  -2.5507654e-01
   9.2940000e+03   1.0523971e+00
   9.2950000e+03  -1.5515149e-01
   9.2960000e+03  -8.5769468e-01
   9.2970000e+03  -1.4627188e+00
   9.2980000e+03  -2.5454100e+00
   9.2990000e+03  -1.9232276e-01
   9.3000000e+03   1.8978146e+00
   9.3010000e+03   1.3283568e+00
   9.3020000e+03  -2.7113669e-01
   9.3030000e+03   6.5495951e-01
   9.3040000e+03   3.2758304e-01
   9.3050000e+03   9.7794539e-02
   9.3060000e+03   3.4847865e-01
   9.3070000e+03  -7.5103686e-01
   9.3080000e+03  -3.1528473e-01
   9.3090000e+03  -9.9953587e-01
   9.3100000e+03  -9.0323997e-01
   9.3110000e+03  -1.3544357e+00
   9.3120000e+03  -7.8621828e-01
   9.3130000e+03  -1.8718801e+00
   9.3140000e+03  -1.3953094e+00
   9.3150000e+03  -2.2698785e+00
   9.3160000e+03  -1.5204495e+00
   9.3170000e+03  -2.3214247e+00
   9.3180000e+03  -8.7086597e-01
   9.3190000e+03  -1.9428950e+00
   9.3200000e+03  -1.2066051e+00
   9.3210000e+03  -1.5221893e+00
   9.3220000e+03  -1.7302964e+00
   9.3230000e+03  -1.8915832e+00
   9.3240000e+03  -2.5355989e+00
   9.3250000e+03  -1.9854397e+00
   9.3260000e+03  -1.1965312e+00
   9.3270000e+03  -1.1614604e+00
   9.3280000e+03  -1.4856971e+00
   9.3290000e+03  -5.7579704e-01
   9.3300000e+03   2.6737680e-01
   9.3310000e+03  -1.4734471e+00
   9.3320000e+03  -1.0190225e+00
   9.3330000e+03   1.7814079e-02
   9.3340000e+03  -8.7354069e-01
   9.3350000e+03  -7.6516259e-01
   9.3360000e+03  -1.7227025e+00
   9.3370000e+03  -1.0455055e+00
   9.3380000e+03  -4.2129706e-01
   9.3390000e+03   2.3363562e-01
   9.3400000e+03  -6.4055560e-01
   9.3410000e+03  -2.1014981e+00
   9.3420000e+03  -4.9113086e-01
   9.3430000e+03  -1.5173527e-01
   9.3440000e+03  -1.8655410e+00
   9.3450000e+03  -1.3237234e+00
   9.3460000e+03  -9.2592344e-01
   9.3470000e+03  -1.3393288e+00
   9.3480000e+03   1.5147281e-01
   9.3490000e+03  -7.3680139e-01
   9.3500000e+03  -4.4088106e-01
   9.3510000e+03  -3.2578341e-01
   9.3520000e+03  -3.7663342e-01
   9.3530000e+03  -9.1513559e-01
   9.3540000e+03  -8.3240167e-01
   9.3550000e+03  -1.1089371e+00
   9.3560000e+03  -1.2952777e+00
   9.3570000e+03   7.9139762e-02
   9.3580000e+03  -2.2941226e-01
   9.3590000e+03   4.2313200e-01
   9.3600000e+03   5.0568609e-01
   9.3610000e+03   1.5045538e-01
   9.3620000e+03   6.7235351e-01
   9.3630000e+03   1.5473134e+00
   9.3640000e+03   8.1981092e-01
   9.3650000e+03  -4.3247274e-01
   9.3660000e+03  -1.3003287e+00
   9.3670000e+03   3.2156974e-01
   9.3680000e+03  -7.6251165e-01
   9.3690000e+03  -1.8648156e+00
   9.3700000e+03  -1.1337782e-01
   9.3710000e+03  -5.4247141e-01
   9.3720000e+03   7.6932193e-01
   9.3730000e+03   3.9643436e-01
   9.3740000e+03  -2.4950296e-02
   9.3750000e+03   1.0472137e+00
   9.3760000e+03   1.9896173e-01
   9.3770000e+03  -8.4653549e-01
   9.3780000e+03   4.7390191e-01
   9.3790000e+03   5.9651561e-01
   9.3800000e+03  -1.9848249e-02
   9.3810000e+03  -5.6387037e-01
   9.3820000e+03   1.4512814e-02
   9.3830000e+03   4.9228004e-01
   9.3840000e+03  -4.7745859e-02
   9.3850000e+03   1.2867849e+00
   9.3860000e+03   3.2577151e-01
   9.3870000e+03   7.2596249e-01
   9.3880000e+03   1.0851051e+00
   9.3890000e+03   5.3248960e-01
   9.3900000e+03  -4.2501595e-01
   9.3910000e+03   1.3930431e+00
   9.3920000e+03   1.4842908e+00
   9.3930000e+03   1.0459762e+00
   9.3940000e+03   3.6693796e-01
   9.3950000e+03   1.1538341e+00
   9.3960000e+03   3.1740953e-01
   9.3970000e+03   1.5257095e-01
   9.3980000e+03   6.9283463e-01
   9.3990000e+03   2.6519100e-01
   9.4000000e+03  -1.4373987e+00
   9.4010000e+03   3.8723618e-01
   9.4020000e+03   7.8499136e-01
   9.4030000e+03   6.9185120e-01
   9.4040000e+03   1.1658782e+00
   9.4050000e+03   6.7436235e-01
   9.4060000e+03   5.1662469e-01
   9.4070000e+03   1.4505837e+00
   9.4080000e+03   2.5198729e-01
   9.4090000e+03  -4.7731983e-01
   9.4100000e+03  -1.4368619e+00
   9.4110000e+03  -2.1141475e+00
   9.4120000e+03  -1.2149185e+00
   9.4130000e+03  -7.4856562e-01
   9.4140000e+03  -2.2928428e-01
   9.4150000e+03  -4.9221568e-01
   9.4160000e+03  -1.3255313e+00
   9.4170000e+03  -9.7431351e-01
   9.4180000e+03  -3.8687388e-02
   9.4190000e+03  -1.6466242e+00
   9.4200000e+03   1.1283893e-01
   9.4210000e+03  -5.4971259e-02
   9.4220000e+03  -6.8076127e-01
   9.4230000e+03  -1.2558343e-01
   9.4240000e+03  -5.9198649e-01
   9.4250000e+03   4.0325876e-01
   9.4260000e+03   5.8229326e-01
   9.4270000e+03  -7.7110803e-01
   9.4280000e+03  -5.3728670e-01
   9.4290000e+03  -1.1619631e+00
   9.4300000e+03  -6.2086849e-01
   9.4310000e+03  -9.4482921e-01
   9.4320000e+03  -4.1104235e-01
   9.4330000e+03  -1.8195828e-01
   9.4340000e+03   2.4313760e-01
   9.4350000e+03   3.0821581e-01
   9.4360000e+03  -1.6229475e-01
   9.4370000e+03   3.6442023e-01
   9.4380000e+03  -5.2598234e-01
   9.4390000e+03  -1.0101433e+00
   9.4400000e+03  -9.7736533e-01
   9.4410000e+03  -5.1066325e-01
   9.4420000e+03  -1.3383379e+00
   9.4430000e+03  -6.5779976e-01
   9.4440000e+03  -6.1324382e-01
   9.4450000e+03   2.5496516e-01
   9.4460000e+03  -2.9554438e-03
   9.4470000e+03   3.8648126e-01
   9.4480000e+03  -1.8167012e+00
   9.4490000e+03  -1.1512413e+00
   9.4500000e+03   6.9016917e-01
   9.4510000e+03  -2.5855668e-01
   9.4520000e+03  -1.0688467e+00
   9.4530000e+03  -3.6157666e-01
   9.4540000e+03  -4.1871154e-01
   9.4550000e+03  -8.0772580e-01
   9.4560000e+03  -1.5616152e+00
   9.4570000e+03  -1.3231496e+00
   9.4580000e+03  -1.5161592e+00
   9.4590000e+03  -1.3440195e+00
   9.4600000e+03  -1.1602460e+00
   9.4610000e+03   9.3066422e-01
   9.4620000e+03  -3.4008511e-04
   9.4630000e+03  -3.6665106e-01
   9.4640000e+03  -7.3499842e-01
   9.4650000e+03   7.2256169e-01
   9.4660000e+03  -3.1182241e-01
   9.4670000e+03   7.5958389e-01
   9.4680000e+03   5.0945784e-01
   9.4690000e+03   8.9520749e-01
   9.4700000e+03   1.2132850e+00
   9.4710000e+03  -5.5101549e-01
   9.4720000e+03   2.5420718e-01
   9.4730000e+03   5.4548541e-01
   9.4740000e+03   7.6245027e-01
   9.4750000e+03   5.5226599e-01
   9.4760000e+03   5.6403258e-01
   9.4770000e+03  -1.9918754e-01
   9.4780000e+03   4.2840591e-01
   9.4790000e+03   3.3297583e-01
   9.4800000e+03  -4.9228100e-03
   9.4810000e+03   4.7162490e-04
   9.4820000e+03  -6.2237944e-01
   9.4830000e+03  -2.4739927e-01
   9.4840000e+03   8.1539357e-01
   9.4850000e+03   6.4463694e-01
   9.4860000e+03  -1.7448273e-01
   9.4870000e+03   3.3363381e-01
   9.4880000e+03   9.5541604e-01
   9.4890000e+03  -7.4360390e-01
   9.4900000e+03   1.5074129e-01
   9.4910000e+03   2.7104545e-01
   9.4920000e+03   1.1785548e+00
   9.4930000e+03   7.3756829e-01
   9.4940000e+03   6.9561506e-01
   9.4950000e+03   9.5499988e-01
   9.4960000e+03   7.5871574e-01
   9.4970000e+03   1.2876322e+00
   9.4980000e+03   5.6213849e-01
   9.4990000e+03   8.4465669e-01
   9.5000000e+03   8.6901580e-01
   9.5010000e+03   9.0800198e-01
   9.5020000e+03  -6.7988207e-01
   9.5030000e+03   2.8416444e-01
   9.5040000e+03   1.2792309e-01
   9.5050000e+03   3.5381761e-01
   9.5060000e+03  -3.4556685e-01
   9.5070000e+03   1.1143892e+00
   9.5080000e+03   1.1603426e+00
   9.5090000e+03   1.4359082e-01
   9.5100000e+03   1.0640961e+00
   9.5110000e+03   7.0394375e-01
   9.5120000e+03   1.0436768e-01
   9.5130000e+03   1.0442020e-01
   9.5140000e+03  -8.6485760e-01
   9.5150000e+03  -1.2521665e+00
   9.5160000e+03  -1.1670815e+00
   9.5170000e+03   1.6518920e-02
   9.5180000e+03   3.2338111e-01
   9.5190000e+03  -7.3751360e-01
   9.5200000e+03   2.7958955e-01
   9.5210000e+03  -8.5546769e-01
   9.5220000e+03   4.1007709e-01
   9.5230000e+03   1.1101955e+00
   9.5240000e+03   1.8430225e+00
   9.5250000e+03   8.2049076e-01
   9.5260000e+03   4.4714608e-01
   9.5270000e+03  -1.7425730e+00
   9.5280000e+03  -6.1444656e-01
   9.5290000e+03   4.8135653e-01
   9.5300000e+03  -5.6081396e-01
   9.5310000e+03  -1.3952618e+00
   9.5320000e+03  -5.2098438e-01
   9.5330000e+03  -9.1057284e-01
   9.5340000e+03  -6.0297483e-01
   9.5350000e+03   2.5352174e-02
   9.5360000e+03   7.5540439e-01
   9.5370000e+03   7.6441914e-01
   9.5380000e+03   1.0657366e+00
   9.5390000e+03  -8.7573295e-01
   9.5400000e+03   8.1838700e-01
   9.5410000e+03   3.5516317e-01
   9.5420000e+03   6.1861840e-01
   9.5430000e+03   1.6880842e+00
   9.5440000e+03   8.6311110e-01
   9.5450000e+03   7.6337045e-01
   9.5460000e+03   1.0145539e+00
   9.5470000e+03   1.4289518e+00
   9.5480000e+03   5.6261598e-01
   9.5490000e+03   1.8842940e+00
   9.5500000e+03   1.0125620e+00
   9.5510000e+03   9.7448135e-01
   9.5520000e+03   1.3873703e+00
   9.5530000e+03   1.2008260e+00
   9.5540000e+03   1.0858280e+00
   9.5550000e+03   8.0431315e-02
   9.5560000e+03   7.2538355e-01
   9.5570000e+03  -1.0724906e+00
   9.5580000e+03   5.2855457e-01
   9.5590000e+03  -7.2917832e-01
   9.5600000e+03  -1.9087628e+00
   9.5610000e+03  -9.6508553e-01
   9.5620000e+03   3.7215234e-02
   9.5630000e+03  -7.8257461e-01
   9.5640000e+03  -2.7497316e-02
   9.5650000e+03   7.3144311e-01
   9.5660000e+03   5.4339350e-01
   9.5670000e+03  -3.1588298e-01
   9.5680000e+03  -8.8838558e-01
   9.5690000e+03  -3.9551764e-01
   9.5700000e+03  -8.2136510e-03
   9.5710000e+03   1.2855652e+00
   9.5720000e+03   1.7786414e-01
   9.5730000e+03  -3.3116129e-01
   9.5740000e+03   5.2673628e-02
   9.5750000e+03  -1.1140386e+00
   9.5760000e+03  -4.6359937e-01
   9.5770000e+03   3.4510413e-01
   9.5780000e+03   8.7873220e-01
   9.5790000e+03  -8.5136964e-01
   9.5800000e+03  -4.8054031e-01
   9.5810000e+03   3.6990492e-01
   9.5820000e+03   8.9425736e-01
   9.5830000e+03  -2.1923239e-01
   9.5840000e+03  -1.8680940e-01
   9.5850000e+03   6.8672474e-01
   9.5860000e+03   9.7059511e-01
   9.5870000e+03   1.6084893e+00
   9.5880000e+03   1.1849247e+00
   9.5890000e+03   3.6023152e-01
   9.5900000e+03   6.3890667e-01
   9.5910000e+03   4.0344577e-01
   9.5920000e+03   1.0186308e+00
   9.5930000e+03  -3.1558448e-01
   9.5940000e+03  -1.0607206e+00
   9.5950000e+03  -9.7232830e-01
   9.5960000e+03   3.0894107e-02
   9.5970000e+03   9.9182014e-02
   9.5980000e+03   7.0292548e-01
   9.5990000e+03   3.7130956e-01
   9.6000000e+03   5.1889099e-01
   9.6010000e+03   5.6176870e-01
   9.6020000e+03   2.1968317e-01
   9.6030000e+03  -6.9402089e-01
   9.6040000e+03   2.2248461e-01
   9.6050000e+03   6.1039699e-01
   9.6060000e+03   7.8309744e-01
   9.6070000e+03   1.2596840e+00
   9.6080000e+03  -1.4665951e+00
   9.6090000e+03  -5.6784957e-01
   9.6100000e+03  -2.2561623e-01
   9.6110000e+03   2.8929527e-02
   9.6120000e+03  -2.8990464e-03
   9.6130000e+03  -7.7864311e-01
   9.6140000e+03   3.1573514e-02
   9.6150000e+03   1.7333757e+00
   9.6160000e+03   1.7444928e+00
   9.6170000e+03   1.9970374e+00
   9.6180000e+03   1.7895929e+00
   9.6190000e+03  -1.6391225e-01
   9.6200000e+03   1.8778271e+00
   9.6210000e+03   1.9333451e+00
   9.6220000e+03   1.1352931e+00
   9.6230000e+03   9.2080906e-01
   9.6240000e+03   3.2624974e-01
   9.6250000e+03   4.9977546e-02
   9.6260000e+03   8.8703646e-01
   9.6270000e+03   1.4602726e+00
   9.6280000e+03   5.8843071e-01
   9.6290000e+03  -1.2969400e-01
   9.6300000e+03   1.5634648e+00
   9.6310000e+03   1.1243303e+00
   9.6320000e+03   3.9072640e-01
   9.6330000e+03   1.8243778e+00
   9.6340000e+03  -5.2885815e-01
   9.6350000e+03  -3.4497719e-01
   9.6360000e+03  -5.8342857e-01
   9.6370000e+03   1.0770429e+00
   9.6380000e+03  -3.8424690e-02
   9.6390000e+03   7.2194243e-01
   9.6400000e+03   8.2717615e-01
   9.6410000e+03  -2.0225706e-01
   9.6420000e+03   1.1620567e-01
   9.6430000e+03   1.0776934e+00
   9.6440000e+03   1.4856702e+00
   9.6450000e+03   1.3188780e+00
   9.6460000e+03   1.0490127e+00
   9.6470000e+03   1.0963471e+00
   9.6480000e+03   9.0291617e-01
   9.6490000e+03   2.8584789e-01
   9.6500000e+03   5.4557266e-01
   9.6510000e+03  -2.0098694e-01
   9.6520000e+03   1.1675500e+00
   9.6530000e+03   1.0076623e+00
   9.6540000e+03   1.4007729e+00
   9.6550000e+03   1.3479176e+00
   9.6560000e+03   9.0762838e-01
   9.6570000e+03   4.3305581e-01
   9.6580000e+03   2.0937155e-01
   9.6590000e+03   6.3315220e-01
   9.6600000e+03   8.7082540e-01
   9.6610000e+03   2.2040875e+00
   9.6620000e+03   1.5498517e+00
   9.6630000e+03   1.4978777e+00
   9.6640000e+03  -7.3980978e-01
   9.6650000e+03   9.4582195e-01
   9.6660000e+03  -3.3292579e-01
   9.6670000e+03   3.4929458e-01
   9.6680000e+03  -9.0438495e-01
   9.6690000e+03  -6.3703966e-01
   9.6700000e+03  -3.4641279e-01
   9.6710000e+03  -9.3715454e-01
   9.6720000e+03  -3.0370455e-01
   9.6730000e+03  -4.2631646e-01
   9.6740000e+03  -2.5986966e-01
   9.6750000e+03   1.0309956e-01
   9.6760000e+03  -1.1546334e+00
   9.6770000e+03  -1.9871323e-01
   9.6780000e+03  -4.5919097e-01
   9.6790000e+03  -1.6206812e+00
   9.6800000e+03  -6.8268538e-01
   9.6810000e+03   3.3252270e-01
   9.6820000e+03  -7.0038674e-01
   9.6830000e+03   1.1348953e-01
   9.6840000e+03   1.0994267e+00
   9.6850000e+03   4.2331284e-01
   9.6860000e+03  -2.9542982e-01
   9.6870000e+03  -4.0081041e-01
   9.6880000e+03  -8.9539116e-01
   9.6890000e+03   5.3006715e-02
   9.6900000e+03   2.0393562e-02
   9.6910000e+03  -4.5949427e-01
   9.6920000e+03  -3.9722231e-01
   9.6930000e+03  -5.8686140e-02
   9.6940000e+03   3.3530312e-01
   9.6950000e+03   9.7319765e-01
   9.6960000e+03  -1.3702483e-01
   9.6970000e+03   7.6980771e-01
   9.6980000e+03   7.8130434e-01
   9.6990000e+03   9.0499875e-01
   9.7000000e+03   2.2229312e-01
   9.7010000e+03  -1.3663508e-01
   9.7020000e+03  -1.1247361e+00
   9.7030000e+03  -1.2392537e-01
   9.7040000e+03   9.9303144e-01
   9.7050000e+03   1.4458538e+00
   9.7060000e+03   2.7860322e+00
   9.7070000e+03   8.6841982e-01
   9.7080000e+03  -6.3913108e-02
   9.7090000e+03   9.4881063e-01
   9.7100000e+03   1.4531920e+00
   9.7110000e+03   1.0866804e+00
   9.7120000e+03   7.3631448e-01
   9.7130000e+03   1.4114738e+00
   9.7140000e+03   2.3728533e+00
   9.7150000e+03   1.0616550e+00
   9.7160000e+03   5.0046026e-01
   9.7170000e+03   2.2383324e+00
   9.7180000e+03   1.0080285e+00
   9.7190000e+03   1.2786481e+00
   9.7200000e+03   1.4373858e+00
   9.7210000e+03  -1.3152936e-01
   9.7220000e+03   1.7649323e-01
   9.7230000e+03   8.7224738e-01
   9.7240000e+03   1.3329190e-01
   9.7250000e+03  -1.3227868e+00
   9.7260000e+03  -7.9487813e-02
   9.7270000e+03   2.0240006e-02
   9.7280000e+03  -4.0950553e-02
   9.7290000e+03   2.8523834e-01
   9.7300000e+03   3.3135049e-01
   9.7310000e+03   2.2204160e-01
   9.7320000e+03  -9.9568850e-01
   9.7330000e+03  -8.4496322e-01
   9.7340000e+03  -6.3248788e-01
   9.7350000e+03  -3.6403920e-01
   9.7360000e+03  -5.8134172e-01
   9.7370000e+03   8.2632388e-01
   9.7380000e+03   8.3523029e-01
   9.7390000e+03   3.2665139e-01
   9.7400000e+03   1.1969266e+00
   9.7410000e+03  -4.7500794e-01
   9.7420000e+03   1.4408764e+00
   9.7430000e+03   2.8914051e-01
   9.7440000e+03   2.3941960e+00
   9.7450000e+03   6.7467280e-01
   9.7460000e+03  -7.2202397e-01
   9.7470000e+03   1.0255162e+00
   9.7480000e+03   2.3489292e-01
   9.7490000e+03   5.3587698e-01
   9.7500000e+03  -1.4345899e-01
   9.7510000e+03   5.9573328e-01
   9.7520000e+03   1.9204620e+00
   9.7530000e+03   2.2258490e+00
   9.7540000e+03   1.7445198e+00
   9.7550000e+03   1.6055415e+00
   9.7560000e+03   1.7403991e+00
   9.7570000e+03   1.6859605e+00
   9.7580000e+03   1.0989982e+00
   9.7590000e+03   7.4448123e-01
   9.7600000e+03   9.4430021e-01
   9.7610000e+03  -3.1698216e-02
   9.7620000e+03  -7.2814953e-01
   9.7630000e+03   3.7835163e-01
   9.7640000e+03   7.1124687e-01
   9.7650000e+03  -3.8766329e-01
   9.7660000e+03  -6.9316835e-01
   9.7670000e+03  -1.4369237e-01
   9.7680000e+03   1.1323100e+00
   9.7690000e+03   1.6870009e-01
   9.7700000e+03  -5.2757580e-01
   9.7710000e+03  -4.9215406e-01
   9.7720000e+03   6.4640334e-03
   9.7730000e+03   6.7685493e-03
   9.7740000e+03   4.5807723e-01
   9.7750000e+03  -1.2333459e+00
   9.7760000e+03   3.2916418e-01
   9.7770000e+03  -1.3170109e+00
   9.7780000e+03  -7.7784153e-01
   9.7790000e+03  -1.6813662e+00
   9.7800000e+03  -8.8337404e-01
   9.7810000e+03  -5.7413454e-02
   9.7820000e+03   2.7012734e-01
   9.7830000e+03   3.7514134e-01
   9.7840000e+03   1.2668924e-01
   9.7850000e+03  -3.8546676e-01
   9.7860000e+03   1.1663957e+00
   9.7870000e+03   1.6434309e+00
   9.7880000e+03   1.7582096e+00
   9.7890000e+03   1.4536224e+00
   9.7900000e+03   1.5610664e+00
   9.7910000e+03  -1.8546972e-01
   9.7920000e+03   3.6205145e-01
   9.7930000e+03  -3.7428660e-01
   9.7940000e+03  -1.9123271e-02
   9.7950000e+03  -5.9237770e-01
   9.7960000e+03  -1.3472618e+00
   9.7970000e+03   5.7133801e-02
   9.7980000e+03  -1.0563424e+00
   9.7990000e+03  -5.8680460e-01
   9.8000000e+03  -3.0106999e-01
   9.8010000e+03  -3.5623073e-01
   9.8020000e+03  -1.7472930e-01
   9.8030000e+03   4.3166237e-02
   9.8040000e+03   1.8576993e-02
   9.8050000e+03   3.4082875e-01
   9.8060000e+03   4.5463560e-01
   9.8070000e+03   5.6372784e-01
   9.8080000e+03   3.0020150e-01
   9.8090000e+03  -6.0005993e-01
   9.8100000e+03  -1.7323301e-01
   9.8110000e+03  -1.8259886e+00
   9.8120000e+03  -3.9001595e-01
   9.8130000e+03   6.2312727e-02
   9.8140000e+03   2.7279604e-01
   9.8150000e+03   7.6885755e-01
   9.8160000e+03   5.5700254e-01
   9.8170000e+03  -1.5144869e-01
   9.8180000e+03   1.0436697e+00
   9.8190000e+03   1.7396253e+00
   9.8200000e+03   2.8214362e+00
   9.8210000e+03   8.2726621e-01
   9.8220000e+03   1.1887818e+00
   9.8230000e+03   6.2191015e-01
   9.8240000e+03   1.0947289e-01
   9.8250000e+03   1.7043373e+00
   9.8260000e+03   9.5931570e-01
   9.8270000e+03   5.9398887e-01
   9.8280000e+03   4.7013639e-01
   9.8290000e+03  -9.7046761e-02
   9.8300000e+03   2.8449041e-01
   9.8310000e+03   2.0681913e+00
   9.8320000e+03   1.0331134e+00
   9.8330000e+03   1.0946401e+00
   9.8340000e+03   3.3685072e-01
   9.8350000e+03   1.0137645e+00
   9.8360000e+03   7.5326614e-01
   9.8370000e+03   8.4315966e-01
   9.8380000e+03   1.2566384e+00
   9.8390000e+03   1.7588997e+00
   9.8400000e+03   8.6513581e-01
   9.8410000e+03   7.1977168e-01
   9.8420000e+03   2.1100964e+00
   9.8430000e+03   1.7402877e+00
   9.8440000e+03   1.3951479e+00
   9.8450000e+03   2.0114032e+00
   9.8460000e+03   1.2272454e+00
   9.8470000e+03   8.0177417e-01
   9.8480000e+03   1.9359341e+00
   9.8490000e+03   1.9320494e+00
   9.8500000e+03   1.5981367e+00
   9.8510000e+03   1.6951610e+00
   9.8520000e+03   1.5482860e-01
   9.8530000e+03   9.3134082e-01
   9.8540000e+03   1.1344067e+00
   9.8550000e+03   1.0911211e+00
   9.8560000e+03   1.3935300e+00
   9.8570000e+03   2.5847832e+00
   9.8580000e+03  -4.0690268e-01
   9.8590000e+03   1.5974116e-01
   9.8600000e+03   2.3766762e-01
   9.8610000e+03   5.8108886e-01
   9.8620000e+03   9.8124216e-02
   9.8630000e+03   2.8550516e-01
   9.8640000e+03   1.5975979e-01
   9.8650000e+03   1.0266015e+00
   9.8660000e+03  -4.7361100e-01
   9.8670000e+03   3.4241800e-01
   9.8680000e+03  -3.8880513e-01
   9.8690000e+03  -7.2359240e-01
   9.8700000e+03  -8.2864191e-01
   9.8710000e+03   1.4219183e-01
   9.8720000e+03  -2.8391940e-01
   9.8730000e+03   2.1433090e+00
   9.8740000e+03   9.2532915e-01
   9.8750000e+03   6.0524532e-01
   9.8760000e+03   9.9961868e-01
   9.8770000e+03   1.4525225e+00
   9.8780000e+03   1.8359827e+00
   9.8790000e+03  -1.1774994e-02
   9.8800000e+03  -2.8590871e-02
   9.8810000e+03  -4.2286512e-01
   9.8820000e+03   5.1297718e-01
   9.8830000e+03   1.4277373e+00
   9.8840000e+03   6.7553830e-01
   9.8850000e+03   4.6866552e-01
   9.8860000e+03   5.3126641e-01
   9.8870000e+03  -2.4048765e-02
   9.8880000e+03  -1.5087665e-02
   9.8890000e+03   2.9827272e-01
   9.8900000e+03   6.6145285e-01
   9.8910000e+03  -1.0123650e-01
   9.8920000e+03  -6.8664244e-01
   9.8930000e+03  -1.5886505e+00
   9.8940000e+03  -6.7982663e-01
   9.8950000e+03  -9.6628245e-01
   9.8960000e+03  -8.9167905e-01
   9.8970000e+03   6.7316022e-01
   9.8980000e+03  -1.5480799e-01
   9.8990000e+03   4.8055390e-01
   9.9000000e+03   8.3958045e-01
   9.9010000e+03   8.9556194e-01
   9.9020000e+03   6.4529311e-01
   9.9030000e+03   1.4003809e+00
   9.9040000e+03   6.3132291e-01
   9.9050000e+03   9.4495007e-01
   9.9060000e+03   8.2730744e-01
   9.9070000e+03   1.1370116e+00
   9.9080000e+03   1.1775309e+00
   9.9090000e+03   5.8423706e-01
   9.9100000e+03   5.8368375e-01
   9.9110000e+03   1.0813692e-01
   9.9120000e+03   1.8447573e+00
   9.9130000e+03   7.5911609e-01
   9.9140000e+03   4.6358880e-01
   9.9150000e+03   1.3511909e+00
   9.9160000e+03   2.2302231e+00
   9.9170000e+03   1.4757977e+00
   9.9180000e+03  -1.1169656e-01
   9.9190000e+03   6.2200444e-01
   9.9200000e+03   4.3332136e-01
   9.9210000e+03   6.9294164e-01
   9.9220000e+03   1.8876458e+00
   9.9230000e+03   9.8766965e-01
   9.9240000e+03   3.6040362e-03
   9.9250000e+03  -6.5593918e-01
   9.9260000e+03   2.8754588e-01
   9.9270000e+03  -1.6156019e-01
   9.9280000e+03   6.0873805e-01
   9.9290000e+03   1.3449787e+00
   9.9300000e+03   9.3754748e-02
   9.9310000e+03  -4.9708536e-01
   9.9320000e+03   4.5478958e-01
   9.9330000e+03   1.5844082e+00
   9.9340000e+03   5.0721225e-01
   9.9350000e+03   1.4788078e-01
   9.9360000e+03   1.2528653e+00
   9.9370000e+03   1.4632218e+00
   9.9380000e+03   1.3592401e+00
   9.9390000e+03   3.5587012e-01
   9.9400000e+03   5.6296410e-01
   9.9410000e+03   8.7064622e-02
   9.9420000e+03   2.6667189e-01
   9.9430000e+03   1.4354783e-01
   9.9440000e+03   7.9667337e-01
   9.9450000e+03   9.2769904e-01
   9.9460000e+03   7.8136869e-01
   9.9470000e+03   8.4730749e-01
   9.9480000e+03   2.4655081e+00
   9.9490000e+03   9.6157485e-01
   9.9500000e+03   1.8841594e-01
   9.9510000e+03  -2.5534113e-01
   9.9520000e+03  -9.2869473e-01
   9.9530000e+03  -5.2907286e-01
   9.9540000e+03   3.3227649e-01
   9.9550000e+03   2.2218656e-01
   9.9560000e+03  -3.0574122e-01
   9.9570000e+03   1.2199504e+00
   9.9580000e+03  -2.6234407e-01
   9.9590000e+03  -1.5429878e+00
   9.9600000e+03  -2.8256547e-01
   9.9610000e+03   3.7736102e-01
   9.9620000e+03  -2.8964838e-01
   9.9630000e+03  -2.4320714e-01
   9.9640000e+03   5.5406812e-01
   9.9650000e+03   3.3976348e-01
   9.9660000e+03   9.5683643e-02
   9.9670000e+03   2.0908114e-01
   9.9680000e+03   2.1997352e-01
   9.9690000e+03  -5.0507322e-01
   9.9700000e+03  -1.3423482e+00
   9.9710000e+03  -1.7164742e+00
   9.9720000e+03   1.6201881e-02
   9.9730000e+03  -4.6052763e-01
   9.9740000e+03  -4.9338285e-01
   9.9750000e+03   1.6220371e-01
   9.9760000e+03  -8.1332344e-01
   9.9770000e+03   4.2037830e-01
   9.9780000e+03  -1.0159711e+00
   9.9790000e+03  -1.5369335e+00
   9.9800000e+03  -5.5387015e-01
   9.9810000e+03   9.7350109e-01
   9.9820000e+03   8.8807564e-01
   9.9830000e+03   1.0254062e+00
   9.9840000e+03   1.9402818e-01
   9.9850000e+03   1.3216917e+00
   9.9860000e+03   9.9164041e-01
   9.9870000e+03   6.9905748e-01
   9.9880000e+03  -5.0370477e-01
   9.9890000e+03   1.2782364e+00
   9.9900000e+03  -3.2785336e-01
   9.9910000e+03   1.3841940e+00
   9.9920000e+03  -3.7435844e-01
   9.9930000e+03  -7.1316640e-01
   9.9940000e+03  -3.6844323e-01
   9.9950000e+03  -2.8321913e-01
   9.9960000e+03  -7.3205214e-01
   9.9970000e+03  -4.7252735e-01
   9.9980000e+03  -3.7382946e-01
   9.9990000e+03  -1.3357016e+00
